ID,Type,SKU,Name,Published,Short description,Description,In stock?,Regular price,Categories,Tags
,simple,CTM-0001,Gestión de la Experiencia del Cliente (CX),1,Servicios De Consultoría Y Ejecución De Programas De Gestión De La Experiencia Del Cliente.,Servicios De Consultoría Y Ejecución De Programas De Gestión De La Experiencia Del Cliente.,1,2100000,Servicios > Atención al Cliente,"servicio,clientum"
,simple,CTM-0002,Mantenimiento de Sistemas IT,1,Mantenimiento de Sistemas IT,Mantenimiento de Sistemas IT,1,2025000,Servicios > Atención al Cliente,"servicio,clientum"
,simple,CTM-0003,Servicios de monitoreo y gestión de infraestructura IT,1,Monitoreo Y Gestión De Infraestructura It,Monitoreo Y Gestión De Infraestructura It,1,2025000,Servicios > Atención al Cliente,"servicio,clientum"
,simple,CTM-0004,Servicios de auditoría y cumplimiento normativo,1,Servicios De Consultoría Y Auditoría Para Garantizar El Cumplimiento De Requisitos Legales Y Normativos.,Servicios De Consultoría Y Auditoría Para Garantizar El Cumplimiento De Requisitos Legales Y Normativos.,1,1950000,Servicios > Atención al Cliente,"servicio,clientum"
,simple,CTM-0005,Paquete de Soporte IT,1,Paquete de Soporte IT,Paquete de Soporte IT,1,1950000,Servicios > Atención al Cliente,"servicio,clientum"
,simple,CTM-0006,Desarrollo de chatbots,1,"Servicio de Desarrollo de Chatbot de Soporte al Cliente para Ecommerce: Mejora la experiencia del cliente, reduce costos y aumenta las ventas con nuestra solución innovadora.","Servicio de Desarrollo de Chatbot de Soporte al Cliente para Ecommerce: Mejora la experiencia del cliente, reduce costos y aumenta las ventas con nuestra solución innovadora.",1,1875000,Servicios > Atención al Cliente,"servicio,clientum"
,simple,CTM-0007,Automatización de Servicio al Cliente,1,Automatización Del Servicio Al Cliente,Automatización Del Servicio Al Cliente,1,1875000,Servicios > Atención al Cliente,"servicio,clientum"
,simple,CTM-0008,Montaje de eventos,1,Servicio Integral De Montaje Y Producción Técnica De Eventos Corporativos O Sociales.,Servicio Integral De Montaje Y Producción Técnica De Eventos Corporativos O Sociales.,1,1800000,Servicios > Atención al Cliente,"servicio,clientum"
,simple,CTM-0009,Soporte Técnico Continuo,1,Soporte Post-Implementación: el aliado indispensable para el éxito de tus proyectos tecnológicos.,Soporte Post-Implementación: el aliado indispensable para el éxito de tus proyectos tecnológicos.,1,1725000,Servicios > Atención al Cliente,"servicio,clientum"
,simple,CTM-0010,Soporte Remoto,1,Soporte Técnico A Distancia.,Soporte Técnico A Distancia.,1,1725000,Servicios > Atención al Cliente,"servicio,clientum"
,simple,CTM-0011,Mantenimiento preventivo,1,Servicios De Mantenimiento Y Soporte Técnico Para Infraestructura Y Sistemas Informáticos.,Servicios De Mantenimiento Y Soporte Técnico Para Infraestructura Y Sistemas Informáticos.,1,1650000,Servicios > Atención al Cliente,"servicio,clientum"
,simple,CTM-0012,Soporte Técnico 24/7,1,Soporte Técnico Especializado,Soporte Técnico Especializado,1,1650000,Servicios > Atención al Cliente,"servicio,clientum"
,simple,CTM-0013,Asistencia técnica remota,1,$150 por incidente: Protección integral para tu tranquilidad,$150 por incidente: Protección integral para tu tranquilidad,1,1425000,Servicios > Atención al Cliente,"servicio,clientum"
,simple,CTM-0014,Generación de Respuestas con IA,1,Solución De Generación De Respuestas Con Ia,Solución De Generación De Respuestas Con Ia,1,1500000,Servicios > Atención al Cliente,"servicio,clientum"
,simple,CTM-0015,Diseño de interiores,1,Servicio De Diseño Integral De Interiores.,Servicio De Diseño Integral De Interiores.,1,1575000,Servicios > Atención al Cliente,"servicio,clientum"
,simple,CTM-0016,Servicios de Asistencia Virtual Ecommerce,1,Soluciones De Asistencia Virtual Para Ecommerce.,Soluciones De Asistencia Virtual Para Ecommerce.,1,1575000,Servicios > Atención al Cliente,"servicio,clientum"
,simple,CTM-0017,Servicio de Gestión de Reseñas y Opiniones,1,"Herramienta de gestión de reseñas y feedback para e-commerce que recopila, analiza y responde a las opiniones de los clientes, brindando información valiosa para el crecimiento del negocio.","Herramienta de gestión de reseñas y feedback para e-commerce que recopila, analiza y responde a las opiniones de los clientes, brindando información valiosa para el crecimiento del negocio.",1,1425000,Servicios > Atención al Cliente,"servicio,clientum"
,simple,CTM-0018,Instalación de Software,1,Instalación Y Configuración De Software.,Instalación Y Configuración De Software.,1,1350000,Servicios > Atención al Cliente,"servicio,clientum"
,simple,CTM-0019,Consultoría legal,1,Servicios De Consultoría Y Asesoría Legal Para Empresas.,Servicios De Consultoría Y Asesoría Legal Para Empresas.,1,1350000,Servicios > Atención al Cliente,"servicio,clientum"
,simple,CTM-0020,Chatbot de Atención al Cliente para Ecommerce,1,"Servicio de chatbot de atención al cliente para e-commerce. Automatiza las consultas de los clientes 24/7, mejora la experiencia del usuario y aumenta las ventas.","Servicio de chatbot de atención al cliente para e-commerce. Automatiza las consultas de los clientes 24/7, mejora la experiencia del usuario y aumenta las ventas.",1,1200000,Servicios > Atención al Cliente,"servicio,clientum"
,simple,CTM-0021,$200 por incidente: Protección integral para tu tranquilidad,1,$200 por incidente: Protección integral para tu tranquilidad,$200 por incidente: Protección integral para tu tranquilidad,1,1275000,Servicios > Atención al Cliente,"servicio,clientum"
,simple,CTM-0022,Chatbot de Ventas (WhatsApp/Web),1,Chatbots para Ecommerce que mejoran la atención al cliente.,Chatbots para Ecommerce que mejoran la atención al cliente.,1,1200000,Servicios > Atención al Cliente,"servicio,clientum"
,simple,CTM-0023,Traducción de Documentos,1,Traducción de Documentos,Traducción de Documentos,1,1125000,Servicios > Atención al Cliente,"servicio,clientum"
,simple,CTM-0024,Servicio de traducción,1,Servicios De Traducción De Contenido A Diversos Idiomas.,Servicios De Traducción De Contenido A Diversos Idiomas.,1,1125000,Servicios > Atención al Cliente,"servicio,clientum"
,simple,CTM-0025,Actualización de software,1,Actualización De Software Y Parches De Seguridad.,Actualización De Software Y Parches De Seguridad.,1,1050000,Servicios > Atención al Cliente,"servicio,clientum"
,simple,CTM-0026,Alquiler de equipo audiovisual,1,Alquiler De Equipos Audiovisuales Profesionales Para Proyectos De Producción De Contenido.,Alquiler De Equipos Audiovisuales Profesionales Para Proyectos De Producción De Contenido.,1,1050000,Servicios > Atención al Cliente,"servicio,clientum"
,simple,CTM-0027,Enrutamiento Inteligente de Tickets,1,Solución De Enrutamiento Inteligente De Tickets Con Ia,Solución De Enrutamiento Inteligente De Tickets Con Ia,1,900000,Servicios > Atención al Cliente,"servicio,clientum"
,simple,CTM-0028,Traducción e interpretación,1,Servicios De Interpretación En Vivo Para Eventos Y Reuniones Multilinguës.,Servicios De Interpretación En Vivo Para Eventos Y Reuniones Multilinguës.,1,975000,Servicios > Atención al Cliente,"servicio,clientum"
,simple,CTM-0029,Personalización,1,Servicio De Asesoría Integral De Imagen Personal.,Servicio De Asesoría Integral De Imagen Personal.,1,750000,Servicios > Atención al Cliente,"servicio,clientum"
,simple,CTM-0030,Plataforma de Chatbots y Asistentes Virtuales,1,Chatbots Y Asistentes Virtuales,Chatbots Y Asistentes Virtuales,1,825000,Servicios > Atención al Cliente,"servicio,clientum"
,simple,CTM-0031,Optimización de Estrategias de Servicio al Cliente,1,Optimización De Servicio,Optimización De Servicio,1,825000,Servicios > Atención al Cliente,"servicio,clientum"
,simple,CTM-0032,Transcripción de audio,1,Servicio De Transcripción Profesional De Audio.,Servicio De Transcripción Profesional De Audio.,1,900000,Servicios > Atención al Cliente,"servicio,clientum"
,simple,CTM-0033,Soporte a Usuarios Finales,1,Soporte Técnico Para Usuarios Finales.,Soporte Técnico Para Usuarios Finales.,1,562000,Servicios > Atención al Cliente,"servicio,clientum"
,simple,CTM-0034,Respaldo y recuperación,1,Servicios De Respaldo Y Recuperación De Información.,Servicios De Respaldo Y Recuperación De Información.,1,600000,Servicios > Atención al Cliente,"servicio,clientum"
,simple,CTM-0035,Gestión de redes,1,Gestión Y Mantenimiento De Redes.,Gestión Y Mantenimiento De Redes.,1,638000,Servicios > Atención al Cliente,"servicio,clientum"
,simple,CTM-0036,Soporte básico anual,1,"Soporte Técnico Inicial: Tu aliado tecnológico para un funcionamiento óptimo. Atención personalizada, diagnóstico remoto, soporte telefónico y por correo electrónico, base de conocimientos integral. Minimiza el tiempo de","Soporte Técnico Inicial: Tu aliado tecnológico para un funcionamiento óptimo. Atención personalizada, diagnóstico remoto, soporte telefónico y por correo electrónico, base de conocimientos integral. Minimiza el tiempo de",1,675000,Servicios > Atención al Cliente,"servicio,clientum"
,simple,CTM-0037,Valor Hora - Cliente D,1,Valor Hora Cliente D,Valor Hora Cliente D,1,712000,Servicios > Atención al Cliente,"servicio,clientum"
,simple,CTM-0038,**Soporte Técnico**,1,Soporte Técnico Para Usuarios Finales.,Soporte Técnico Para Usuarios Finales.,1,375000,Servicios > Atención al Cliente,"servicio,clientum"
,simple,CTM-0039,Servicio de catering,1,Servicio De Catering Para Eventos Y Reuniones.,Servicio De Catering Para Eventos Y Reuniones.,1,412000,Servicios > Atención al Cliente,"servicio,clientum"
,simple,CTM-0040,Soporte Integral: Tu solución completa para todas tus necesidades,1,"Soporte Integral: Tu aliado para un negocio sin preocupaciones. Atención personalizada, soporte técnico 24/7, gestión de proyectos, capacitación y auditorías para garantizar el éxito y la tranquilidad de tu negocio.","Soporte Integral: Tu aliado para un negocio sin preocupaciones. Atención personalizada, soporte técnico 24/7, gestión de proyectos, capacitación y auditorías para garantizar el éxito y la tranquilidad de tu negocio.",1,450000,Servicios > Atención al Cliente,"servicio,clientum"
,simple,CTM-0041,"Chatbots para E-commerce: Asistencia 24/7, Respuestas Automáticas y Procesamiento de Pedidos",1,"Chatbots para E-commerce: Asistencia en tiempo real, respuestas a preguntas frecuentes y procesamiento de pedidos","Chatbots para E-commerce: Asistencia en tiempo real, respuestas a preguntas frecuentes y procesamiento de pedidos",1,488000,Servicios > Atención al Cliente,"servicio,clientum"
,simple,CTM-0042,"Desarrollo de Apps Móviles para Ecommerce: Diseño, Implementación y Publicación",1,"Servicio de Desarrollo de Aplicaciones Móviles para E-commerce: Diseño centrado en el usuario, integración perfecta, funcionalidades avanzadas, optimización para dispositivos móviles. Mayor alcance, experiencia de compra","Servicio de Desarrollo de Aplicaciones Móviles para E-commerce: Diseño centrado en el usuario, integración perfecta, funcionalidades avanzadas, optimización para dispositivos móviles. Mayor alcance, experiencia de compra",1,8550000,Servicios > Aplicaciones Móviles,"servicio,clientum"
,simple,CTM-0043,Desarrollo de Aplicaciones Móviles Nativas para Ecommerce: Mejora la Experiencia de Compra y Fideliza Clientes,1,Servicio de Desarrollo de Aplicación Móvil Nativa Para Ecommerce,Servicio de Desarrollo de Aplicación Móvil Nativa Para Ecommerce,1,9750000,Servicios > Aplicaciones Móviles,"servicio,clientum"
,simple,CTM-0044,Desarrollo de app móvil,1,"Servicios De Consultoría Y Construcción De Soluciones Móviles Para Mejorar La Productividad, Eficiencia Y Experiencia De Los Usuarios.","Servicios De Consultoría Y Construcción De Soluciones Móviles Para Mejorar La Productividad, Eficiencia Y Experiencia De Los Usuarios.",1,7350000,Servicios > Aplicaciones Móviles,"servicio,clientum"
,simple,CTM-0045,Soluciones Personalizadas para Apps,1,Soluciones Móviles Personalizadas.,Soluciones Móviles Personalizadas.,1,6150000,Servicios > Aplicaciones Móviles,"servicio,clientum"
,simple,CTM-0046,Creación de apps móviles,1,Servicio De Creación De Aplicaciones Móviles A Medida.,Servicio De Creación De Aplicaciones Móviles A Medida.,1,4950000,Servicios > Aplicaciones Móviles,"servicio,clientum"
,simple,CTM-0047,Aplicaciones Móviles para Ecommerce: Crea tu Tienda Online en tu Bolsillo,1,Aplicaciones móviles para e-commerce: la clave para impulsar tu negocio online,Aplicaciones móviles para e-commerce: la clave para impulsar tu negocio online,1,3750000,Servicios > Aplicaciones Móviles,"servicio,clientum"
,simple,CTM-0048,Diseño avanzado de aplicación móvil,1,Diseño avanzado de aplicación móvil,Diseño avanzado de aplicación móvil,1,1350000,Servicios > Aplicaciones Móviles,"servicio,clientum"
,simple,CTM-0049,Desarrollo de Apps Móviles con Realidad Aumentada y Virtual: ¡Experiencias Inmersivas en tus Manos!,1,Desarrollo de Apps Móviles con Realidad Aumentada y Virtual: ¡Experiencias Inmersivas al Alcance de tu Mano!,Desarrollo de Apps Móviles con Realidad Aumentada y Virtual: ¡Experiencias Inmersivas al Alcance de tu Mano!,1,2550000,Servicios > Aplicaciones Móviles,"servicio,clientum"
,simple,CTM-0050,Outsourcing de procesos de negocio,1,Servicios De Outsourcing Para Optimizar Y Gestionar Operaciones Clave Del Negocio.,Servicios De Outsourcing Para Optimizar Y Gestionar Operaciones Clave Del Negocio.,1,3300000,Servicios > Automatización de Procesos,"servicio,clientum"
,simple,CTM-0051,Implementación de soluciones de inteligencia artificial (IA) y aprendizaje automático (ML) para automatización de procesos,1,Automatización De Procesos Con Ia Y Ml,Automatización De Procesos Con Ia Y Ml,1,3150000,Servicios > Automatización de Procesos,"servicio,clientum"
,simple,CTM-0052,Automatización de Procesos de Negocio (BPA),1,"Servicios De Consultoría Y Despliegue De Tecnologías De Automatización, Orquestación Y Aprovisionamiento De Recursos De Infraestructura.","Servicios De Consultoría Y Despliegue De Tecnologías De Automatización, Orquestación Y Aprovisionamiento De Recursos De Infraestructura.",1,3000000,Servicios > Automatización de Procesos,"servicio,clientum"
,simple,CTM-0053,Implementación de RPA (Automatización Robótica de Procesos),1,Servicios De Consultoría Y Despliegue De Tecnologías De Automatización Inteligente De Tareas Y Procesos Repetitivos.,Servicios De Consultoría Y Despliegue De Tecnologías De Automatización Inteligente De Tareas Y Procesos Repetitivos.,1,2850000,Servicios > Automatización de Procesos,"servicio,clientum"
,simple,CTM-0054,Automatización de Operaciones de TI (AIOps),1,Soluciones De Automatización De Operaciones De Ti (Aiops).,Soluciones De Automatización De Operaciones De Ti (Aiops).,1,2700000,Servicios > Automatización de Procesos,"servicio,clientum"
,simple,CTM-0055,Automatización con Dolibarr,1,Automatización con Dolibarr,Automatización con Dolibarr,1,2400000,Servicios > Automatización de Procesos,"servicio,clientum"
,simple,CTM-0056,Automatización Avanzada,1,Automatización De Procesos Empresariales,Automatización De Procesos Empresariales,1,2550000,Servicios > Automatización de Procesos,"servicio,clientum"
,simple,CTM-0057,Automatización Empresarial,1,Optimización De Procesos Industriales,Optimización De Procesos Industriales,1,2250000,Servicios > Automatización de Procesos,"servicio,clientum"
,simple,CTM-0058,Integración de Sistemas,1,Migración De Aplicaciones Legacy A Microservicios.,Migración De Aplicaciones Legacy A Microservicios.,1,2100000,Servicios > Automatización de Procesos,"servicio,clientum"
,simple,CTM-0059,Gestión de Flotas y Rutas,1,Herramientas De Automatización,Herramientas De Automatización,1,1950000,Servicios > Automatización de Procesos,"servicio,clientum"
,simple,CTM-0060,Asistencia Virtual para la Gestión de Tareas,1,Asistencia Virtual,Asistencia Virtual,1,1575000,Servicios > Automatización de Procesos,"servicio,clientum"
,simple,CTM-0061,Soluciones RPA (Robotic Process Automation),1,Automatización De Procesos Con Rpa.,Automatización De Procesos Con Rpa.,1,1725000,Servicios > Automatización de Procesos,"servicio,clientum"
,simple,CTM-0062,Soporte Automatizado,1,Soporte Automatizado,Soporte Automatizado,1,1875000,Servicios > Automatización de Procesos,"servicio,clientum"
,simple,CTM-0063,Procesamiento Automatizado de Facturas y Pagos,1,Procesamiento Automatizado,Procesamiento Automatizado,1,1425000,Servicios > Automatización de Procesos,"servicio,clientum"
,simple,CTM-0064,Rediseño De Procesos,1,Análisis Y Rediseño De Procesos.,Análisis Y Rediseño De Procesos.,1,1275000,Servicios > Automatización de Procesos,"servicio,clientum"
,simple,CTM-0065,Automatización de Procesos Ecommerce: Optimiza y Agiliza tu Negocio Online,1,Automatización de Flujos de Trabajo en Ecommerce,Automatización de Flujos de Trabajo en Ecommerce,1,1125000,Servicios > Automatización de Procesos,"servicio,clientum"
,simple,CTM-0066,Consultoría en digitalización de procesos,1,Consultoría En Digitalización De Procesos,Consultoría En Digitalización De Procesos,1,975000,Servicios > Automatización de Procesos,"servicio,clientum"
,simple,CTM-0067,Automatización de Ventas con IA,1,Automatización De Procesos De Marketing Utilizando Ia.,Automatización De Procesos De Marketing Utilizando Ia.,1,825000,Servicios > Automatización de Procesos,"servicio,clientum"
,simple,CTM-0068,Plataformas de Automatización,1,Herramientas De Automatización Empresarial,Herramientas De Automatización Empresarial,1,525000,Servicios > Automatización de Procesos,"servicio,clientum"
,simple,CTM-0069,Optimización de Energía y Recursos,1,Optimización De Energía,Optimización De Energía,1,675000,Servicios > Automatización de Procesos,"servicio,clientum"
,simple,CTM-0070,Desarrollo de Soluciones de Inteligencia Artificial y Machine Learning,1,"Servicios De Consultoría Y Despliegue De Soluciones De Inteligencia Artificial, Aprendizaje De Máquina Y Procesamiento De Datos.","Servicios De Consultoría Y Despliegue De Soluciones De Inteligencia Artificial, Aprendizaje De Máquina Y Procesamiento De Datos.",1,4725000,Servicios > Business Intelligence,"servicio,clientum"
,simple,CTM-0071,Desarrollo de Soluciones de BI para KPIs,1,"Servicios De Consultoría Y Construcción De Aplicaciones Para La Extracción De Insights, Predicción De Tendencias Y Toma De Decisiones Basada En Datos.","Servicios De Consultoría Y Construcción De Aplicaciones Para La Extracción De Insights, Predicción De Tendencias Y Toma De Decisiones Basada En Datos.",1,4800000,Servicios > Business Intelligence,"servicio,clientum"
,simple,CTM-0072,Servicios de gestión de proyectos,1,Servicios De Consultoría Y Acompañamiento En La Gestión De Proyectos De Cambio Y Mejora Continua.,Servicios De Consultoría Y Acompañamiento En La Gestión De Proyectos De Cambio Y Mejora Continua.,1,4650000,Servicios > Business Intelligence,"servicio,clientum"
,simple,CTM-0073,Implementación de soluciones de big data,1,"Servicios De Consultoría Y Despliegue De Soluciones De Analítica De Comportamiento, Usabilidad Y Satisfacción Del Usuario Para Optimizar La Experiencia Digital.","Servicios De Consultoría Y Despliegue De Soluciones De Analítica De Comportamiento, Usabilidad Y Satisfacción Del Usuario Para Optimizar La Experiencia Digital.",1,4575000,Servicios > Business Intelligence,"servicio,clientum"
,simple,CTM-0074,IA y Aprendizaje Automático,1,"Servicios De Consultoría Y Despliegue De Soluciones De Ia Para La Automatización De Procesos, Predicción De Tendencias Y Toma De Decisiones.","Servicios De Consultoría Y Despliegue De Soluciones De Ia Para La Automatización De Procesos, Predicción De Tendencias Y Toma De Decisiones.",1,4500000,Servicios > Business Intelligence,"servicio,clientum"
,simple,CTM-0075,Consultoría empresarial,1,Servicios De Consultoría Especializada En El Desarrollo De Arquitecturas De Sistemas Y Procesos A Nivel Organizacional.,Servicios De Consultoría Especializada En El Desarrollo De Arquitecturas De Sistemas Y Procesos A Nivel Organizacional.,1,4425000,Servicios > Business Intelligence,"servicio,clientum"
,simple,CTM-0076,Gestión de la innovación,1,Servicios De Consultoría Para Potenciar Las Capacidades De Innovación En Las Organizaciones.,Servicios De Consultoría Para Potenciar Las Capacidades De Innovación En Las Organizaciones.,1,4350000,Servicios > Business Intelligence,"servicio,clientum"
,simple,CTM-0077,Análisis de datos en tiempo real,1,Soluciones De Análisis De Datos En Tiempo Real.,Soluciones De Análisis De Datos En Tiempo Real.,1,4275000,Servicios > Business Intelligence,"servicio,clientum"
,simple,CTM-0078,Gobierno de Datos y Gestión,1,Servicios De Consultoría Especializada En El Diseño E Implementación De Iniciativas De Gobernanza De Datos.,Servicios De Consultoría Especializada En El Diseño E Implementación De Iniciativas De Gobernanza De Datos.,1,4200000,Servicios > Business Intelligence,"servicio,clientum"
,simple,CTM-0079,Implementación de Business Intelligence (BI),1,Servicios De Creación De Soluciones De Inteligencia De Negocios (Bi) Para Empresas.,Servicios De Creación De Soluciones De Inteligencia De Negocios (Bi) Para Empresas.,1,4050000,Servicios > Business Intelligence,"servicio,clientum"
,simple,CTM-0080,Implementación de Sistemas de IA,1,Gestión De Datos,Gestión De Datos,1,4125000,Servicios > Business Intelligence,"servicio,clientum"
,simple,CTM-0081,Consultoría y Estrategia Digital,1,Servicios De Consultoría Especializada En La Planificación E Implementación De Iniciativas De Digitalización.,Servicios De Consultoría Especializada En La Planificación E Implementación De Iniciativas De Digitalización.,1,3975000,Servicios > Business Intelligence,"servicio,clientum"
,simple,CTM-0082,BI (Business Intelligence),1,Servicios De Consultoría Y Desarrollo De Plataformas De Inteligencia De Negocios Y Analítica Avanzada.,Servicios De Consultoría Y Desarrollo De Plataformas De Inteligencia De Negocios Y Analítica Avanzada.,1,3825000,Servicios > Business Intelligence,"servicio,clientum"
,simple,CTM-0083,Visualización Avanzada de Datos,1,"Servicios De Consultoría Y Desarrollo De Plataformas Para Análisis De Datos, Inteligencia De Negocios Y Generación De Reportes.","Servicios De Consultoría Y Desarrollo De Plataformas Para Análisis De Datos, Inteligencia De Negocios Y Generación De Reportes.",1,3900000,Servicios > Business Intelligence,"servicio,clientum"
,simple,CTM-0084,IT Consultancy,1,Consultoría It,Consultoría It,1,3600000,Servicios > Business Intelligence,"servicio,clientum"
,simple,CTM-0085,Análisis Predictivo y ML,1,Solución De Análisis Predictivo Para Mantenimiento Basada En Ia,Solución De Análisis Predictivo Para Mantenimiento Basada En Ia,1,3675000,Servicios > Business Intelligence,"servicio,clientum"
,simple,CTM-0086,Implementación de Herramientas de BI,1,Servicio De Implementación De Herramientas De Analítica Y Optimización Para Ecommerce.,Servicio De Implementación De Herramientas De Analítica Y Optimización Para Ecommerce.,1,3750000,Servicios > Business Intelligence,"servicio,clientum"
,simple,CTM-0087,Soporte Avanzado en BI,1,Análisis De Datos Avanzado.,Análisis De Datos Avanzado.,1,3525000,Servicios > Business Intelligence,"servicio,clientum"
,simple,CTM-0088,Optimización de Bases de Datos,1,Servicios De Consultoría Especializada En La Gestión Integral De Datos Empresariales.,Servicios De Consultoría Especializada En La Gestión Integral De Datos Empresariales.,1,3450000,Servicios > Business Intelligence,"servicio,clientum"
,simple,CTM-0089,Inteligencia de Mercado para Identificar Tendencias,1,Inteligencia De Mercado,Inteligencia De Mercado,1,3375000,Servicios > Business Intelligence,"servicio,clientum"
,simple,CTM-0090,Automatización de Reportes Ejecutivos,1,Automatización De Reportes Con Pentaho,Automatización De Reportes Con Pentaho,1,3300000,Servicios > Business Intelligence,"servicio,clientum"
,simple,CTM-0091,Planificación estratégica,1,Servicios De Consultoría Para El Diseño E Implementación De Estrategias Empresariales.,Servicios De Consultoría Para El Diseño E Implementación De Estrategias Empresariales.,1,3150000,Servicios > Business Intelligence,"servicio,clientum"
,simple,CTM-0092,Investigación de mercados,1,Servicios De Investigación De Mercados Para Recopilar Y Analizar Información.,Servicios De Investigación De Mercados Para Recopilar Y Analizar Información.,1,3225000,Servicios > Business Intelligence,"servicio,clientum"
,simple,CTM-0093,Consultoría en gestión de procesos,1,"Revisión y Optimización de Procesos: Identifica y elimina cuellos de botella, mejora la productividad y reduce costos.","Revisión y Optimización de Procesos: Identifica y elimina cuellos de botella, mejora la productividad y reduce costos.",1,3075000,Servicios > Business Intelligence,"servicio,clientum"
,simple,CTM-0094,Análisis de Sentimiento en Redes Sociales,1,Solución De Análisis De Sentimiento En Llamadas Telefónicas Basada En Ia,Solución De Análisis De Sentimiento En Llamadas Telefónicas Basada En Ia,1,3000000,Servicios > Business Intelligence,"servicio,clientum"
,simple,CTM-0095,Análisis de Big Data,1,Servicios De Consultoría Y Ejecución De Proyectos De Análisis De Datos Y Big Data Para Empresas.,Servicios De Consultoría Y Ejecución De Proyectos De Análisis De Datos Y Big Data Para Empresas.,1,2700000,Servicios > Business Intelligence,"servicio,clientum"
,simple,CTM-0096,Analítica de datos,1,"Servicios De Consultoría Y Despliegue De Soluciones De Analítica Predictiva, Prescriptiva Y En Tiempo Real Para Optimizar Procesos Clave Del Negocio.","Servicios De Consultoría Y Despliegue De Soluciones De Analítica Predictiva, Prescriptiva Y En Tiempo Real Para Optimizar Procesos Clave Del Negocio.",1,2775000,Servicios > Business Intelligence,"servicio,clientum"
,simple,CTM-0097,Dashboards Personalizados,1,Implementación De Bi Y Dashboards Personalizados,Implementación De Bi Y Dashboards Personalizados,1,2850000,Servicios > Business Intelligence,"servicio,clientum"
,simple,CTM-0098,Consultoría en Machine Learning,1,Consultoría En Machine Learning,Consultoría En Machine Learning,1,2925000,Servicios > Business Intelligence,"servicio,clientum"
,simple,CTM-0099,Consultoría en Big Data,1,Consultoría En Gestión Del Cambio,Consultoría En Gestión Del Cambio,1,2625000,Servicios > Business Intelligence,"servicio,clientum"
,simple,CTM-0100,Análisis de Datos y Métricas,1,Mejora La Toma De Decisiones Empresariales Con Análisis De Datos.,Mejora La Toma De Decisiones Empresariales Con Análisis De Datos.,1,2550000,Servicios > Business Intelligence,"servicio,clientum"
,simple,CTM-0101,Redacción de informes,1,Servicio De Redacción Profesional De Informes.,Servicio De Redacción Profesional De Informes.,1,2475000,Servicios > Business Intelligence,"servicio,clientum"
,simple,CTM-0102,Desarrollo de Algoritmos Avanzados,1,Algoritmos Para Marketing Digital.,Algoritmos Para Marketing Digital.,1,2400000,Servicios > Business Intelligence,"servicio,clientum"
,simple,CTM-0103,Servicio de Analítica Web: Optimiza tu Ecommerce con Datos Valiosos,1,"Servicio de Análisis de Datos de Ecommerce: Optimiza tu estrategia de negocio online con métricas esenciales, análisis de cohortes, segmentación avanzada y más.","Servicio de Análisis de Datos de Ecommerce: Optimiza tu estrategia de negocio online con métricas esenciales, análisis de cohortes, segmentación avanzada y más.",1,2250000,Servicios > Business Intelligence,"servicio,clientum"
,simple,CTM-0104,Soporte para Business Intelligence,1,Soporte para Business Intelligence,Soporte para Business Intelligence,1,2325000,Servicios > Business Intelligence,"servicio,clientum"
,simple,CTM-0105,Análisis de Conversiones: Optimiza tu E-commerce y Aumenta tus Ventas,1,Servicio de análisis de conversiones para e-commerce que te permite: Identificar áreas de mejora Optimizar la experiencia del usuario Aumentar las ventas Mejorar el ROI de marketing,Servicio de análisis de conversiones para e-commerce que te permite: Identificar áreas de mejora Optimizar la experiencia del usuario Aumentar las ventas Mejorar el ROI de marketing,1,2175000,Servicios > Business Intelligence,"servicio,clientum"
,simple,CTM-0106,Consultoría Adicional Básica: Asesoría Experta para Optimizar tu Negocio,1,"Consultoría Adicional Básica: Asesoramiento personalizado, análisis exhaustivo y planes de acción para el éxito empresarial.","Consultoría Adicional Básica: Asesoramiento personalizado, análisis exhaustivo y planes de acción para el éxito empresarial.",1,2025000,Servicios > Business Intelligence,"servicio,clientum"
,simple,CTM-0107,Consultoría en inteligencia competitiva,1,Consultoría En Inteligencia Competitiva,Consultoría En Inteligencia Competitiva,1,2100000,Servicios > Business Intelligence,"servicio,clientum"
,simple,CTM-0108,Gestión de Riesgos con IA,1,Solución De Gestión De Riesgos Basada En Ia,Solución De Gestión De Riesgos Basada En Ia,1,1950000,Servicios > Business Intelligence,"servicio,clientum"
,simple,CTM-0109,Consultoría en sostenibilidad,1,Consultoría En Desarrollo Sostenible,Consultoría En Desarrollo Sostenible,1,1875000,Servicios > Business Intelligence,"servicio,clientum"
,simple,CTM-0110,Análisis de mercado,1,Solución De Análisis De La Competencia Basada En Ia,Solución De Análisis De La Competencia Basada En Ia,1,1800000,Servicios > Business Intelligence,"servicio,clientum"
,simple,CTM-0111,Personalización de Informes: Crea Reportes a Medida para tus Necesidades,1,"Desarrollo de Informes Personalizados: Herramienta para la toma de decisiones informada, con informes adaptados, automatizados, integrados y visuales.","Desarrollo de Informes Personalizados: Herramienta para la toma de decisiones informada, con informes adaptados, automatizados, integrados y visuales.",1,1725000,Servicios > Business Intelligence,"servicio,clientum"
,simple,CTM-0112,Optimización de Estrategias de Precios,1,Informe de Análisis de Rendimiento: Información valiosa para el éxito empresarial.,Informe de Análisis de Rendimiento: Información valiosa para el éxito empresarial.,1,1650000,Servicios > Business Intelligence,"servicio,clientum"
,simple,CTM-0113,Optimización de Proyectos Empresariales,1,Análisis de Procesos Empresariales: Optimiza el rendimiento y la eficiencia de tu empresa.,Análisis de Procesos Empresariales: Optimiza el rendimiento y la eficiencia de tu empresa.,1,1425000,Servicios > Business Intelligence,"servicio,clientum"
,simple,CTM-0114,Plataforma de Analítica Web,1,Análisis Del Comportamiento Web,Análisis Del Comportamiento Web,1,1500000,Servicios > Business Intelligence,"servicio,clientum"
,simple,CTM-0115,Evaluación de Impacto: Analiza y Mide el Éxito de tus Iniciativas,1,Evaluación de Impacto: Herramienta para medir el éxito de tus iniciativas.,Evaluación de Impacto: Herramienta para medir el éxito de tus iniciativas.,1,1575000,Servicios > Business Intelligence,"servicio,clientum"
,simple,CTM-0116,Análisis de Comportamiento del Consumidor,1,Análisis De Comportamiento,Análisis De Comportamiento,1,1125000,Servicios > Business Intelligence,"servicio,clientum"
,simple,CTM-0117,Planificación Financiera con IA,1,Solución De Planificación Financiera Con Ia,Solución De Planificación Financiera Con Ia,1,1200000,Servicios > Business Intelligence,"servicio,clientum"
,simple,CTM-0118,Análisis de Datos de Recursos Humanos con IA,1,Solución De Análisis De Datos De Rrhh Basada En Ia,Solución De Análisis De Datos De Rrhh Basada En Ia,1,1275000,Servicios > Business Intelligence,"servicio,clientum"
,simple,CTM-0119,Análisis de Datos de la Cadena de Suministro con IA,1,Solución De Análisis De Datos De La Cadena De Suministro Con Ia,Solución De Análisis De Datos De La Cadena De Suministro Con Ia,1,1350000,Servicios > Business Intelligence,"servicio,clientum"
,simple,CTM-0120,Análisis de Interacciones con Clientes con IA,1,Solución De Análisis De Interacciones Con Clientes Basada En Ia,Solución De Análisis De Interacciones Con Clientes Basada En Ia,1,975000,Servicios > Business Intelligence,"servicio,clientum"
,simple,CTM-0121,Gestión de Cumplimiento Normativo con IA,1,Solución De Gestión De Cumplimiento Normativo Con Ia,Solución De Gestión De Cumplimiento Normativo Con Ia,1,1050000,Servicios > Business Intelligence,"servicio,clientum"
,simple,CTM-0122,IA y ML,1,Ia Y Ml,Ia Y Ml,1,600000,Servicios > Business Intelligence,"servicio,clientum"
,simple,CTM-0123,Ciencia de Datos,1,Consultoría En Analítica,Consultoría En Analítica,1,675000,Servicios > Business Intelligence,"servicio,clientum"
,simple,CTM-0124,Reportes de Ventas,1,Reportes de Ventas,Reportes de Ventas,1,750000,Servicios > Business Intelligence,"servicio,clientum"
,simple,CTM-0125,Soluciones completas para grandes empresas con necesidades analíticas avanzadas y continuas.,1,Soluciones completas para grandes empresas con necesidades analíticas avanzadas y continuas.,Soluciones completas para grandes empresas con necesidades analíticas avanzadas y continuas.,1,825000,Servicios > Business Intelligence,"servicio,clientum"
,simple,CTM-0126,Consultoría en Estrategia Web: Optimiza tu presencia online y alcanza tus objetivos,1,"Consultoría en Estrategia Web: Impulsa tu presencia digital al siguiente nivel. Análisis exhaustivo, estrategia personalizada, SEO, marketing de contenidos, análisis de datos. Beneficios: mayor visibilidad, generación de","Consultoría en Estrategia Web: Impulsa tu presencia digital al siguiente nivel. Análisis exhaustivo, estrategia personalizada, SEO, marketing de contenidos, análisis de datos. Beneficios: mayor visibilidad, generación de",1,900000,Servicios > Business Intelligence,"servicio,clientum"
,simple,CTM-0127,Implementación De Medidas De Protección,1,"Servicios De Consultoría Y Despliegue De Soluciones De Detección, Prevención Y Respuesta A Amenazas Cibernéticas En Infraestructuras Críticas Y Operacionales.","Servicios De Consultoría Y Despliegue De Soluciones De Detección, Prevención Y Respuesta A Amenazas Cibernéticas En Infraestructuras Críticas Y Operacionales.",1,3900000,Servicios > Ciberseguridad,"servicio,clientum"
,simple,CTM-0128,Desarrollo de soluciones de ciberseguridad,1,Servicios De Creación De Aplicaciones Y Sistemas De Ciberseguridad Para La Defensa Frente A Amenazas.,Servicios De Creación De Aplicaciones Y Sistemas De Ciberseguridad Para La Defensa Frente A Amenazas.,1,3675000,Servicios > Ciberseguridad,"servicio,clientum"
,simple,CTM-0129,Servicios de ciberseguridad,1,Servicios De Consultoría Especializada En Ciberseguridad Para La Protección De Activos Digitales.,Servicios De Consultoría Especializada En Ciberseguridad Para La Protección De Activos Digitales.,1,3450000,Servicios > Ciberseguridad,"servicio,clientum"
,simple,CTM-0130,Ciberseguridad avanzada,1,"Servicios De Consultoría Y Despliegue De Tecnologías De Seguridad De La Información, Detección De Amenazas Y Protección De Activos Digitales.","Servicios De Consultoría Y Despliegue De Tecnologías De Seguridad De La Información, Detección De Amenazas Y Protección De Activos Digitales.",1,3225000,Servicios > Ciberseguridad,"servicio,clientum"
,simple,CTM-0131,Seguridad informática,1,Servicios De Seguridad Y Protección De Sistemas.,Servicios De Seguridad Y Protección De Sistemas.,1,3000000,Servicios > Ciberseguridad,"servicio,clientum"
,simple,CTM-0132,Auditoría de Seguridad,1,Auditoría De Ciberseguridad,Auditoría De Ciberseguridad,1,2775000,Servicios > Ciberseguridad,"servicio,clientum"
,simple,CTM-0133,Gestión de Identidades y Accesos,1,Gestión De Identidades Y Accesos,Gestión De Identidades Y Accesos,1,2550000,Servicios > Ciberseguridad,"servicio,clientum"
,simple,CTM-0134,Verificación de Seguridad en Big Data,1,Auditoría De Seguridad En Big Data,Auditoría De Seguridad En Big Data,1,2325000,Servicios > Ciberseguridad,"servicio,clientum"
,simple,CTM-0135,Instalación de Sistemas de Alarmas,1,Sistemas De Videovigilancia.,Sistemas De Videovigilancia.,1,2100000,Servicios > Ciberseguridad,"servicio,clientum"
,simple,CTM-0136,Respuesta a incidentes básica,1,Monitoreo Y Respuesta A Incidentes.,Monitoreo Y Respuesta A Incidentes.,1,1725000,Servicios > Ciberseguridad,"servicio,clientum"
,simple,CTM-0137,Análisis de Riesgos de Ciberseguridad,1,Análisis De Riesgos Y Ciberseguridad,Análisis De Riesgos Y Ciberseguridad,1,1950000,Servicios > Ciberseguridad,"servicio,clientum"
,simple,CTM-0138,Servicios de Seguridad Ecommerce,1,Servicios De Seguridad Y Cumplimiento Para Ecommerce.,Servicios De Seguridad Y Cumplimiento Para Ecommerce.,1,1500000,Servicios > Ciberseguridad,"servicio,clientum"
,simple,CTM-0139,Seguridad Adicional: Tu escudo digital para un hogar protegido,1,Seguridad Adicional: Protege tu hogar con tranquilidad,Seguridad Adicional: Protege tu hogar con tranquilidad,1,1275000,Servicios > Ciberseguridad,"servicio,clientum"
,simple,CTM-0140,Respaldo y Recuperación de Datos: Protege tus archivos con nuestra solución integral,1,"Respaldo y Recuperación de Datos: tu salvavidas digital. Protege tus datos de pérdidas y disfruta de tranquilidad con respaldos automáticos, almacenamiento en la nube y recuperación rápida.","Respaldo y Recuperación de Datos: tu salvavidas digital. Protege tus datos de pérdidas y disfruta de tranquilidad con respaldos automáticos, almacenamiento en la nube y recuperación rápida.",1,1050000,Servicios > Ciberseguridad,"servicio,clientum"
,simple,CTM-0141,Plataforma de Monitoreo y Alertas,1,Monitoreo Y Alertas Proactivas,Monitoreo Y Alertas Proactivas,1,825000,Servicios > Ciberseguridad,"servicio,clientum"
,simple,CTM-0142,Detección de Fraude con IA,1,Detección De Fraude,Detección De Fraude,1,600000,Servicios > Ciberseguridad,"servicio,clientum"
,simple,CTM-0143,SSL Básico,1,Certificado Ssl Para Sitios Web.,Certificado Ssl Para Sitios Web.,1,375000,Servicios > Ciberseguridad,"servicio,clientum"
,simple,CTM-0144,Migración Básica a la Nube,1,Servicios De Consultoría Y Ejecución De Proyectos De Migración Y Adopción De Soluciones Cloud.,Servicios De Consultoría Y Ejecución De Proyectos De Migración Y Adopción De Soluciones Cloud.,1,2400000,Servicios > Cloud Computing,"servicio,clientum"
,simple,CTM-0145,Servicios de Computación en la Nube,1,Servicios de Computación en la Nube,Servicios de Computación en la Nube,1,2250000,Servicios > Cloud Computing,"servicio,clientum"
,simple,CTM-0146,Servicios de Implementación de ERP en la Nube,1,"Servicios De Consultoría Y Despliegue De Soluciones De Computación En La Nube, Almacenamiento, Redes Y Servicios Gestionados.","Servicios De Consultoría Y Despliegue De Soluciones De Computación En La Nube, Almacenamiento, Redes Y Servicios Gestionados.",1,2100000,Servicios > Cloud Computing,"servicio,clientum"
,simple,CTM-0147,Servicios de Alojamiento y Cloud,1,Servicios De Alojamiento Y Cloud,Servicios De Alojamiento Y Cloud,1,1950000,Servicios > Cloud Computing,"servicio,clientum"
,simple,CTM-0148,Optimización de Recursos TI,1,Mejora De Recursos Tecnológicos,Mejora De Recursos Tecnológicos,1,1575000,Servicios > Cloud Computing,"servicio,clientum"
,simple,CTM-0149,Soluciones de nube híbrida,1,Servicios De Implementación Y Gestión De Entornos De Nube Híbrida.,Servicios De Implementación Y Gestión De Entornos De Nube Híbrida.,1,1725000,Servicios > Cloud Computing,"servicio,clientum"
,simple,CTM-0150,Plataforma ERP en la nube,1,Erp En La Nube,Erp En La Nube,1,1875000,Servicios > Cloud Computing,"servicio,clientum"
,simple,CTM-0151,Consultoría en Soluciones Cloud,1,Soluciones En La Nube,Soluciones En La Nube,1,1425000,Servicios > Cloud Computing,"servicio,clientum"
,simple,CTM-0152,Respaldo y Recuperación de Datos,1,Respaldo Y Recuperación De Datos,Respaldo Y Recuperación De Datos,1,1275000,Servicios > Cloud Computing,"servicio,clientum"
,simple,CTM-0153,Configuración de Redes,1,Configuración De Redes.,Configuración De Redes.,1,825000,Servicios > Cloud Computing,"servicio,clientum"
,simple,CTM-0154,Soporte de Infraestructura en la Nube,1,Monitoreo De Infraestructuras En La Nube.,Monitoreo De Infraestructuras En La Nube.,1,975000,Servicios > Cloud Computing,"servicio,clientum"
,simple,CTM-0155,Evaluación de Tecnologías Cloud,1,Evaluación De Tecnologías En La Nube.,Evaluación De Tecnologías En La Nube.,1,1125000,Servicios > Cloud Computing,"servicio,clientum"
,simple,CTM-0156,Cloud Storage Solution,1,Almacenamiento En La Nube,Almacenamiento En La Nube,1,712000,Servicios > Cloud Computing,"servicio,clientum"
,simple,CTM-0157,Gestión Básica de Servicios en la Nube,1,Gestión Básica de Servicios en la Nube,Gestión Básica de Servicios en la Nube,1,562000,Servicios > Cloud Computing,"servicio,clientum"
,simple,CTM-0158,"1 vCore, RAM: 1gb, Disco: 25 GB SSD, Ancho de Banda: 1000 GB",1,Servidor Virtual 1 Vcore 1 Gb Ram 25 Gb Ssd 1000 Gb Ancho Banda,Servidor Virtual 1 Vcore 1 Gb Ram 25 Gb Ssd 1000 Gb Ancho Banda,1,300000,Servicios > Cloud Computing,"servicio,clientum"
,simple,CTM-0159,Implementación de ERP en la Nube: Optimiza tu gestión empresarial con SaaS,1,Servicios de Implementación de Sistemas ERP en la Nube: Optimizando operaciones y obteniendo ventajas competitivas.,Servicios de Implementación de Sistemas ERP en la Nube: Optimizando operaciones y obteniendo ventajas competitivas.,1,450000,Servicios > Cloud Computing,"servicio,clientum"
,simple,CTM-0160,Desarrollo de videojuegos,1,"Servicios De Diseño, Desarrollo Y Publicación De Videojuegos Y Aplicaciones De Entretenimiento Innovadoras.","Servicios De Diseño, Desarrollo Y Publicación De Videojuegos Y Aplicaciones De Entretenimiento Innovadoras.",1,4800000,Servicios > Desarrollo Web y E-Commerce,"servicio,clientum"
,simple,CTM-0161,Desarrollo de soluciones blockchain,1,"Servicios De Creación De Soluciones Blockchain Para Áreas Como Finanzas, Cadena De Suministro Y Certificación.","Servicios De Creación De Soluciones Blockchain Para Áreas Como Finanzas, Cadena De Suministro Y Certificación.",1,4575000,Servicios > Desarrollo Web y E-Commerce,"servicio,clientum"
,simple,CTM-0162,Desarrollo de soluciones de realidad virtual,1,"Servicios de Implementación de Realidad Aumentada para Ecommerce: Visualización 3D, prueba virtual, información adicional, experiencias interactivas. Mejora la experiencia de compra, aumenta las conversiones y diferencia","Servicios de Implementación de Realidad Aumentada para Ecommerce: Visualización 3D, prueba virtual, información adicional, experiencias interactivas. Mejora la experiencia de compra, aumenta las conversiones y diferencia",1,4650000,Servicios > Desarrollo Web y E-Commerce,"servicio,clientum"
,simple,CTM-0163,Servicios de integración de sistemas,1,Servicios De Consultoría Y Desarrollo De Arquitecturas De Integración De Aplicaciones Y Datos.,Servicios De Consultoría Y Desarrollo De Arquitecturas De Integración De Aplicaciones Y Datos.,1,4725000,Servicios > Desarrollo Web y E-Commerce,"servicio,clientum"
,simple,CTM-0164,Migración y modernización de aplicaciones,1,Servicios De Consultoría Y Ejecución De Proyectos De Modernización Y Migración De Infraestructura Tecnológica.,Servicios De Consultoría Y Ejecución De Proyectos De Modernización Y Migración De Infraestructura Tecnológica.,1,4500000,Servicios > Desarrollo Web y E-Commerce,"servicio,clientum"
,simple,CTM-0165,Servicios de desarrollo de aplicaciones con arquitecturas de microservicios,1,Desarrollo De Aplicaciones Web Con Microservicios Y Apis,Desarrollo De Aplicaciones Web Con Microservicios Y Apis,1,4425000,Servicios > Desarrollo Web y E-Commerce,"servicio,clientum"
,simple,CTM-0166,Custom Web Development,1,Desarrollo De Software Personalizado,Desarrollo De Software Personalizado,1,4425000,Servicios > Desarrollo Web y E-Commerce,"servicio,clientum"
,simple,CTM-0167,Servicio de Desarrollo de Integraciones B2B para Ecommerce: Automatiza tus Ventas y Distribución,1,"Servicio de Desarrollo de Integraciones B2B para E-commerce: Conecta tus sistemas, automatiza procesos y mejora la eficiencia de tu negocio.","Servicio de Desarrollo de Integraciones B2B para E-commerce: Conecta tus sistemas, automatiza procesos y mejora la eficiencia de tu negocio.",1,4350000,Servicios > Desarrollo Web y E-Commerce,"servicio,clientum"
,simple,CTM-0168,Desarrollo de software,1,"Servicios De Diseño, Desarrollo, Implementación Y Mantenimiento De Aplicaciones A La Medida.","Servicios De Diseño, Desarrollo, Implementación Y Mantenimiento De Aplicaciones A La Medida.",1,4275000,Servicios > Desarrollo Web y E-Commerce,"servicio,clientum"
,simple,CTM-0169,Servicio de Implementación de Sistema de Recomendaciones Personalizadas,1,"Servicio de Desarrollo de Funcionalidad de Recomendación de Productos para Ecommerce. Mejora la experiencia de compra, aumenta las conversiones y brinda información valiosa.","Servicio de Desarrollo de Funcionalidad de Recomendación de Productos para Ecommerce. Mejora la experiencia de compra, aumenta las conversiones y brinda información valiosa.",1,4200000,Servicios > Desarrollo Web y E-Commerce,"servicio,clientum"
,simple,CTM-0170,Soporte Integral para Comercio Electrónico,1,Servicios De Creación De Soluciones De Comercio Electrónico B2C Y B2B Con Funcionalidades Avanzadas.,Servicios De Creación De Soluciones De Comercio Electrónico B2C Y B2B Con Funcionalidades Avanzadas.,1,4125000,Servicios > Desarrollo Web y E-Commerce,"servicio,clientum"
,simple,CTM-0171,Desarrollo de sitio web,1,Servicios De Construcción Y Mejora De Presencia Web Para Empresas Y Organizaciones.,Servicios De Construcción Y Mejora De Presencia Web Para Empresas Y Organizaciones.,1,4050000,Servicios > Desarrollo Web y E-Commerce,"servicio,clientum"
,simple,CTM-0172,Personalización de Experiencia de Usuario,1,Servicio De Optimización De Experiencia De Usuario Para Ecommerce.,Servicio De Optimización De Experiencia De Usuario Para Ecommerce.,1,3900000,Servicios > Desarrollo Web y E-Commerce,"servicio,clientum"
,simple,CTM-0173,Rediseño de Tienda Online: Optimiza tu E-commerce para Impulsar las Ventas,1,"Servicio de creación de tienda online para impulsar tu negocio con diseño personalizado, catálogo completo, pagos seguros, optimización móvil y redes sociales.","Servicio de creación de tienda online para impulsar tu negocio con diseño personalizado, catálogo completo, pagos seguros, optimización móvil y redes sociales.",1,3975000,Servicios > Desarrollo Web y E-Commerce,"servicio,clientum"
,simple,CTM-0174,Web Design,1,Diseño Web Personalizado,Diseño Web Personalizado,1,3600000,Servicios > Desarrollo Web y E-Commerce,"servicio,clientum"
,simple,CTM-0175,Gestión de Contenidos Web,1,"Servicios De Consultoría Y Construcción De Soluciones De Gestión De Contenidos, Diseño Web Y Desarrollo De Aplicaciones Web.","Servicios De Consultoría Y Construcción De Soluciones De Gestión De Contenidos, Diseño Web Y Desarrollo De Aplicaciones Web.",1,3675000,Servicios > Desarrollo Web y E-Commerce,"servicio,clientum"
,simple,CTM-0176,Plataforma e-Commerce,1,Servicio de Migración de Plataforma Ecommerce: Migra tu tienda online a una plataforma más potente y escalable para crecer y escalar tu negocio sin problemas.,Servicio de Migración de Plataforma Ecommerce: Migra tu tienda online a una plataforma más potente y escalable para crecer y escalar tu negocio sin problemas.,1,3750000,Servicios > Desarrollo Web y E-Commerce,"servicio,clientum"
,simple,CTM-0177,Desarrollo de Contenido Multilingüe,1,Contenido Multilingüe,Contenido Multilingüe,1,3750000,Servicios > Desarrollo Web y E-Commerce,"servicio,clientum"
,simple,CTM-0178,Soporte para Wordpress,1,Soporte Wordpress Multisite,Soporte Wordpress Multisite,1,3825000,Servicios > Desarrollo Web y E-Commerce,"servicio,clientum"
,simple,CTM-0179,Servicio de Optimización de Búsqueda Interna,1,Servicio De Optimización De La Búsqueda Interna En Ecommerce.,Servicio De Optimización De La Búsqueda Interna En Ecommerce.,1,3525000,Servicios > Desarrollo Web y E-Commerce,"servicio,clientum"
,simple,CTM-0180,Desarrollo de tienda online,1,Desarrollo de E-Commerce y Tiendas en Línea: La clave para el éxito en el mundo digital.,Desarrollo de E-Commerce y Tiendas en Línea: La clave para el éxito en el mundo digital.,1,3450000,Servicios > Desarrollo Web y E-Commerce,"servicio,clientum"
,simple,CTM-0181,E-Commerce,1,E-Commerce Con Wordpress Y Woocommerce,E-Commerce Con Wordpress Y Woocommerce,1,3300000,Servicios > Desarrollo Web y E-Commerce,"servicio,clientum"
,simple,CTM-0182,Diseño Web Responsive,1,Diseño Web Responsive,Diseño Web Responsive,1,3375000,Servicios > Desarrollo Web y E-Commerce,"servicio,clientum"
,simple,CTM-0183,Servicio de Implementación de Programas de Fidelización,1,Servicio De Implementación De Programas De Fidelización Para Ecommerce.,Servicio De Implementación De Programas De Fidelización Para Ecommerce.,1,3150000,Servicios > Desarrollo Web y E-Commerce,"servicio,clientum"
,simple,CTM-0184,Servicio de Optimización de Funnels de Conversión,1,Servicio De Optimización De Funnels De Conversión Para Ecommerce.,Servicio De Optimización De Funnels De Conversión Para Ecommerce.,1,3225000,Servicios > Desarrollo Web y E-Commerce,"servicio,clientum"
,simple,CTM-0185,Diseño de sitios web,1,Servicio De Diseño Y Desarrollo De Sitios Web A La Medida.,Servicio De Diseño Y Desarrollo De Sitios Web A La Medida.,1,3075000,Servicios > Desarrollo Web y E-Commerce,"servicio,clientum"
,simple,CTM-0186,Servicio de Estrategia de Precio y Promociones,1,"Servicio de consultoría en estrategia de ecommerce que guía a las empresas hacia el éxito en línea, brindando análisis de mercado, planificación estratégica, optimización de sitios web, marketing digital y gestión de ope","Servicio de consultoría en estrategia de ecommerce que guía a las empresas hacia el éxito en línea, brindando análisis de mercado, planificación estratégica, optimización de sitios web, marketing digital y gestión de ope",1,3000000,Servicios > Desarrollo Web y E-Commerce,"servicio,clientum"
,simple,CTM-0187,Diseño de página web,1,Creación De Una Página Web Profesional Y Funcional Para Representar La Marca En Línea.,Creación De Una Página Web Profesional Y Funcional Para Representar La Marca En Línea.,1,2550000,Servicios > Desarrollo Web y E-Commerce,"servicio,clientum"
,simple,CTM-0188,Servicio de Integración de Marketplace,1,Integración con Marketplaces Ecommerce: Expande tu negocio online,Integración con Marketplaces Ecommerce: Expande tu negocio online,1,2625000,Servicios > Desarrollo Web y E-Commerce,"servicio,clientum"
,simple,CTM-0189,Servicio de Membresías,1,Servicio De Implementación De Suscripciones Para Ecommerce.,Servicio De Implementación De Suscripciones Para Ecommerce.,1,2700000,Servicios > Desarrollo Web y E-Commerce,"servicio,clientum"
,simple,CTM-0190,Integración Omnicanal para Ecommerce: Conecta tu tienda virtual con todos tus canales,1,Servicios de integración omnicanal para e-commerce,Servicios de integración omnicanal para e-commerce,1,2775000,Servicios > Desarrollo Web y E-Commerce,"servicio,clientum"
,simple,CTM-0191,Servicios de Internacionalización Ecommerce,1,Soluciones De Internacionalización Para Ecommerce.,Soluciones De Internacionalización Para Ecommerce.,1,2850000,Servicios > Desarrollo Web y E-Commerce,"servicio,clientum"
,simple,CTM-0192,Integración Multicanal para Ecommerce: Amplía tu Alcance y Optimiza tus Ventas,1,Servicios de Integración Multicanal para Ecommerce,Servicios de Integración Multicanal para Ecommerce,1,2925000,Servicios > Desarrollo Web y E-Commerce,"servicio,clientum"
,simple,CTM-0193,Integración de WooCommerce,1,Integración De Woocommerce En Ecommerce.,Integración De Woocommerce En Ecommerce.,1,3000000,Servicios > Desarrollo Web y E-Commerce,"servicio,clientum"
,simple,CTM-0194,Diseño Web Personalizado,1,"Personalización Avanzada: Tu experiencia única. Crea un perfil personalizado, recibe recomendaciones adaptadas, ajusta la interfaz y recibe notificaciones relevantes para optimizar tus experiencias, ahorrar tiempo y aume","Personalización Avanzada: Tu experiencia única. Crea un perfil personalizado, recibe recomendaciones adaptadas, ajusta la interfaz y recibe notificaciones relevantes para optimizar tus experiencias, ahorrar tiempo y aume",1,2325000,Servicios > Desarrollo Web y E-Commerce,"servicio,clientum"
,simple,CTM-0195,Servicios de Gestión de Catálogo Ecommerce,1,Soluciones De Gestión De Catálogo Para Ecommerce.,Soluciones De Gestión De Catálogo Para Ecommerce.,1,2400000,Servicios > Desarrollo Web y E-Commerce,"servicio,clientum"
,simple,CTM-0196,Support for E-Commerce,1,Soporte E-Commerce,Soporte E-Commerce,1,2475000,Servicios > Desarrollo Web y E-Commerce,"servicio,clientum"
,simple,CTM-0197,Traducción de Sitio Web,1,Traducción De Sitio Web,Traducción De Sitio Web,1,2325000,Servicios > Desarrollo Web y E-Commerce,"servicio,clientum"
,simple,CTM-0198,Diseño UX/UI,1,Diseño De Experiencias De Usuario Y Interfaces,Diseño De Experiencias De Usuario Y Interfaces,1,2250000,Servicios > Desarrollo Web y E-Commerce,"servicio,clientum"
,simple,CTM-0199,Implementacion Tienda Online Basico,1,Implementación de Tienda Online Minorista: ¡Creá tu presencia digital hoy!,Implementación de Tienda Online Minorista: ¡Creá tu presencia digital hoy!,1,1875000,Servicios > Desarrollo Web y E-Commerce,"servicio,clientum"
,simple,CTM-0200,Soluciones de e-commerce,1,"Servicios de Logística y Distribución para Ecommerce: Optimiza tus operaciones, reduce costos y mejora la satisfacción del cliente.","Servicios de Logística y Distribución para Ecommerce: Optimiza tus operaciones, reduce costos y mejora la satisfacción del cliente.",1,1950000,Servicios > Desarrollo Web y E-Commerce,"servicio,clientum"
,simple,CTM-0201,Solución de Dropshipping,1,Servicio De Implementación De Dropshipping Para Ecommerce.,Servicio De Implementación De Dropshipping Para Ecommerce.,1,2025000,Servicios > Desarrollo Web y E-Commerce,"servicio,clientum"
,simple,CTM-0202,Tienda Virtual,1,Tienda Online Básica: ¡Tu puerta de entrada al mundo del comercio electrónico!,Tienda Online Básica: ¡Tu puerta de entrada al mundo del comercio electrónico!,1,2100000,Servicios > Desarrollo Web y E-Commerce,"servicio,clientum"
,simple,CTM-0203,Servicios de Retención de Clientes Ecommerce,1,"Servicio de Desarrollo de Soluciones de Fidelización para Ecommerce. Crea y ejecuta programas de fidelización personalizados para impulsar la lealtad del cliente, aumentar las ventas y mejorar la rentabilidad.","Servicio de Desarrollo de Soluciones de Fidelización para Ecommerce. Crea y ejecuta programas de fidelización personalizados para impulsar la lealtad del cliente, aumentar las ventas y mejorar la rentabilidad.",1,2175000,Servicios > Desarrollo Web y E-Commerce,"servicio,clientum"
,simple,CTM-0204,Solución de Pasarela de Pago,1,Servicio De Implementación De Pasarela De Pago Para Ecommerce.,Servicio De Implementación De Pasarela De Pago Para Ecommerce.,1,1725000,Servicios > Desarrollo Web y E-Commerce,"servicio,clientum"
,simple,CTM-0205,Servicios de Gestión de Inventario Ecommerce,1,"Gestión integral del inventario y logística para e-commerce. Optimiza tus operaciones, mejora la experiencia del cliente y logra un crecimiento sostenible.","Gestión integral del inventario y logística para e-commerce. Optimiza tus operaciones, mejora la experiencia del cliente y logra un crecimiento sostenible.",1,1800000,Servicios > Desarrollo Web y E-Commerce,"servicio,clientum"
,simple,CTM-0206,Implementación de soluciones de e-commerce: Optimiza tu negocio online,1,"Sistemas de Pago en Línea: Solución integral para negocios modernos, integrando múltiples opciones de pago, gestión de suscripciones y reportes detallados para mayor comodidad, eficiencia y seguridad.","Sistemas de Pago en Línea: Solución integral para negocios modernos, integrando múltiples opciones de pago, gestión de suscripciones y reportes detallados para mayor comodidad, eficiencia y seguridad.",1,1650000,Servicios > Desarrollo Web y E-Commerce,"servicio,clientum"
,simple,CTM-0207,Mantenimiento de sitios web,1,Servicio De Mantenimiento Y Soporte Para Sitios Web.,Servicio De Mantenimiento Y Soporte Para Sitios Web.,1,1575000,Servicios > Desarrollo Web y E-Commerce,"servicio,clientum"
,simple,CTM-0208,Consultoría de UX,1,Optimización De La Experiencia De Usuario De Productos Digitales.,Optimización De La Experiencia De Usuario De Productos Digitales.,1,1350000,Servicios > Desarrollo Web y E-Commerce,"servicio,clientum"
,simple,CTM-0209,Diseño de Tienda Virtual: Crea una Experiencia de Compra Inolvidable,1,"Diseño de Tienda Virtual: Creá una experiencia de compra online excepcional con una interfaz visual atractiva, optimización para dispositivos móviles, integración de pasarelas de pago, gestión de inventario y análisis.","Diseño de Tienda Virtual: Creá una experiencia de compra online excepcional con una interfaz visual atractiva, optimización para dispositivos móviles, integración de pasarelas de pago, gestión de inventario y análisis.",1,1425000,Servicios > Desarrollo Web y E-Commerce,"servicio,clientum"
,simple,CTM-0210,Servicios Web,1,Soluciones De Pagos Para Ecommerce.,Soluciones De Pagos Para Ecommerce.,1,1500000,Servicios > Desarrollo Web y E-Commerce,"servicio,clientum"
,simple,CTM-0211,Optimización de Performance Web,1,Optimización De Rendimiento Web,Optimización De Rendimiento Web,1,1575000,Servicios > Desarrollo Web y E-Commerce,"servicio,clientum"
,simple,CTM-0212,Servicio de Envío y Logística,1,Servicios De Entrega Y Logística Para Ecommerce.,Servicios De Entrega Y Logística Para Ecommerce.,1,1275000,Servicios > Desarrollo Web y E-Commerce,"servicio,clientum"
,simple,CTM-0213,Optimización de Tienda Virtual: Mejora tu rendimiento y aumenta tus ventas,1,"Optimización del Rendimiento: La clave para el éxito empresarial. Analiza datos en tiempo real, identifica cuellos de botella, brinda recomendaciones personalizadas, automatiza procesos y genera informes. Mejora la efici","Optimización del Rendimiento: La clave para el éxito empresarial. Analiza datos en tiempo real, identifica cuellos de botella, brinda recomendaciones personalizadas, automatiza procesos y genera informes. Mejora la efici",1,975000,Servicios > Desarrollo Web y E-Commerce,"servicio,clientum"
,simple,CTM-0214,Implementación de Módulos Adicionales: Mejora tu Sitio Web con Funcionalidades Esenciales,1,"Implementación de Módulos Adicionales: Solución integral para optimizar operaciones, integrando funcionalidades, automatizando procesos y personalizando para necesidades específicas.","Implementación de Módulos Adicionales: Solución integral para optimizar operaciones, integrando funcionalidades, automatizando procesos y personalizando para necesidades específicas.",1,1050000,Servicios > Desarrollo Web y E-Commerce,"servicio,clientum"
,simple,CTM-0215,¡Crea tu Tienda Online Básica y Vende en Internet Hoy!,1,Implementación de Tienda Online Básica: ¡Tu puerta de entrada al comercio electrónico!,Implementación de Tienda Online Básica: ¡Tu puerta de entrada al comercio electrónico!,1,1125000,Servicios > Desarrollo Web y E-Commerce,"servicio,clientum"
,simple,CTM-0216,Diseño de sitio web corporativo,1,Diseño De Sitios Corporativos,Diseño De Sitios Corporativos,1,1200000,Servicios > Desarrollo Web y E-Commerce,"servicio,clientum"
,simple,CTM-0217,Plan Tienda Online Basico pagado cada 1 mes,1,Plan Mensual Tienda Online Marketplace,Plan Mensual Tienda Online Marketplace,1,900000,Servicios > Desarrollo Web y E-Commerce,"servicio,clientum"
,simple,CTM-0218,Hasta 5 páginas: ¡Crea sitios web impresionantes con facilidad!,1,"Hasta 5 páginas Plataforma de creación de contenido que permite crear y compartir documentos de hasta 5 páginas. Interfaz intuitiva, diseño elegante y compatible con múltiples dispositivos.","Hasta 5 páginas Plataforma de creación de contenido que permite crear y compartir documentos de hasta 5 páginas. Interfaz intuitiva, diseño elegante y compatible con múltiples dispositivos.",1,525000,Servicios > Desarrollo Web y E-Commerce,"servicio,clientum"
,simple,CTM-0219,Implementacion Sitio Web Institucional,1,Implementación De Sitio Web Institucional,Implementación De Sitio Web Institucional,1,600000,Servicios > Desarrollo Web y E-Commerce,"servicio,clientum"
,simple,CTM-0220,<strong>Ítem: La solución definitiva para tus necesidades</strong>,1,"Ítem: el compañero perfecto para tu vida diaria, diseñado para mejorar la productividad, reducir el estrés y brindar comodidad y conveniencia.","Ítem: el compañero perfecto para tu vida diaria, diseñado para mejorar la productividad, reducir el estrés y brindar comodidad y conveniencia.",1,675000,Servicios > Desarrollo Web y E-Commerce,"servicio,clientum"
,simple,CTM-0221,Plan Básico Web: ¡Tu sitio web profesional al alcance de tu mano!,1,Plan Básico Web: Tu aliado para una presencia digital sólida Características: Sitio web de una página Dominio personalizado Diseño responsivo Optimización SEO Soporte técnico Beneficios: Establece una presencia en línea,Plan Básico Web: Tu aliado para una presencia digital sólida Características: Sitio web de una página Dominio personalizado Diseño responsivo Optimización SEO Soporte técnico Beneficios: Establece una presencia en línea,1,712000,Servicios > Desarrollo Web y E-Commerce,"servicio,clientum"
,simple,CTM-0222,Plantillas prediseñadas: ¡Crea contenido impactante en minutos!,1,Plantillas predefinidas: la solución para optimizar tus proyectos,Plantillas predefinidas: la solución para optimizar tus proyectos,1,825000,Servicios > Desarrollo Web y E-Commerce,"servicio,clientum"
,simple,CTM-0223,Diseño Personalizado Completo: Crea tu Propia Marca Única,1,"Diseño Personalizado Completo: Creá tu propio mundo, a tu medida.","Diseño Personalizado Completo: Creá tu propio mundo, a tu medida.",1,900000,Servicios > Desarrollo Web y E-Commerce,"servicio,clientum"
,simple,CTM-0224,Implementación de ERP Oracle e-Business Suite,1,Implementación Del Erp Oracle E-Business Suite.,Implementación Del Erp Oracle E-Business Suite.,1,9750000,Servicios > ERP y CRM,"servicio,clientum"
,simple,CTM-0225,Implementación de ERP Microsoft Dynamics 365,1,Soporte Y Mantenimiento De Erp Microsoft Dynamics 365.,Soporte Y Mantenimiento De Erp Microsoft Dynamics 365.,1,9600000,Servicios > ERP y CRM,"servicio,clientum"
,simple,CTM-0226,Migración de ERP SAP a Odoo,1,Migración De Erp Sap A Odoo.,Migración De Erp Sap A Odoo.,1,9375000,Servicios > ERP y CRM,"servicio,clientum"
,simple,CTM-0227,Integración de ERP SAP con Herramientas de BI,1,Integración De Erp Sap Con Herramientas De Bi.,Integración De Erp Sap Con Herramientas De Bi.,1,9525000,Servicios > ERP y CRM,"servicio,clientum"
,simple,CTM-0228,Actualización De Versión CRM,1,Actualización De Erp Sap A Última Versión.,Actualización De Erp Sap A Última Versión.,1,9300000,Servicios > ERP y CRM,"servicio,clientum"
,simple,CTM-0229,Desarrollo de software personalizado,1,Desarrollo De Soluciones Personalizadas Para Erp Microsoft Dynamics 365.,Desarrollo De Soluciones Personalizadas Para Erp Microsoft Dynamics 365.,1,9150000,Servicios > ERP y CRM,"servicio,clientum"
,simple,CTM-0230,Implementación de ERP,1,Servicios De Consultoría Y Despliegue De Soluciones De Gestión Integral De Procesos Y Recursos De Negocio.,Servicios De Consultoría Y Despliegue De Soluciones De Gestión Integral De Procesos Y Recursos De Negocio.,1,9075000,Servicios > ERP y CRM,"servicio,clientum"
,simple,CTM-0231,Consultoría en Innovación Tecnológica,1,Innovación Tecnológica,Innovación Tecnológica,1,8925000,Servicios > ERP y CRM,"servicio,clientum"
,simple,CTM-0232,Servicios de Integración de ERP con otras Aplicaciones,1,Servicios De Integración De Sistemas Erp Con Otras Aplicaciones.,Servicios De Integración De Sistemas Erp Con Otras Aplicaciones.,1,8550000,Servicios > ERP y CRM,"servicio,clientum"
,simple,CTM-0233,Transformación Digital Asistida,1,Asesoría En Transformación Digital Y Organizacional,Asesoría En Transformación Digital Y Organizacional,1,8700000,Servicios > ERP y CRM,"servicio,clientum"
,simple,CTM-0234,$1000: La solución integral para tus necesidades financieras,1,1.000 pesos: un billete con historia y valor,1.000 pesos: un billete con historia y valor,1,8775000,Servicios > ERP y CRM,"servicio,clientum"
,simple,CTM-0235,Gestión de la cadena de suministro,1,"Servicios De Consultoría Y Construcción De Aplicaciones Para Optimizar, Automatizar Y Hacer Más Eficiente La Cadena De Suministro.","Servicios De Consultoría Y Construcción De Aplicaciones Para Optimizar, Automatizar Y Hacer Más Eficiente La Cadena De Suministro.",1,8325000,Servicios > ERP y CRM,"servicio,clientum"
,simple,CTM-0236,Project Management Platforms,1,Gestión De Proyectos,Gestión De Proyectos,1,8475000,Servicios > ERP y CRM,"servicio,clientum"
,simple,CTM-0237,Soporte Avanzado ERP,1,Soporte Avanzado Erp,Soporte Avanzado Erp,1,8250000,Servicios > ERP y CRM,"servicio,clientum"
,simple,CTM-0238,Gestión de proyectos y portafolio,1,Gestión De Proyectos Con Analítica Y Automatización,Gestión De Proyectos Con Analítica Y Automatización,1,8100000,Servicios > ERP y CRM,"servicio,clientum"
,simple,CTM-0239,Consultoría en experiencia del cliente,1,Optimización De La Experiencia Del Cliente,Optimización De La Experiencia Del Cliente,1,7875000,Servicios > ERP y CRM,"servicio,clientum"
,simple,CTM-0240,Implementación de CRM,1,"Servicios De Consultoría Y Despliegue De Soluciones De Gestión Integral De Relaciones Con Clientes, Ventas Y Servicio Al Cliente.","Servicios De Consultoría Y Despliegue De Soluciones De Gestión Integral De Relaciones Con Clientes, Ventas Y Servicio Al Cliente.",1,7950000,Servicios > ERP y CRM,"servicio,clientum"
,simple,CTM-0241,Gestión de la Producción,1,Supervisión De Producción,Supervisión De Producción,1,7725000,Servicios > ERP y CRM,"servicio,clientum"
,simple,CTM-0242,Optimización de Inventarios,1,Gestión Y Reabastecimiento De Inventarios.,Gestión Y Reabastecimiento De Inventarios.,1,7425000,Servicios > ERP y CRM,"servicio,clientum"
,simple,CTM-0243,Integración de Sistemas ERP,1,Integración De Sistemas,Integración De Sistemas,1,7500000,Servicios > ERP y CRM,"servicio,clientum"
,simple,CTM-0244,Servicios de Certificación y Validación de ERP,1,Servicios De Certificación Y Validación De Sistemas Erp.,Servicios De Certificación Y Validación De Sistemas Erp.,1,7650000,Servicios > ERP y CRM,"servicio,clientum"
,simple,CTM-0245,Gestión de Talento y RRHH,1,Solución De Gestión Del Talento Basada En Ia,Solución De Gestión Del Talento Basada En Ia,1,7200000,Servicios > ERP y CRM,"servicio,clientum"
,simple,CTM-0246,ERP para Servicios,1,Servicios Integrales De Gestión Y Desarrollo Del Talento Dentro De Las Organizaciones.,Servicios Integrales De Gestión Y Desarrollo Del Talento Dentro De Las Organizaciones.,1,7275000,Servicios > ERP y CRM,"servicio,clientum"
,simple,CTM-0247,Integración ERP: Sincroniza tu tienda online y ERP para una gestión eficiente,1,Integración de la tienda en línea con el ERP de la empresa.,Integración de la tienda en línea con el ERP de la empresa.,1,7050000,Servicios > ERP y CRM,"servicio,clientum"
,simple,CTM-0248,Implementación de ERP para Retail y Distribuidores,1,Erp Para Distribuidores Y Mayoristas.,Erp Para Distribuidores Y Mayoristas.,1,6900000,Servicios > ERP y CRM,"servicio,clientum"
,simple,CTM-0249,Auditoría de sistemas,1,Servicios De Auditoría Y Optimización De Sistemas Erp.,Servicios De Auditoría Y Optimización De Sistemas Erp.,1,6825000,Servicios > ERP y CRM,"servicio,clientum"
,simple,CTM-0250,Gestión de Mantenimiento,1,Servicios De Soporte Y Mantenimiento De Sistemas Erp.,Servicios De Soporte Y Mantenimiento De Sistemas Erp.,1,6225000,Servicios > ERP y CRM,"servicio,clientum"
,simple,CTM-0251,Servicios de Integración de ERP Ecommerce,1,Servicios De Integración De Sistemas Para Ecommerce.,Servicios De Integración De Sistemas Para Ecommerce.,1,6375000,Servicios > ERP y CRM,"servicio,clientum"
,simple,CTM-0252,Implementación de CRM para Retail y Distribuidores,1,Crm Especializado En Distribuidores.,Crm Especializado En Distribuidores.,1,6450000,Servicios > ERP y CRM,"servicio,clientum"
,simple,CTM-0253,ERP para Manufactura,1,Integración Erp Y Crm Para Manufactura.,Integración Erp Y Crm Para Manufactura.,1,6600000,Servicios > ERP y CRM,"servicio,clientum"
,simple,CTM-0254,Soporte a Usuarios Clave CRM,1,Configuración de Usuarios: La clave para una experiencia de usuario personalizada,Configuración de Usuarios: La clave para una experiencia de usuario personalizada,1,6675000,Servicios > ERP y CRM,"servicio,clientum"
,simple,CTM-0255,Gestión de Documentos,1,Servicios De Creación De Soluciones De Gestión Documental Y Archivo Electrónico De Información.,Servicios De Creación De Soluciones De Gestión Documental Y Archivo Electrónico De Información.,1,6000000,Servicios > ERP y CRM,"servicio,clientum"
,simple,CTM-0256,ERP para Agroindustria,1,Integración Erp Y Crm Para Agroindustria.,Integración Erp Y Crm Para Agroindustria.,1,6075000,Servicios > ERP y CRM,"servicio,clientum"
,simple,CTM-0257,Asesoría en Cumplimiento Normativo,1,Políticas De Cumplimiento.,Políticas De Cumplimiento.,1,5850000,Servicios > ERP y CRM,"servicio,clientum"
,simple,CTM-0258,Gestión de Calidad,1,Implementación De Un Sistema De Gestión De Calidad.,Implementación De Un Sistema De Gestión De Calidad.,1,5550000,Servicios > ERP y CRM,"servicio,clientum"
,simple,CTM-0259,Consultoría Inicial para Servicios,1,Servicios De Consultoría Estratégica En Sistemas Erp.,Servicios De Consultoría Estratégica En Sistemas Erp.,1,5625000,Servicios > ERP y CRM,"servicio,clientum"
,simple,CTM-0260,Implementación Básica: La solución integral para tu negocio,1,"Implementación Básica: la base para el éxito de tu negocio. Optimiza procesos, reduce costos, mejora la calidad y la satisfacción del cliente, y obtiene una ventaja competitiva.","Implementación Básica: la base para el éxito de tu negocio. Optimiza procesos, reduce costos, mejora la calidad y la satisfacción del cliente, y obtiene una ventaja competitiva.",1,5775000,Servicios > ERP y CRM,"servicio,clientum"
,simple,CTM-0261,Gestión de Ventas,1,Seguimiento Y Gestión De Ventas Y Clientes.,Seguimiento Y Gestión De Ventas Y Clientes.,1,5400000,Servicios > ERP y CRM,"servicio,clientum"
,simple,CTM-0262,Recursos humanos,1,Soluciones De Rrhh Con Análisis De Datos Y Machine Learning.,Soluciones De Rrhh Con Análisis De Datos Y Machine Learning.,1,5250000,Servicios > ERP y CRM,"servicio,clientum"
,simple,CTM-0263,Plataforma de Administración de Propiedades,1,Gestión De Propiedades Inmobiliarias,Gestión De Propiedades Inmobiliarias,1,5025000,Servicios > ERP y CRM,"servicio,clientum"
,simple,CTM-0264,Integración ERP y CRM para Retail y Distribuidores,1,Integración Erp Y Crm Para Distribuidores.,Integración Erp Y Crm Para Distribuidores.,1,5175000,Servicios > ERP y CRM,"servicio,clientum"
,simple,CTM-0265,Plataforma de Facturación y Pagos,1,Automatización De Facturación Y Pagos,Automatización De Facturación Y Pagos,1,4950000,Servicios > ERP y CRM,"servicio,clientum"
,simple,CTM-0266,Contabilidad y finanzas,1,"Servicios De Contabilidad, Finanzas Y Asesoría Fiscal Para Empresas.","Servicios De Contabilidad, Finanzas Y Asesoría Fiscal Para Empresas.",1,4725000,Servicios > ERP y CRM,"servicio,clientum"
,simple,CTM-0267,Implementación de Soluciones de Gestión de Activos Intangibles: Optimiza y Protege tus Recursos Valiosos,1,Implementación de Soluciones de Gestión de Activos Intangibles: Optimiza y protege tus recursos valiosos,Implementación de Soluciones de Gestión de Activos Intangibles: Optimiza y protege tus recursos valiosos,1,4800000,Servicios > ERP y CRM,"servicio,clientum"
,simple,CTM-0268,Implementación de Módulos de Gestión Empresarial a Medida,1,Servicios De Creación Y Personalización De Soluciones De Gestión Empresarial Integradas.,Servicios De Creación Y Personalización De Soluciones De Gestión Empresarial Integradas.,1,4425000,Servicios > ERP y CRM,"servicio,clientum"
,simple,CTM-0269,Support for CRM,1,Soporte Crm,Soporte Crm,1,4575000,Servicios > ERP y CRM,"servicio,clientum"
,simple,CTM-0270,Gestión de Compras,1,Sistemas De Gestión De Transporte,Sistemas De Gestión De Transporte,1,4200000,Servicios > ERP y CRM,"servicio,clientum"
,simple,CTM-0271,Módulo de mantenimiento para Dolibarr,1,Integración Erp Y Ecommerce.,Integración Erp Y Ecommerce.,1,4350000,Servicios > ERP y CRM,"servicio,clientum"
,simple,CTM-0272,Consultoría de Gestión para Distribuidores y Mayoristas,1,Consultoría de Gestión para Distribuidores y Mayoristas,Consultoría de Gestión para Distribuidores y Mayoristas,1,3975000,Servicios > ERP y CRM,"servicio,clientum"
,simple,CTM-0273,Integración de Datos: Conecta y Unifica Tus Datos para Decisiones Informadas,1,Integración de Datos: La clave para desbloquear el valor de tus datos,Integración de Datos: La clave para desbloquear el valor de tus datos,1,4125000,Servicios > ERP y CRM,"servicio,clientum"
,simple,CTM-0274,ERP y CRM,1,Integración De Erp Con Crm.,Integración De Erp Con Crm.,1,3750000,Servicios > ERP y CRM,"servicio,clientum"
,simple,CTM-0275,Integración con Terceros: Conecta tu negocio con el mundo,1,Integración con Plataformas de Terceros: Conecta tu negocio con el mundo,Integración con Plataformas de Terceros: Conecta tu negocio con el mundo,1,3900000,Servicios > ERP y CRM,"servicio,clientum"
,simple,CTM-0276,Gestión de Proveedores,1,Gestión De Relaciones Con Clientes Y Proveedores,Gestión De Relaciones Con Clientes Y Proveedores,1,3600000,Servicios > ERP y CRM,"servicio,clientum"
,simple,CTM-0277,Evaluación de desempeño,1,"Análisis de Desempeño del Sistema: Optimiza el rendimiento para el éxito. Monitorea en tiempo real, analiza tendencias, diagnostica problemas y genera informes personalizados para mejorar el rendimiento, reducir costos,","Análisis de Desempeño del Sistema: Optimiza el rendimiento para el éxito. Monitorea en tiempo real, analiza tendencias, diagnostica problemas y genera informes personalizados para mejorar el rendimiento, reducir costos,",1,2850000,Servicios > ERP y CRM,"servicio,clientum"
,simple,CTM-0278,Soluciones CRM,1,Infraestructura Ti,Infraestructura Ti,1,2925000,Servicios > ERP y CRM,"servicio,clientum"
,simple,CTM-0279,Soporte Técnico ERP,1,Soporte Técnico Continuo.,Soporte Técnico Continuo.,1,3075000,Servicios > ERP y CRM,"servicio,clientum"
,simple,CTM-0280,Evaluación Inicial de Sistemas: Diagnóstico y Optimización para un Rendimiento Óptimo,1,"Evaluación Inicial de Sistemas: Solución integral para optimizar tus operaciones de TI, identificando áreas de mejora y brindando recomendaciones personalizadas.","Evaluación Inicial de Sistemas: Solución integral para optimizar tus operaciones de TI, identificando áreas de mejora y brindando recomendaciones personalizadas.",1,3150000,Servicios > ERP y CRM,"servicio,clientum"
,simple,CTM-0281,Mantenimiento Anual Básico: Protege tu inversión y optimiza el rendimiento de tu equipo,1,Mantenimiento Anual Básico: La tranquilidad de un hogar protegido,Mantenimiento Anual Básico: La tranquilidad de un hogar protegido,1,3300000,Servicios > ERP y CRM,"servicio,clientum"
,simple,CTM-0282,Licencia de Usuario (x10): ¡Ampliá tu alcance y potenciá tu negocio!,1,Licencia de Usuario (x10): ¡Amplía tu alcance y potencia tu negocio!,Licencia de Usuario (x10): ¡Amplía tu alcance y potencia tu negocio!,1,3375000,Servicios > ERP y CRM,"servicio,clientum"
,simple,CTM-0283,Plan de Contingencia: Guía esencial para la preparación ante emergencias,1,Plan de Contingencia: Tu escudo ante lo inesperado,Plan de Contingencia: Tu escudo ante lo inesperado,1,3525000,Servicios > ERP y CRM,"servicio,clientum"
,simple,CTM-0284,Plataforma de Gestión de Flotas,1,Gestión Eficiente De Flotas De Entrega,Gestión Eficiente De Flotas De Entrega,1,2475000,Servicios > ERP y CRM,"servicio,clientum"
,simple,CTM-0285,Software ERP,1,Gestión De Proyectos De Construcción,Gestión De Proyectos De Construcción,1,2550000,Servicios > ERP y CRM,"servicio,clientum"
,simple,CTM-0286,Módulo CRM Básico: Gestioná tus clientes de forma eficiente,1,Módulo CRM Básico: Gestioná tus clientes de forma eficiente,Módulo CRM Básico: Gestioná tus clientes de forma eficiente,1,2700000,Servicios > ERP y CRM,"servicio,clientum"
,simple,CTM-0287,Optimización de Operaciones Logísticas,1,Optimización De Logística,Optimización De Logística,1,2250000,Servicios > ERP y CRM,"servicio,clientum"
,simple,CTM-0288,Optimización de Estrategias de Ventas,1,Optimización De Producción,Optimización De Producción,1,2325000,Servicios > ERP y CRM,"servicio,clientum"
,simple,CTM-0289,5 usuarios: la solución perfecta para equipos pequeños y medianos,1,5 Usuarios: La solución integral para la gestión de equipos,5 Usuarios: La solución integral para la gestión de equipos,1,2100000,Servicios > ERP y CRM,"servicio,clientum"
,simple,CTM-0290,Control de Pedidos,1,Seguimiento de Pedidos: ¡Monitoreá tus envíos en tiempo real!,Seguimiento de Pedidos: ¡Monitoreá tus envíos en tiempo real!,1,1050000,Servicios > ERP y CRM,"servicio,clientum"
,simple,CTM-0291,Fidelización de Clientes,1,Fidelización de Clientes,Fidelización de Clientes,1,1200000,Servicios > ERP y CRM,"servicio,clientum"
,simple,CTM-0292,Gestión de Órdenes de Trabajo,1,Gestión de Órdenes de Trabajo,Gestión de Órdenes de Trabajo,1,1275000,Servicios > ERP y CRM,"servicio,clientum"
,simple,CTM-0293,Seguimiento de Tiempos y Costos,1,Seguimiento de Tiempos y Costos,Seguimiento de Tiempos y Costos,1,1425000,Servicios > ERP y CRM,"servicio,clientum"
,simple,CTM-0294,Implementación de ERP y CRM para pymes: Optimiza tus procesos y crece,1,Implementación básica de ERP y CRM para pymes: la solución integral para el crecimiento empresarial,Implementación básica de ERP y CRM para pymes: la solución integral para el crecimiento empresarial,1,1500000,Servicios > ERP y CRM,"servicio,clientum"
,simple,CTM-0295,Integración de Módulos ERP: Amplía las Funcionalidades de tu Sistema,1,"Integración de Módulos Adicionales: Optimiza tus operaciones con conectividad perfecta, automatización de procesos y personalización flexible.","Integración de Módulos Adicionales: Optimiza tus operaciones con conectividad perfecta, automatización de procesos y personalización flexible.",1,1650000,Servicios > ERP y CRM,"servicio,clientum"
,simple,CTM-0296,Adaptación a Cambios Regulatorios: Mantente al día con las últimas normativas,1,Adaptación a Cambios Regulatorios: Navegando el panorama regulatorio en constante evolución,Adaptación a Cambios Regulatorios: Navegando el panorama regulatorio en constante evolución,1,1725000,Servicios > ERP y CRM,"servicio,clientum"
,simple,CTM-0297,"Gestión Avanzada de Datos: Centraliza, Analiza y Automatiza tus Procesos para el Éxito Empresarial",1,"Gestión Avanzada de Datos: Centraliza, estandariza, procesa, analiza y visualiza datos para mejorar la toma de decisiones, la eficiencia y la ventaja competitiva.","Gestión Avanzada de Datos: Centraliza, estandariza, procesa, analiza y visualiza datos para mejorar la toma de decisiones, la eficiencia y la ventaja competitiva.",1,1875000,Servicios > ERP y CRM,"servicio,clientum"
,simple,CTM-0298,Servicios de Migración de ERP: La clave para una transformación empresarial sin problemas,1,Servicios de Migración de Sistemas ERP: La clave para una transformación empresarial sin problemas,Servicios de Migración de Sistemas ERP: La clave para una transformación empresarial sin problemas,1,2025000,Servicios > ERP y CRM,"servicio,clientum"
,simple,CTM-0299,Online Learning Platforms,1,Plataformas De Aprendizaje En Línea,Plataformas De Aprendizaje En Línea,1,450000,Servicios > Formación y Capacitación,"servicio,clientum"
,simple,CTM-0300,Gestión de Proyectos Ágiles,1,Solución De Gestión De Proyectos Ágiles Con Ia,Solución De Gestión De Proyectos Ágiles Con Ia,1,450000,Servicios > Formación y Capacitación,"servicio,clientum"
,simple,CTM-0301,Capacitación en Desarrollo Web,1,Desarrollo De Competencias Digitales.,Desarrollo De Competencias Digitales.,1,412000,Servicios > Formación y Capacitación,"servicio,clientum"
,simple,CTM-0302,Consultoría en Estrategia de TI,1,Estrategia De Ti,Estrategia De Ti,1,412000,Servicios > Formación y Capacitación,"servicio,clientum"
,simple,CTM-0303,Formación en UX/UI Design,1,Formación En Ux/Ui Design,Formación En Ux/Ui Design,1,412000,Servicios > Formación y Capacitación,"servicio,clientum"
,simple,CTM-0304,Technology Training,1,Formación Tecnológica,Formación Tecnológica,1,375000,Servicios > Formación y Capacitación,"servicio,clientum"
,simple,CTM-0305,Capacitación en Procesos de Negocio para ERP Odoo,1,Capacitación En Procesos De Negocio Para Erp Odoo.,Capacitación En Procesos De Negocio Para Erp Odoo.,1,375000,Servicios > Formación y Capacitación,"servicio,clientum"
,simple,CTM-0306,Capacitación en Análisis de Datos,1,Capacitación En Analítica De Datos,Capacitación En Analítica De Datos,1,375000,Servicios > Formación y Capacitación,"servicio,clientum"
,simple,CTM-0307,Cursos en Tecnologías Digitales,1,"Servicios De Capacitación Especializada En Herramientas, Técnicas Y Tendencias Tecnológicas.","Servicios De Capacitación Especializada En Herramientas, Técnicas Y Tendencias Tecnológicas.",1,338000,Servicios > Formación y Capacitación,"servicio,clientum"
,simple,CTM-0308,Plataforma E-Learning,1,Mantenimiento De E-Learning,Mantenimiento De E-Learning,1,338000,Servicios > Formación y Capacitación,"servicio,clientum"
,simple,CTM-0309,Talleres y Seminarios,1,Talleres Sobre Nuevas Tecnologías.,Talleres Sobre Nuevas Tecnologías.,1,300000,Servicios > Formación y Capacitación,"servicio,clientum"
,simple,CTM-0310,Capacitación en Marketing Digital,1,Capacitación En Marketing Digital,Capacitación En Marketing Digital,1,300000,Servicios > Formación y Capacitación,"servicio,clientum"
,simple,CTM-0311,Capacitación en Uso de CRM,1,Capacitación En Crm,Capacitación En Crm,1,338000,Servicios > Formación y Capacitación,"servicio,clientum"
,simple,CTM-0312,Capacitación empresarial,1,Servicios De Capacitación Y Entrenamiento Corporativo.,Servicios De Capacitación Y Entrenamiento Corporativo.,1,300000,Servicios > Formación y Capacitación,"servicio,clientum"
,simple,CTM-0313,Capacitación en Ciberseguridad,1,Capacitación En Ciberseguridad,Capacitación En Ciberseguridad,1,262000,Servicios > Formación y Capacitación,"servicio,clientum"
,simple,CTM-0314,Talleres de Capacitación en Gestión,1,Capacitación En Herramientas De Gestión.,Capacitación En Herramientas De Gestión.,1,262000,Servicios > Formación y Capacitación,"servicio,clientum"
,simple,CTM-0315,Servicios de capacitación,1,Servicios De Capacitación Y Entrenamiento Para El Desarrollo De Competencias Del Personal.,Servicios De Capacitación Y Entrenamiento Para El Desarrollo De Competencias Del Personal.,1,262000,Servicios > Formación y Capacitación,"servicio,clientum"
,simple,CTM-0316,Capacitación y formación,1,Servicios De Capacitación En Habilidades Y Competencias Para La Transformación Digital.,Servicios De Capacitación En Habilidades Y Competencias Para La Transformación Digital.,1,225000,Servicios > Formación y Capacitación,"servicio,clientum"
,simple,CTM-0317,Capacitación en liderazgo y gestión de equipos,1,Capacitación En Liderazgo,Capacitación En Liderazgo,1,225000,Servicios > Formación y Capacitación,"servicio,clientum"
,simple,CTM-0318,Workshops and Seminars,1,Talleres Y Seminarios,Talleres Y Seminarios,1,188000,Servicios > Formación y Capacitación,"servicio,clientum"
,simple,CTM-0319,Formación de Usuarios Avanzada: Domina tus habilidades y lleva tu productividad al siguiente nivel,1,Capacitación de Usuarios Avanzada: Domina tus herramientas y potencia tu productividad,Capacitación de Usuarios Avanzada: Domina tus herramientas y potencia tu productividad,1,188000,Servicios > Formación y Capacitación,"servicio,clientum"
,simple,CTM-0320,Capacitación en inteligencia artificial,1,Capacitación En Ia,Capacitación En Ia,1,225000,Servicios > Formación y Capacitación,"servicio,clientum"
,simple,CTM-0321,Capacitación en habilidades blandas,1,"Capacitación Inicial: ¡Tu puerta de entrada al mundo del éxito profesional! Cursos prácticos, instructores expertos, aprendizaje flexible y certificación reconocida para mejorar tus habilidades, avanzar en tu carrera y a","Capacitación Inicial: ¡Tu puerta de entrada al mundo del éxito profesional! Cursos prácticos, instructores expertos, aprendizaje flexible y certificación reconocida para mejorar tus habilidades, avanzar en tu carrera y a",1,150000,Servicios > Formación y Capacitación,"servicio,clientum"
,simple,CTM-0322,Taller de emprendimiento,1,Taller Práctico De Capacitación En Emprendimiento.,Taller Práctico De Capacitación En Emprendimiento.,1,188000,Servicios > Formación y Capacitación,"servicio,clientum"
,simple,CTM-0323,Plataforma de Aprendizaje en Línea,1,Cursos Y Recursos Educativos En Línea,Cursos Y Recursos Educativos En Línea,1,150000,Servicios > Formación y Capacitación,"servicio,clientum"
,simple,CTM-0324,Formación en idiomas,1,Cursos De Aprendizaje De Idiomas A Distancia A Través De Una Plataforma Online.,Cursos De Aprendizaje De Idiomas A Distancia A Través De Una Plataforma Online.,1,142000,Servicios > Formación y Capacitación,"servicio,clientum"
,simple,CTM-0325,Capacitación básica en CMS: Domina los fundamentos para gestionar tu sitio web,1,"Capacitación integral en gestión web para crear y administrar sitios web profesionales, impulsar el crecimiento digital y desarrollar habilidades valiosas.","Capacitación integral en gestión web para crear y administrar sitios web profesionales, impulsar el crecimiento digital y desarrollar habilidades valiosas.",1,90000,Servicios > Formación y Capacitación,"servicio,clientum"
,simple,CTM-0326,Capacitación Integral en E-Commerce: Domina el Comercio Electrónico y Potencia tu Negocio,1,Capacitación Integral en E-Commerce: Tu puerta de entrada al éxito en el comercio electrónico.,Capacitación Integral en E-Commerce: Tu puerta de entrada al éxito en el comercio electrónico.,1,105000,Servicios > Formación y Capacitación,"servicio,clientum"
,simple,CTM-0327,Capacitación básica: el primer paso para tu éxito profesional,1,"Capacitación Básica: La clave para el éxito profesional. Cursos en línea y presenciales, instructores expertos, material interactivo y certificación reconocida. Mejora tus habilidades, avanza en tu carrera, gana confianz","Capacitación Básica: La clave para el éxito profesional. Cursos en línea y presenciales, instructores expertos, material interactivo y certificación reconocida. Mejora tus habilidades, avanza en tu carrera, gana confianz",1,112000,Servicios > Formación y Capacitación,"servicio,clientum"
,simple,CTM-0328,Capacitación y Entrenamiento en ERP: Maximiza la Adopción y Aprovechamiento de tu Sistema,1,Servicios de Capacitación y Entrenamiento en Sistemas Erp,Servicios de Capacitación y Entrenamiento en Sistemas Erp,1,128000,Servicios > Formación y Capacitación,"servicio,clientum"
,simple,CTM-0329,Personalización de Experiencias en Tiempo Real,1,Personalización En Tiempo Real,Personalización En Tiempo Real,1,900000,Servicios > Marketing Digital,"servicio,clientum"
,simple,CTM-0330,Servicio de Desarrollo de Programa de Afiliación: Aumenta el Tráfico y las Ventas de tu Ecommerce,1,Servicio de Desarrollo de Programa de Afiliación para E-commerce: Impulsa tu negocio online con alianzas estratégicas.,Servicio de Desarrollo de Programa de Afiliación para E-commerce: Impulsa tu negocio online con alianzas estratégicas.,1,900000,Servicios > Marketing Digital,"servicio,clientum"
,simple,CTM-0331,Segmentación Avanzada para Estrategias de Marketing,1,Servicio de Email Marketing para Ecommerce: Tu aliado para conectar con tus clientes,Servicio de Email Marketing para Ecommerce: Tu aliado para conectar con tus clientes,1,825000,Servicios > Marketing Digital,"servicio,clientum"
,simple,CTM-0332,Recomendaciones de Productos Personalizadas,1,Recomendaciones Personalizadas,Recomendaciones Personalizadas,1,900000,Servicios > Marketing Digital,"servicio,clientum"
,simple,CTM-0333,Content Creation and Management,1,Gestión De Contenido,Gestión De Contenido,1,825000,Servicios > Marketing Digital,"servicio,clientum"
,simple,CTM-0334,Campaña de publicidad,1,Implementación De Campañas De Publicidad Display Para Generar Visibilidad Y Tráfico Web.,Implementación De Campañas De Publicidad Display Para Generar Visibilidad Y Tráfico Web.,1,825000,Servicios > Marketing Digital,"servicio,clientum"
,simple,CTM-0335,SEO Basic Package,1,Seo Avanzado,Seo Avanzado,1,750000,Servicios > Marketing Digital,"servicio,clientum"
,simple,CTM-0336,Social Media Management,1,Ejecución De Campañas De Social Media Para Aumentar La Visibilidad Y Interacción De La Marca.,Ejecución De Campañas De Social Media Para Aumentar La Visibilidad Y Interacción De La Marca.,1,750000,Servicios > Marketing Digital,"servicio,clientum"
,simple,CTM-0337,Graphic Design Services,1,Diseño Gráfico Personalizado,Diseño Gráfico Personalizado,1,825000,Servicios > Marketing Digital,"servicio,clientum"
,simple,CTM-0338,Diseño gráfico,1,"Servicios De Creación De Diseños Gráficos, Piezas De Publicidad Y Materiales Corporativos.","Servicios De Creación De Diseños Gráficos, Piezas De Publicidad Y Materiales Corporativos.",1,825000,Servicios > Marketing Digital,"servicio,clientum"
,simple,CTM-0339,Filmación de video corporativo,1,"Producción De Videos Corporativos Para Fines De Comunicación, Marketing Y Promoción.","Producción De Videos Corporativos Para Fines De Comunicación, Marketing Y Promoción.",1,825000,Servicios > Marketing Digital,"servicio,clientum"
,simple,CTM-0340,Generación De Leads,1,Herramienta De Generación De Contenidos,Herramienta De Generación De Contenidos,1,750000,Servicios > Marketing Digital,"servicio,clientum"
,simple,CTM-0341,Estrategia de SEO,1,Optimización Del Posicionamiento Web Orgánico Para Aumentar La Visibilidad Y Tráfico.,Optimización Del Posicionamiento Web Orgánico Para Aumentar La Visibilidad Y Tráfico.,1,712000,Servicios > Marketing Digital,"servicio,clientum"
,simple,CTM-0342,Servicios de Marketing Multicanal Ecommerce,1,Servicios de Estrategia de Marketing Digital para Ecommerce,Servicios de Estrategia de Marketing Digital para Ecommerce,1,750000,Servicios > Marketing Digital,"servicio,clientum"
,simple,CTM-0343,Animación 2D,1,Producción De Animaciones 2D Para Comunicar Mensajes De Marca De Manera Creativa.,Producción De Animaciones 2D Para Comunicar Mensajes De Marca De Manera Creativa.,1,712000,Servicios > Marketing Digital,"servicio,clientum"
,simple,CTM-0344,Producción de video,1,Creación De Un Programa De Podcast Para Ofrecer Contenido De Valor A Los Oyentes.,Creación De Un Programa De Podcast Para Ofrecer Contenido De Valor A Los Oyentes.,1,675000,Servicios > Marketing Digital,"servicio,clientum"
,simple,CTM-0345,Automatización de Campañas de Marketing,1,Servicios De Automatización De Marketing Para Ecommerce.,Servicios De Automatización De Marketing Para Ecommerce.,1,638000,Servicios > Marketing Digital,"servicio,clientum"
,simple,CTM-0346,Diseño de identidad de marca,1,Diseño De La Identidad Visual De Una Marca Para Fortalecer Su Posicionamiento.,Diseño De La Identidad Visual De Una Marca Para Fortalecer Su Posicionamiento.,1,675000,Servicios > Marketing Digital,"servicio,clientum"
,simple,CTM-0347,Servicio de SEO,1,Servicio De Optimización Seo Para Mejorar El Posicionamiento Web.,Servicio De Optimización Seo Para Mejorar El Posicionamiento Web.,1,675000,Servicios > Marketing Digital,"servicio,clientum"
,simple,CTM-0348,Keyword Optimization for SEO,1,Optimización De Palabras Clave,Optimización De Palabras Clave,1,525000,Servicios > Marketing Digital,"servicio,clientum"
,simple,CTM-0349,Marketing Digital con IA,1,Servicios De Consultoría En Estrategia Y Ejecución De Marketing Digital.,Servicios De Consultoría En Estrategia Y Ejecución De Marketing Digital.,1,525000,Servicios > Marketing Digital,"servicio,clientum"
,simple,CTM-0350,Optimización Seo,1,Servicio De Optimización De Seo Para Posicionamiento Web.,Servicio De Optimización De Seo Para Posicionamiento Web.,1,562000,Servicios > Marketing Digital,"servicio,clientum"
,simple,CTM-0351,Gestión de Redes Sociales,1,Planificación Y Gestión De La Estrategia De Redes Sociales De Una Empresa.,Planificación Y Gestión De La Estrategia De Redes Sociales De Una Empresa.,1,562000,Servicios > Marketing Digital,"servicio,clientum"
,simple,CTM-0352,Campañas SEM,1,Plataforma De Gestión De Campañas De Marketing Con Ia,Plataforma De Gestión De Campañas De Marketing Con Ia,1,600000,Servicios > Marketing Digital,"servicio,clientum"
,simple,CTM-0353,Posicionamiento SEO,1,"Servicio de optimización SEO para e-commerce que mejora la visibilidad, atrae tráfico calificado, aumenta las conversiones y genera un retorno de la inversión.","Servicio de optimización SEO para e-commerce que mejora la visibilidad, atrae tráfico calificado, aumenta las conversiones y genera un retorno de la inversión.",1,600000,Servicios > Marketing Digital,"servicio,clientum"
,simple,CTM-0354,Campañas de Marketing para Ecommerce: Atrae y Fideliza Clientes en Línea,1,Campañas de Marketing para Ecommerce: Impulsa tu Negocio Online,Campañas de Marketing para Ecommerce: Impulsa tu Negocio Online,1,600000,Servicios > Marketing Digital,"servicio,clientum"
,simple,CTM-0355,Video Spot Publicitario Básico,1,Video Spot Publicitario,Video Spot Publicitario,1,638000,Servicios > Marketing Digital,"servicio,clientum"
,simple,CTM-0356,Identificación de leads calificados,1,Identificación De Leads,Identificación De Leads,1,638000,Servicios > Marketing Digital,"servicio,clientum"
,simple,CTM-0357,Copywriting,1,Servicio De Gestión De Contenidos Y Copywriting Para Ecommerce.,Servicio De Gestión De Contenidos Y Copywriting Para Ecommerce.,1,525000,Servicios > Marketing Digital,"servicio,clientum"
,simple,CTM-0358,Servicios de Implementación de Cupones y Promociones Ecommerce,1,Servicios De Implementación De Cupones Y Promociones Para Ecommerce.,Servicios De Implementación De Cupones Y Promociones Para Ecommerce.,1,488000,Servicios > Marketing Digital,"servicio,clientum"
,simple,CTM-0359,Video promocional,1,"Creación De Contenido Audiovisual Para Promocionar Una Marca, Producto O Servicio.","Creación De Contenido Audiovisual Para Promocionar Una Marca, Producto O Servicio.",1,488000,Servicios > Marketing Digital,"servicio,clientum"
,simple,CTM-0360,Desarrollo de Contenido para Ecommerce: Mejora el Engagement y la Experiencia del Cliente,1,Generación De Contenido Para Tiendas Virtuales,Generación De Contenido Para Tiendas Virtuales,1,488000,Servicios > Marketing Digital,"servicio,clientum"
,simple,CTM-0361,Creación de contenido,1,Desarrollo De Contenidos Estratégicos Para Atraer Y Fidelizar A La Audiencia.,Desarrollo De Contenidos Estratégicos Para Atraer Y Fidelizar A La Audiencia.,1,412000,Servicios > Marketing Digital,"servicio,clientum"
,simple,CTM-0362,Diseño de empaques,1,Diseño De Empaques Y Etiquetas Para Resaltar La Presencia De Los Productos En El Mercado.,Diseño De Empaques Y Etiquetas Para Resaltar La Presencia De Los Productos En El Mercado.,1,450000,Servicios > Marketing Digital,"servicio,clientum"
,simple,CTM-0363,Campaña de Remarketing: Recupera clientes potenciales y aumenta tus ventas,1,Servicio de Campaña de Remarketing para Ecommerce,Servicio de Campaña de Remarketing para Ecommerce,1,450000,Servicios > Marketing Digital,"servicio,clientum"
,simple,CTM-0364,Email Marketing con IA,1,Servicio De Email Marketing Para Campañas Efectivas.,Servicio De Email Marketing Para Campañas Efectivas.,1,375000,Servicios > Marketing Digital,"servicio,clientum"
,simple,CTM-0365,Auditoría SEO,1,Evaluación Y Optimización Del Posicionamiento En Buscadores.,Evaluación Y Optimización Del Posicionamiento En Buscadores.,1,375000,Servicios > Marketing Digital,"servicio,clientum"
,simple,CTM-0366,Campañas de Google Ads,1,Campaña de Google Ads: Impulsa tu negocio a nuevas alturas,Campaña de Google Ads: Impulsa tu negocio a nuevas alturas,1,412000,Servicios > Marketing Digital,"servicio,clientum"
,simple,CTM-0367,Diseño de imagen de marca,1,Servicio De Diseño De Imagen De Marca Completa.,Servicio De Diseño De Imagen De Marca Completa.,1,412000,Servicios > Marketing Digital,"servicio,clientum"
,simple,CTM-0368,Plataforma de Gestión de Afiliados,1,Publicidad Y Promoción En Plataformas De Comercio Electrónico.,Publicidad Y Promoción En Plataformas De Comercio Electrónico.,1,338000,Servicios > Marketing Digital,"servicio,clientum"
,simple,CTM-0369,Edición de video,1,Servicio De Post-Producción De Videos Corporativos Y De Marketing.,Servicio De Post-Producción De Videos Corporativos Y De Marketing.,1,375000,Servicios > Marketing Digital,"servicio,clientum"
,simple,CTM-0370,Diseño de material impreso,1,Servicio De Diseño De Material Impreso Corporativo Y De Marketing.,Servicio De Diseño De Material Impreso Corporativo Y De Marketing.,1,300000,Servicios > Marketing Digital,"servicio,clientum"
,simple,CTM-0371,Campaña publicitaria en Facebook e Instagram,1,"Servicio de publicidad en Facebook Ads para llegar a tu público objetivo, generar clientes potenciales y aumentar las ventas.","Servicio de publicidad en Facebook Ads para llegar a tu público objetivo, generar clientes potenciales y aumentar las ventas.",1,338000,Servicios > Marketing Digital,"servicio,clientum"
,simple,CTM-0372,Diseño de infografía,1,Servicio De Fotografía De Productos Para Catálogos Y Ecommerce.,Servicio De Fotografía De Productos Para Catálogos Y Ecommerce.,1,300000,Servicios > Marketing Digital,"servicio,clientum"
,simple,CTM-0373,Retoque fotográfico,1,Servicio De Retoque Y Edición Avanzada De Fotografías.,Servicio De Retoque Y Edición Avanzada De Fotografías.,1,300000,Servicios > Marketing Digital,"servicio,clientum"
,simple,CTM-0374,Gestión de Anuncios Facebook,1,Gestión De Anuncios Y Creación De Contenido Básico Facebook,Gestión De Anuncios Y Creación De Contenido Básico Facebook,1,262000,Servicios > Marketing Digital,"servicio,clientum"
,simple,CTM-0375,Diseño de logotipo,1,Servicio De Diseño Profesional De Logotipos.,Servicio De Diseño Profesional De Logotipos.,1,262000,Servicios > Marketing Digital,"servicio,clientum"
,simple,CTM-0376,Diseño de folleto,1,Diseño De Piezas Gráficas Impresas Para Marketing.,Diseño De Piezas Gráficas Impresas Para Marketing.,1,262000,Servicios > Marketing Digital,"servicio,clientum"
,simple,CTM-0377,Análisis De Datos De Marketing,1,Solución De Análisis De Atribución De Marketing Con Ia,Solución De Análisis De Atribución De Marketing Con Ia,1,225000,Servicios > Marketing Digital,"servicio,clientum"
,simple,CTM-0378,Lead Scoring con IA,1,Solución De Lead Scoring Basada En Ia,Solución De Lead Scoring Basada En Ia,1,225000,Servicios > Marketing Digital,"servicio,clientum"
,simple,CTM-0379,Diseño de presentación,1,Desarrollo De Presentaciones Empresariales Cautivadoras.,Desarrollo De Presentaciones Empresariales Cautivadoras.,1,225000,Servicios > Marketing Digital,"servicio,clientum"
,simple,CTM-0380,Optimización SEO Completa: Mejora tu visibilidad online y aumenta tus ventas,1,"Optimización SEO Completa: La clave para el éxito en línea. Mejora tu visibilidad, atrae tráfico calificado y aumenta las conversiones con nuestra solución integral de SEO.","Optimización SEO Completa: La clave para el éxito en línea. Mejora tu visibilidad, atrae tráfico calificado y aumenta las conversiones con nuestra solución integral de SEO.",1,188000,Servicios > Marketing Digital,"servicio,clientum"
,simple,CTM-0381,"Servicio de Gestión de Contenidos para Ecommerce: Planificación, Creación y Optimización SEO",1,"Servicio de Gestión de Campañas de Publicidad Digital para Ecommerce: gestión integral, segmentación precisa, análisis avanzado, automatización y reportes detallados para potenciar tu negocio online.","Servicio de Gestión de Campañas de Publicidad Digital para Ecommerce: gestión integral, segmentación precisa, análisis avanzado, automatización y reportes detallados para potenciar tu negocio online.",1,188000,Servicios > Marketing Digital,"servicio,clientum"
,simple,CTM-0382,Colaboración y Trabajo Remoto,1,"Servicios De Consultoría Y Construcción De Soluciones De Gestión De Proyectos, Comunicación, Seguimiento De Tareas Y Trabajo Remoto Para Mejorar La Productividad Y Coordinación De Equipos.","Servicios De Consultoría Y Construcción De Soluciones De Gestión De Proyectos, Comunicación, Seguimiento De Tareas Y Trabajo Remoto Para Mejorar La Productividad Y Coordinación De Equipos.",1,1350000,Servicios > Plataformas de Comunicación,"servicio,clientum"
,simple,CTM-0383,Plataformas de Comunicación,1,Colaboración En Línea,Colaboración En Línea,1,1200000,Servicios > Plataformas de Comunicación,"servicio,clientum"
,simple,CTM-0384,Implementación de Sistemas de Telefonía IP,1,"Servicios De Consultoría Y Desarrollo De Soluciones De Trabajo Remoto, Comunicación Y Coordinación.","Servicios De Consultoría Y Desarrollo De Soluciones De Trabajo Remoto, Comunicación Y Coordinación.",1,975000,Servicios > Plataformas de Comunicación,"servicio,clientum"
,simple,CTM-0385,Plataforma de Gestión de Eventos Virtuales,1,Gestión De Eventos Virtuales,Gestión De Eventos Virtuales,1,750000,Servicios > Plataformas de Comunicación,"servicio,clientum"
,simple,CTM-0386,Videoconferencias Seguras y Eficientes,1,Videoconferencias Seguras,Videoconferencias Seguras,1,600000,Servicios > Plataformas de Comunicación,"servicio,clientum"
,simple,CTM-0387,Mantenimiento de Sistemas de Videoconferencia,1,Mantenimiento De Videoconferencias,Mantenimiento De Videoconferencias,1,412000,Servicios > Plataformas de Comunicación,"servicio,clientum"
,simple,CTM-0388,Optimización de redes corporativas,1,Optimización De Redes,Optimización De Redes,1,225000,Servicios > Plataformas de Comunicación,"servicio,clientum"
,simple,CTM-0389,Hosting Corporativo,1,Hosting Corporativo.,Hosting Corporativo.,1,60000,Servicios > Servicios de Hosting,"servicio,clientum"
,simple,CTM-0390,Soluciones de Hosting Confiables y Seguras,1,Soluciones De Hosting.,Soluciones De Hosting.,1,68000,Servicios > Servicios de Hosting,"servicio,clientum"
,simple,CTM-0391,Servidor Virtual Privado,1,Vps Para Hosting Web.,Vps Para Hosting Web.,1,60000,Servicios > Servicios de Hosting,"servicio,clientum"
,simple,CTM-0392,Alojamiento web,1,Servicios De Hospedaje Y Administración De Infraestructura Web Para Empresas.,Servicios De Hospedaje Y Administración De Infraestructura Web Para Empresas.,1,52000,Servicios > Servicios de Hosting,"servicio,clientum"
,simple,CTM-0393,Hosting VPS Dedicado,1,Hosting VPS Dedicado,Hosting VPS Dedicado,1,45000,Servicios > Servicios de Hosting,"servicio,clientum"
,simple,CTM-0394,Mantenimiento de Hosting Web,1,Mantenimiento de Hosting Web,Mantenimiento de Hosting Web,1,45000,Servicios > Servicios de Hosting,"servicio,clientum"
,simple,CTM-0395,Migración de Hosting,1,Migración De Hosting,Migración De Hosting,1,52000,Servicios > Servicios de Hosting,"servicio,clientum"
,simple,CTM-0396,Gestión De Dominios,1,Hosting Y Dominios Para Empresas.,Hosting Y Dominios Para Empresas.,1,38000,Servicios > Servicios de Hosting,"servicio,clientum"
,simple,CTM-0397,Hosting Web Profesional,1,Alojamiento Web Profesional.,Alojamiento Web Profesional.,1,38000,Servicios > Servicios de Hosting,"servicio,clientum"
,simple,CTM-0398,Hosting Web Inicial,1,Hosting Web Inicial,Hosting Web Inicial,1,30000,Servicios > Servicios de Hosting,"servicio,clientum"
,simple,CTM-0399,Hosting seguro,1,Hosting Web Seguro,Hosting Web Seguro,1,30000,Servicios > Servicios de Hosting,"servicio,clientum"
,simple,CTM-0400,Hosting Básico,1,Hosting Básico Con 10 Gb Y 100 Gb Ancho.,Hosting Básico Con 10 Gb Y 100 Gb Ancho.,1,15000,Servicios > Servicios de Hosting,"servicio,clientum"
,simple,CTM-0401,Registro y pago anual de un dominio .com,1,Registro De Dominio,Registro De Dominio,1,22000,Servicios > Servicios de Hosting,"servicio,clientum"
,simple,CTM-0402,Soluciones Para Servicios,1,"Servicios De Consultoría Y Construcción De Soluciones De Realidad Extendida Para La Visualización 3D De Proyectos, La Colaboración Remota Y La Capacitación De Trabajadores En Entornos De Construcción.","Servicios De Consultoría Y Construcción De Soluciones De Realidad Extendida Para La Visualización 3D De Proyectos, La Colaboración Remota Y La Capacitación De Trabajadores En Entornos De Construcción.",1,4500000,Servicios > Soluciones por Industria,"servicio,clientum"
,simple,CTM-0403,Internet of Things (IoT),1,"Servicios De Creación De Soluciones De Internet Of Things Para Automatización, Monitoreo Y Control.","Servicios De Creación De Soluciones De Internet Of Things Para Automatización, Monitoreo Y Control.",1,4425000,Servicios > Soluciones por Industria,"servicio,clientum"
,simple,CTM-0404,Implementación de soluciones de IoT,1,"Servicios De Consultoría Y Despliegue De Soluciones De Analítica Avanzada De Big Data Para Optimizar La Eficiencia Operacional, La Calidad Y El Mantenimiento Predictivo En Procesos De Manufactura.","Servicios De Consultoría Y Despliegue De Soluciones De Analítica Avanzada De Big Data Para Optimizar La Eficiencia Operacional, La Calidad Y El Mantenimiento Predictivo En Procesos De Manufactura.",1,4275000,Servicios > Soluciones por Industria,"servicio,clientum"
,simple,CTM-0405,Realidad aumentada y virtual,1,Realidad Aumentada Y Virtual,Realidad Aumentada Y Virtual,1,4125000,Servicios > Soluciones por Industria,"servicio,clientum"
,simple,CTM-0406,¡Llévate el mejor sonido a un precio increíble! Parlante Bluetooth por solo $300,1,"¡300 pesos, una inversión que vale la pena!","¡300 pesos, una inversión que vale la pena!",1,4200000,Servicios > Soluciones por Industria,"servicio,clientum"
,simple,CTM-0407,Consultoría en Blockchain,1,"Servicios De Consultoría Y Construcción De Aplicaciones Blockchain Para La Automatización De Procesos, Gestión De Contratos Y Validación De Transacciones En La Cadena De Suministro.","Servicios De Consultoría Y Construcción De Aplicaciones Blockchain Para La Automatización De Procesos, Gestión De Contratos Y Validación De Transacciones En La Cadena De Suministro.",1,3975000,Servicios > Soluciones por Industria,"servicio,clientum"
,simple,CTM-0408,Gestión para Distribuidores y Mayoristas,1,Gestión Logística Y De Stock Para Distribuidores.,Gestión Logística Y De Stock Para Distribuidores.,1,3900000,Servicios > Soluciones por Industria,"servicio,clientum"
,simple,CTM-0409,Control para Agroindustria,1,Control De Costos Para Agroindustria.,Control De Costos Para Agroindustria.,1,3600000,Servicios > Soluciones por Industria,"servicio,clientum"
,simple,CTM-0410,Integración para Minoristas,1,Integración De Ecommerce Para Minoristas.,Integración De Ecommerce Para Minoristas.,1,3675000,Servicios > Soluciones por Industria,"servicio,clientum"
,simple,CTM-0411,Optimización para Manufactura,1,Optimización De Procesos Para Minoristas,Optimización De Procesos Para Minoristas,1,3750000,Servicios > Soluciones por Industria,"servicio,clientum"
,simple,CTM-0412,Desarrollo de soluciones de tecnología financiera (FinTech),1,Soluciones Fintech,Soluciones Fintech,1,3450000,Servicios > Soluciones por Industria,"servicio,clientum"
,simple,CTM-0413,¡Llévate el tuyo por solo $500!,1,"¡500 pesos, una oportunidad única para transformar tu vida!","¡500 pesos, una oportunidad única para transformar tu vida!",1,3375000,Servicios > Soluciones por Industria,"servicio,clientum"
,simple,CTM-0414,Soporte Operativo Anual para Minoristas,1,Soporte Operativo Anual Para Minoristas,Soporte Operativo Anual Para Minoristas,1,3300000,Servicios > Soluciones por Industria,"servicio,clientum"
,simple,CTM-0415,Desarrollo de soluciones de telemedicina,1,Desarrollo De Soluciones De Telemedicina,Desarrollo De Soluciones De Telemedicina,1,3150000,Servicios > Soluciones por Industria,"servicio,clientum"
,simple,CTM-0416,Auditoría de Sistemas para Minoristas,1,Auditoría De Sistemas Para Minoristas,Auditoría De Sistemas Para Minoristas,1,3075000,Servicios > Soluciones por Industria,"servicio,clientum"
,simple,CTM-0417,Evaluación de Estrategias de Mercado para Minoristas,1,Desarrollo De Estrategias De Expansión Para Minoristas,Desarrollo De Estrategias De Expansión Para Minoristas,1,2850000,Servicios > Soluciones por Industria,"servicio,clientum"
,simple,CTM-0418,Consultoría en sostenibilidad y responsabilidad social,1,Consultoría En Sostenibilidad,Consultoría En Sostenibilidad,1,2925000,Servicios > Soluciones por Industria,"servicio,clientum"
,simple,CTM-0419,Capacitación en Gestión para Minoristas,1,Capacitación En Gestión Para Minoristas,Capacitación En Gestión Para Minoristas,1,2775000,Servicios > Soluciones por Industria,"servicio,clientum"
,simple,CTM-0420,Consultoría Inicial para Minoristas,1,Consultoría En Desarrollo De Productos,Consultoría En Desarrollo De Productos,1,2625000,Servicios > Soluciones por Industria,"servicio,clientum"
,simple,CTM-0421,Pintura Interior,1,Servicio De Pintura Profesional Para Renovar Los Ambientes Interiores.,Servicio De Pintura Profesional Para Renovar Los Ambientes Interiores.,1,2325000,Servicios > Soluciones por Industria,"servicio,clientum"
,simple,CTM-0422,Tapizado de Muebles,1,Actualización Del Tapizado Para Renovar La Apariencia De Muebles.,Actualización Del Tapizado Para Renovar La Apariencia De Muebles.,1,2475000,Servicios > Soluciones por Industria,"servicio,clientum"
,simple,CTM-0423,Personalización de Plataforma para Minoristas,1,Personalización de Plataforma para Minoristas,Personalización de Plataforma para Minoristas,1,2550000,Servicios > Soluciones por Industria,"servicio,clientum"
,simple,CTM-0424,Mudanza Local,1,Mudanza Local Eficiente Y Confiable Para El Hogar.,Mudanza Local Eficiente Y Confiable Para El Hogar.,1,2025000,Servicios > Soluciones por Industria,"servicio,clientum"
,simple,CTM-0425,Poda de Arboles,1,Servicio Profesional De Poda Y Recorte De Árboles Del Jardín.,Servicio Profesional De Poda Y Recorte De Árboles Del Jardín.,1,2175000,Servicios > Soluciones por Industria,"servicio,clientum"
,simple,CTM-0426,Servicio de Jardinería Integral,1,Servicio Integral Para El Cuidado Y Embellecimiento Del Jardín.,Servicio Integral Para El Cuidado Y Embellecimiento Del Jardín.,1,2250000,Servicios > Soluciones por Industria,"servicio,clientum"
,simple,CTM-0427,Soluciones por Industria,1,Soluciones De Ia Para El Sector Retail,Soluciones De Ia Para El Sector Retail,1,1350000,Servicios > Soluciones por Industria,"servicio,clientum"
,simple,CTM-0428,Limpieza de Ventanas,1,Servicio De Limpieza Avanzada Para Recuperar El Aspecto De Las Alfombras.,Servicio De Limpieza Avanzada Para Recuperar El Aspecto De Las Alfombras.,1,1425000,Servicios > Soluciones por Industria,"servicio,clientum"
,simple,CTM-0429,Instalación de Aire Acondicionado,1,Mantenimiento Preventivo Para Un Aire Acondicionado Eficiente.,Mantenimiento Preventivo Para Un Aire Acondicionado Eficiente.,1,1500000,Servicios > Soluciones por Industria,"servicio,clientum"
,simple,CTM-0430,Servicio de Plomería,1,Solución Profesional A Problemas De Plomería En El Hogar.,Solución Profesional A Problemas De Plomería En El Hogar.,1,1650000,Servicios > Soluciones por Industria,"servicio,clientum"
,simple,CTM-0431,Reparación de Electrodomésticos,1,Instalación Profesional De Electrodomésticos En El Hogar.,Instalación Profesional De Electrodomésticos En El Hogar.,1,1725000,Servicios > Soluciones por Industria,"servicio,clientum"
,simple,CTM-0432,Asesoría de Diseño de Interiores,1,Orientación Experta Para Mejorar El Diseño Y Estética Del Hogar.,Orientación Experta Para Mejorar El Diseño Y Estética Del Hogar.,1,1800000,Servicios > Soluciones por Industria,"servicio,clientum"
,simple,CTM-0433,Instalación de Cortinas,1,Instalación Profesional De Cortinas O Persianas En El Hogar.,Instalación Profesional De Cortinas O Persianas En El Hogar.,1,1950000,Servicios > Soluciones por Industria,"servicio,clientum"
,simple,CTM-0434,Corte de Césped Estándar,1,Corte Básico De Césped Para Mantener El Jardín Cuidado.,Corte Básico De Césped Para Mantener El Jardín Cuidado.,1,600000,Servicios > Soluciones por Industria,"servicio,clientum"
,simple,CTM-0435,Mantenimiento de Piscina,1,Servicio Completo Para Mantener La Piscina En Óptimas Condiciones.,Servicio Completo Para Mantener La Piscina En Óptimas Condiciones.,1,712000,Servicios > Soluciones por Industria,"servicio,clientum"
,simple,CTM-0436,Reparación de Cerraduras,1,Solución A Problemas Con Cerraduras Del Hogar.,Solución A Problemas Con Cerraduras Del Hogar.,1,825000,Servicios > Soluciones por Industria,"servicio,clientum"
,simple,CTM-0437,$80,1,$80,$80,1,900000,Servicios > Soluciones por Industria,"servicio,clientum"
,simple,CTM-0438,Gestión de Cultivos,1,Gestión de Cultivos,Gestión de Cultivos,1,975000,Servicios > Soluciones por Industria,"servicio,clientum"
,simple,CTM-0439,Básica: La solución integral para tus necesidades de belleza,1,"Básica: la prenda esencial para tu armario. Su diseño minimalista y versátil te permite crear infinitos looks, desde los más casuales hasta los más elegantes.","Básica: la prenda esencial para tu armario. Su diseño minimalista y versátil te permite crear infinitos looks, desde los más casuales hasta los más elegantes.",1,1125000,Servicios > Soluciones por Industria,"servicio,clientum"
,simple,CTM-0440,"Soluciones de IA para la Salud: Diagnóstico Preciso, Tratamiento Personalizado y Atención Mejorada",1,"Soluciones de IA para la industria de la salud: Diagnóstico mejorado, tratamiento personalizado, monitoreo remoto y automatización de tareas para una mejor atención al paciente, reducción de costos y acceso mejorado.","Soluciones de IA para la industria de la salud: Diagnóstico mejorado, tratamiento personalizado, monitoreo remoto y automatización de tareas para una mejor atención al paciente, reducción de costos y acceso mejorado.",1,1200000,Servicios > Soluciones por Industria,"servicio,clientum"
,simple,CTM-0441,Chatbot WhatsApp,1,"Tu negocio atiende solo, las 24 horas, con IA en castellano.","Tu negocio atiende solo, las 24 horas, con IA en castellano.",1,600000,Soluciones > Plataforma,"servicio,clientum"
,simple,CTM-0442,CRM Inteligente,1,"Pipeline drag & drop, facturación AFIP y seguimiento automático.","Pipeline drag & drop, facturación AFIP y seguimiento automático.",1,900000,Soluciones > Plataforma,"servicio,clientum"
,simple,CTM-0443,Asistente IA,1,Tu analista de negocio disponible en todo momento.,Tu analista de negocio disponible en todo momento.,1,1275000,Soluciones > Plataforma,"servicio,clientum"
,simple,CTM-0444,Reportes Automáticos,1,Dashboards en tiempo real para decisiones basadas en datos.,Dashboards en tiempo real para decisiones basadas en datos.,1,1575000,Soluciones > Plataforma,"servicio,clientum"
,simple,CTM-0445,Automatización,1,"Flujos que procesan pedidos, cobros y envíos sin intervención.","Flujos que procesan pedidos, cobros y envíos sin intervención.",1,1875000,Soluciones > Plataforma,"servicio,clientum"
,simple,CTM-0446,Portal del Cliente,1,"Tus clientes consultan stock, facturas y pedidos solos.","Tus clientes consultan stock, facturas y pedidos solos.",1,2250000,Soluciones > Plataforma,"servicio,clientum"
,simple,CTM-0447,Desarrollo Web,1,Sitios y e-commerce conectados directamente al CRM.,Sitios y e-commerce conectados directamente al CRM.,1,2550000,Soluciones > Plataforma,"servicio,clientum"
,simple,CTM-0448,Integraciones,1,"WhatsApp, AFIP, MercadoPago, Gmail y más de 50 servicios.","WhatsApp, AFIP, MercadoPago, Gmail y más de 50 servicios.",1,2925000,Soluciones > Plataforma,"servicio,clientum"
,simple,CTM-0449,Catálogo Completo,1,Más de 2.231 servicios en 14 categorías con precios.,Más de 2.231 servicios en 14 categorías con precios.,1,3225000,Soluciones > Plataforma,"servicio,clientum"
,simple,CTM-0450,Consultoría & ERP,1,"Auditoría de procesos, ERP personalizado y hoja de ruta.","Auditoría de procesos, ERP personalizado y hoja de ruta.",1,3525000,Soluciones > Plataforma,"servicio,clientum"
,simple,CTM-0451,Planes y Precios,1,Desde $49 USD/mes. Implementación en 5 días hábiles.,Desde $49 USD/mes. Implementación en 5 días hábiles.,1,3900000,Soluciones > Plataforma,"servicio,clientum"
,simple,CTM-0452,Casos de Éxito,1,Historias reales de PyMEs que multiplicaron sus ventas.,Historias reales de PyMEs que multiplicaron sus ventas.,1,4200000,Soluciones > Plataforma,"servicio,clientum"
,simple,CTM-0458,Crea tu Tienda Online con WooCommerce,1,Crea tu Tienda Online con WooCommerce,Crea tu Tienda Online con WooCommerce,1,60000,Cursos > Campus Virtual,"servicio,clientum"
,simple,CTM-0459,Gestión del Tiempo y Productividad,1,Gestión del Tiempo y Productividad,Gestión del Tiempo y Productividad,1,60000,Cursos > Campus Virtual,"servicio,clientum"
,simple,CTM-0460,Dolibarr ERP/CRM,1,Dolibarr ERP/CRM,Dolibarr ERP/CRM,1,68000,Cursos > Campus Virtual,"servicio,clientum"
,simple,CTM-0461,Automatización de Procesos con Zapier/Make,1,Automatización de Procesos con Zapier/Make,Automatización de Procesos con Zapier/Make,1,75000,Cursos > Campus Virtual,"servicio,clientum"
,simple,CTM-0462,SEO Avanzado y Marketing Orgánico,1,SEO Avanzado y Marketing Orgánico,SEO Avanzado y Marketing Orgánico,1,82000,Cursos > Campus Virtual,"servicio,clientum"
,simple,CTM-0464,Finanzas Empresariales para PyMEs,1,Finanzas Empresariales para PyMEs,Finanzas Empresariales para PyMEs,1,90000,Cursos > Campus Virtual,"servicio,clientum"
,simple,CTM-0465,Ventas: Técnicas y Habilidades,1,Ventas: Técnicas y Habilidades,Ventas: Técnicas y Habilidades,1,98000,Cursos > Campus Virtual,"servicio,clientum"
,simple,CTM-0466,Inteligencia Emocional para el Éxito,1,Inteligencia Emocional para el Éxito,Inteligencia Emocional para el Éxito,1,105000,Cursos > Campus Virtual,"servicio,clientum"
,simple,CTM-0467,Liderazgo Inspirador,1,Liderazgo Inspirador,Liderazgo Inspirador,1,105000,Cursos > Campus Virtual,"servicio,clientum"
,simple,CTM-0468,Negociación Ganadora,1,Negociación Ganadora,Negociación Ganadora,1,112000,Cursos > Campus Virtual,"servicio,clientum"
,simple,CTM-0469,Desarrollo de Apps Móviles Rentables,1,Desarrollo de Apps Móviles Rentables,Desarrollo de Apps Móviles Rentables,1,120000,Cursos > Campus Virtual,"servicio,clientum"
,simple,CTM-0470,Programación Web con Python,1,Programación Web con Python,Programación Web con Python,1,128000,Cursos > Campus Virtual,"servicio,clientum"
,simple,CTM-0471,Automatización de E-commerce,1,Automatización de E-commerce,Automatización de E-commerce,1,128000,Cursos > Campus Virtual,"servicio,clientum"
,simple,CTM-0472,Comunicación Empresarial Efectiva,1,Comunicación Empresarial Efectiva,Comunicación Empresarial Efectiva,1,135000,Cursos > Campus Virtual,"servicio,clientum"
,simple,CTM-0473,Gestión de Proyectos para PyMEs,1,Gestión de Proyectos para PyMEs,Gestión de Proyectos para PyMEs,1,142000,Cursos > Campus Virtual,"servicio,clientum"
,simple,CTM-0474,Gestión de Talento Humano para PyMEs,1,Gestión de Talento Humano para PyMEs,Gestión de Talento Humano para PyMEs,1,150000,Cursos > Campus Virtual,"servicio,clientum"
,simple,CTM-0475,Estrategias de Negocios e Innovación,1,Estrategias de Negocios e Innovación,Estrategias de Negocios e Innovación,1,150000,Cursos > Campus Virtual,"servicio,clientum"
,simple,CTM-0476,Gestión de Calidad,1,Gestión de Calidad,Gestión de Calidad,1,150000,Cursos > Campus Virtual,"servicio,clientum"
,simple,CTM-0477,Marketing Digital para Principiantes,1,Marketing Digital para Principiantes,Marketing Digital para Principiantes,1,150000,Cursos > Campus Virtual,"servicio,clientum"
,simple,CTM-0479,Marketing por Correo Electrónico,1,Marketing por Correo Electrónico,Marketing por Correo Electrónico,1,188000,Cursos > Campus Virtual,"servicio,clientum"
,simple,CTM-0485,WordPress: Gestión de Sitios Web,1,WordPress: Gestión de Sitios Web,WordPress: Gestión de Sitios Web,1,225000,Cursos > Campus Virtual,"servicio,clientum"
,simple,CTM-0487,Publicidad Online,1,Publicidad Online,Publicidad Online,1,225000,Cursos > Campus Virtual,"servicio,clientum"
,simple,CTM-P001,Plan Inicial,1,Para emprendedores e iniciativas pequeñas.,Para emprendedores e iniciativas pequeñas. Web: Landing page responsiva | CRM/ERP: Embudo básico (200 contactos) | Seguridad: Respaldos mensuales | IA & BI: Bot de bienvenida fijo,1,30000,Planes > Suscripción mensual,"plan,clientum,suscripcion"
,simple,CTM-P002,Plan PyME,1,Para comercios con ventas activas.,Para comercios con ventas activas. Web: Tienda online estándar | CRM/ERP: Stock + AFIP (1.000 contactos) | Seguridad: Cifrado de base de datos | IA & BI: Bot WhatsApp con FAQs,1,67500,Planes > Suscripción mensual,"plan,clientum,suscripcion"
,simple,CTM-P003,Plan Pro,1,"Para automatizar con IA, bots y facturación.","Para automatizar con IA, bots y facturación. Web: E-Commerce premium total | CRM/ERP: Multi-embudo ilimitado | Seguridad: Auditorías de software | IA & BI: Agente IA & BI avanzado",1,120000,Planes > Suscripción mensual,"plan,clientum,suscripcion"
,simple,CTM-P004,Plan Corporativo,1,Para empresas con múltiples canales activos.,Para empresas con múltiples canales activos. Web: Portal B2B + Web integral | CRM/ERP: Pipeline multi-sucursal | Seguridad: Hardening y firewall | IA & BI: Analítica predictiva & bots,1,225000,Planes > Suscripción mensual,"plan,clientum,suscripcion"
,simple,CTM-P005,Plan Especializado,1,Infraestructura y desarrollos a medida.,Infraestructura y desarrollos a medida. Web: Apps web & mobile infinitas | CRM/ERP: Integraciones ERP legacy | Seguridad: SOC activo 24/7 dedicado | IA & BI: Modelos LLM corporativos,1,375000,Planes > Suscripción mensual,"plan,clientum,suscripcion"
