ID,Type,SKU,Name,Published,Short description,Description,In stock?,Regular price,Sale price,Categories,Tags
,simple,CTM-0001,Gestión de la Experiencia del Cliente (CX),1,Servicios de gestión de la experiencia del cliente,Servicios de gestión de la experiencia del cliente,1,2100000,,Servicios > Atención al Cliente,"clientum,servicio"
,simple,CTM-0002,Mantenimiento de Sistemas IT,1,Systems Maintenance,Systems Maintenance,1,2025000,,Servicios > Atención al Cliente,"clientum,servicio"
,simple,CTM-0003,Servicios de monitoreo y gestión de infraestructura IT,1,Monitoreo IT; Monitoreo de infraestructura; Servicios de monitoreo y gestión de infraestructura IT,Monitoreo IT; Monitoreo de infraestructura; Servicios de monitoreo y gestión de infraestructura IT,1,2025000,,Servicios > Atención al Cliente,"clientum,servicio"
,simple,CTM-0004,Servicios de auditoría y cumplimiento normativo,1,Servicios de auditoría y aseguramiento de calidad de software; Servicios de auditoría y cumplimiento normativo,Servicios de auditoría y aseguramiento de calidad de software; Servicios de auditoría y cumplimiento normativo,1,1950000,,Servicios > Atención al Cliente,"clientum,servicio"
,simple,CTM-0005,Paquete de Soporte IT,1,IT Support Package,IT Support Package,1,1950000,,Servicios > Atención al Cliente,"clientum,servicio"
,simple,CTM-0006,Desarrollo de chatbots,1,Desarrollo de chatbots; Desarrollo de chatbots y asistentes virtuales; Diseño y desarrollo de chatbots; Servicio de Desarrollo de Chatbot para Atención al Clien,"Desarrollo de chatbots; Desarrollo de chatbots y asistentes virtuales; Diseño y desarrollo de chatbots; Servicio de Desarrollo de Chatbot para Atención al Cliente: Mejora la Experiencia, Reduce Tiempos de Respuesta; Servicio de Desarrollo de Chatbot para Soporte al Cliente: Mejora la Atención, Reduce Tiempos de Respuesta; Servicios de Desarrollo de Chatbots Ecommerce",1,1875000,,Servicios > Atención al Cliente,"clientum,servicio"
,simple,CTM-0007,Automatización de Servicio al Cliente,1,Automatización de Encuestas y Retroalimentación del Cliente; Automatización de Servicio al Cliente; Automatización de Servicio al Cliente con IA; Automatización,Automatización de Encuestas y Retroalimentación del Cliente; Automatización de Servicio al Cliente; Automatización de Servicio al Cliente con IA; Automatización de Servicio al Cliente en Plataformas Móviles,1,1875000,,Servicios > Atención al Cliente,"clientum,servicio"
,simple,CTM-0008,Montaje de eventos,1,Montaje de eventos; Organización de eventos,Montaje de eventos; Organización de eventos,1,1800000,,Servicios > Atención al Cliente,"clientum,servicio"
,simple,CTM-0009,Soporte Técnico Continuo,1,Mantenimiento y Soporte Técnico Continuo; Soporte Post-Implementación: Asistencia Experta para el Éxito Continuo; Soporte Técnico Continuo; Soporte Técnico Cont,Mantenimiento y Soporte Técnico Continuo; Soporte Post-Implementación: Asistencia Experta para el Éxito Continuo; Soporte Técnico Continuo; Soporte Técnico Continuo: Asistencia Experta 24/7 para tu Tranquilidad,1,1725000,,Servicios > Atención al Cliente,"clientum,servicio"
,simple,CTM-0010,Soporte Remoto,1,Soporte Remoto; Soporte al Cliente,Soporte Remoto; Soporte al Cliente,1,1725000,,Servicios > Atención al Cliente,"clientum,servicio"
,simple,CTM-0011,Mantenimiento preventivo,1,Mantenimiento de Hardware; Mantenimiento de Software; Mantenimiento preventivo; Mantenimiento y soporte IT; Servicios de Mantenimiento de Software; Servicios de,Mantenimiento de Hardware; Mantenimiento de Software; Mantenimiento preventivo; Mantenimiento y soporte IT; Servicios de Mantenimiento de Software; Servicios de soporte y mantenimiento de TI,1,1650000,,Servicios > Atención al Cliente,"clientum,servicio"
,simple,CTM-0012,Soporte Técnico 24/7,1,Soporte Técnico 24/7; Soporte Técnico Adicional; Soporte Técnico Avanzado; Soporte Técnico Especializado; Soporte Técnico Mensual; Soporte Técnico Prioritario,Soporte Técnico 24/7; Soporte Técnico Adicional; Soporte Técnico Avanzado; Soporte Técnico Especializado; Soporte Técnico Mensual; Soporte Técnico Prioritario,1,1650000,,Servicios > Atención al Cliente,"clientum,servicio"
,simple,CTM-0013,Asistencia técnica remota,1,Asistencia técnica por incidente a $150; Asistencia técnica remota,Asistencia técnica por incidente a $150; Asistencia técnica remota,1,1425000,,Servicios > Atención al Cliente,"clientum,servicio"
,simple,CTM-0014,Generación de Respuestas con IA,1,Generación de Respuestas con IA; Soporte al Cliente con Respuestas Rápidas y Precisas,Generación de Respuestas con IA; Soporte al Cliente con Respuestas Rápidas y Precisas,1,1500000,,Servicios > Atención al Cliente,"clientum,servicio"
,simple,CTM-0015,Diseño de interiores,1,Diseño de chatbots; Diseño de interiores,Diseño de chatbots; Diseño de interiores,1,1575000,,Servicios > Atención al Cliente,"clientum,servicio"
,simple,CTM-0016,Servicios de Asistencia Virtual Ecommerce,1,Servicios de Asistencia Virtual Ecommerce,Servicios de Asistencia Virtual Ecommerce,1,1575000,,Servicios > Atención al Cliente,"clientum,servicio"
,simple,CTM-0017,Servicio de Gestión de Reseñas y Opiniones,1,Gestión de Reseñas y Feedback: Construye Confianza y Mejora tu Reputación Online; Gestión de Reseñas y Feedback: Mejora tu Reputación y Confianza en Línea; Serv,Gestión de Reseñas y Feedback: Construye Confianza y Mejora tu Reputación Online; Gestión de Reseñas y Feedback: Mejora tu Reputación y Confianza en Línea; Servicio de Gestión de Reseñas y Opiniones; Servicio de Gestión de Reseñas y Opiniones: Mejora la Confianza y Optimiza tu E-commerce,1,1425000,,Servicios > Atención al Cliente,"clientum,servicio"
,simple,CTM-0018,Instalación de Software,1,Instalación de Software,Instalación de Software,1,1350000,,Servicios > Atención al Cliente,"clientum,servicio"
,simple,CTM-0019,Consultoría legal,1,Consultoría especializada; Consultoría legal,Consultoría especializada; Consultoría legal,1,1350000,,Servicios > Atención al Cliente,"clientum,servicio"
,simple,CTM-0020,Chatbot de Atención al Cliente para Ecommerce,1,Atención Al Cliente; Chatbot de Atención al Cliente: Automatiza tus consultas y mejora la experiencia de tus clientes; Implementación de Chatbot para E-commerce,Atención Al Cliente; Chatbot de Atención al Cliente: Automatiza tus consultas y mejora la experiencia de tus clientes; Implementación de Chatbot para E-commerce: Mejora la Experiencia del Usuario y Dispara las Conversiones; Implementación de Chatbot para Ecommerce: Mejora la Experiencia del Usuario y Aumenta las Conversiones; Implementación de Chatbots para E-commerce: Automatizá tu Atención al Cliente y Vendé Más; Integración de Chatbots para Ecommerce: Mejora la Experiencia del Cliente,1,1200000,,Servicios > Atención al Cliente,"clientum,servicio"
,simple,CTM-0021,$200 por incidente: Protección integral para tu tranquilidad,1,$200 por incidente: Protección integral para tu tranquilidad; Soporte Técnico Extendido: ¡Protección y tranquilidad para tus dispositivos!,$200 por incidente: Protección integral para tu tranquilidad; Soporte Técnico Extendido: ¡Protección y tranquilidad para tus dispositivos!,1,1275000,,Servicios > Atención al Cliente,"clientum,servicio"
,simple,CTM-0022,Chatbot de Ventas (WhatsApp/Web),1,Chatbots para Ecommerce: Atención al cliente mejorada y ventas aumentadas; Chatbots para Ecommerce: Mejora la atención al cliente y aumenta tus ventas; Chatbots,Chatbots para Ecommerce: Atención al cliente mejorada y ventas aumentadas; Chatbots para Ecommerce: Mejora la atención al cliente y aumenta tus ventas; Chatbots para Ventas; Implementación de Chatbots para Ecommerce: Automatiza tu Atención al Cliente y Aumenta tus Ventas,1,1200000,,Servicios > Atención al Cliente,"clientum,servicio"
,simple,CTM-0023,Traducción de Documentos,1,Translation of Documents,Translation of Documents,1,1125000,,Servicios > Atención al Cliente,"clientum,servicio"
,simple,CTM-0024,Servicio de traducción,1,Servicio de Traducción Técnica; Servicio de Traducción de Documentos; Servicio de traducción; Servicios de traducción; Traducción de Contenido; Traducción de Co,Servicio de Traducción Técnica; Servicio de Traducción de Documentos; Servicio de traducción; Servicios de traducción; Traducción de Contenido; Traducción de Contenido Multilingüe,1,1125000,,Servicios > Atención al Cliente,"clientum,servicio"
,simple,CTM-0025,Actualización de software,1,Actualización de Sistemas Operativos; Actualización de software,Actualización de Sistemas Operativos; Actualización de software,1,1050000,,Servicios > Atención al Cliente,"clientum,servicio"
,simple,CTM-0026,Alquiler de equipo audiovisual,1,Alquiler de equipo audiovisual,Alquiler de equipo audiovisual,1,1050000,,Servicios > Atención al Cliente,"clientum,servicio"
,simple,CTM-0027,Enrutamiento Inteligente de Tickets,1,Enrutamiento Inteligente de Tickets; Implementación de chatbots inteligentes,Enrutamiento Inteligente de Tickets; Implementación de chatbots inteligentes,1,900000,,Servicios > Atención al Cliente,"clientum,servicio"
,simple,CTM-0028,Traducción e interpretación,1,Servicios de interpretación; Traducción e interpretación,Servicios de interpretación; Traducción e interpretación,1,975000,,Servicios > Atención al Cliente,"clientum,servicio"
,simple,CTM-0029,Personalización,1,Asesoría de imagen personal; Chatbots Avanzados para Experiencias Personalizadas; Personalización,Asesoría de imagen personal; Chatbots Avanzados para Experiencias Personalizadas; Personalización,1,750000,,Servicios > Atención al Cliente,"clientum,servicio"
,simple,CTM-0030,Plataforma de Chatbots y Asistentes Virtuales,1,Plataforma de Chatbots y Asistentes Virtuales; Plataforma de Gestión de Reclamos y Servicio al Cliente,Plataforma de Chatbots y Asistentes Virtuales; Plataforma de Gestión de Reclamos y Servicio al Cliente,1,825000,,Servicios > Atención al Cliente,"clientum,servicio"
,simple,CTM-0031,Optimización de Estrategias de Servicio al Cliente,1,Optimización de Estrategias de Servicio al Cliente,Optimización de Estrategias de Servicio al Cliente,1,825000,,Servicios > Atención al Cliente,"clientum,servicio"
,simple,CTM-0032,Transcripción de audio,1,Servicio de Transcripción de Audio; Soporte para Transcripción de Audio; Transcripción de audio,Servicio de Transcripción de Audio; Soporte para Transcripción de Audio; Transcripción de audio,1,900000,,Servicios > Atención al Cliente,"clientum,servicio"
,simple,CTM-0033,Soporte a Usuarios Finales,1,Soporte a Usuarios Finales,Soporte a Usuarios Finales,1,562500,,Servicios > Atención al Cliente,"clientum,servicio"
,simple,CTM-0034,Respaldo y recuperación,1,Respaldo y recuperación,Respaldo y recuperación,1,600000,,Servicios > Atención al Cliente,"clientum,servicio"
,simple,CTM-0035,Gestión de redes,1,Gestión de redes,Gestión de redes,1,637500,,Servicios > Atención al Cliente,"clientum,servicio"
,simple,CTM-0036,Soporte básico anual,1,Soporte Técnico Básico; Soporte Técnico Básico (Horario Laboral); Soporte Técnico Básico (Horario Laboral): Asistencia Experta para tus Dispositivos; Soporte Té,Soporte Técnico Básico; Soporte Técnico Básico (Horario Laboral); Soporte Técnico Básico (Horario Laboral): Asistencia Experta para tus Dispositivos; Soporte Técnico Básico: Asistencia rápida y confiable para tus dispositivos; Soporte Técnico Inicial: Asistencia rápida y confiable para tus dispositivos; Soporte básico (horario laboral): asistencia técnica rápida y confiable,1,675000,,Servicios > Atención al Cliente,"clientum,servicio"
,simple,CTM-0037,Valor Hora - Cliente D,1,Valor Hora - Cliente A; Valor Hora - Cliente B; Valor Hora - Cliente C; Valor Hora - Cliente D; Valor Hora - Cliente E; Valor Hora - Cliente F,Valor Hora - Cliente A; Valor Hora - Cliente B; Valor Hora - Cliente C; Valor Hora - Cliente D; Valor Hora - Cliente E; Valor Hora - Cliente F,1,712500,,Servicios > Atención al Cliente,"clientum,servicio"
,simple,CTM-0038,**Soporte Técnico**,1,**Soporte Técnico**,**Soporte Técnico**,1,375000,,Servicios > Atención al Cliente,"clientum,servicio"
,simple,CTM-0039,Servicio de catering,1,Servicio de catering,Servicio de catering,1,412500,,Servicios > Atención al Cliente,"clientum,servicio"
,simple,CTM-0040,Soporte Integral: Tu solución completa para todas tus necesidades,1,Soporte Integral: Tu solución completa para todas tus necesidades,Soporte Integral: Tu solución completa para todas tus necesidades,1,450000,,Servicios > Atención al Cliente,"clientum,servicio"
,simple,CTM-0041,"Chatbots para E-commerce: Asistencia 24/7, Respuestas Automáticas y Procesamiento de Pedidos",1,"Chatbots para E-commerce: Asistencia 24/7, Respuestas Automáticas y Procesamiento de Pedidos","Chatbots para E-commerce: Asistencia 24/7, Respuestas Automáticas y Procesamiento de Pedidos",1,487500,,Servicios > Atención al Cliente,"clientum,servicio"
,simple,CTM-0042,"Desarrollo de Apps Móviles para Ecommerce: Diseño, Implementación y Publicación",1,"Desarrollo de Apps Móviles para E-commerce: Diseño, Integración y Publicación para Impulsar tu Negocio; Desarrollo de Apps Móviles para Ecommerce: Diseño, Imple","Desarrollo de Apps Móviles para E-commerce: Diseño, Integración y Publicación para Impulsar tu Negocio; Desarrollo de Apps Móviles para Ecommerce: Diseño, Implementación y Publicación",1,8550000,,Servicios > Aplicaciones Móviles,"clientum,servicio"
,simple,CTM-0043,Desarrollo de Aplicaciones Móviles Nativas para Ecommerce: Mejora la Experiencia de Compra y Fideliza Clientes,1,Desarrollo de Aplicaciones Móviles Nativas para Ecommerce: Mejora la Experiencia de Compra y Fideliza Clientes; Desarrollo de Apps Móviles Nativas para E-commer,Desarrollo de Aplicaciones Móviles Nativas para Ecommerce: Mejora la Experiencia de Compra y Fideliza Clientes; Desarrollo de Apps Móviles Nativas para E-commerce: Mejora la Experiencia de Compra y Fideliza Clientes; Desarrollo de Apps Móviles para E-commerce: Experiencia de Compra Optimizada y Funcionalidades Avanzadas,1,9750000,,Servicios > Aplicaciones Móviles,"clientum,servicio"
,simple,CTM-0044,Desarrollo de app móvil,1,Aplicaciones Móviles; Desarrollo a medida de aplicaciones móviles; Desarrollo de Aplicaciones Móviles Intuitivas; Desarrollo de Aplicaciones Móviles Nativas y M,Aplicaciones Móviles; Desarrollo a medida de aplicaciones móviles; Desarrollo de Aplicaciones Móviles Intuitivas; Desarrollo de Aplicaciones Móviles Nativas y Multiplataforma; Desarrollo de Apps Móviles; Desarrollo de aplicaciones móviles,1,7350000,,Servicios > Aplicaciones Móviles,"clientum,servicio"
,simple,CTM-0045,Soluciones Personalizadas para Apps,1,Soluciones Personalizadas para Apps; Soluciones Personalizadas para Diferentes Plataformas; Soluciones Personalizadas para Móviles; Soluciones Personalizadas pa,Soluciones Personalizadas para Apps; Soluciones Personalizadas para Diferentes Plataformas; Soluciones Personalizadas para Móviles; Soluciones Personalizadas para Plataformas Móviles,1,6150000,,Servicios > Aplicaciones Móviles,"clientum,servicio"
,simple,CTM-0046,Creación de apps móviles,1,Creación de apps móviles,Creación de apps móviles,1,4950000,,Servicios > Aplicaciones Móviles,"clientum,servicio"
,simple,CTM-0047,Aplicaciones Móviles para Ecommerce: Crea tu Tienda Online en tu Bolsillo,1,Aplicaciones Móviles para Ecommerce: Crea tu Tienda Online en tu Bolsillo; Aplicaciones móviles para e-commerce: Crea tu tienda online en tu bolsillo; Desarroll,Aplicaciones Móviles para Ecommerce: Crea tu Tienda Online en tu Bolsillo; Aplicaciones móviles para e-commerce: Crea tu tienda online en tu bolsillo; Desarrollo de Aplicaciones Móviles para Ecommerce: Optimiza tu Tienda Virtual para Dispositivos Móviles; Desarrollo de Apps Móviles para Ecommerce: Optimiza la Experiencia de Compra en Dispositivos Móviles; Diseño y Desarrollo de Apps Móviles para Ecommerce: Optimiza tu Tienda Online; Diseño y Desarrollo de Apps Móviles para Ecommerce: Optimizá tu,1,3750000,,Servicios > Aplicaciones Móviles,"clientum,servicio"
,simple,CTM-0048,Diseño avanzado de aplicación móvil,1,Diseño avanzado de aplicación móvil,Diseño avanzado de aplicación móvil,1,1350000,,Servicios > Aplicaciones Móviles,"clientum,servicio"
,simple,CTM-0049,Desarrollo de Apps Móviles con Realidad Aumentada y Virtual: ¡Experiencias Inmersivas en tus Manos!,1,Desarrollo de Apps Móviles con Realidad Aumentada y Virtual: ¡Experiencias Inmersivas en tus Manos!,Desarrollo de Apps Móviles con Realidad Aumentada y Virtual: ¡Experiencias Inmersivas en tus Manos!,1,2550000,,Servicios > Aplicaciones Móviles,"clientum,servicio"
,simple,CTM-0050,Outsourcing de procesos de negocio,1,Outsourcing de procesos de negocio,Outsourcing de procesos de negocio,1,3300000,,Servicios > Automatización de Procesos,"clientum,servicio"
,simple,CTM-0051,Implementación de soluciones de inteligencia artificial (IA) y aprendizaje automático (ML) para automatización de procesos,1,Implementación de soluciones de inteligencia artificial (IA) y aprendizaje automático (ML) para automatización de procesos,Implementación de soluciones de inteligencia artificial (IA) y aprendizaje automático (ML) para automatización de procesos,1,3150000,,Servicios > Automatización de Procesos,"clientum,servicio"
,simple,CTM-0052,Automatización de Procesos de Negocio (BPA),1,Automatización De Procesos; Automatización de Procesos de Negocio (BPA); Automatización de TI; Implementación de Soluciones BPM; Implementación de soluciones de,Automatización De Procesos; Automatización de Procesos de Negocio (BPA); Automatización de TI; Implementación de Soluciones BPM; Implementación de soluciones de automatización de procesos; Implementación de soluciones de automatización de procesos de negocio (BPA),1,3000000,,Servicios > Automatización de Procesos,"clientum,servicio"
,simple,CTM-0053,Implementación de RPA (Automatización Robótica de Procesos),1,Automatización RPA; Automatización de procesos robóticos (RPA); Implementación de RPA; Implementación de Soluciones de Automatización de Procesos Robóticos; Imp,Automatización RPA; Automatización de procesos robóticos (RPA); Implementación de RPA; Implementación de Soluciones de Automatización de Procesos Robóticos; Implementación de Soluciones de Automatización de Procesos Robóticos (RPA); Implementación de soluciones de automatización de procesos robóticos (RPA) avanzada con capacidades cognitivas,1,2850000,,Servicios > Automatización de Procesos,"clientum,servicio"
,simple,CTM-0054,Automatización de Operaciones de TI (AIOps),1,Automatización de operaciones de TI (AIOps); Implementación de AIOps: Automatiza tus operaciones de TI para mayor eficiencia y agilidad; Implementación de Soluc,Automatización de operaciones de TI (AIOps); Implementación de AIOps: Automatiza tus operaciones de TI para mayor eficiencia y agilidad; Implementación de Soluciones de AIOps; Implementación de soluciones de automatización de operaciones de TI (AIOps),1,2700000,,Servicios > Automatización de Procesos,"clientum,servicio"
,simple,CTM-0055,Automatización con Dolibarr,1,Automation with Dolibarr,Automation with Dolibarr,1,2400000,,Servicios > Automatización de Procesos,"clientum,servicio"
,simple,CTM-0056,Automatización Avanzada,1,Automatización Avanzada; RPA avanzada,Automatización Avanzada; RPA avanzada,1,2550000,,Servicios > Automatización de Procesos,"clientum,servicio"
,simple,CTM-0057,Automatización Empresarial,1,Automatización Empresarial; Automatización de Procesos Empresariales; Optimización de Procesos Empresariales; Optimización de procesos industriales,Automatización Empresarial; Automatización de Procesos Empresariales; Optimización de Procesos Empresariales; Optimización de procesos industriales,1,2250000,,Servicios > Automatización de Procesos,"clientum,servicio"
,simple,CTM-0058,Integración de Sistemas,1,Implementación De Sistemas De Automatización; Integración de Sistemas; Integración de Sistemas y Aplicaciones; Migración de Sistemas Legacy; Migración de aplica,Implementación De Sistemas De Automatización; Integración de Sistemas; Integración de Sistemas y Aplicaciones; Migración de Sistemas Legacy; Migración de aplicaciones legacy,1,2100000,,Servicios > Automatización de Procesos,"clientum,servicio"
,simple,CTM-0059,Gestión de Flotas y Rutas,1,Gestión de Flotas y Rutas; Implementación de Herramientas de Automatización; Implementación de Herramientas de Gestión de Flotas,Gestión de Flotas y Rutas; Implementación de Herramientas de Automatización; Implementación de Herramientas de Gestión de Flotas,1,1950000,,Servicios > Automatización de Procesos,"clientum,servicio"
,simple,CTM-0060,Asistencia Virtual para la Gestión de Tareas,1,Asistencia Virtual para la Gestión de Tareas,Asistencia Virtual para la Gestión de Tareas,1,1575000,,Servicios > Automatización de Procesos,"clientum,servicio"
,simple,CTM-0061,Soluciones RPA (Robotic Process Automation),1,Soluciones RPA (Robotic Process Automation); Soluciones de RPA (Robotic Process Automation),Soluciones RPA (Robotic Process Automation); Soluciones de RPA (Robotic Process Automation),1,1725000,,Servicios > Automatización de Procesos,"clientum,servicio"
,simple,CTM-0062,Soporte Automatizado,1,Soporte Automatizado,Soporte Automatizado,1,1875000,,Servicios > Automatización de Procesos,"clientum,servicio"
,simple,CTM-0063,Procesamiento Automatizado de Facturas y Pagos,1,Procesamiento Automatizado de Facturas y Pagos,Procesamiento Automatizado de Facturas y Pagos,1,1425000,,Servicios > Automatización de Procesos,"clientum,servicio"
,simple,CTM-0064,Rediseño De Procesos,1,Análisis y Rediseño de Procesos; Rediseño De Procesos,Análisis y Rediseño de Procesos; Rediseño De Procesos,1,1275000,,Servicios > Automatización de Procesos,"clientum,servicio"
,simple,CTM-0065,Automatización de Procesos Ecommerce: Optimiza y Agiliza tu Negocio Online,1,Automatización de Procesos Ecommerce: Optimiza y Agiliza tu Negocio Online,Automatización de Procesos Ecommerce: Optimiza y Agiliza tu Negocio Online,1,1125000,,Servicios > Automatización de Procesos,"clientum,servicio"
,simple,CTM-0066,Consultoría en digitalización de procesos,1,Consultoría en digitalización de procesos,Consultoría en digitalización de procesos,1,975000,,Servicios > Automatización de Procesos,"clientum,servicio"
,simple,CTM-0067,Automatización de Ventas con IA,1,Automatización de Marketing con IA; Automatización de Ventas con IA,Automatización de Marketing con IA; Automatización de Ventas con IA,1,825000,,Servicios > Automatización de Procesos,"clientum,servicio"
,simple,CTM-0068,Plataformas de Automatización,1,Plataforma para Automatización de Procesos; Plataformas de Automatización; Plataformas para Automatización,Plataforma para Automatización de Procesos; Plataformas de Automatización; Plataformas para Automatización,1,525000,,Servicios > Automatización de Procesos,"clientum,servicio"
,simple,CTM-0069,Optimización de Energía y Recursos,1,Optimización de Energía y Recursos; Optimización de Energía y Sustentabilidad,Optimización de Energía y Recursos; Optimización de Energía y Sustentabilidad,1,675000,,Servicios > Automatización de Procesos,"clientum,servicio"
,simple,CTM-0070,Desarrollo de Soluciones de Inteligencia Artificial y Machine Learning,1,Consultoría en inteligencia artificial; Desarrollo de soluciones de inteligencia artificial; Implementación de soluciones de inteligencia artificial; Inteligenc,Consultoría en inteligencia artificial; Desarrollo de soluciones de inteligencia artificial; Implementación de soluciones de inteligencia artificial; Inteligencia artificial aplicada; Servicios de desarrollo de aplicaciones de inteligencia artificial generativa; Servicios de desarrollo de soluciones de inteligencia artificial y machine learning,1,4725000,,Servicios > Business Intelligence,"clientum,servicio"
,simple,CTM-0071,Desarrollo de Soluciones de BI para KPIs,1,Desarrollo de Soluciones de BI para KPIs; Servicios de desarrollo de aplicaciones de análisis de datos de redes sociales; Servicios de desarrollo de aplicacione,Desarrollo de Soluciones de BI para KPIs; Servicios de desarrollo de aplicaciones de análisis de datos de redes sociales; Servicios de desarrollo de aplicaciones de análisis de datos geoespaciales; Servicios de desarrollo de aplicaciones de análisis predictivo y ciencia de datos,1,4800000,,Servicios > Business Intelligence,"clientum,servicio"
,simple,CTM-0072,Servicios de gestión de proyectos,1,Reportes de Proyectos; Servicios de gestión de proyectos; Servicios de gestión de proyectos de TI; Servicios de gestión de proyectos y transformación ágil,Reportes de Proyectos; Servicios de gestión de proyectos; Servicios de gestión de proyectos de TI; Servicios de gestión de proyectos y transformación ágil,1,4650000,,Servicios > Business Intelligence,"clientum,servicio"
,simple,CTM-0073,Implementación de soluciones de big data,1,Implementación Completa de BI; Implementación de Business Intelligence: Optimiza tus decisiones con datos; Implementación de Soluciones de BI: Optimiza la Toma ,Implementación Completa de BI; Implementación de Business Intelligence: Optimiza tus decisiones con datos; Implementación de Soluciones de BI: Optimiza la Toma de Decisiones con Datos; Implementación de soluciones de big data; Servicios de implementación de soluciones de analítica de experiencia de usuario; Servicios de implementación de soluciones de gestión de datos y analítica empresarial,1,4575000,,Servicios > Business Intelligence,"clientum,servicio"
,simple,CTM-0074,IA y Aprendizaje Automático,1,Consultoría en Inteligencia Artificial y Aprendizaje Automático; Desarrollo de soluciones de aprendizaje automático (machine learning); IA y Aprendizaje Automát,Consultoría en Inteligencia Artificial y Aprendizaje Automático; Desarrollo de soluciones de aprendizaje automático (machine learning); IA y Aprendizaje Automático; Implementación de soluciones de análisis predictivo y aprendizaje automático para anticipar tendencias y oportunidades; Inteligencia artificial y aprendizaje automático; Servicios de implementación de soluciones de inteligencia artificial y aprendizaje automático,1,4500000,,Servicios > Business Intelligence,"clientum,servicio"
,simple,CTM-0075,Consultoría empresarial,1,Consultoría empresarial; Consultoría en estrategia y arquitectura empresarial; Estrategia empresarial; Estrategia y Arquitectura Empresarial; Servicios de consu,Consultoría empresarial; Consultoría en estrategia y arquitectura empresarial; Estrategia empresarial; Estrategia y Arquitectura Empresarial; Servicios de consultoria en arquitectura empresarial,1,4425000,,Servicios > Business Intelligence,"clientum,servicio"
,simple,CTM-0076,Gestión de la innovación,1,Consultoría en Gestión de la Innovación y Desarrollo de Nuevos Productos/Servicios; Consultoría en gestión de la innovación; Consultoría en innovación; Consulto,Consultoría en Gestión de la Innovación y Desarrollo de Nuevos Productos/Servicios; Consultoría en gestión de la innovación; Consultoría en innovación; Consultoría en innovación y desarrollo de nuevos modelos de negocio digitales; Gestión de la innovación; Innovación y Nuevos Modelos de Negocio,1,4350000,,Servicios > Business Intelligence,"clientum,servicio"
,simple,CTM-0077,Análisis de datos en tiempo real,1,Análisis de datos en tiempo real; Implementación de Soluciones de Análisis de Datos en Tiempo Real; Implementación de análisis de datos en tiempo real; Implemen,Análisis de datos en tiempo real; Implementación de Soluciones de Análisis de Datos en Tiempo Real; Implementación de análisis de datos en tiempo real; Implementación de soluciones de análisis de datos en tiempo real y monitoreo de indicadores clave de desempeño (KPIs),1,4275000,,Servicios > Business Intelligence,"clientum,servicio"
,simple,CTM-0078,Gobierno de Datos y Gestión,1,Consultoría en Gobernanza de Datos y Gestión del Ciclo de Vida de la Información; Consultoría en Gobierno de Datos y Gestión de Información; Consultoría en Gobi,Consultoría en Gobernanza de Datos y Gestión del Ciclo de Vida de la Información; Consultoría en Gobierno de Datos y Gestión de Información; Consultoría en Gobierno de Datos y Gestión de la Información; Consultoría en Gobierno de Datos y Gestión del Ciclo de Vida de la Información; Consultoría en Gobierno de Datos y Gestión del Ciclo de Vida de la Información: Optimiza tus datos para el éxito; Consultoría en gobernanza de datos y gestión del ciclo de vida de la información a nivel empresarial,1,4200000,,Servicios > Business Intelligence,"clientum,servicio"
,simple,CTM-0079,Implementación de Business Intelligence (BI),1,Consultoría en Inteligencia de Negocio; Desarrollo de soluciones de inteligencia de negocios; Desarrollo de soluciones de inteligencia de negocios (BI); Impleme,Consultoría en Inteligencia de Negocio; Desarrollo de soluciones de inteligencia de negocios; Desarrollo de soluciones de inteligencia de negocios (BI); Implementación de Soluciones de Inteligencia de Negocios (BI); Implementación integral y consultoría continua en inteligencia de negocio para corporaciones de gran tamaño.; Inteligencia de Negocios,1,4050000,,Servicios > Business Intelligence,"clientum,servicio"
,simple,CTM-0080,Implementación de Sistemas de IA,1,Implementación De Sistemas De Gestión De Datos; Implementación de Sistemas de IA; Implementación de Sistemas de Inteligencia Artificial; Soporte para Sistemas d,Implementación De Sistemas De Gestión De Datos; Implementación de Sistemas de IA; Implementación de Sistemas de Inteligencia Artificial; Soporte para Sistemas de Big Data,1,4125000,,Servicios > Business Intelligence,"clientum,servicio"
,simple,CTM-0081,Consultoría y Estrategia Digital,1,Consultoría Digital; Consultoría Organizacional; Consultoría de estrategia digital; Consultoría en Estrategia y Transformación Digital; Consultoría en Transform,Consultoría Digital; Consultoría Organizacional; Consultoría de estrategia digital; Consultoría en Estrategia y Transformación Digital; Consultoría en Transformación Digital; Consultoría en Transformación Digital: Impulsa tu Negocio hacia el Éxito,1,3975000,,Servicios > Business Intelligence,"clientum,servicio"
,simple,CTM-0082,BI (Business Intelligence),1,BI (Business Intelligence); Business Intelligence; Business Intelligence (BI); Business Intelligence Setup; Desarrollo de soluciones de business intelligence; P,BI (Business Intelligence); Business Intelligence; Business Intelligence (BI); Business Intelligence Setup; Desarrollo de soluciones de business intelligence; Plataforma de Business Intelligence (BI),1,3825000,,Servicios > Business Intelligence,"clientum,servicio"
,simple,CTM-0083,Visualización Avanzada de Datos,1,Desarrollo de Soluciones de Visualización Avanzada; Desarrollo de Soluciones de Visualización de Datos; Servicios de análisis de datos y visualización; Servicio,Desarrollo de Soluciones de Visualización Avanzada; Desarrollo de Soluciones de Visualización de Datos; Servicios de análisis de datos y visualización; Servicios de implementación de soluciones de analítica de datos y visualización; Visualización Avanzada de Datos,1,3900000,,Servicios > Business Intelligence,"clientum,servicio"
,simple,CTM-0084,IT Consultancy,1,IT Consultancy,IT Consultancy,1,3600000,,Servicios > Business Intelligence,"clientum,servicio"
,simple,CTM-0085,Análisis Predictivo y ML,1,Análisis Predictivo; Análisis Predictivo para Mantenimiento; Análisis Predictivo y ML; Análisis predictivo y minería de datos; Implementación de Soluciones de A,Análisis Predictivo; Análisis Predictivo para Mantenimiento; Análisis Predictivo y ML; Análisis predictivo y minería de datos; Implementación de Soluciones de Análisis Predictivo; Implementación de soluciones de análisis predictivo y minería de datos,1,3675000,,Servicios > Business Intelligence,"clientum,servicio"
,simple,CTM-0086,Implementación de Herramientas de BI,1,Desarrollo de Herramientas de Reporting; Desarrollo de Herramientas de Visualización de Datos; Implementación de Herramientas de Análisis Predictivo; Implementa,Desarrollo de Herramientas de Reporting; Desarrollo de Herramientas de Visualización de Datos; Implementación de Herramientas de Análisis Predictivo; Implementación de Herramientas de BI; Servicio de Implementación de Herramientas de Analítica y Optimización,1,3750000,,Servicios > Business Intelligence,"clientum,servicio"
,simple,CTM-0087,Soporte Avanzado en BI,1,Análisis Avanzado de Datos; Análisis de datos avanzado; Implementación de Soluciones de Análisis de Datos Avanzado; Soporte Avanzado de BI; Soporte Avanzado en ,Análisis Avanzado de Datos; Análisis de datos avanzado; Implementación de Soluciones de Análisis de Datos Avanzado; Soporte Avanzado de BI; Soporte Avanzado en BI,1,3525000,,Servicios > Business Intelligence,"clientum,servicio"
,simple,CTM-0088,Optimización de Bases de Datos,1,Administración De Bases De Datos; Optimización de Bases de Datos; Servicios de consultoría en administración y gestión de datos,Administración De Bases De Datos; Optimización de Bases de Datos; Servicios de consultoría en administración y gestión de datos,1,3450000,,Servicios > Business Intelligence,"clientum,servicio"
,simple,CTM-0089,Inteligencia de Mercado para Identificar Tendencias,1,Inteligencia de Mercado para Identificar Tendencias,Inteligencia de Mercado para Identificar Tendencias,1,3375000,,Servicios > Business Intelligence,"clientum,servicio"
,simple,CTM-0090,Automatización de Reportes Ejecutivos,1,Automatización de Reportes Ejecutivos; Generación Automatizada de Informes Ejecutivos; Informes Ejecutivos,Automatización de Reportes Ejecutivos; Generación Automatizada de Informes Ejecutivos; Informes Ejecutivos,1,3300000,,Servicios > Business Intelligence,"clientum,servicio"
,simple,CTM-0091,Planificación estratégica,1,Consultoría Estratégica; Consultoría en planificación estratégica; Planificación estratégica; Soluciones Estratégicas de BI,Consultoría Estratégica; Consultoría en planificación estratégica; Planificación estratégica; Soluciones Estratégicas de BI,1,3150000,,Servicios > Business Intelligence,"clientum,servicio"
,simple,CTM-0092,Investigación de mercados,1,Investigación de mercados,Investigación de mercados,1,3225000,,Servicios > Business Intelligence,"clientum,servicio"
,simple,CTM-0093,Consultoría en gestión de procesos,1,Consultoría en Optimización de Procesos de Negocio (BPO); Consultoría en Optimización de Procesos: Mejora la Eficiencia y Rentabilidad de tu Negocio; Consultorí,Consultoría en Optimización de Procesos de Negocio (BPO); Consultoría en Optimización de Procesos: Mejora la Eficiencia y Rentabilidad de tu Negocio; Consultoría en gestión de procesos; Consultoría para Mejora Continua: Optimiza tus Procesos y Alcanza la Excelencia Operativa; Optimización de procesos; Revisión y Optimización de Procesos: Mejora la Eficiencia y Reduce Costos,1,3075000,,Servicios > Business Intelligence,"clientum,servicio"
,simple,CTM-0094,Análisis de Sentimiento en Redes Sociales,1,Análisis de Sentimiento; Análisis de Sentimiento de Clientes en Línea; Análisis de Sentimiento en Llamadas Telefónicas; Análisis de Sentimiento en Redes Sociale,Análisis de Sentimiento; Análisis de Sentimiento de Clientes en Línea; Análisis de Sentimiento en Llamadas Telefónicas; Análisis de Sentimiento en Redes Sociales; Análisis de Sentimientos en Redes Sociales; Análisis de sentimientos y minería de texto,1,3000000,,Servicios > Business Intelligence,"clientum,servicio"
,simple,CTM-0095,Análisis de Big Data,1,Análisis Básico de Datos; Análisis de Big Data; Análisis de Datos; Análisis de Datos con IA; Análisis de Datos de Marketing con IA; Análisis de Datos de Ventas ,Análisis Básico de Datos; Análisis de Big Data; Análisis de Datos; Análisis de Datos con IA; Análisis de Datos de Marketing con IA; Análisis de Datos de Ventas con IA,1,2700000,,Servicios > Business Intelligence,"clientum,servicio"
,simple,CTM-0096,Analítica de datos,1,Analítica Avanzada para la Toma de Decisiones; Analítica avanzada; Analítica de datos; Consultoría en Analítica Avanzada y Ciencia de Datos; Consultoría en anal,Analítica Avanzada para la Toma de Decisiones; Analítica avanzada; Analítica de datos; Consultoría en Analítica Avanzada y Ciencia de Datos; Consultoría en analítica avanzada; Desarrollo de soluciones de analítica avanzada,1,2775000,,Servicios > Business Intelligence,"clientum,servicio"
,simple,CTM-0097,Dashboards Personalizados,1,BI y Dashboards; Dashboards Personalizados; Implementación De Dashboards Personalizados; Implementación de Dashboards; Implementación de Dashboards Simples; Imp,BI y Dashboards; Dashboards Personalizados; Implementación De Dashboards Personalizados; Implementación de Dashboards; Implementación de Dashboards Simples; Implementación de soluciones de inteligencia de negocios (BI) y cuadros de mando (dashboards) avanzados con analítica visual,1,2850000,,Servicios > Business Intelligence,"clientum,servicio"
,simple,CTM-0098,Consultoría en Machine Learning,1,Asistencia Técnica en la Implementación de Machine Learning; Consultoría en Machine Learning; Implementación de soluciones de machine learning,Asistencia Técnica en la Implementación de Machine Learning; Consultoría en Machine Learning; Implementación de soluciones de machine learning,1,2925000,,Servicios > Business Intelligence,"clientum,servicio"
,simple,CTM-0099,Consultoría en Big Data,1,Consultoría Continua en BI; Consultoría de Datos; Consultoría en Big Data; Consultoría en gestión del cambio,Consultoría Continua en BI; Consultoría de Datos; Consultoría en Big Data; Consultoría en gestión del cambio,1,2625000,,Servicios > Business Intelligence,"clientum,servicio"
,simple,CTM-0100,Análisis de Datos y Métricas,1,Análisis de Datos y Métricas; Análisis de datos y seguimiento de métricas; Análisis inicial de datos y métricas básicas para pequeñas empresas o proyectos de ba,Análisis de Datos y Métricas; Análisis de datos y seguimiento de métricas; Análisis inicial de datos y métricas básicas para pequeñas empresas o proyectos de bajo alcance.,1,2550000,,Servicios > Business Intelligence,"clientum,servicio"
,simple,CTM-0101,Redacción de informes,1,Generación de Informes Inteligentes; Redacción de informes,Generación de Informes Inteligentes; Redacción de informes,1,2475000,,Servicios > Business Intelligence,"clientum,servicio"
,simple,CTM-0102,Desarrollo de Algoritmos Avanzados,1,Desarrollo de Algoritmos Avanzados,Desarrollo de Algoritmos Avanzados,1,2400000,,Servicios > Business Intelligence,"clientum,servicio"
,simple,CTM-0103,Servicio de Analítica Web: Optimiza tu Ecommerce con Datos Valiosos,1,Analítica y Reportes Ecommerce: Monitorea y Optimiza tu Tienda Online; Análisis Avanzado de Datos para Ecommerce: Optimiza tu Tienda Virtual con Insights Estrat,Analítica y Reportes Ecommerce: Monitorea y Optimiza tu Tienda Online; Análisis Avanzado de Datos para Ecommerce: Optimiza tu Tienda Virtual con Insights Estratégicos; Análisis de Datos de Ecommerce: Optimiza tu Estrategia con Datos Clave; Análisis y Reportes Ecommerce: Monitorea y Optimiza tu Tienda Online; Servicio de Analítica Web: Optimiza tu E-commerce con Datos Valiosos; Servicio de Analítica Web: Optimiza tu Ecommerce con Datos Valiosos,1,2250000,,Servicios > Business Intelligence,"clientum,servicio"
,simple,CTM-0104,Soporte para Business Intelligence,1,Support BI Specialized; Support for BI,Support BI Specialized; Support for BI,1,2325000,,Servicios > Business Intelligence,"clientum,servicio"
,simple,CTM-0105,Análisis de Conversiones: Optimiza tu E-commerce y Aumenta tus Ventas,1,Análisis de Conversiones: Optimiza tu E-commerce y Aumenta tus Ventas; Análisis de Conversiones: Optimiza tu E-commerce y Dispara tus Ventas; Análisis y Optimiz,Análisis de Conversiones: Optimiza tu E-commerce y Aumenta tus Ventas; Análisis de Conversiones: Optimiza tu E-commerce y Dispara tus Ventas; Análisis y Optimización de Conversiones para Ecommerce: Maximiza tus Ventas Online; Análisis y Optimización de Conversiones para Ecommerce: Mejora tus Tasas de Conversión,1,2175000,,Servicios > Business Intelligence,"clientum,servicio"
,simple,CTM-0106,Consultoría Adicional Básica: Asesoría Experta para Optimizar tu Negocio,1,Consultoría Adicional Básica: Asesoría Experta para Optimizar tu Negocio,Consultoría Adicional Básica: Asesoría Experta para Optimizar tu Negocio,1,2025000,,Servicios > Business Intelligence,"clientum,servicio"
,simple,CTM-0107,Consultoría en inteligencia competitiva,1,Consultoría en inteligencia competitiva,Consultoría en inteligencia competitiva,1,2100000,,Servicios > Business Intelligence,"clientum,servicio"
,simple,CTM-0108,Gestión de Riesgos con IA,1,Análisis De Riesgos; Consultoría en gestión de riesgos; Gestión de Riesgos con IA; Gestión de riesgos empresariales,Análisis De Riesgos; Consultoría en gestión de riesgos; Gestión de Riesgos con IA; Gestión de riesgos empresariales,1,1950000,,Servicios > Business Intelligence,"clientum,servicio"
,simple,CTM-0109,Consultoría en sostenibilidad,1,Consultoría en desarrollo sostenible; Consultoría en sostenibilidad,Consultoría en desarrollo sostenible; Consultoría en sostenibilidad,1,1875000,,Servicios > Business Intelligence,"clientum,servicio"
,simple,CTM-0110,Análisis de mercado,1,Análisis de Competencia; Análisis de Competencia y Estrategia: La Guía Definitiva para Dominar tu Mercado; Análisis de Competidores y Mercado; Análisis de la Co,Análisis de Competencia; Análisis de Competencia y Estrategia: La Guía Definitiva para Dominar tu Mercado; Análisis de Competidores y Mercado; Análisis de la Competencia; Análisis de la Competencia con IA; Análisis de mercado,1,1800000,,Servicios > Business Intelligence,"clientum,servicio"
,simple,CTM-0111,Personalización de Informes: Crea Reportes a Medida para tus Necesidades,1,Desarrollo de Informes Personalizados: Crea Reportes a Medida para tus Necesidades; Personalización de Informes: Crea Reportes a Medida para tus Necesidades; Pe,Desarrollo de Informes Personalizados: Crea Reportes a Medida para tus Necesidades; Personalización de Informes: Crea Reportes a Medida para tus Necesidades; Personalización de Reportes: Crea Informes a Medida para Tus Necesidades,1,1725000,,Servicios > Business Intelligence,"clientum,servicio"
,simple,CTM-0112,Optimización de Estrategias de Precios,1,Consultoría en estrategias de crecimiento; Informe de Análisis de Rendimiento: Optimiza tu Estrategia Digital; Optimización de Estrategias Financieras; Optimiza,Consultoría en estrategias de crecimiento; Informe de Análisis de Rendimiento: Optimiza tu Estrategia Digital; Optimización de Estrategias Financieras; Optimización de Estrategias de Negocios; Optimización de Estrategias de Precios,1,1650000,,Servicios > Business Intelligence,"clientum,servicio"
,simple,CTM-0113,Optimización de Proyectos Empresariales,1,Análisis de Procesos Empresariales: Optimiza tus operaciones para el éxito; Optimización de Proyectos Empresariales,Análisis de Procesos Empresariales: Optimiza tus operaciones para el éxito; Optimización de Proyectos Empresariales,1,1425000,,Servicios > Business Intelligence,"clientum,servicio"
,simple,CTM-0114,Plataforma de Analítica Web,1,Plataforma de Analítica Web; Plataforma de Analítica de Clientes; Plataforma de Análisis de Datos de Clientes,Plataforma de Analítica Web; Plataforma de Analítica de Clientes; Plataforma de Análisis de Datos de Clientes,1,1500000,,Servicios > Business Intelligence,"clientum,servicio"
,simple,CTM-0115,Evaluación de Impacto: Analiza y Mide el Éxito de tus Iniciativas,1,Evaluación de Impacto Continuo: Monitorea y Mejora tus Resultados en Tiempo Real; Evaluación de Impacto: Analiza y Mide el Éxito de tus Iniciativas,Evaluación de Impacto Continuo: Monitorea y Mejora tus Resultados en Tiempo Real; Evaluación de Impacto: Analiza y Mide el Éxito de tus Iniciativas,1,1575000,,Servicios > Business Intelligence,"clientum,servicio"
,simple,CTM-0116,Análisis de Comportamiento del Consumidor,1,Análisis de Comportamiento del Consumidor,Análisis de Comportamiento del Consumidor,1,1125000,,Servicios > Business Intelligence,"clientum,servicio"
,simple,CTM-0117,Planificación Financiera con IA,1,Análisis de Datos Financieros con IA; Planificación Financiera con IA; Plataforma de Análisis de Datos Financieros,Análisis de Datos Financieros con IA; Planificación Financiera con IA; Plataforma de Análisis de Datos Financieros,1,1200000,,Servicios > Business Intelligence,"clientum,servicio"
,simple,CTM-0118,Análisis de Datos de Recursos Humanos con IA,1,Análisis de Datos de Recursos Humanos con IA,Análisis de Datos de Recursos Humanos con IA,1,1275000,,Servicios > Business Intelligence,"clientum,servicio"
,simple,CTM-0119,Análisis de Datos de la Cadena de Suministro con IA,1,Análisis de Datos de la Cadena de Suministro con IA,Análisis de Datos de la Cadena de Suministro con IA,1,1350000,,Servicios > Business Intelligence,"clientum,servicio"
,simple,CTM-0120,Análisis de Interacciones con Clientes con IA,1,Análisis de Interacciones con Clientes con IA,Análisis de Interacciones con Clientes con IA,1,975000,,Servicios > Business Intelligence,"clientum,servicio"
,simple,CTM-0121,Gestión de Cumplimiento Normativo con IA,1,Gestión de Cumplimiento Normativo con IA,Gestión de Cumplimiento Normativo con IA,1,1050000,,Servicios > Business Intelligence,"clientum,servicio"
,simple,CTM-0122,IA y ML,1,IA y ML,IA y ML,1,600000,,Servicios > Business Intelligence,"clientum,servicio"
,simple,CTM-0123,Ciencia de Datos,1,Ciencia de Datos,Ciencia de Datos,1,675000,,Servicios > Business Intelligence,"clientum,servicio"
,simple,CTM-0124,Reportes de Ventas,1,Reportes Detallados; Reportes Operativos; Reportes de Producción; Reportes de Ventas; Reportes de Ventas y Logística,Reportes Detallados; Reportes Operativos; Reportes de Producción; Reportes de Ventas; Reportes de Ventas y Logística,1,750000,,Servicios > Business Intelligence,"clientum,servicio"
,simple,CTM-0125,Soluciones completas para grandes empresas con necesidades analíticas avanzadas y continuas.,1,Soluciones completas para grandes empresas con necesidades analíticas avanzadas y continuas.; Soluciones de inteligencia de negocio más completas para medianas ,Soluciones completas para grandes empresas con necesidades analíticas avanzadas y continuas.; Soluciones de inteligencia de negocio más completas para medianas empresas con necesidades analíticas intermedias.,1,825000,,Servicios > Business Intelligence,"clientum,servicio"
,simple,CTM-0126,Consultoría en Estrategia Web: Optimiza tu presencia online y alcanza tus objetivos,1,Consultoría en Estrategia Web: Optimiza tu presencia online y alcanza tus objetivos,Consultoría en Estrategia Web: Optimiza tu presencia online y alcanza tus objetivos,1,900000,,Servicios > Business Intelligence,"clientum,servicio"
,simple,CTM-0127,Implementación De Medidas De Protección,1,Implementación De Medidas De Protección; Implementación de soluciones de seguridad IT; Servicios de implementación de soluciones de ciberseguridad avanzada; Ser,Implementación De Medidas De Protección; Implementación de soluciones de seguridad IT; Servicios de implementación de soluciones de ciberseguridad avanzada; Servicios de implementación de soluciones de ciberseguridad para infraestructuras industriales; Servicios de implementación de soluciones de ciberseguridad y protección de datos,1,3900000,,Servicios > Ciberseguridad,"clientum,servicio"
,simple,CTM-0128,Desarrollo de soluciones de ciberseguridad,1,Desarrollo de soluciones de ciberseguridad,Desarrollo de soluciones de ciberseguridad,1,3675000,,Servicios > Ciberseguridad,"clientum,servicio"
,simple,CTM-0129,Servicios de ciberseguridad,1,Ciberseguridad; Ciberseguridad y privacidad de datos; Consultoría en Ciberseguridad; Consultoría en Ciberseguridad y Privacidad de Datos; Consultoría en Segurid,Ciberseguridad; Ciberseguridad y privacidad de datos; Consultoría en Ciberseguridad; Consultoría en Ciberseguridad y Privacidad de Datos; Consultoría en Seguridad de Información; Consultoría en ciberseguridad y cumplimiento normativo,1,3450000,,Servicios > Ciberseguridad,"clientum,servicio"
,simple,CTM-0130,Ciberseguridad avanzada,1,Ciberseguridad avanzada; Seguridad Cibernética Avanzada; Servicios de seguridad cibernética y monitoreo de amenazas; Soluciones de Seguridad Cibernética,Ciberseguridad avanzada; Seguridad Cibernética Avanzada; Servicios de seguridad cibernética y monitoreo de amenazas; Soluciones de Seguridad Cibernética,1,3225000,,Servicios > Ciberseguridad,"clientum,servicio"
,simple,CTM-0131,Seguridad informática,1,Auditoría de Seguridad Informática; Consultoría en Seguridad Informática; Seguridad informática,Auditoría de Seguridad Informática; Consultoría en Seguridad Informática; Seguridad informática,1,3000000,,Servicios > Ciberseguridad,"clientum,servicio"
,simple,CTM-0132,Auditoría de Seguridad,1,Auditoría de Ciberseguridad; Auditoría de Seguridad; Auditoría de Seguridad en Big Data,Auditoría de Ciberseguridad; Auditoría de Seguridad; Auditoría de Seguridad en Big Data,1,2775000,,Servicios > Ciberseguridad,"clientum,servicio"
,simple,CTM-0133,Gestión de Identidades y Accesos,1,Gestión de Identidades y Accesos,Gestión de Identidades y Accesos,1,2550000,,Servicios > Ciberseguridad,"clientum,servicio"
,simple,CTM-0134,Verificación de Seguridad en Big Data,1,Verificación de Seguridad en Big Data,Verificación de Seguridad en Big Data,1,2325000,,Servicios > Ciberseguridad,"clientum,servicio"
,simple,CTM-0135,Instalación de Sistemas de Alarmas,1,Instalación de Sistemas de Alarmas; Instalación de Sistemas de Videovigilancia; Soporte Técnico en Sistemas de Video Vigilancia,Instalación de Sistemas de Alarmas; Instalación de Sistemas de Videovigilancia; Soporte Técnico en Sistemas de Video Vigilancia,1,2100000,,Servicios > Ciberseguridad,"clientum,servicio"
,simple,CTM-0136,Respuesta a incidentes básica,1,Consultoría en Ciberseguridad Avanzada y Respuesta a Incidentes; Consultoría en Ciberseguridad y Respuesta a Incidentes a Nivel Empresarial; Monitoreo Y Respues,Consultoría en Ciberseguridad Avanzada y Respuesta a Incidentes; Consultoría en Ciberseguridad y Respuesta a Incidentes a Nivel Empresarial; Monitoreo Y Respuesta A Incidentes; Monitoreo y Respuesta a Incidentes de Seguridad; Respuesta a incidentes básica,1,1725000,,Servicios > Ciberseguridad,"clientum,servicio"
,simple,CTM-0137,Análisis de Riesgos de Ciberseguridad,1,Análisis de Riesgos de Ciberseguridad; Análisis de Riesgos en Ciberseguridad; Análisis de riesgos avanzado (mensual); Servicios de Análisis de Riesgos y Ciberse,Análisis de Riesgos de Ciberseguridad; Análisis de Riesgos en Ciberseguridad; Análisis de riesgos avanzado (mensual); Servicios de Análisis de Riesgos y Ciberseguridad; Servicios de análisis de riesgos y ciberseguridad para identificar y mitigar amenazas emergentes,1,1950000,,Servicios > Ciberseguridad,"clientum,servicio"
,simple,CTM-0138,Servicios de Seguridad Ecommerce,1,Servicios de Seguridad Ecommerce; Servicios de Seguridad para Ecommerce: Protege tu Tienda Virtual con Monitoreo de Fraude y Cumplimiento PCI DSS; Servicios de ,Servicios de Seguridad Ecommerce; Servicios de Seguridad para Ecommerce: Protege tu Tienda Virtual con Monitoreo de Fraude y Cumplimiento PCI DSS; Servicios de Seguridad y Cumplimiento Ecommerce; Servicios de Seguridad y Cumplimiento para Ecommerce: Protege tu Tienda Virtual,1,1500000,,Servicios > Ciberseguridad,"clientum,servicio"
,simple,CTM-0139,Seguridad Adicional: Tu escudo digital para un hogar protegido,1,Seguridad Adicional: Tu escudo digital para un hogar protegido,Seguridad Adicional: Tu escudo digital para un hogar protegido,1,1275000,,Servicios > Ciberseguridad,"clientum,servicio"
,simple,CTM-0140,Respaldo y Recuperación de Datos: Protege tus archivos con nuestra solución integral,1,Auditoría de Seguridad: Protege tu negocio con nuestra solución integral; Configuración de Backup y Recuperación: Protege tus datos con facilidad; Respaldo y Re,Auditoría de Seguridad: Protege tu negocio con nuestra solución integral; Configuración de Backup y Recuperación: Protege tus datos con facilidad; Respaldo y Recuperación de Datos: Protege tus archivos con nuestra solución integral,1,1050000,,Servicios > Ciberseguridad,"clientum,servicio"
,simple,CTM-0141,Plataforma de Monitoreo y Alertas,1,Plataforma de Monitoreo y Alertas,Plataforma de Monitoreo y Alertas,1,825000,,Servicios > Ciberseguridad,"clientum,servicio"
,simple,CTM-0142,Detección de Fraude con IA,1,Detección de Fraude con IA,Detección de Fraude con IA,1,600000,,Servicios > Ciberseguridad,"clientum,servicio"
,simple,CTM-0143,SSL Básico,1,SSL Básico; SSL Seguro,SSL Básico; SSL Seguro,1,375000,,Servicios > Ciberseguridad,"clientum,servicio"
,simple,CTM-0144,Migración Básica a la Nube,1,Migración A La Nube; Migración Avanzada a la Nube; Migración Básica a la Nube; Migración y modernización de infraestructura de TI; Servicios de Migración y Mode,Migración A La Nube; Migración Avanzada a la Nube; Migración Básica a la Nube; Migración y modernización de infraestructura de TI; Servicios de Migración y Modernización de Infraestructura de TI; Servicios de migración a la nube,1,2400000,,Servicios > Cloud Computing,"clientum,servicio"
,simple,CTM-0145,Servicios de Computación en la Nube,1,Cloud Computing; Servicios de cloud computing; Servicios de virtualización y cloud computing,Cloud Computing; Servicios de cloud computing; Servicios de virtualización y cloud computing,1,2250000,,Servicios > Cloud Computing,"clientum,servicio"
,simple,CTM-0146,Servicios de Implementación de ERP en la Nube,1,Implementación Integral de Seguridad en la Nube; Implementación de Seguridad Avanzada en la Nube; Implementación de Seguridad Básica en la Nube; Servicios de Im,Implementación Integral de Seguridad en la Nube; Implementación de Seguridad Avanzada en la Nube; Implementación de Seguridad Básica en la Nube; Servicios de Implementación de ERP en la Nube; Servicios de implementación de soluciones de computación en la nube; Servicios de implementación de soluciones de infraestructura en la nube,1,2100000,,Servicios > Cloud Computing,"clientum,servicio"
,simple,CTM-0147,Servicios de Alojamiento y Cloud,1,Servicios de Alojamiento y Cloud,Servicios de Alojamiento y Cloud,1,1950000,,Servicios > Cloud Computing,"clientum,servicio"
,simple,CTM-0148,Optimización de Recursos TI,1,Consultoría y Optimización de Infraestructura en la Nube; Optimización de Infraestructura TI; Optimización de Recursos TI; Optimización de Redes y Conectividad,Consultoría y Optimización de Infraestructura en la Nube; Optimización de Infraestructura TI; Optimización de Recursos TI; Optimización de Redes y Conectividad,1,1575000,,Servicios > Cloud Computing,"clientum,servicio"
,simple,CTM-0149,Soluciones de nube híbrida,1,Implementación de soluciones de almacenamiento; Migración a la Nube y Soluciones de Almacenamiento; Soluciones de nube híbrida,Implementación de soluciones de almacenamiento; Migración a la Nube y Soluciones de Almacenamiento; Soluciones de nube híbrida,1,1725000,,Servicios > Cloud Computing,"clientum,servicio"
,simple,CTM-0150,Plataforma ERP en la nube,1,Plataforma ERP en la nube,Plataforma ERP en la nube,1,1875000,,Servicios > Cloud Computing,"clientum,servicio"
,simple,CTM-0151,Consultoría en Soluciones Cloud,1,Consultoría Continua y Evaluación de Rendimiento en la Nube; Consultoría en Soluciones Cloud,Consultoría Continua y Evaluación de Rendimiento en la Nube; Consultoría en Soluciones Cloud,1,1425000,,Servicios > Cloud Computing,"clientum,servicio"
,simple,CTM-0152,Respaldo y Recuperación de Datos,1,Plataforma de Respaldo y Recuperación de Datos; Respaldo y Recuperación de Datos,Plataforma de Respaldo y Recuperación de Datos; Respaldo y Recuperación de Datos,1,1275000,,Servicios > Cloud Computing,"clientum,servicio"
,simple,CTM-0153,Configuración de Redes,1,Configuración de Redes,Configuración de Redes,1,825000,,Servicios > Cloud Computing,"clientum,servicio"
,simple,CTM-0154,Soporte de Infraestructura en la Nube,1,Evaluación Avanzada de Infraestructura en la Nube; Evaluación Inicial de Infraestructura en la Nube; Gestión Completa y Monitoreo Avanzado en la Nube; Gestión Y,Evaluación Avanzada de Infraestructura en la Nube; Evaluación Inicial de Infraestructura en la Nube; Gestión Completa y Monitoreo Avanzado en la Nube; Gestión Y Monitoreo De Infraestructuras En La Nube; Gestión de Infraestructuras en la Nube; Gestión y Monitoreo Continuo en la Nube,1,975000,,Servicios > Cloud Computing,"clientum,servicio"
,simple,CTM-0155,Evaluación de Tecnologías Cloud,1,Evaluaciones para Adopción de Cloud; Evaluaciones y Diagnósticos para Adopción de Tecnologías Cloud; Evaluación de Tecnologías Cloud; Evaluación para Adopción d,Evaluaciones para Adopción de Cloud; Evaluaciones y Diagnósticos para Adopción de Tecnologías Cloud; Evaluación de Tecnologías Cloud; Evaluación para Adopción de Cloud; Evaluación para Adopción de Tecnologías Cloud,1,1125000,,Servicios > Cloud Computing,"clientum,servicio"
,simple,CTM-0156,Cloud Storage Solution,1,Cloud Storage Solution,Cloud Storage Solution,1,712500,,Servicios > Cloud Computing,"clientum,servicio"
,simple,CTM-0157,Gestión Básica de Servicios en la Nube,1,Gestión Básica de Servicios en la Nube,Gestión Básica de Servicios en la Nube,1,562500,,Servicios > Cloud Computing,"clientum,servicio"
,simple,CTM-0158,"1 vCore, RAM: 1gb, Disco: 25 GB SSD, Ancho de Banda: 1000 GB",1,"1 vCore, RAM: 1gb, Disco: 25 GB SSD, Ancho de Banda: 1000 GB","1 vCore, RAM: 1gb, Disco: 25 GB SSD, Ancho de Banda: 1000 GB",1,300000,,Servicios > Cloud Computing,"clientum,servicio"
,simple,CTM-0159,Implementación de ERP en la Nube: Optimiza tu gestión empresarial con SaaS,1,Implementación de ERP en la Nube: Optimiza tu gestión empresarial con SaaS,Implementación de ERP en la Nube: Optimiza tu gestión empresarial con SaaS,1,450000,,Servicios > Cloud Computing,"clientum,servicio"
,simple,CTM-0160,Desarrollo de videojuegos,1,Desarrollo de videojuegos; Servicios de desarrollo de videojuegos y aplicaciones de entretenimiento interactivo,Desarrollo de videojuegos; Servicios de desarrollo de videojuegos y aplicaciones de entretenimiento interactivo,1,4800000,,Servicios > Desarrollo Web y E-Commerce,"clientum,servicio"
,simple,CTM-0161,Desarrollo de soluciones blockchain,1,Aplicaciones web y móviles con blockchain; Desarrollo de soluciones blockchain; Desarrollo de soluciones de blockchain; Servicios de Desarrollo de Aplicaciones ,Aplicaciones web y móviles con blockchain; Desarrollo de soluciones blockchain; Desarrollo de soluciones de blockchain; Servicios de Desarrollo de Aplicaciones Web y Móviles con Blockchain; Servicios de desarrollo de aplicaciones web y móviles con integración de blockchain y criptomonedas; Servicios de desarrollo de blockchain y smart contracts,1,4575000,,Servicios > Desarrollo Web y E-Commerce,"clientum,servicio"
,simple,CTM-0162,Desarrollo de soluciones de realidad virtual,1,"Desarrollo de soluciones de realidad aumentada; Desarrollo de soluciones de realidad virtual; Implementación de Realidad Aumentada para Ecommerce: Visualiza, Pr","Desarrollo de soluciones de realidad aumentada; Desarrollo de soluciones de realidad virtual; Implementación de Realidad Aumentada para Ecommerce: Visualiza, Prueba y Experimenta Antes de Comprar; Implementación de Realidad Aumentada para Ecommerce: Visualizá, Probá y Experimentá Antes de Comprar; Servicios de Implementación de Realidad Aumentada para Ecommerce: Mejora la Experiencia de Compra y Potencia las Ventas; Servicios de Implementación de Realidad Aumentada para Ecommerce: Visualización ",1,4650000,,Servicios > Desarrollo Web y E-Commerce,"clientum,servicio"
,simple,CTM-0163,Servicios de integración de sistemas,1,Servicios de integración de sistemas; Servicios de integración de sistemas y middleware; Servicios de integración y orquestación de sistemas,Servicios de integración de sistemas; Servicios de integración de sistemas y middleware; Servicios de integración y orquestación de sistemas,1,4725000,,Servicios > Desarrollo Web y E-Commerce,"clientum,servicio"
,simple,CTM-0164,Migración y modernización de aplicaciones,1,Migración y Modernización; Migración y modernización de aplicaciones; Servicios de Migración y Modernización de Aplicaciones Legacy; Servicios de migración y mo,Migración y Modernización; Migración y modernización de aplicaciones; Servicios de Migración y Modernización de Aplicaciones Legacy; Servicios de migración y modernización de sistemas; Servicios de migración y modernización de sistemas legacy,1,4500000,,Servicios > Desarrollo Web y E-Commerce,"clientum,servicio"
,simple,CTM-0165,Servicios de desarrollo de aplicaciones con arquitecturas de microservicios,1,Microservicios y Contenedores; Servicios de Desarrollo de Aplicaciones con Arquitecturas de Microservicios y Contenedores; Servicios de desarrollo de aplicacion,Microservicios y Contenedores; Servicios de Desarrollo de Aplicaciones con Arquitecturas de Microservicios y Contenedores; Servicios de desarrollo de aplicaciones con arquitecturas de microservicios; Servicios de diseño y desarrollo de aplicaciones web con arquitecturas de microservicios y APIs; Servicios de diseño y desarrollo de portales web y aplicaciones con arquitectura de microservicios; Servicios de migración y modernización de aplicaciones legacy a arquitecturas basadas en microservicios,1,4425000,,Servicios > Desarrollo Web y E-Commerce,"clientum,servicio"
,simple,CTM-0166,Custom Web Development,1,Custom Software Development; Custom Web Development; Web Application Development,Custom Software Development; Custom Web Development; Web Application Development,1,4425000,,Servicios > Desarrollo Web y E-Commerce,"clientum,servicio"
,simple,CTM-0167,Servicio de Desarrollo de Integraciones B2B para Ecommerce: Automatiza tus Ventas y Distribución,1,Servicio de Desarrollo de Integraciones B2B para Ecommerce: Automatiza tus Ventas y Distribución; Servicio de Integraciones B2B para E-commerce: Automatiza tus ,Servicio de Desarrollo de Integraciones B2B para Ecommerce: Automatiza tus Ventas y Distribución; Servicio de Integraciones B2B para E-commerce: Automatiza tus Ventas y Distribución,1,4350000,,Servicios > Desarrollo Web y E-Commerce,"clientum,servicio"
,simple,CTM-0168,Desarrollo de software,1,Desarrollo de Software a Medida; Desarrollo de software; Servicios de desarrollo de software a medida,Desarrollo de Software a Medida; Desarrollo de software; Servicios de desarrollo de software a medida,1,4275000,,Servicios > Desarrollo Web y E-Commerce,"clientum,servicio"
,simple,CTM-0169,Servicio de Implementación de Sistema de Recomendaciones Personalizadas,1,Implementación de Sistema de Recomendaciones Personalizadas para Ecommerce: Mejora la Experiencia y Aumenta las Ventas; Servicio de Desarrollo de Funcionalidad ,Implementación de Sistema de Recomendaciones Personalizadas para Ecommerce: Mejora la Experiencia y Aumenta las Ventas; Servicio de Desarrollo de Funcionalidad de Recomendación de Productos para Ecommerce: Aumenta tus Ventas y Mejora la Experiencia del Usuario; Servicio de Desarrollo de Funcionalidad de Recomendación de Productos: Aumenta tus Ventas y Mejora la Experiencia del Usuario; Servicio de Implementación de Sistema de Recomendaciones Personalizadas,1,4200000,,Servicios > Desarrollo Web y E-Commerce,"clientum,servicio"
,simple,CTM-0170,Soporte Integral para Comercio Electrónico,1,Crea tu propio Marketplace: la solución integral para el comercio electrónico; Desarrollo de soluciones de comercio electrónico; Integración de Plataforma de Co,"Crea tu propio Marketplace: la solución integral para el comercio electrónico; Desarrollo de soluciones de comercio electrónico; Integración de Plataforma de Comercio Electrónico; Integración de plataformas de comercio electrónico; Servicio de Implementación de Comercio Electrónico; Servicio de Implementación de Comercio Electrónico: Diseño, Desarrollo y Puesta en Marcha de Tiendas Online",1,4125000,,Servicios > Desarrollo Web y E-Commerce,"clientum,servicio"
,simple,CTM-0171,Desarrollo de sitio web,1,Desarrollo Web; Desarrollo de Aplicaciones Web; Desarrollo de Aplicaciones a Medida; Desarrollo de Portales Web; Desarrollo de aplicaciones; Desarrollo de porta,Desarrollo Web; Desarrollo de Aplicaciones Web; Desarrollo de Aplicaciones a Medida; Desarrollo de Portales Web; Desarrollo de aplicaciones; Desarrollo de portales web y aplicaciones,1,4050000,,Servicios > Desarrollo Web y E-Commerce,"clientum,servicio"
,simple,CTM-0172,Personalización de Experiencia de Usuario,1,"Diseño y desarrollo de interfaces de usuario; Mejora tu Experiencia de Usuario (UX) en Ecommerce: Análisis, Diseño y Optimización para Mayor Conversión; Optimiz","Diseño y desarrollo de interfaces de usuario; Mejora tu Experiencia de Usuario (UX) en Ecommerce: Análisis, Diseño y Optimización para Mayor Conversión; Optimización de Búsqueda Interna: Mejora la Experiencia del Usuario y Aumenta las Conversiones; Personalización de Experiencia de Usuario; Servicio de Mejora de Experiencia de Usuario (UX) para Ecommerce; Servicio de Optimización de Experiencia de Usuario",1,3900000,,Servicios > Desarrollo Web y E-Commerce,"clientum,servicio"
,simple,CTM-0173,Rediseño de Tienda Online: Optimiza tu E-commerce para Impulsar las Ventas,1,"Creación de Tienda Online: Diseño, Desarrollo y Capacitación para Impulsar tu Negocio Digital; Creación de Tienda Online: Diseño, Desarrollo y Capacitación para","Creación de Tienda Online: Diseño, Desarrollo y Capacitación para Impulsar tu Negocio Digital; Creación de Tienda Online: Diseño, Desarrollo y Capacitación para tu Negocio Digital; Rediseño de Tienda Online: Optimiza tu E-commerce para Impulsar las Ventas",1,3975000,,Servicios > Desarrollo Web y E-Commerce,"clientum,servicio"
,simple,CTM-0174,Web Design,1,UX/UI Design; Web Design,UX/UI Design; Web Design,1,3600000,,Servicios > Desarrollo Web y E-Commerce,"clientum,servicio"
,simple,CTM-0175,Gestión de Contenidos Web,1,Actualización de Contenidos; Gestión de Contenidos Web; Servicio de Gestión de Contenidos y Copywriting para Ecommerce: Optimiza tu Tienda Online con Contenido ,Actualización de Contenidos; Gestión de Contenidos Web; Servicio de Gestión de Contenidos y Copywriting para Ecommerce: Optimiza tu Tienda Online con Contenido Persuasivo y SEO; Servicios de Gestión de Contenidos para Ecommerce: Optimizá tu Tienda Virtual para Mayor Conversión; Servicios de implementación de soluciones de gestión de contenidos y portales web; Soporte para Gestión de Contenidos,1,3675000,,Servicios > Desarrollo Web y E-Commerce,"clientum,servicio"
,simple,CTM-0176,Plataforma e-Commerce,1,Desarrollo de Plataforma de E-Commerce; Diseño de Tienda Online: Crea tu Plataforma de Ecommerce Personalizada; Diseño de Tienda Online: Creá tu Plataforma de E,Desarrollo de Plataforma de E-Commerce; Diseño de Tienda Online: Crea tu Plataforma de Ecommerce Personalizada; Diseño de Tienda Online: Creá tu Plataforma de Ecommerce Personalizada; Integración de Plataformas de Pago Avanzadas; Migración de Plataforma E-commerce: Mejora tu Tienda Online con una Transferencia Segura y Eficiente; Migración de Plataforma Ecommerce: Mejora tu Tienda Online con una Transferencia Segura y Eficiente,1,3750000,,Servicios > Desarrollo Web y E-Commerce,"clientum,servicio"
,simple,CTM-0177,Desarrollo de Contenido Multilingüe,1,Desarrollo de Contenido Multilingüe,Desarrollo de Contenido Multilingüe,1,3750000,,Servicios > Desarrollo Web y E-Commerce,"clientum,servicio"
,simple,CTM-0178,Soporte para Wordpress,1,Soporte Técnico para Wordpress Multisite; Soporte para Wordpress; Soporte para Wordpress Multisite,Soporte Técnico para Wordpress Multisite; Soporte para Wordpress; Soporte para Wordpress Multisite,1,3825000,,Servicios > Desarrollo Web y E-Commerce,"clientum,servicio"
,simple,CTM-0179,Servicio de Optimización de Búsqueda Interna,1,Servicio de Optimización de Búsqueda Interna,Servicio de Optimización de Búsqueda Interna,1,3525000,,Servicios > Desarrollo Web y E-Commerce,"clientum,servicio"
,simple,CTM-0180,Desarrollo de tienda online,1,Desarrollo de tienda online; E-Commerce y Tiendas en Línea; Optimización de tiendas online; Servicio de Soporte para Tiendas Online; Soporte para Tiendas Online,Desarrollo de tienda online; E-Commerce y Tiendas en Línea; Optimización de tiendas online; Servicio de Soporte para Tiendas Online; Soporte para Tiendas Online Avanzadas; Soporte para Tiendas en Línea (E-Commerce),1,3450000,,Servicios > Desarrollo Web y E-Commerce,"clientum,servicio"
,simple,CTM-0181,E-Commerce,1,**Integración E-Commerce**; E-Commerce; E-commerce Setup; Integración de E-Commerce,**Integración E-Commerce**; E-Commerce; E-commerce Setup; Integración de E-Commerce,1,3300000,,Servicios > Desarrollo Web y E-Commerce,"clientum,servicio"
,simple,CTM-0182,Diseño Web Responsive,1,Diseño Web Responsive,Diseño Web Responsive,1,3375000,,Servicios > Desarrollo Web y E-Commerce,"clientum,servicio"
,simple,CTM-0183,Servicio de Implementación de Programas de Fidelización,1,Servicio de Implementación de Programas de Fidelización; Servicio de Implementación de Programas de Fidelización: ¡Potencia la Lealtad y las Recompras en tu Eco,Servicio de Implementación de Programas de Fidelización; Servicio de Implementación de Programas de Fidelización: ¡Potencia la Lealtad y las Recompras en tu Ecommerce!; Servicio de Membresías: Implementa un Programa de Fidelización para tu Ecommerce,1,3150000,,Servicios > Desarrollo Web y E-Commerce,"clientum,servicio"
,simple,CTM-0184,Servicio de Optimización de Funnels de Conversión,1,Implementación de Herramientas de Analítica y Optimización para Ecommerce: Mejora tu Conversión; Optimización de Conversión para Ecommerce: Aumenta tus Ventas O,Implementación de Herramientas de Analítica y Optimización para Ecommerce: Mejora tu Conversión; Optimización de Conversión para Ecommerce: Aumenta tus Ventas Online; Optimización de Conversión para Ecommerce: Impulsa tus Ventas y Maximiza tus Ingresos; Optimización de Embudos de Conversión para E-commerce: Aumenta tus Ventas y Mejora la Experiencia del Cliente; Servicio de Optimización de Funnels de Conversión,1,3225000,,Servicios > Desarrollo Web y E-Commerce,"clientum,servicio"
,simple,CTM-0185,Diseño de sitios web,1,Diseño de sitios web; Diseño y Desarrollo Web Avanzado: Crea Sitios Web Potentes y Atractivos; Optimización de Sitios Web,Diseño de sitios web; Diseño y Desarrollo Web Avanzado: Crea Sitios Web Potentes y Atractivos; Optimización de Sitios Web,1,3075000,,Servicios > Desarrollo Web y E-Commerce,"clientum,servicio"
,simple,CTM-0186,Servicio de Estrategia de Precio y Promociones,1,Estrategia de Ecommerce: Maximiza tus ventas y rentabilidad online; Servicio de Estrategia de Precio y Promociones; Servicio de Estrategia de Precios y Promocio,Estrategia de Ecommerce: Maximiza tus ventas y rentabilidad online; Servicio de Estrategia de Precio y Promociones; Servicio de Estrategia de Precios y Promociones: Optimiza tus ventas y rentabilidad en el E-commerce,1,3000000,,Servicios > Desarrollo Web y E-Commerce,"clientum,servicio"
,simple,CTM-0187,Diseño de página web,1,Creación de página web; Desarrollo de Páginas Web; Diseño de página web; Diseño de páginas web; Página Adicional,Creación de página web; Desarrollo de Páginas Web; Diseño de página web; Diseño de páginas web; Página Adicional,1,2550000,,Servicios > Desarrollo Web y E-Commerce,"clientum,servicio"
,simple,CTM-0188,Servicio de Integración de Marketplace,1,Implementación de Marketplace Ecommerce: Integración y Configuración para Potenciar tus Ventas; Implementación de Marketplace Ecommerce: Integración y Configura,Implementación de Marketplace Ecommerce: Integración y Configuración para Potenciar tus Ventas; Implementación de Marketplace Ecommerce: Integración y Configuración para Vender Más; Integra tu tienda online con Marketplaces: ¡Expande tu alcance y potencia tus ventas!; Integración con Marketplaces: Expande tu alcance y aumenta tus ventas; Integración con Marketplaces: Expande tu alcance y dispara tus ventas; Integración de Ecommerce con Marketplaces: Amplía tu Alcance y Ventas,1,2625000,,Servicios > Desarrollo Web y E-Commerce,"clientum,servicio"
,simple,CTM-0189,Servicio de Membresías,1,Implementación de Suscripciones y Membresías; Servicio de Membresías; Servicio de Suscripciones; Servicio de Suscripciones: Implementa un Modelo de Negocio Recu,Implementación de Suscripciones y Membresías; Servicio de Membresías; Servicio de Suscripciones; Servicio de Suscripciones: Implementa un Modelo de Negocio Recurrente para tu Ecommerce; Servicios de Suscripción Ecommerce; Suscripciones y Membresías,1,2700000,,Servicios > Desarrollo Web y E-Commerce,"clientum,servicio"
,simple,CTM-0190,Integración Omnicanal para Ecommerce: Conecta tu tienda virtual con todos tus canales,1,Integración Avanzada de E-Commerce: Conecta tu Tienda Online con Facilidad; Integración Básica de E-Commerce: Conecta tu Tienda Online con Facilidad; Integració,Integración Avanzada de E-Commerce: Conecta tu Tienda Online con Facilidad; Integración Básica de E-Commerce: Conecta tu Tienda Online con Facilidad; Integración Omnicanal para Ecommerce: Conecta tu tienda virtual con todos tus canales; Integración básica de plataforma de comercio electrónico: conecta tu tienda online con facilidad; Integración de E-Commerce Personalizada: Conecta tu Negocio Online con Facilidad; Integración de E-Commerce: Conecta tu Tienda Online con Facilidad,1,2775000,,Servicios > Desarrollo Web y E-Commerce,"clientum,servicio"
,simple,CTM-0191,Servicios de Internacionalización Ecommerce,1,Servicios de Internacionalización Ecommerce; Servicios de Internacionalización para Ecommerce: Expande tu Negocio Globalmente,Servicios de Internacionalización Ecommerce; Servicios de Internacionalización para Ecommerce: Expande tu Negocio Globalmente,1,2850000,,Servicios > Desarrollo Web y E-Commerce,"clientum,servicio"
,simple,CTM-0192,Integración Multicanal para Ecommerce: Amplía tu Alcance y Optimiza tus Ventas,1,"Integración Multicanal para Ecommerce: Amplía tu Alcance y Optimiza tus Ventas; Integración Multicanal para Ecommerce: Amplía tu Alcance, Optimiza Ventas; Integ","Integración Multicanal para Ecommerce: Amplía tu Alcance y Optimiza tus Ventas; Integración Multicanal para Ecommerce: Amplía tu Alcance, Optimiza Ventas; Integración de Pasarelas de Pago para Ecommerce: Amplía tus Opciones y Optimiza tus Ventas",1,2925000,,Servicios > Desarrollo Web y E-Commerce,"clientum,servicio"
,simple,CTM-0193,Integración de WooCommerce,1,Integración de WooCommerce; Soporte Técnico para Woocommerce,Integración de WooCommerce; Soporte Técnico para Woocommerce,1,3000000,,Servicios > Desarrollo Web y E-Commerce,"clientum,servicio"
,simple,CTM-0194,Diseño Web Personalizado,1,Desarrollo Web Personalizado; Desarrollo de Aplicaciones Personalizadas; Desarrollo de Soluciones de E-Commerce Personalizadas; Diseño Web Personalizado; Person,Desarrollo Web Personalizado; Desarrollo de Aplicaciones Personalizadas; Desarrollo de Soluciones de E-Commerce Personalizadas; Diseño Web Personalizado; Personaliza tu Ecommerce: Mejora la Experiencia de Compra con Soluciones de Personalización; Personaliza tus interfaces: ¡Crea experiencias únicas y atractivas!,1,2325000,,Servicios > Desarrollo Web y E-Commerce,"clientum,servicio"
,simple,CTM-0195,Servicios de Gestión de Catálogo Ecommerce,1,Servicios de Gestión de Catálogo Ecommerce; Servicios de Gestión de Catálogo para Ecommerce: Optimizá tu Tienda Virtual,Servicios de Gestión de Catálogo Ecommerce; Servicios de Gestión de Catálogo para Ecommerce: Optimizá tu Tienda Virtual,1,2400000,,Servicios > Desarrollo Web y E-Commerce,"clientum,servicio"
,simple,CTM-0196,Support for E-Commerce,1,Support for E-Commerce,Support for E-Commerce,1,2475000,,Servicios > Desarrollo Web y E-Commerce,"clientum,servicio"
,simple,CTM-0197,Traducción de Sitio Web,1,Traducción de Página Web; Traducción de Sitio Web,Traducción de Página Web; Traducción de Sitio Web,1,2325000,,Servicios > Desarrollo Web y E-Commerce,"clientum,servicio"
,simple,CTM-0198,Diseño UX/UI,1,Diseño UX/UI; Diseño de UX/UI,Diseño UX/UI; Diseño de UX/UI,1,2250000,,Servicios > Desarrollo Web y E-Commerce,"clientum,servicio"
,simple,CTM-0199,Implementacion Tienda Online Basico,1,Implementacion Tienda Online Basico; Implementacion Tienda Online Marketplace; Implementacion Tienda Online Mayorista; Implementacion Tienda Online Minorista; I,Implementacion Tienda Online Basico; Implementacion Tienda Online Marketplace; Implementacion Tienda Online Mayorista; Implementacion Tienda Online Minorista; Implementación de Tienda Online Minorista: ¡Crea tu Presencia Digital Hoy!; Implementación de Tienda Online: Tu Solución Ecommerce Completa,1,1875000,,Servicios > Desarrollo Web y E-Commerce,"clientum,servicio"
,simple,CTM-0200,Soluciones de e-commerce,1,Implementación de Solución de Pagos: Integración Segura y Optimizada para tu E-commerce; Integración de Pagos: Soluciones Seguras y Confiables para tu Ecommerce,Implementación de Solución de Pagos: Integración Segura y Optimizada para tu E-commerce; Integración de Pagos: Soluciones Seguras y Confiables para tu Ecommerce; Integración de Pagos: Soluciones Seguras y Confiables para tu Tienda Virtual; Servicios de Logística y Distribución para Ecommerce: Soluciones Integrales para Optimizar tu Tienda Virtual; Servicios de Logística y Distribución para Ecommerce: Soluciones Integrales para tu Tienda Virtual; Servicios de Pagos para Ecommerce: Soluciones Inte,1,1950000,,Servicios > Desarrollo Web y E-Commerce,"clientum,servicio"
,simple,CTM-0201,Solución de Dropshipping,1,"Dropshipping: Solución integral para tu e-commerce: Integración perfecta, automatización y soporte dedicado; Solución de Dropshipping","Dropshipping: Solución integral para tu e-commerce: Integración perfecta, automatización y soporte dedicado; Solución de Dropshipping",1,2025000,,Servicios > Desarrollo Web y E-Commerce,"clientum,servicio"
,simple,CTM-0202,Tienda Virtual,1,Creación de Tienda Virtual Básica; Desarrollo de Tienda Virtual Avanzada; Desarrollo de Tienda Virtual Básica; Implementación de Tiendas Virtuales Básicas; Impl,Creación de Tienda Virtual Básica; Desarrollo de Tienda Virtual Avanzada; Desarrollo de Tienda Virtual Básica; Implementación de Tiendas Virtuales Básicas; Implementación de tienda virtual; Tienda Online Básica: ¡Crea tu tienda virtual con facilidad y rapidez!,1,2100000,,Servicios > Desarrollo Web y E-Commerce,"clientum,servicio"
,simple,CTM-0203,Servicios de Retención de Clientes Ecommerce,1,Servicio de Desarrollo de Soluciones de Fidelización para Ecommerce: Impulsa la Retención y el Valor del Cliente; Servicios de Fidelización de Clientes Ecommerc,Servicio de Desarrollo de Soluciones de Fidelización para Ecommerce: Impulsa la Retención y el Valor del Cliente; Servicios de Fidelización de Clientes Ecommerce; Servicios de Retención de Clientes Ecommerce; Servicios de Suscripción para Ecommerce: Aumenta tus Ingresos y Fideliza Clientes,1,2175000,,Servicios > Desarrollo Web y E-Commerce,"clientum,servicio"
,simple,CTM-0204,Solución de Pasarela de Pago,1,Integración de Pasarelas de Pago; Integración de Pasarelas de Pago: Optimiza tu E-commerce con Pagos Seguros y Eficientes; Servicio de Integración de Pasarelas ,Integración de Pasarelas de Pago; Integración de Pasarelas de Pago: Optimiza tu E-commerce con Pagos Seguros y Eficientes; Servicio de Integración de Pasarelas de Pago; Servicios de Integración de Pasarelas de Pago Ecommerce; Solución de Pasarela de Pago; Solución de Pasarela de Pago: Integración y Configuración para Ecommerce,1,1725000,,Servicios > Desarrollo Web y E-Commerce,"clientum,servicio"
,simple,CTM-0205,Servicios de Gestión de Inventario Ecommerce,1,Gestión Integral de Inventario y Logística: Automatiza tu E-commerce para el Éxito; Gestión Integral de Inventario y Logística: Automatiza tu Ecommerce; Gestión,"Gestión Integral de Inventario y Logística: Automatiza tu E-commerce para el Éxito; Gestión Integral de Inventario y Logística: Automatiza tu Ecommerce; Gestión de Inventario Ecommerce: Control y Sincronización para tu Tienda Online; Gestión de Inventario Eficiente para Ecommerce: Sincronización, Automatización y Control; Servicio de Gestión de Inventario y Logística; Servicios de Gestión de Inventario Ecommerce",1,1800000,,Servicios > Desarrollo Web y E-Commerce,"clientum,servicio"
,simple,CTM-0206,Implementación de soluciones de e-commerce: Optimiza tu negocio online,1,Implementación de Sistemas de Pago Online: Potenciá tu Negocio con Soluciones Integrales; Implementación de soluciones de e-commerce: Optimiza tu negocio online,Implementación de Sistemas de Pago Online: Potenciá tu Negocio con Soluciones Integrales; Implementación de soluciones de e-commerce: Optimiza tu negocio online; Integración de Sistemas Ecommerce: Automatiza y Optimiza tu Negocio Online,1,1650000,,Servicios > Desarrollo Web y E-Commerce,"clientum,servicio"
,simple,CTM-0207,Mantenimiento de sitios web,1,Mantenimiento de Aplicaciones Web; Mantenimiento de sitios web,Mantenimiento de Aplicaciones Web; Mantenimiento de sitios web,1,1575000,,Servicios > Desarrollo Web y E-Commerce,"clientum,servicio"
,simple,CTM-0208,Consultoría de UX,1,Consultoría básica en UX/UI (opcional); Consultoría de UX; Consultoría en Diseño de E-Commerce; Consultoría en E-commerce; Consultoría en Estrategias de E-Comme,Consultoría básica en UX/UI (opcional); Consultoría de UX; Consultoría en Diseño de E-Commerce; Consultoría en E-commerce; Consultoría en Estrategias de E-Commerce; Consultoría en experiencia del usuario (UX),1,1350000,,Servicios > Desarrollo Web y E-Commerce,"clientum,servicio"
,simple,CTM-0209,Diseño de Tienda Virtual: Crea una Experiencia de Compra Inolvidable,1,Diseño de Tienda Virtual: Crea una Experiencia de Compra Inolvidable; Diseño de Tienda Virtual: Creá una Experiencia de Compra Online Inolvidable,Diseño de Tienda Virtual: Crea una Experiencia de Compra Inolvidable; Diseño de Tienda Virtual: Creá una Experiencia de Compra Online Inolvidable,1,1425000,,Servicios > Desarrollo Web y E-Commerce,"clientum,servicio"
,simple,CTM-0210,Servicios Web,1,Servicios Web; Servicios de Pagos Ecommerce,Servicios Web; Servicios de Pagos Ecommerce,1,1500000,,Servicios > Desarrollo Web y E-Commerce,"clientum,servicio"
,simple,CTM-0211,Optimización de Performance Web,1,Optimización de Performance Web,Optimización de Performance Web,1,1575000,,Servicios > Desarrollo Web y E-Commerce,"clientum,servicio"
,simple,CTM-0212,Servicio de Envío y Logística,1,"Servicio de Entrega y Logística Ecommerce; Servicio de Entrega y Logística para Ecommerce: Integración, Seguimiento y Optimización; Servicio de Envío y Logístic","Servicio de Entrega y Logística Ecommerce; Servicio de Entrega y Logística para Ecommerce: Integración, Seguimiento y Optimización; Servicio de Envío y Logística; Servicio de Envío y Logística: Integración y Optimización para Ecommerce; Servicios de Logística Ecommerce; Servicios de Logística para Ecommerce: Optimiza tu Cadena de Suministro",1,1275000,,Servicios > Desarrollo Web y E-Commerce,"clientum,servicio"
,simple,CTM-0213,Optimización de Tienda Virtual: Mejora tu rendimiento y aumenta tus ventas,1,Optimización de Tienda Virtual: Impulsa tu rendimiento y ventas; Optimización de Tienda Virtual: Mejora tu rendimiento y aumenta tus ventas; Optimización de Tie,"Optimización de Tienda Virtual: Impulsa tu rendimiento y ventas; Optimización de Tienda Virtual: Mejora tu rendimiento y aumenta tus ventas; Optimización de Tiendas Online: Aumenta el Tráfico, las Ventas y la Satisfacción del Cliente; Optimización de Tiendas Online: Mejora el Rendimiento, Aumenta las Ventas y Satisface a tus Clientes; Optimización del Rendimiento: Mejora la Velocidad, Eficiencia y Fiabilidad de tu Sitio Web",1,975000,,Servicios > Desarrollo Web y E-Commerce,"clientum,servicio"
,simple,CTM-0214,Implementación de Módulos Adicionales: Mejora tu Sitio Web con Funcionalidades Esenciales,1,Implementación de Módulos Adicionales: Mejora tu Sitio Web con Funcionalidades Esenciales; Integración de Funcionalidades Extra: Mejora tu Experiencia Digital,Implementación de Módulos Adicionales: Mejora tu Sitio Web con Funcionalidades Esenciales; Integración de Funcionalidades Extra: Mejora tu Experiencia Digital,1,1050000,,Servicios > Desarrollo Web y E-Commerce,"clientum,servicio"
,simple,CTM-0215,¡Crea tu Tienda Online Básica y Vende en Internet Hoy!,1,¡Crea tu Tienda Online Básica y Vende en Internet Hoy!,¡Crea tu Tienda Online Básica y Vende en Internet Hoy!,1,1125000,,Servicios > Desarrollo Web y E-Commerce,"clientum,servicio"
,simple,CTM-0216,Diseño de sitio web corporativo,1,Diseño de sitio web corporativo,Diseño de sitio web corporativo,1,1200000,,Servicios > Desarrollo Web y E-Commerce,"clientum,servicio"
,simple,CTM-0217,Plan Tienda Online Basico pagado cada 1 mes,1,Plan Tienda Online Basico pagado cada 1 mes; Plan Tienda Online Marketplace pagado cada 1 mes; Plan Tienda Online Mayorista pagado cada 1 mes; Plan Tienda Onlin,Plan Tienda Online Basico pagado cada 1 mes; Plan Tienda Online Marketplace pagado cada 1 mes; Plan Tienda Online Mayorista pagado cada 1 mes; Plan Tienda Online Minorista pagado cada 1 mes,1,900000,,Servicios > Desarrollo Web y E-Commerce,"clientum,servicio"
,simple,CTM-0218,Hasta 5 páginas: ¡Crea sitios web impresionantes con facilidad!,1,Hasta 5 páginas: ¡Crea sitios web impresionantes con facilidad!,Hasta 5 páginas: ¡Crea sitios web impresionantes con facilidad!,1,525000,,Servicios > Desarrollo Web y E-Commerce,"clientum,servicio"
,simple,CTM-0219,Implementacion Sitio Web Institucional,1,Implementacion Sitio Web Institucional; Plan Sitio web Institucional pagado cada 1 año; Plan Sitio web Institucional pagado cada 1 mes,Implementacion Sitio Web Institucional; Plan Sitio web Institucional pagado cada 1 año; Plan Sitio web Institucional pagado cada 1 mes,1,600000,,Servicios > Desarrollo Web y E-Commerce,"clientum,servicio"
,simple,CTM-0220,<strong>Ítem: La solución definitiva para tus necesidades</strong>,1,<strong>Ítem: La solución definitiva para tus necesidades</strong>,<strong>Ítem: La solución definitiva para tus necesidades</strong>,1,675000,,Servicios > Desarrollo Web y E-Commerce,"clientum,servicio"
,simple,CTM-0221,Plan Básico Web: ¡Tu sitio web profesional al alcance de tu mano!,1,Desarrollo Web Premium: Creá tu sitio web profesional y optimizado; Diseño y Desarrollo de Sitio Web Básico: Crea tu presencia en línea profesional; Diseño y de,Desarrollo Web Premium: Creá tu sitio web profesional y optimizado; Diseño y Desarrollo de Sitio Web Básico: Crea tu presencia en línea profesional; Diseño y desarrollo web básico: crea tu sitio web profesional hoy; Plan Básico Web: ¡Tu sitio web profesional al alcance de tu mano!,1,712500,,Servicios > Desarrollo Web y E-Commerce,"clientum,servicio"
,simple,CTM-0222,Plantillas prediseñadas: ¡Crea contenido impactante en minutos!,1,Plantillas prediseñadas: ¡Crea contenido impactante en minutos!,Plantillas prediseñadas: ¡Crea contenido impactante en minutos!,1,825000,,Servicios > Desarrollo Web y E-Commerce,"clientum,servicio"
,simple,CTM-0223,Diseño Personalizado Completo: Crea tu Propia Marca Única,1,Diseño Personalizado Completo: Crea tu Propia Marca Única,Diseño Personalizado Completo: Crea tu Propia Marca Única,1,900000,,Servicios > Desarrollo Web y E-Commerce,"clientum,servicio"
,simple,CTM-0224,Implementación de ERP Oracle e-Business Suite,1,Implementación de ERP Oracle e-Business Suite,Implementación de ERP Oracle e-Business Suite,1,9750000,,Servicios > ERP y CRM,"clientum,servicio"
,simple,CTM-0225,Implementación de ERP Microsoft Dynamics 365,1,Implementación de ERP Microsoft Dynamics 365; Migración de ERP SAP a ERP Microsoft Dynamics 365; Servicio de Soporte y Mantenimiento de ERP Microsoft Dynamics 3,Implementación de ERP Microsoft Dynamics 365; Migración de ERP SAP a ERP Microsoft Dynamics 365; Servicio de Soporte y Mantenimiento de ERP Microsoft Dynamics 365,1,9600000,,Servicios > ERP y CRM,"clientum,servicio"
,simple,CTM-0226,Migración de ERP SAP a Odoo,1,Migración de ERP SAP a Odoo,Migración de ERP SAP a Odoo,1,9375000,,Servicios > ERP y CRM,"clientum,servicio"
,simple,CTM-0227,Integración de ERP SAP con Herramientas de BI,1,Integración de ERP SAP con Herramientas de BI,Integración de ERP SAP con Herramientas de BI,1,9525000,,Servicios > ERP y CRM,"clientum,servicio"
,simple,CTM-0228,Actualización De Versión CRM,1,Actualización De Versión CRM; Actualización de ERP SAP a Última Versión,Actualización De Versión CRM; Actualización de ERP SAP a Última Versión,1,9300000,,Servicios > ERP y CRM,"clientum,servicio"
,simple,CTM-0229,Desarrollo de software personalizado,1,Desarrollo de Módulos Personalizados para ERP Odoo; Desarrollo de Soluciones Personalizadas de CRM; Desarrollo de Soluciones Personalizadas para ERP Microsoft D,Desarrollo de Módulos Personalizados para ERP Odoo; Desarrollo de Soluciones Personalizadas de CRM; Desarrollo de Soluciones Personalizadas para ERP Microsoft Dynamics 365; Desarrollo de Soluciones Personalizadas para ERP Odoo; Desarrollo de software personalizado; Servicios de Desarrollo de Extensiones ERP,1,9150000,,Servicios > ERP y CRM,"clientum,servicio"
,simple,CTM-0230,Implementación de ERP,1,Implementación ERP; Implementación de ERP; Implementación de ERP Odoo; Implementación de ERP: Soluciones personalizadas para optimizar tu gestión empresarial; I,Implementación ERP; Implementación de ERP; Implementación de ERP Odoo; Implementación de ERP: Soluciones personalizadas para optimizar tu gestión empresarial; Implementación de soluciones de gestión de recursos empresariales (ERP); Paquete de implementación de solución ERP,1,9075000,,Servicios > ERP y CRM,"clientum,servicio"
,simple,CTM-0231,Consultoría en Innovación Tecnológica,1,Consultoría en Innovación Tecnológica,Consultoría en Innovación Tecnológica,1,8925000,,Servicios > ERP y CRM,"clientum,servicio"
,simple,CTM-0232,Servicios de Integración de ERP con otras Aplicaciones,1,Integración ERP: Automatiza tu gestión empresarial conectando tus aplicaciones; Integración de aplicaciones; Servicios de Integración de Aplicaciones Empresaria,Integración ERP: Automatiza tu gestión empresarial conectando tus aplicaciones; Integración de aplicaciones; Servicios de Integración de Aplicaciones Empresariales (EAI); Servicios de Integración de ERP con otras Aplicaciones,1,8550000,,Servicios > ERP y CRM,"clientum,servicio"
,simple,CTM-0233,Transformación Digital Asistida,1,Asesoramiento en Transformación Digital; Asesoría en Transformación Digital; Asesoría en Transformación Digital y Organizacional; Consultoría en Transformación ,Asesoramiento en Transformación Digital; Asesoría en Transformación Digital; Asesoría en Transformación Digital y Organizacional; Consultoría en Transformación Digital Asistida; Consultoría en Transformación Digital y Desarrollo Digital; Consultoría en Transformación Organizacional y Desarrollo Digital,1,8700000,,Servicios > ERP y CRM,"clientum,servicio"
,simple,CTM-0234,$1000: La solución integral para tus necesidades financieras,1,$1000: La solución integral para tus necesidades financieras,$1000: La solución integral para tus necesidades financieras,1,8775000,,Servicios > ERP y CRM,"clientum,servicio"
,simple,CTM-0235,Gestión de la cadena de suministro,1,Gestión de la Cadena de Suministro (SCM); Gestión de la cadena de suministro; Implementación de Soluciones de Gestión de la Cadena de Suministro; Implementación,Gestión de la Cadena de Suministro (SCM); Gestión de la cadena de suministro; Implementación de Soluciones de Gestión de la Cadena de Suministro; Implementación de Soluciones de Gestión de la Cadena de Suministro (SCM); Implementación de soluciones de gestión de la cadena de suministro (SCM) con analítica avanzada; Implementación de soluciones de gestión de la cadena de suministro (SCM) con inteligencia artificial y analítica predictiva,1,8325000,,Servicios > ERP y CRM,"clientum,servicio"
,simple,CTM-0236,Project Management Platforms,1,Project Management Platforms,Project Management Platforms,1,8475000,,Servicios > ERP y CRM,"clientum,servicio"
,simple,CTM-0237,Soporte Avanzado ERP,1,Implementación de CRM Avanzado; Soporte Avanzado ERP,Implementación de CRM Avanzado; Soporte Avanzado ERP,1,8250000,,Servicios > ERP y CRM,"clientum,servicio"
,simple,CTM-0238,Gestión de proyectos y portafolio,1,Gestión de Proyectos; Gestión de Proyectos Adicionales: Optimiza tus proyectos con herramientas avanzadas; Gestión de proyectos y portafolio; Implementación de ,Gestión de Proyectos; Gestión de Proyectos Adicionales: Optimiza tus proyectos con herramientas avanzadas; Gestión de proyectos y portafolio; Implementación de Soluciones de Gestión de Proyectos y Portafolio; Implementación de soluciones de gestión de proyectos y portafolio con analítica y automatización; Plataforma de Gestión de Proyectos de TI,1,8100000,,Servicios > ERP y CRM,"clientum,servicio"
,simple,CTM-0239,Consultoría en experiencia del cliente,1,Consultoría en Gestión de la Experiencia del Cliente (CX); Consultoría en experiencia del cliente; Gestión de la Experiencia del Empleado (EX); Gestión de la ex,"Consultoría en Gestión de la Experiencia del Cliente (CX); Consultoría en experiencia del cliente; Gestión de la Experiencia del Empleado (EX); Gestión de la experiencia del cliente (CX); Gestión de la experiencia del empleado: Mejora el compromiso, la productividad y la retención; Implementación de Soluciones de Gestión de la Experiencia del Cliente",1,7875000,,Servicios > ERP y CRM,"clientum,servicio"
,simple,CTM-0240,Implementación de CRM,1,Implementación de CRM; Implementación de Soluciones de CRM; Implementación de soluciones CRM; Servicios de implementación de soluciones de gestión de la relació,Implementación de CRM; Implementación de Soluciones de CRM; Implementación de soluciones CRM; Servicios de implementación de soluciones de gestión de la relación con el cliente (CRM),1,7950000,,Servicios > ERP y CRM,"clientum,servicio"
,simple,CTM-0241,Gestión de la Producción,1,Gestión de la Producción; Planificación de Producción; Supervisión de procesos de producción,Gestión de la Producción; Planificación de Producción; Supervisión de procesos de producción,1,7725000,,Servicios > ERP y CRM,"clientum,servicio"
,simple,CTM-0242,Optimización de Inventarios,1,Gestión Inteligente de Inventarios y Abastecimiento; Gestión Inteligente de Inventarios y Logística; Gestión de Inventarios; Gestión de Inventarios Mayoristas; ,Gestión Inteligente de Inventarios y Abastecimiento; Gestión Inteligente de Inventarios y Logística; Gestión de Inventarios; Gestión de Inventarios Mayoristas; Implementación de soluciones de gestión de inventarios; Optimización de Inventarios,1,7425000,,Servicios > ERP y CRM,"clientum,servicio"
,simple,CTM-0243,Integración de Sistemas ERP,1,Integración de Sistemas ERP; Sistema POS Integrado; Soporte para Integración de Sistemas,Integración de Sistemas ERP; Sistema POS Integrado; Soporte para Integración de Sistemas,1,7500000,,Servicios > ERP y CRM,"clientum,servicio"
,simple,CTM-0244,Servicios de Certificación y Validación de ERP,1,Servicios de Certificación y Validación de ERP; Servicios de Certificación y Validación de ERP: Garantía de Cumplimiento y Eficiencia,Servicios de Certificación y Validación de ERP; Servicios de Certificación y Validación de ERP: Garantía de Cumplimiento y Eficiencia,1,7650000,,Servicios > ERP y CRM,"clientum,servicio"
,simple,CTM-0245,Gestión de Talento y RRHH,1,Gestión de RRHH; Gestión de Talento y RRHH; Gestión del Talento con IA,Gestión de RRHH; Gestión de Talento y RRHH; Gestión del Talento con IA,1,7200000,,Servicios > ERP y CRM,"clientum,servicio"
,simple,CTM-0246,ERP para Servicios,1,CRM para Servicios; ERP para Servicios; Gestión de Servicios; Integración ERP y CRM para Servicios; Personalización y Capacitación para Servicios; Servicios de ,CRM para Servicios; ERP para Servicios; Gestión de Servicios; Integración ERP y CRM para Servicios; Personalización y Capacitación para Servicios; Servicios de Integración de Módulos ERP,1,7275000,,Servicios > ERP y CRM,"clientum,servicio"
,simple,CTM-0247,Integración ERP: Sincroniza tu tienda online y ERP para una gestión eficiente,1,Integración ERP: Sincroniza tu tienda online con tu sistema de gestión; Integración ERP: Sincroniza tu tienda online con tu sistema de gestión empresarial; Inte,Integración ERP: Sincroniza tu tienda online con tu sistema de gestión; Integración ERP: Sincroniza tu tienda online con tu sistema de gestión empresarial; Integración ERP: Sincroniza tu tienda online y ERP para una gestión eficiente,1,7050000,,Servicios > ERP y CRM,"clientum,servicio"
,simple,CTM-0248,Implementación de ERP para Retail y Distribuidores,1,ERP para Distribuidores y Mayoristas; ERP para Mayoristas (B2B); ERP para Minoristas; ERP para Minoristas (B2C),ERP para Distribuidores y Mayoristas; ERP para Mayoristas (B2B); ERP para Minoristas; ERP para Minoristas (B2C),1,6900000,,Servicios > ERP y CRM,"clientum,servicio"
,simple,CTM-0249,Auditoría de sistemas,1,"Auditoría de sistemas; Auditoría y Optimización de ERP: Mejora de Procesos, Seguridad y Rendimiento; Servicios de Auditoría y Optimización de ERP","Auditoría de sistemas; Auditoría y Optimización de ERP: Mejora de Procesos, Seguridad y Rendimiento; Servicios de Auditoría y Optimización de ERP",1,6825000,,Servicios > ERP y CRM,"clientum,servicio"
,simple,CTM-0250,Gestión de Mantenimiento,1,Gestión de Mantenimiento; Implementación de Soluciones de Gestión de Activos y Mantenimiento Predictivo; Implementación de soluciones de gestión de mantenimient,Gestión de Mantenimiento; Implementación de Soluciones de Gestión de Activos y Mantenimiento Predictivo; Implementación de soluciones de gestión de mantenimiento; Mantenimiento Predictivo; Mantenimiento Preventivo y Correctivo; Mantenimiento de Infraestructura TI,1,6225000,,Servicios > ERP y CRM,"clientum,servicio"
,simple,CTM-0251,Servicios de Integración de ERP Ecommerce,1,Asistencia en la Implementación de Suscripciones en Ecommerce; Integración ERP para Ecommerce: Sincroniza y Automatiza tus Procesos; Servicio de Gestión de Inve,Asistencia en la Implementación de Suscripciones en Ecommerce; Integración ERP para Ecommerce: Sincroniza y Automatiza tus Procesos; Servicio de Gestión de Inventario y Logística: Optimiza tu Ecommerce; Servicios de Integración de ERP Ecommerce; Servicios de Integración de Sistemas Ecommerce,1,6375000,,Servicios > ERP y CRM,"clientum,servicio"
,simple,CTM-0252,Implementación de CRM para Retail y Distribuidores,1,CRM para Distribuidores y Mayoristas; CRM para Mayoristas (B2B); CRM para Minoristas; CRM para Minoristas (B2C),CRM para Distribuidores y Mayoristas; CRM para Mayoristas (B2B); CRM para Minoristas; CRM para Minoristas (B2C),1,6450000,,Servicios > ERP y CRM,"clientum,servicio"
,simple,CTM-0253,ERP para Manufactura,1,CRM para Manufactura; ERP para Manufactura; Integración ERP y CRM para Manufactura,CRM para Manufactura; ERP para Manufactura; Integración ERP y CRM para Manufactura,1,6600000,,Servicios > ERP y CRM,"clientum,servicio"
,simple,CTM-0254,Soporte a Usuarios Clave CRM,1,Configuración de Usuarios: Gestiona tus usuarios de forma fácil y eficiente; Soporte a Usuarios Clave CRM; Soporte a Usuarios Clave ERP,Configuración de Usuarios: Gestiona tus usuarios de forma fácil y eficiente; Soporte a Usuarios Clave CRM; Soporte a Usuarios Clave ERP,1,6675000,,Servicios > ERP y CRM,"clientum,servicio"
,simple,CTM-0255,Gestión de Documentos,1,Desarrollo de soluciones de gestión documental; Gestión de Documentos; Implementación de soluciones de gestión documental; Plataforma de Gestión de Documentos,Desarrollo de soluciones de gestión documental; Gestión de Documentos; Implementación de soluciones de gestión documental; Plataforma de Gestión de Documentos,1,6000000,,Servicios > ERP y CRM,"clientum,servicio"
,simple,CTM-0256,ERP para Agroindustria,1,CRM para Agroindustria; ERP para Agroindustria; Integración ERP y CRM para Agroindustria,CRM para Agroindustria; ERP para Agroindustria; Integración ERP y CRM para Agroindustria,1,6075000,,Servicios > ERP y CRM,"clientum,servicio"
,simple,CTM-0257,Asesoría en Cumplimiento Normativo,1,Asesoría en Cumplimiento Normativo; Implementación de Políticas de Cumplimiento,Asesoría en Cumplimiento Normativo; Implementación de Políticas de Cumplimiento,1,5850000,,Servicios > ERP y CRM,"clientum,servicio"
,simple,CTM-0258,Gestión de Calidad,1,Control de Calidad; Control de Calidad de Productos; Gestión de Calidad; Implementación de Sistema de Gestión de Calidad; Implementación de sistemas de gestión ,Control de Calidad; Control de Calidad de Productos; Gestión de Calidad; Implementación de Sistema de Gestión de Calidad; Implementación de sistemas de gestión de calidad; Implementación de soluciones de gestión de la calidad total,1,5550000,,Servicios > ERP y CRM,"clientum,servicio"
,simple,CTM-0259,Consultoría Inicial para Servicios,1,Consultoría CX; Consultoría En Optimización De Procesos; Consultoría Inicial para Servicios; Consultoría en gestión de la experiencia del cliente (CX) y optimiz,Consultoría CX; Consultoría En Optimización De Procesos; Consultoría Inicial para Servicios; Consultoría en gestión de la experiencia del cliente (CX) y optimización de procesos centrados en el usuario; Consultoría y Mantenimiento Completo para Servicios; Servicios de Consultoría Estratégica en ERP,1,5625000,,Servicios > ERP y CRM,"clientum,servicio"
,simple,CTM-0260,Implementación Básica: La solución integral para tu negocio,1,Implementación Básica: La solución integral para tu negocio; Plan Básico PYME: Solución integral para el crecimiento de tu negocio,Implementación Básica: La solución integral para tu negocio; Plan Básico PYME: Solución integral para el crecimiento de tu negocio,1,5775000,,Servicios > ERP y CRM,"clientum,servicio"
,simple,CTM-0261,Gestión de Ventas,1,Gestión de Ventas; Gestión de Ventas y Clientes,Gestión de Ventas; Gestión de Ventas y Clientes,1,5400000,,Servicios > ERP y CRM,"clientum,servicio"
,simple,CTM-0262,Recursos humanos,1,Consultoría en gestión de recursos humanos; Gestión de recursos humanos; Gestión de talento y recursos humanos; Implementación de Soluciones de Gestión de Talen,Consultoría en gestión de recursos humanos; Gestión de recursos humanos; Gestión de talento y recursos humanos; Implementación de Soluciones de Gestión de Talento y Recursos Humanos; Implementación de sistemas de gestión de recursos humanos; Implementación de soluciones de gestión de recursos humanos (RRHH),1,5250000,,Servicios > ERP y CRM,"clientum,servicio"
,simple,CTM-0263,Plataforma de Administración de Propiedades,1,Administración de Clientes; Administración de Recursos; Plataforma de Administración de Propiedades,Administración de Clientes; Administración de Recursos; Plataforma de Administración de Propiedades,1,5025000,,Servicios > ERP y CRM,"clientum,servicio"
,simple,CTM-0264,Integración ERP y CRM para Retail y Distribuidores,1,Integración ERP y CRM para Distribuidores; Integración ERP y CRM para Mayoristas (B2B); Integración ERP y CRM para Minoristas; Integración ERP y CRM para Minori,Integración ERP y CRM para Distribuidores; Integración ERP y CRM para Mayoristas (B2B); Integración ERP y CRM para Minoristas; Integración ERP y CRM para Minoristas (B2C),1,5175000,,Servicios > ERP y CRM,"clientum,servicio"
,simple,CTM-0265,Plataforma de Facturación y Pagos,1,Facturación Electrónica; Facturación de Servicios; Optimización de Procesos de Facturación y Pagos; Plataforma de Facturación y Pagos,Facturación Electrónica; Facturación de Servicios; Optimización de Procesos de Facturación y Pagos; Plataforma de Facturación y Pagos,1,4950000,,Servicios > ERP y CRM,"clientum,servicio"
,simple,CTM-0266,Contabilidad y finanzas,1,Contabilidad y finanzas; Código de contabilidad (compra de importación); Servicios de contabilidad y finanzas,Contabilidad y finanzas; Código de contabilidad (compra de importación); Servicios de contabilidad y finanzas,1,4725000,,Servicios > ERP y CRM,"clientum,servicio"
,simple,CTM-0267,Implementación de Soluciones de Gestión de Activos Intangibles: Optimiza y Protege tus Recursos Valiosos,1,Gestión de activos; Implementación de Soluciones de Gestión de Activos Intangibles: Optimiza y Protege tus Recursos Valiosos,Gestión de activos; Implementación de Soluciones de Gestión de Activos Intangibles: Optimiza y Protege tus Recursos Valiosos,1,4800000,,Servicios > ERP y CRM,"clientum,servicio"
,simple,CTM-0268,Implementación de Módulos de Gestión Empresarial a Medida,1,"Desarrollo de soluciones de gestión empresarial (ERP, CRM, etc.); Implementación de Gestión de Servicios; Implementación de soluciones de gestión ambiental; Imp","Desarrollo de soluciones de gestión empresarial (ERP, CRM, etc.); Implementación de Gestión de Servicios; Implementación de soluciones de gestión ambiental; Implementación de soluciones de gestión de operaciones; Implementación de soluciones de gestión de riesgos; Implementación de soluciones de gestión de ventas",1,4425000,,Servicios > ERP y CRM,"clientum,servicio"
,simple,CTM-0269,Support for CRM,1,Support for CRM; Support for ERP,Support for CRM; Support for ERP,1,4575000,,Servicios > ERP y CRM,"clientum,servicio"
,simple,CTM-0270,Gestión de Compras,1,Gestión de Compras; Implementación de sistemas de gestión de compras; Implementación de sistemas de gestión de transporte; Implementación de sistemas de gestión,Gestión de Compras; Implementación de sistemas de gestión de compras; Implementación de sistemas de gestión de transporte; Implementación de sistemas de gestión financiera,1,4200000,,Servicios > ERP y CRM,"clientum,servicio"
,simple,CTM-0271,Módulo de mantenimiento para Dolibarr,1,Integración de Dolibarr y WooCommerce para la Gestión de Pedidos; Módulo de mantenimiento para Dolibarr,Integración de Dolibarr y WooCommerce para la Gestión de Pedidos; Módulo de mantenimiento para Dolibarr,1,4350000,,Servicios > ERP y CRM,"clientum,servicio"
,simple,CTM-0272,Consultoría de Gestión para Distribuidores y Mayoristas,1,Consultoría Avanzada para Distribuidores y Mayoristas; Consultoría Inicial para Distribuidores y Mayoristas; Implementación Completa y Mantenimiento para Distri,Consultoría Avanzada para Distribuidores y Mayoristas; Consultoría Inicial para Distribuidores y Mayoristas; Implementación Completa y Mantenimiento para Distribuidores y Mayoristas; Implementación de Soluciones de Gestión para Distribuidores y Mayoristas; Personalización de Plataforma para Distribuidores y Mayoristas,1,3975000,,Servicios > ERP y CRM,"clientum,servicio"
,simple,CTM-0273,Integración de Datos: Conecta y Unifica Tus Datos para Decisiones Informadas,1,Integración de Datos: Conecta y Unifica Tus Datos para Decisiones Informadas; Migración de Datos a ERP: Integración Segura y Eficiente; Migración de Datos: Tran,Integración de Datos: Conecta y Unifica Tus Datos para Decisiones Informadas; Migración de Datos a ERP: Integración Segura y Eficiente; Migración de Datos: Transfiere tus datos de forma segura y eficiente,1,4125000,,Servicios > ERP y CRM,"clientum,servicio"
,simple,CTM-0274,ERP y CRM,1,ERP y CRM; Integración ERP y CRM,ERP y CRM; Integración ERP y CRM,1,3750000,,Servicios > ERP y CRM,"clientum,servicio"
,simple,CTM-0275,Integración con Terceros: Conecta tu negocio con el mundo,1,"Integración Básica: Conecta tus sistemas, automatiza procesos y optimiza tu negocio; Integración con Plataformas de Terceros: Conecta tu Negocio con el Mundo; I","Integración Básica: Conecta tus sistemas, automatiza procesos y optimiza tu negocio; Integración con Plataformas de Terceros: Conecta tu Negocio con el Mundo; Integración con Terceros: Conecta tu negocio con el mundo; Integración de CRM: Conecta tus sistemas y optimiza tu negocio",1,3900000,,Servicios > ERP y CRM,"clientum,servicio"
,simple,CTM-0276,Gestión de Proveedores,1,Desarrollo de soluciones de gestión de relaciones con proveedores; Gestión de Proveedores; Plataforma de Gestión de Asociaciones; Plataforma de Gestión de Relac,Desarrollo de soluciones de gestión de relaciones con proveedores; Gestión de Proveedores; Plataforma de Gestión de Asociaciones; Plataforma de Gestión de Relaciones Comerciales; Plataforma de Gestión de Relaciones Empresariales; Plataforma de Gestión de Relaciones con Clientes,1,3600000,,Servicios > ERP y CRM,"clientum,servicio"
,simple,CTM-0277,Evaluación de desempeño,1,Análisis de Desempeño del Sistema: Optimiza el Rendimiento y la Eficiencia; Evaluación de desempeño,Análisis de Desempeño del Sistema: Optimiza el Rendimiento y la Eficiencia; Evaluación de desempeño,1,2850000,,Servicios > ERP y CRM,"clientum,servicio"
,simple,CTM-0278,Soluciones CRM,1,Soluciones CRM; Soluciones de TI,Soluciones CRM; Soluciones de TI,1,2925000,,Servicios > ERP y CRM,"clientum,servicio"
,simple,CTM-0279,Soporte Técnico ERP,1,Mantenimiento y soporte técnico para ERP; Soporte Técnico CRM; Soporte Técnico Continuo para ERP y CRM; Soporte Técnico ERP; Soporte Técnico para ERP de Producc,Mantenimiento y soporte técnico para ERP; Soporte Técnico CRM; Soporte Técnico Continuo para ERP y CRM; Soporte Técnico ERP; Soporte Técnico para ERP de Producción,1,3075000,,Servicios > ERP y CRM,"clientum,servicio"
,simple,CTM-0280,Evaluación Inicial de Sistemas: Diagnóstico y Optimización para un Rendimiento Óptimo,1,Evaluación Inicial de Sistemas: Diagnóstico y Optimización para un Rendimiento Óptimo,Evaluación Inicial de Sistemas: Diagnóstico y Optimización para un Rendimiento Óptimo,1,3150000,,Servicios > ERP y CRM,"clientum,servicio"
,simple,CTM-0281,Mantenimiento Anual Básico: Protege tu inversión y optimiza el rendimiento de tu equipo,1,Mantenimiento Adicional: Protege tu inversión y alarga la vida útil de tus equipos; Mantenimiento Anual Básico: Protege tu inversión y optimiza el rendimiento d,Mantenimiento Adicional: Protege tu inversión y alarga la vida útil de tus equipos; Mantenimiento Anual Básico: Protege tu inversión y optimiza el rendimiento de tu equipo,1,3300000,,Servicios > ERP y CRM,"clientum,servicio"
,simple,CTM-0282,Licencia de Usuario (x10): ¡Ampliá tu alcance y potenciá tu negocio!,1,Licencia de Usuario (x10): ¡Ampliá tu alcance y potenciá tu negocio!,Licencia de Usuario (x10): ¡Ampliá tu alcance y potenciá tu negocio!,1,3375000,,Servicios > ERP y CRM,"clientum,servicio"
,simple,CTM-0283,Plan de Contingencia: Guía esencial para la preparación ante emergencias,1,Plan de Contingencia: Guía esencial para la preparación ante emergencias,Plan de Contingencia: Guía esencial para la preparación ante emergencias,1,3525000,,Servicios > ERP y CRM,"clientum,servicio"
,simple,CTM-0284,Plataforma de Gestión de Flotas,1,Plataforma de Gestión de Almacenes; Plataforma de Gestión de Flotas; Plataforma de Gestión de Flotas de Entrega; Plataforma de Gestión de Franquicias; Plataform,Plataforma de Gestión de Almacenes; Plataforma de Gestión de Flotas; Plataforma de Gestión de Flotas de Entrega; Plataforma de Gestión de Franquicias; Plataforma de Gestión de Recursos; Plataforma de Programación de Citas,1,2475000,,Servicios > ERP y CRM,"clientum,servicio"
,simple,CTM-0285,Software ERP,1,Implementación de software ERP; Software ERP; Software de Gestión de Proyectos de Construcción; ¡Gestiona tu negocio como un experto con nuestro software integr,Implementación de software ERP; Software ERP; Software de Gestión de Proyectos de Construcción; ¡Gestiona tu negocio como un experto con nuestro software integral!,1,2550000,,Servicios > ERP y CRM,"clientum,servicio"
,simple,CTM-0286,Módulo CRM Básico: Gestioná tus clientes de forma eficiente,1,Módulo CRM Básico: Gestioná tus clientes de forma eficiente,Módulo CRM Básico: Gestioná tus clientes de forma eficiente,1,2700000,,Servicios > ERP y CRM,"clientum,servicio"
,simple,CTM-0287,Optimización de Operaciones Logísticas,1,Logística de Distribución; Logística y Distribución; Optimización de Operaciones Logísticas,Logística de Distribución; Logística y Distribución; Optimización de Operaciones Logísticas,1,2250000,,Servicios > ERP y CRM,"clientum,servicio"
,simple,CTM-0288,Optimización de Estrategias de Ventas,1,Optimización de Estrategias de Compras; Optimización de Estrategias de Producción; Optimización de Estrategias de Recursos; Optimización de Estrategias de Venta,Optimización de Estrategias de Compras; Optimización de Estrategias de Producción; Optimización de Estrategias de Recursos; Optimización de Estrategias de Ventas,1,2325000,,Servicios > ERP y CRM,"clientum,servicio"
,simple,CTM-0289,5 usuarios: la solución perfecta para equipos pequeños y medianos,1,5 usuarios: la solución perfecta para equipos pequeños y medianos,5 usuarios: la solución perfecta para equipos pequeños y medianos,1,2100000,,Servicios > ERP y CRM,"clientum,servicio"
,simple,CTM-0290,Control de Pedidos,1,Control de Pedidos; Seguimiento de Pedidos; Seguimiento de Pedidos: ¡Monitoreá tus envíos en tiempo real y disfrutá de compras sin preocupaciones!,Control de Pedidos; Seguimiento de Pedidos; Seguimiento de Pedidos: ¡Monitoreá tus envíos en tiempo real y disfrutá de compras sin preocupaciones!,1,1050000,,Servicios > ERP y CRM,"clientum,servicio"
,simple,CTM-0291,Fidelización de Clientes,1,Fidelización de Clientes,Fidelización de Clientes,1,1200000,,Servicios > ERP y CRM,"clientum,servicio"
,simple,CTM-0292,Gestión de Órdenes de Trabajo,1,Gestión de Órdenes de Trabajo,Gestión de Órdenes de Trabajo,1,1275000,,Servicios > ERP y CRM,"clientum,servicio"
,simple,CTM-0293,Seguimiento de Tiempos y Costos,1,Seguimiento de Tiempos y Costos,Seguimiento de Tiempos y Costos,1,1425000,,Servicios > ERP y CRM,"clientum,servicio"
,simple,CTM-0294,Implementación de ERP y CRM para pymes: Optimiza tus procesos y crece,1,Implementación ERP Básica: Optimiza tus procesos y mejora la eficiencia; Implementación de ERP y CRM para pymes: Optimiza tus procesos y crece,Implementación ERP Básica: Optimiza tus procesos y mejora la eficiencia; Implementación de ERP y CRM para pymes: Optimiza tus procesos y crece,1,1500000,,Servicios > ERP y CRM,"clientum,servicio"
,simple,CTM-0295,Integración de Módulos ERP: Amplía las Funcionalidades de tu Sistema,1,Integración de Módulos Adicionales: Amplía las Funcionalidades de Tu Sistema; Integración de Módulos ERP: Amplía las Funcionalidades de tu Sistema,Integración de Módulos Adicionales: Amplía las Funcionalidades de Tu Sistema; Integración de Módulos ERP: Amplía las Funcionalidades de tu Sistema,1,1650000,,Servicios > ERP y CRM,"clientum,servicio"
,simple,CTM-0296,Adaptación a Cambios Regulatorios: Mantente al día con las últimas normativas,1,Adaptación a Cambios Regulatorios: Mantente al día con las últimas normativas,Adaptación a Cambios Regulatorios: Mantente al día con las últimas normativas,1,1725000,,Servicios > ERP y CRM,"clientum,servicio"
,simple,CTM-0297,"Gestión Avanzada de Datos: Centraliza, Analiza y Automatiza tus Procesos para el Éxito Empresarial",1,"Gestión Avanzada de Datos: Centraliza, Analiza y Automatiza tus Procesos para el Éxito Empresarial","Gestión Avanzada de Datos: Centraliza, Analiza y Automatiza tus Procesos para el Éxito Empresarial",1,1875000,,Servicios > ERP y CRM,"clientum,servicio"
,simple,CTM-0298,Servicios de Migración de ERP: La clave para una transformación empresarial sin problemas,1,Servicios de Migración de ERP: La clave para una transformación empresarial sin problemas,Servicios de Migración de ERP: La clave para una transformación empresarial sin problemas,1,2025000,,Servicios > ERP y CRM,"clientum,servicio"
,simple,CTM-0299,Online Learning Platforms,1,Online Learning Platforms,Online Learning Platforms,1,450000,,Servicios > Formación y Capacitación,"clientum,servicio"
,simple,CTM-0300,Gestión de Proyectos Ágiles,1,Capacitación en gestión de proyectos; Consultoría en Gestión de Proyectos; Formación en Gestión de Proyectos; Gestión de Proyectos Digitales; Gestión de Proyect,Capacitación en gestión de proyectos; Consultoría en Gestión de Proyectos; Formación en Gestión de Proyectos; Gestión de Proyectos Digitales; Gestión de Proyectos Ágiles; Gestión de Proyectos Ágiles con IA,1,450000,,Servicios > Formación y Capacitación,"clientum,servicio"
,simple,CTM-0301,Capacitación en Desarrollo Web,1,Capacitación en Desarrollo Web; Consultoría en transformación organizacional y desarrollo de capacidades digitales para el personal; Consultoría en transformaci,Capacitación en Desarrollo Web; Consultoría en transformación organizacional y desarrollo de capacidades digitales para el personal; Consultoría en transformación organizacional y desarrollo de habilidades digitales para el personal; Desarrollo De Competencias Digitales; Desarrollo de Competencias Digitales para Equipos,1,412500,,Servicios > Formación y Capacitación,"clientum,servicio"
,simple,CTM-0302,Consultoría en Estrategia de TI,1,Consultoría en Estrategia de TI,Consultoría en Estrategia de TI,1,412500,,Servicios > Formación y Capacitación,"clientum,servicio"
,simple,CTM-0303,Formación en UX/UI Design,1,Formación en UX/UI Design,Formación en UX/UI Design,1,412500,,Servicios > Formación y Capacitación,"clientum,servicio"
,simple,CTM-0304,Technology Training,1,Technology Training,Technology Training,1,375000,,Servicios > Formación y Capacitación,"clientum,servicio"
,simple,CTM-0305,Capacitación en Procesos de Negocio para ERP Odoo,1,Capacitación en Procesos de Negocio para ERP Odoo,Capacitación en Procesos de Negocio para ERP Odoo,1,375000,,Servicios > Formación y Capacitación,"clientum,servicio"
,simple,CTM-0306,Capacitación en Análisis de Datos,1,Capacitación en Análisis de Datos; Capacitación en Herramientas de Análisis de Datos; Capacitación en analítica de datos,Capacitación en Análisis de Datos; Capacitación en Herramientas de Análisis de Datos; Capacitación en analítica de datos,1,375000,,Servicios > Formación y Capacitación,"clientum,servicio"
,simple,CTM-0307,Cursos en Tecnologías Digitales,1,Cursos de Formación en Tecnologías Digitales; Cursos en Tecnologías Digitales; Formación en Tecnología Avanzada; Servicios de capacitación y entrenamiento en te,Cursos de Formación en Tecnologías Digitales; Cursos en Tecnologías Digitales; Formación en Tecnología Avanzada; Servicios de capacitación y entrenamiento en tecnologías digitales; Servicios de capacitación y formación en tecnologías digitales; Taller de Innovación en Tecnología,1,337500,,Servicios > Formación y Capacitación,"clientum,servicio"
,simple,CTM-0308,Plataforma E-Learning,1,Implementación de Plataforma de E-Learning; Implementación de soluciones de e-Learning; Mantenimiento de Plataformas de E-Learning; Plataforma E-Learning,Implementación de Plataforma de E-Learning; Implementación de soluciones de e-Learning; Mantenimiento de Plataformas de E-Learning; Plataforma E-Learning,1,337500,,Servicios > Formación y Capacitación,"clientum,servicio"
,simple,CTM-0309,Talleres y Seminarios,1,Talleres y Seminarios; Talleres y Seminarios sobre Nuevas Tecnologías,Talleres y Seminarios; Talleres y Seminarios sobre Nuevas Tecnologías,1,300000,,Servicios > Formación y Capacitación,"clientum,servicio"
,simple,CTM-0310,Capacitación en Marketing Digital,1,Capacitación en Marketing Digital,Capacitación en Marketing Digital,1,300000,,Servicios > Formación y Capacitación,"clientum,servicio"
,simple,CTM-0311,Capacitación en Uso de CRM,1,Capacitación en Uso de CMS; Capacitación en Uso de CRM,Capacitación en Uso de CMS; Capacitación en Uso de CRM,1,337500,,Servicios > Formación y Capacitación,"clientum,servicio"
,simple,CTM-0312,Capacitación empresarial,1,Capacitación empresarial; Capacitación en ERP: Optimiza tus procesos empresariales con nuestros programas personalizados; Programas de Capacitación para Empresa,Capacitación empresarial; Capacitación en ERP: Optimiza tus procesos empresariales con nuestros programas personalizados; Programas de Capacitación para Empresas,1,300000,,Servicios > Formación y Capacitación,"clientum,servicio"
,simple,CTM-0313,Capacitación en Ciberseguridad,1,Capacitación en Ciberseguridad,Capacitación en Ciberseguridad,1,262500,,Servicios > Formación y Capacitación,"clientum,servicio"
,simple,CTM-0314,Talleres de Capacitación en Gestión,1,Capacitación en Herramientas Digitales; Capacitación en Herramientas de Gestión; Capacitación y Entrenamiento en Herramientas Digitales; Programas De Capacitaci,Capacitación en Herramientas Digitales; Capacitación en Herramientas de Gestión; Capacitación y Entrenamiento en Herramientas Digitales; Programas De Capacitación En Herramientas De Gestión; Talleres de Capacitación en Gestión; Talleres de Capacitación en Herramientas de Gestión,1,262500,,Servicios > Formación y Capacitación,"clientum,servicio"
,simple,CTM-0315,Servicios de capacitación,1,Servicios de Capacitación en ERP; Servicios de Capacitación y Entrenamiento en ERP; Servicios de capacitación,Servicios de Capacitación en ERP; Servicios de Capacitación y Entrenamiento en ERP; Servicios de capacitación,1,262500,,Servicios > Formación y Capacitación,"clientum,servicio"
,simple,CTM-0316,Capacitación y formación,1,Capacitación en transformación digital; Capacitación y formación; Cursos de Formación en TI; Formación y Capacitación; Formación y Capacitación Digital; Taller ,Capacitación en transformación digital; Capacitación y formación; Cursos de Formación en TI; Formación y Capacitación; Formación y Capacitación Digital; Taller de Formación en Transformación Digital,1,225000,,Servicios > Formación y Capacitación,"clientum,servicio"
,simple,CTM-0317,Capacitación en liderazgo y gestión de equipos,1,Capacitación en liderazgo y gestión de equipos,Capacitación en liderazgo y gestión de equipos,1,225000,,Servicios > Formación y Capacitación,"clientum,servicio"
,simple,CTM-0318,Workshops and Seminars,1,Workshops and Seminars,Workshops and Seminars,1,187500,,Servicios > Formación y Capacitación,"clientum,servicio"
,simple,CTM-0319,Formación de Usuarios Avanzada: Domina tus habilidades y lleva tu productividad al siguiente nivel,1,Capacitación Avanzada: Dominá las últimas tendencias y llevá tu carrera al siguiente nivel; Capacitación en Nuevas Funcionalidades: ¡Mejora tus habilidades y ll,Capacitación Avanzada: Dominá las últimas tendencias y llevá tu carrera al siguiente nivel; Capacitación en Nuevas Funcionalidades: ¡Mejora tus habilidades y lleva tu negocio al siguiente nivel!; Formación de Usuarios Avanzada: Domina tus habilidades y lleva tu productividad al siguiente nivel,1,187500,,Servicios > Formación y Capacitación,"clientum,servicio"
,simple,CTM-0320,Capacitación en inteligencia artificial,1,Capacitación en inteligencia artificial,Capacitación en inteligencia artificial,1,225000,,Servicios > Formación y Capacitación,"clientum,servicio"
,simple,CTM-0321,Capacitación en habilidades blandas,1,Capacitación Inicial: ¡Adquirí las habilidades esenciales para el éxito!; Capacitación Inicial: ¡Adquirí las habilidades esenciales para triunfar!; Capacitación,Capacitación Inicial: ¡Adquirí las habilidades esenciales para el éxito!; Capacitación Inicial: ¡Adquirí las habilidades esenciales para triunfar!; Capacitación en habilidades blandas; Capacitación en habilidades digitales,1,150000,,Servicios > Formación y Capacitación,"clientum,servicio"
,simple,CTM-0322,Taller de emprendimiento,1,Taller de emprendimiento,Taller de emprendimiento,1,187500,,Servicios > Formación y Capacitación,"clientum,servicio"
,simple,CTM-0323,Plataforma de Aprendizaje en Línea,1,Plataforma de Aprendizaje en Línea,Plataforma de Aprendizaje en Línea,1,150000,,Servicios > Formación y Capacitación,"clientum,servicio"
,simple,CTM-0324,Formación en idiomas,1,Cursos de idiomas online; Formación en idiomas,Cursos de idiomas online; Formación en idiomas,1,142500,,Servicios > Formación y Capacitación,"clientum,servicio"
,simple,CTM-0325,Capacitación básica en CMS: Domina los fundamentos para gestionar tu sitio web,1,Capacitación Inicial en CMS: Domina la Gestión de Contenidos para tu Sitio Web; Capacitación Integral en Gestión Web: Domina el Arte de Crear y Administrar Siti,Capacitación Inicial en CMS: Domina la Gestión de Contenidos para tu Sitio Web; Capacitación Integral en Gestión Web: Domina el Arte de Crear y Administrar Sitios Web Exitosos; Capacitación básica en CMS: Domina los fundamentos para gestionar tu sitio web,1,90000,,Servicios > Formación y Capacitación,"clientum,servicio"
,simple,CTM-0326,Capacitación Integral en E-Commerce: Domina el Comercio Electrónico y Potencia tu Negocio,1,Capacitación Avanzada en E-Commerce: Domina las Estrategias y Herramientas para Impulsar tu Negocio Online; Capacitación Integral en E-Commerce: Domina el Comer,Capacitación Avanzada en E-Commerce: Domina las Estrategias y Herramientas para Impulsar tu Negocio Online; Capacitación Integral en E-Commerce: Domina el Comercio Electrónico y Potencia tu Negocio,1,105000,,Servicios > Formación y Capacitación,"clientum,servicio"
,simple,CTM-0327,Capacitación básica: el primer paso para tu éxito profesional,1,Capacitación básica: el primer paso para tu éxito profesional,Capacitación básica: el primer paso para tu éxito profesional,1,112500,,Servicios > Formación y Capacitación,"clientum,servicio"
,simple,CTM-0328,Capacitación y Entrenamiento en ERP: Maximiza la Adopción y Aprovechamiento de tu Sistema,1,Capacitación y Entrenamiento en ERP: Maximiza la Adopción y Aprovechamiento de tu Sistema,Capacitación y Entrenamiento en ERP: Maximiza la Adopción y Aprovechamiento de tu Sistema,1,127500,,Servicios > Formación y Capacitación,"clientum,servicio"
,simple,CTM-0329,Personalización de Experiencias en Tiempo Real,1,Personalización de Experiencias en Tiempo Real,Personalización de Experiencias en Tiempo Real,1,900000,,Servicios > Marketing Digital,"clientum,servicio"
,simple,CTM-0330,Servicio de Desarrollo de Programa de Afiliación: Aumenta el Tráfico y las Ventas de tu Ecommerce,1,Servicio de Desarrollo de Programa de Afiliación: Aumenta el Tráfico y las Ventas de tu Ecommerce; Servicio de Desarrollo de Programa de Afiliación: Impulsa tu ,Servicio de Desarrollo de Programa de Afiliación: Aumenta el Tráfico y las Ventas de tu Ecommerce; Servicio de Desarrollo de Programa de Afiliación: Impulsa tu E-commerce con Alianzas Estratégicas,1,900000,,Servicios > Marketing Digital,"clientum,servicio"
,simple,CTM-0331,Segmentación Avanzada para Estrategias de Marketing,1,"Segmentación Avanzada para Estrategias de Marketing; Servicio de Email Marketing para Ecommerce: Segmentación, Diseño, Contenido, Monitoreo y Optimización; Serv","Segmentación Avanzada para Estrategias de Marketing; Servicio de Email Marketing para Ecommerce: Segmentación, Diseño, Contenido, Monitoreo y Optimización; Servicio de Implementación de Estrategia de Email Marketing; Servicio de Implementación de Estrategia de Email Marketing para Ecommerce: Automatización, Segmentación y Optimización",1,825000,,Servicios > Marketing Digital,"clientum,servicio"
,simple,CTM-0332,Recomendaciones de Productos Personalizadas,1,Recomendaciones de Productos Personalizadas,Recomendaciones de Productos Personalizadas,1,900000,,Servicios > Marketing Digital,"clientum,servicio"
,simple,CTM-0333,Content Creation and Management,1,Content Creation and Management,Content Creation and Management,1,825000,,Servicios > Marketing Digital,"clientum,servicio"
,simple,CTM-0334,Campaña de publicidad,1,Campaña de publicidad; Campaña de publicidad display; Servicio de Gestión de Campañas de Publicidad Digital; Servicio de Publicidad Digital; Servicio de Publici,Campaña de publicidad; Campaña de publicidad display; Servicio de Gestión de Campañas de Publicidad Digital; Servicio de Publicidad Digital; Servicio de Publicidad Paid; Servicios de Publicidad Ecommerce,1,825000,,Servicios > Marketing Digital,"clientum,servicio"
,simple,CTM-0335,SEO Basic Package,1,Advanced SEO Package; SEO Basic Package,Advanced SEO Package; SEO Basic Package,1,750000,,Servicios > Marketing Digital,"clientum,servicio"
,simple,CTM-0336,Social Media Management,1,Campaña de social media; Social Media Management,Campaña de social media; Social Media Management,1,750000,,Servicios > Marketing Digital,"clientum,servicio"
,simple,CTM-0337,Graphic Design Services,1,Graphic Design Services,Graphic Design Services,1,825000,,Servicios > Marketing Digital,"clientum,servicio"
,simple,CTM-0338,Diseño gráfico,1,Diseño gráfico; Diseño gráfico y branding; Servicios de diseño gráfico; Servicios de diseño gráfico y multimedia,Diseño gráfico; Diseño gráfico y branding; Servicios de diseño gráfico; Servicios de diseño gráfico y multimedia,1,825000,,Servicios > Marketing Digital,"clientum,servicio"
,simple,CTM-0339,Filmación de video corporativo,1,Filmación de video corporativo,Filmación de video corporativo,1,825000,,Servicios > Marketing Digital,"clientum,servicio"
,simple,CTM-0340,Generación De Leads,1,Facilita la ideación y generación de contenidos; Generación Automática de Contenido; Generación De Leads; Generación de Contenido Personalizado; Generación de C,Facilita la ideación y generación de contenidos; Generación Automática de Contenido; Generación De Leads; Generación de Contenido Personalizado; Generación de Contenido Personalizado y Relevante; Generación de Leads y Automatización de Marketing,1,750000,,Servicios > Marketing Digital,"clientum,servicio"
,simple,CTM-0341,Estrategia de SEO,1,Desarrollo De Estrategias Digitales; Desarrollo de Estrategias de Marketing Digital; Estrategia de SEO; Estrategias de Marketing Digital; Estrategias de SEO; Es,Desarrollo De Estrategias Digitales; Desarrollo de Estrategias de Marketing Digital; Estrategia de SEO; Estrategias de Marketing Digital; Estrategias de SEO; Estrategias de SEO y SEM,1,712500,,Servicios > Marketing Digital,"clientum,servicio"
,simple,CTM-0342,Servicios de Marketing Multicanal Ecommerce,1,Estrategia de Marketing Digital para Ecommerce: Impulsa tu Tienda Virtual; Estrategia de Marketing Digital para Ecommerce: Impulsa tu Tienda Virtual con Análisi,"Estrategia de Marketing Digital para Ecommerce: Impulsa tu Tienda Virtual; Estrategia de Marketing Digital para Ecommerce: Impulsa tu Tienda Virtual con Análisis, SEO, Redes Sociales y PPC; Optimización SEO para Ecommerce: Impulsa tu tienda virtual al éxito; Servicios de Marketing Multicanal Ecommerce; Servicios de Marketing Multicanal para Ecommerce: Impulsa tu Tienda Virtual con Alcance Amplio, Personalización y Optimización; Servicios de Publicidad para Ecommerce: Impulsa tu Tienda Virtual",1,750000,,Servicios > Marketing Digital,"clientum,servicio"
,simple,CTM-0343,Animación 2D,1,Animación 2D; Animación 3D,Animación 2D; Animación 3D,1,712500,,Servicios > Marketing Digital,"clientum,servicio"
,simple,CTM-0344,Producción de video,1,Producción de contenido audiovisual; Producción de podcast; Producción de video; Producción de video corporativo,Producción de contenido audiovisual; Producción de podcast; Producción de video; Producción de video corporativo,1,675000,,Servicios > Marketing Digital,"clientum,servicio"
,simple,CTM-0345,Automatización de Campañas de Marketing,1,Automatización de Campañas de Marketing; Automatización de Marketing; Automatización de campañas de marketing con IA; Desarrollo de soluciones de automatización,Automatización de Campañas de Marketing; Automatización de Marketing; Automatización de campañas de marketing con IA; Desarrollo de soluciones de automatización de marketing; Implementación de soluciones de automatización de marketing; Implementación de soluciones de automatización de marketing y personalización de campañas a escala,1,637500,,Servicios > Marketing Digital,"clientum,servicio"
,simple,CTM-0346,Diseño de identidad de marca,1,Diseño de Identidad Corporativa; Diseño de Identidad Visual Corporativa; Diseño de identidad de marca,Diseño de Identidad Corporativa; Diseño de Identidad Visual Corporativa; Diseño de identidad de marca,1,675000,,Servicios > Marketing Digital,"clientum,servicio"
,simple,CTM-0347,Servicio de SEO,1,Servicio de SEO; Servicio de SEO Ecommerce,Servicio de SEO; Servicio de SEO Ecommerce,1,675000,,Servicios > Marketing Digital,"clientum,servicio"
,simple,CTM-0348,Keyword Optimization for SEO,1,Keyword Optimization for SEO,Keyword Optimization for SEO,1,525000,,Servicios > Marketing Digital,"clientum,servicio"
,simple,CTM-0349,Marketing Digital con IA,1,Algoritmos de Marketing Digital; Campañas de marketing digital; Consultoría de marketing digital; Consultoría en Estrategias de Marketing Digital; Consultoría e,Algoritmos de Marketing Digital; Campañas de marketing digital; Consultoría de marketing digital; Consultoría en Estrategias de Marketing Digital; Consultoría en marketing digital; Marketing Digital,1,525000,,Servicios > Marketing Digital,"clientum,servicio"
,simple,CTM-0350,Optimización Seo,1,Optimización Básica de SEO; Optimización SEO Básico; Optimización SEO y SEM; Optimización Seo; SEO (Optimización de Motores de Búsqueda); SEO básico: Optimiza t,Optimización Básica de SEO; Optimización SEO Básico; Optimización SEO y SEM; Optimización Seo; SEO (Optimización de Motores de Búsqueda); SEO básico: Optimiza tu sitio web para los motores de búsqueda,1,562500,,Servicios > Marketing Digital,"clientum,servicio"
,simple,CTM-0351,Gestión de Redes Sociales,1,Campaña de publicidad en redes sociales; Campañas de Redes Sociales; Campañas en Redes Sociales; Estrategia de redes sociales; Gestión de Redes Sociales; Gestió,Campaña de publicidad en redes sociales; Campañas de Redes Sociales; Campañas en Redes Sociales; Estrategia de redes sociales; Gestión de Redes Sociales; Gestión de Redes Sociales con IA,1,562500,,Servicios > Marketing Digital,"clientum,servicio"
,simple,CTM-0352,Campañas SEM,1,Campañas SEM; Campañas de SEM; Gestión de Campañas de Marketing con IA,Campañas SEM; Campañas de SEM; Gestión de Campañas de Marketing con IA,1,600000,,Servicios > Marketing Digital,"clientum,servicio"
,simple,CTM-0353,Posicionamiento SEO,1,Informe de Optimización SEO: Mejora tu Posicionamiento en Buscadores; Optimización SEO Avanzada: Mejora el posicionamiento de tu sitio web; Optimización SEO Bás,"Informe de Optimización SEO: Mejora tu Posicionamiento en Buscadores; Optimización SEO Avanzada: Mejora el posicionamiento de tu sitio web; Optimización SEO Básica: Mejora el posicionamiento de tu sitio web; Optimización SEO Exhaustiva: Mejora tu Posicionamiento y Visibilidad Online; Optimización SEO para E-commerce: Mejora tu Posicionamiento, Tráfico y Conversiones; Optimización SEO para Ecommerce: Mejora tu Posicionamiento y Tráfico",1,600000,,Servicios > Marketing Digital,"clientum,servicio"
,simple,CTM-0354,Campañas de Marketing para Ecommerce: Atrae y Fideliza Clientes en Línea,1,Campañas de Marketing para Ecommerce: Atrae y Fideliza Clientes Online; Campañas de Marketing para Ecommerce: Atrae y Fideliza Clientes en Línea; Estrategia de ,Campañas de Marketing para Ecommerce: Atrae y Fideliza Clientes Online; Campañas de Marketing para Ecommerce: Atrae y Fideliza Clientes en Línea; Estrategia de Email Marketing para Ecommerce: Diseña y Automatiza tus Campañas; Estrategia de Email Marketing para Ecommerce: Diseña y Automatiza tus Campañas para Aumentar Ventas y Fidelizar Clientes,1,600000,,Servicios > Marketing Digital,"clientum,servicio"
,simple,CTM-0355,Video Spot Publicitario Básico,1,Creación de Video Spot Publicitario; Video Spot Publicitario Básico; Video spot publicitario baja complejidad,Creación de Video Spot Publicitario; Video Spot Publicitario Básico; Video spot publicitario baja complejidad,1,637500,,Servicios > Marketing Digital,"clientum,servicio"
,simple,CTM-0356,Identificación de leads calificados,1,Identificación de leads calificados,Identificación de leads calificados,1,637500,,Servicios > Marketing Digital,"clientum,servicio"
,simple,CTM-0357,Copywriting,1,Copywriting; Servicio de Gestión de Contenidos y Copywriting,Copywriting; Servicio de Gestión de Contenidos y Copywriting,1,525000,,Servicios > Marketing Digital,"clientum,servicio"
,simple,CTM-0358,Servicios de Implementación de Cupones y Promociones Ecommerce,1,Implementación de Cupones y Promociones para Ecommerce: Impulsa tus Ventas y Fideliza Clientes; Servicios de Implementación de Cupones y Promociones Ecommerce,Implementación de Cupones y Promociones para Ecommerce: Impulsa tus Ventas y Fideliza Clientes; Servicios de Implementación de Cupones y Promociones Ecommerce,1,487500,,Servicios > Marketing Digital,"clientum,servicio"
,simple,CTM-0359,Video promocional,1,Producción de Videos Promocionales; Video Promotional; Video promocional,Producción de Videos Promocionales; Video Promotional; Video promocional,1,487500,,Servicios > Marketing Digital,"clientum,servicio"
,simple,CTM-0360,Desarrollo de Contenido para Ecommerce: Mejora el Engagement y la Experiencia del Cliente,1,Desarrollo de Contenido para Ecommerce: Impulsa el Engagement y la Experiencia del Cliente; Desarrollo de Contenido para Ecommerce: Mejora el Engagement y la Ex,Desarrollo de Contenido para Ecommerce: Impulsa el Engagement y la Experiencia del Cliente; Desarrollo de Contenido para Ecommerce: Mejora el Engagement y la Experiencia del Cliente; Servicios de Fidelización de Clientes para Ecommerce: Mejora la Retención y el Engagement; Servicios de Retención de Clientes para Ecommerce: Estrategias y Herramientas para Fidelizar y Retener,1,487500,,Servicios > Marketing Digital,"clientum,servicio"
,simple,CTM-0361,Creación de contenido,1,Creación de contenido; Optimización de Contenido SEO; Optimización de Contenido con IA; Redacción de contenidos; Servicio de Gestión de Contenidos; Servicios de,Creación de contenido; Optimización de Contenido SEO; Optimización de Contenido con IA; Redacción de contenidos; Servicio de Gestión de Contenidos; Servicios de Gestión de Contenidos Ecommerce,1,412500,,Servicios > Marketing Digital,"clientum,servicio"
,simple,CTM-0362,Diseño de empaques,1,Diseño de empaques; Diseño de empaquetado,Diseño de empaques; Diseño de empaquetado,1,450000,,Servicios > Marketing Digital,"clientum,servicio"
,simple,CTM-0363,Campaña de Remarketing: Recupera clientes potenciales y aumenta tus ventas,1,Campaña de Remarketing: Recupera clientes potenciales y aumenta tus ventas; Campaña de Remarketing: Recupera clientes y dispara tus ventas,Campaña de Remarketing: Recupera clientes potenciales y aumenta tus ventas; Campaña de Remarketing: Recupera clientes y dispara tus ventas,1,450000,,Servicios > Marketing Digital,"clientum,servicio"
,simple,CTM-0364,Email Marketing con IA,1,Automated Email Marketing; Campaña de email marketing; Campañas de Email Marketing; Email Marketing Campaign; Email Marketing con IA,Automated Email Marketing; Campaña de email marketing; Campañas de Email Marketing; Email Marketing Campaign; Email Marketing con IA,1,375000,,Servicios > Marketing Digital,"clientum,servicio"
,simple,CTM-0365,Auditoría SEO,1,Análisis SEO: Auditoría y Optimización para tu E-commerce; Auditoría SEO; Auditoría de SEO,Análisis SEO: Auditoría y Optimización para tu E-commerce; Auditoría SEO; Auditoría de SEO,1,375000,,Servicios > Marketing Digital,"clientum,servicio"
,simple,CTM-0366,Campañas de Google Ads,1,Campaña de Google Ads: Impulsa tu negocio con publicidad efectiva en Google; Campañas de Google Ads,Campaña de Google Ads: Impulsa tu negocio con publicidad efectiva en Google; Campañas de Google Ads,1,412500,,Servicios > Marketing Digital,"clientum,servicio"
,simple,CTM-0367,Diseño de imagen de marca,1,Diseño de imagen de marca,Diseño de imagen de marca,1,412500,,Servicios > Marketing Digital,"clientum,servicio"
,simple,CTM-0368,Plataforma de Gestión de Afiliados,1,Plataforma de Email Marketing con IA; Plataforma de Gestión de Afiliados; Plataforma de Gestión de Campañas Publicitarias; Plataforma de Marketing Digital con I,Plataforma de Email Marketing con IA; Plataforma de Gestión de Afiliados; Plataforma de Gestión de Campañas Publicitarias; Plataforma de Marketing Digital con IA; Plataforma de Marketing de Contenidos; Publicidad en Plataformas de Ecommerce,1,337500,,Servicios > Marketing Digital,"clientum,servicio"
,simple,CTM-0369,Edición de video,1,Edición de video; Edición de videos,Edición de video; Edición de videos,1,375000,,Servicios > Marketing Digital,"clientum,servicio"
,simple,CTM-0370,Diseño de material impreso,1,Diseño de material impreso; Diseño de material promocional,Diseño de material impreso; Diseño de material promocional,1,300000,,Servicios > Marketing Digital,"clientum,servicio"
,simple,CTM-0371,Campaña publicitaria en Facebook e Instagram,1,"Campaña de Facebook Ads: Diseña, implementa y gestiona tu publicidad en Facebook; Campaña de Facebook Ads: Diseña, implementa y gestiona tu publicidad en Facebo","Campaña de Facebook Ads: Diseña, implementa y gestiona tu publicidad en Facebook; Campaña de Facebook Ads: Diseña, implementa y gestiona tu publicidad en Facebook para impulsar tu negocio; Campaña publicitaria en Facebook e Instagram",1,337500,,Servicios > Marketing Digital,"clientum,servicio"
,simple,CTM-0372,Diseño de infografía,1,Diseño de infografía; Fotografía de producto; Fotografía profesional,Diseño de infografía; Fotografía de producto; Fotografía profesional,1,300000,,Servicios > Marketing Digital,"clientum,servicio"
,simple,CTM-0373,Retoque fotográfico,1,Retoque fotográfico,Retoque fotográfico,1,300000,,Servicios > Marketing Digital,"clientum,servicio"
,simple,CTM-0374,Gestión de Anuncios Facebook,1,Gestion de Anuncios Facebook (no incluye monto de pauta); Gestion de Anuncios Facebook con contenido nivel intermedio entre 5 y 10 posteos (no incluye monto de ,Gestion de Anuncios Facebook (no incluye monto de pauta); Gestion de Anuncios Facebook con contenido nivel intermedio entre 5 y 10 posteos (no incluye monto de pauta); Gestion de Anuncios y Creacion de contenido basico Facebook entre 1 y 5 posteos (no incluye monto de pauta); Gestión de Anuncios Facebook,1,262500,,Servicios > Marketing Digital,"clientum,servicio"
,simple,CTM-0375,Diseño de logotipo,1,Diseño de logotipo; Diseño de logotipos,Diseño de logotipo; Diseño de logotipos,1,262500,,Servicios > Marketing Digital,"clientum,servicio"
,simple,CTM-0376,Diseño de folleto,1,Diseño de folleto,Diseño de folleto,1,262500,,Servicios > Marketing Digital,"clientum,servicio"
,simple,CTM-0377,Análisis De Datos De Marketing,1,Análisis De Datos De Marketing; Análisis de Atribución de Marketing con IA,Análisis De Datos De Marketing; Análisis de Atribución de Marketing con IA,1,225000,,Servicios > Marketing Digital,"clientum,servicio"
,simple,CTM-0378,Lead Scoring con IA,1,Lead Scoring con IA,Lead Scoring con IA,1,225000,,Servicios > Marketing Digital,"clientum,servicio"
,simple,CTM-0379,Diseño de presentación,1,Creación de presentaciones; Diseño de presentación; Diseño personalizado de tarjeta de presentación,Creación de presentaciones; Diseño de presentación; Diseño personalizado de tarjeta de presentación,1,225000,,Servicios > Marketing Digital,"clientum,servicio"
,simple,CTM-0380,Optimización SEO Completa: Mejora tu visibilidad online y aumenta tus ventas,1,Optimización SEO Completa: Mejora tu visibilidad online y aumenta tus ventas; Servicio de Optimización SEO para Ecommerce: Mejora tu Visibilidad y Genera Más Ve,Optimización SEO Completa: Mejora tu visibilidad online y aumenta tus ventas; Servicio de Optimización SEO para Ecommerce: Mejora tu Visibilidad y Genera Más Ventas; Servicio de Publicidad Paid para Ecommerce: Aumenta tus Ventas con Anuncios Segmentados; Servicio de SEO para Ecommerce: Optimiza tu tienda online y aumenta tus ventas; Servicios de Optimización SEO para Ecommerce: Aumenta la Visibilidad y el Tráfico de tu Tienda Online,1,187500,,Servicios > Marketing Digital,"clientum,servicio"
,simple,CTM-0381,"Servicio de Gestión de Contenidos para Ecommerce: Planificación, Creación y Optimización SEO",1,"Servicio de Gestión de Campañas de Publicidad Digital para Ecommerce: Planificación, Ejecución y Optimización para Maximizar el ROI; Servicio de Gestión de Cont","Servicio de Gestión de Campañas de Publicidad Digital para Ecommerce: Planificación, Ejecución y Optimización para Maximizar el ROI; Servicio de Gestión de Contenidos para Ecommerce: Planificación, Creación y Optimización SEO; Servicio de Publicidad Digital para Ecommerce: Planificación, Creación y Gestión de Campañas para Potenciar tus Ventas",1,187500,,Servicios > Marketing Digital,"clientum,servicio"
,simple,CTM-0382,Colaboración y Trabajo Remoto,1,Colaboración y Trabajo Remoto; Desarrollo de plataformas de colaboración y trabajo remoto; Servicios de desarrollo de aplicaciones de gestión de proyectos y col,Colaboración y Trabajo Remoto; Desarrollo de plataformas de colaboración y trabajo remoto; Servicios de desarrollo de aplicaciones de gestión de proyectos y colaboración remota,1,1350000,,Servicios > Plataformas de Comunicación,"clientum,servicio"
,simple,CTM-0383,Plataformas de Comunicación,1,Plataformas de Colaboración en Línea Inteligentes; Plataformas de Comunicación,Plataformas de Colaboración en Línea Inteligentes; Plataformas de Comunicación,1,1200000,,Servicios > Plataformas de Comunicación,"clientum,servicio"
,simple,CTM-0384,Implementación de Sistemas de Telefonía IP,1,Implementación de Sistemas de Telefonía IP; Implementación de Sistemas de Videoconferencia; Implementación de Soluciones de Videoconferencia; Implementación de ,Implementación de Sistemas de Telefonía IP; Implementación de Sistemas de Videoconferencia; Implementación de Soluciones de Videoconferencia; Implementación de soluciones de colaboración; Servicios de implementación de soluciones de colaboración y productividad,1,975000,,Servicios > Plataformas de Comunicación,"clientum,servicio"
,simple,CTM-0385,Plataforma de Gestión de Eventos Virtuales,1,Plataforma de Gestión de Eventos Virtuales,Plataforma de Gestión de Eventos Virtuales,1,750000,,Servicios > Plataformas de Comunicación,"clientum,servicio"
,simple,CTM-0386,Videoconferencias Seguras y Eficientes,1,Videoconferencias Seguras y Eficientes,Videoconferencias Seguras y Eficientes,1,600000,,Servicios > Plataformas de Comunicación,"clientum,servicio"
,simple,CTM-0387,Mantenimiento de Sistemas de Videoconferencia,1,Mantenimiento de Infraestructura de Videoconferencia; Mantenimiento de Sistemas de Videoconferencia,Mantenimiento de Infraestructura de Videoconferencia; Mantenimiento de Sistemas de Videoconferencia,1,412500,,Servicios > Plataformas de Comunicación,"clientum,servicio"
,simple,CTM-0388,Optimización de redes corporativas,1,Optimización de redes corporativas,Optimización de redes corporativas,1,225000,,Servicios > Plataformas de Comunicación,"clientum,servicio"
,simple,CTM-0389,Hosting Corporativo,1,Hosting Corporativo,Hosting Corporativo,1,60000,,Servicios > Servicios de Hosting,"clientum,servicio"
,simple,CTM-0390,Soluciones de Hosting Confiables y Seguras,1,Soluciones de Hosting Confiables y Seguras,Soluciones de Hosting Confiables y Seguras,1,67500,,Servicios > Servicios de Hosting,"clientum,servicio"
,simple,CTM-0391,Servidor Virtual Privado,1,Servidor Virtual Privado; Servidores Virtuales Privados; Servidores Virtuales Privados (VPS); VPS (Servidor Virtual Privado),Servidor Virtual Privado; Servidores Virtuales Privados; Servidores Virtuales Privados (VPS); VPS (Servidor Virtual Privado),1,60000,,Servicios > Servicios de Hosting,"clientum,servicio"
,simple,CTM-0392,Alojamiento web,1,Alojamiento Web Básico; Alojamiento web; Mantenimiento de Hosting Web; Servicios de hosting y alojamiento web,Alojamiento Web Básico; Alojamiento web; Mantenimiento de Hosting Web; Servicios de hosting y alojamiento web,1,52500,,Servicios > Servicios de Hosting,"clientum,servicio"
,simple,CTM-0393,Hosting VPS Dedicado,1,VPS Hosting,VPS Hosting,1,45000,,Servicios > Servicios de Hosting,"clientum,servicio"
,simple,CTM-0394,Mantenimiento de Hosting Web,1,Web Hosting Maintenance,Web Hosting Maintenance,1,45000,,Servicios > Servicios de Hosting,"clientum,servicio"
,simple,CTM-0395,Migración de Hosting,1,Migración de Hosting,Migración de Hosting,1,52500,,Servicios > Servicios de Hosting,"clientum,servicio"
,simple,CTM-0396,Gestión De Dominios,1,Gestión De Dominios; Gestión de Dominios y Servicios Relacionados; Servicio de Hosting; Servicios de Hosting y Dominio,Gestión De Dominios; Gestión de Dominios y Servicios Relacionados; Servicio de Hosting; Servicios de Hosting y Dominio,1,37500,,Servicios > Servicios de Hosting,"clientum,servicio"
,simple,CTM-0397,Hosting Web Profesional,1,Hosting Web Profesional,Hosting Web Profesional,1,37500,,Servicios > Servicios de Hosting,"clientum,servicio"
,simple,CTM-0398,Hosting Web Inicial,1,Hosting Web Starter; Web Hosting Starter,Hosting Web Starter; Web Hosting Starter,1,30000,,Servicios > Servicios de Hosting,"clientum,servicio"
,simple,CTM-0399,Hosting seguro,1,Hosting seguro,Hosting seguro,1,30000,,Servicios > Servicios de Hosting,"clientum,servicio"
,simple,CTM-0400,Hosting Básico,1,Hosting Básico; Hosting Web Básico; Paquete de Hosting Básico,Hosting Básico; Hosting Web Básico; Paquete de Hosting Básico,1,15000,,Servicios > Servicios de Hosting,"clientum,servicio"
,simple,CTM-0401,Registro y pago anual de un dominio .com,1,Dominio Anual .com; Dominio Pago anual .com.ar; Registro y pago anual de un dominio .com,Dominio Anual .com; Dominio Pago anual .com.ar; Registro y pago anual de un dominio .com,1,22500,,Servicios > Servicios de Hosting,"clientum,servicio"
,simple,CTM-0402,Soluciones Para Servicios,1,Servicio; Servicios de desarrollo de aplicaciones de inteligencia artificial para el sector financiero; Servicios de desarrollo de aplicaciones de inteligencia ,Servicio; Servicios de desarrollo de aplicaciones de inteligencia artificial para el sector financiero; Servicios de desarrollo de aplicaciones de inteligencia artificial para el sector retail; Servicios de desarrollo de aplicaciones de realidad extendida para el sector de la construcción; Servicios de desarrollo de aplicaciones de realidad extendida para el sector industrial; Servicios de desarrollo de soluciones de IoT,1,4500000,,Servicios > Soluciones por Industria,"clientum,servicio"
,simple,CTM-0403,Internet of Things (IoT),1,Aplicaciones de Internet de las Cosas (IoT); Desarrollo IoT; Desarrollo de sistemas de Internet de las Cosas (IoT); Desarrollo de soluciones de Internet de las ,Aplicaciones de Internet de las Cosas (IoT); Desarrollo IoT; Desarrollo de sistemas de Internet de las Cosas (IoT); Desarrollo de soluciones de Internet de las Cosas (IoT); Desarrollo de soluciones de Internet of Things (IoT); Internet of Things (IoT),1,4425000,,Servicios > Soluciones por Industria,"clientum,servicio"
,simple,CTM-0404,Implementación de soluciones de IoT,1,Implementación de soluciones de IoT; Implementación de soluciones de gestión energética; Servicios de implementación de soluciones de analítica de big data para,Implementación de soluciones de IoT; Implementación de soluciones de gestión energética; Servicios de implementación de soluciones de analítica de big data para el sector manufacturero; Servicios de implementación de soluciones de internet de las cosas (IoT),1,4275000,,Servicios > Soluciones por Industria,"clientum,servicio"
,simple,CTM-0405,Realidad aumentada y virtual,1,Realidad Aumentada y Virtual: Experiencias Inmersivas para Mejorar la Experiencia del Usuario; Realidad aumentada y virtual; Servicios de Diseño y Desarrollo de,Realidad Aumentada y Virtual: Experiencias Inmersivas para Mejorar la Experiencia del Usuario; Realidad aumentada y virtual; Servicios de Diseño y Desarrollo de Soluciones de Realidad Aumentada y Virtual,1,4125000,,Servicios > Soluciones por Industria,"clientum,servicio"
,simple,CTM-0406,¡Llévate el mejor sonido a un precio increíble! Parlante Bluetooth por solo $300,1,¡Increíble oferta! $1.500: El mejor precio para un producto de calidad excepcional; ¡Llévate el mejor sonido a un precio increíble! Parlante Bluetooth por solo ,¡Increíble oferta! $1.500: El mejor precio para un producto de calidad excepcional; ¡Llévate el mejor sonido a un precio increíble! Parlante Bluetooth por solo $300,1,4200000,,Servicios > Soluciones por Industria,"clientum,servicio"
,simple,CTM-0407,Consultoría en Blockchain,1,Consultoría en Blockchain; Consultoría en gestión de la cadena de suministro; Desarrollo Blockchain; Servicios de desarrollo de aplicaciones de blockchain para ,Consultoría en Blockchain; Consultoría en gestión de la cadena de suministro; Desarrollo Blockchain; Servicios de desarrollo de aplicaciones de blockchain para la cadena de suministro,1,3975000,,Servicios > Soluciones por Industria,"clientum,servicio"
,simple,CTM-0408,Gestión para Distribuidores y Mayoristas,1,Desarrollo de Soluciones para Distribuidores y Mayoristas; Gestión para Distribuidores y Mayoristas,Desarrollo de Soluciones para Distribuidores y Mayoristas; Gestión para Distribuidores y Mayoristas,1,3900000,,Servicios > Soluciones por Industria,"clientum,servicio"
,simple,CTM-0409,Control para Agroindustria,1,Control para Agroindustria; Implementación de Tecnologías Avanzadas para la Agroindustria; Technology Advanced for Agroindustry,Control para Agroindustria; Implementación de Tecnologías Avanzadas para la Agroindustria; Technology Advanced for Agroindustry,1,3600000,,Servicios > Soluciones por Industria,"clientum,servicio"
,simple,CTM-0410,Integración para Minoristas,1,Integración para Minoristas; Planificación de Producción para Minoristas; Solución para Mayoristas (B2B); Solución para Minoristas (B2C),Integración para Minoristas; Planificación de Producción para Minoristas; Solución para Mayoristas (B2B); Solución para Minoristas (B2C),1,3675000,,Servicios > Soluciones por Industria,"clientum,servicio"
,simple,CTM-0411,Optimización para Manufactura,1,Optimización de Procesos para Minoristas; Optimización para Manufactura,Optimización de Procesos para Minoristas; Optimización para Manufactura,1,3750000,,Servicios > Soluciones por Industria,"clientum,servicio"
,simple,CTM-0412,Desarrollo de soluciones de tecnología financiera (FinTech),1,Desarrollo de soluciones de tecnología financiera (FinTech),Desarrollo de soluciones de tecnología financiera (FinTech),1,3450000,,Servicios > Soluciones por Industria,"clientum,servicio"
,simple,CTM-0413,¡Llévate el tuyo por solo $500!,1,¡Llévate el tuyo por solo $100!; ¡Llévate el tuyo por solo $500!,¡Llévate el tuyo por solo $100!; ¡Llévate el tuyo por solo $500!,1,3375000,,Servicios > Soluciones por Industria,"clientum,servicio"
,simple,CTM-0414,Soporte Operativo Anual para Minoristas,1,Soporte Operativo Anual para Minoristas,Soporte Operativo Anual para Minoristas,1,3300000,,Servicios > Soluciones por Industria,"clientum,servicio"
,simple,CTM-0415,Desarrollo de soluciones de telemedicina,1,Desarrollo de soluciones de telemedicina,Desarrollo de soluciones de telemedicina,1,3150000,,Servicios > Soluciones por Industria,"clientum,servicio"
,simple,CTM-0416,Auditoría de Sistemas para Minoristas,1,Auditoría de Sistemas para Minoristas,Auditoría de Sistemas para Minoristas,1,3075000,,Servicios > Soluciones por Industria,"clientum,servicio"
,simple,CTM-0417,Evaluación de Estrategias de Mercado para Minoristas,1,Desarrollo de Estrategias de Expansión para Minoristas; Evaluación de Estrategias de Mercado para Minoristas,Desarrollo de Estrategias de Expansión para Minoristas; Evaluación de Estrategias de Mercado para Minoristas,1,2850000,,Servicios > Soluciones por Industria,"clientum,servicio"
,simple,CTM-0418,Consultoría en sostenibilidad y responsabilidad social,1,Consultoría en sostenibilidad y responsabilidad social,Consultoría en sostenibilidad y responsabilidad social,1,2925000,,Servicios > Soluciones por Industria,"clientum,servicio"
,simple,CTM-0419,Capacitación en Gestión para Minoristas,1,Capacitación en Gestión para Minoristas; Implementación de Gestión de Inventarios para Minoristas,Capacitación en Gestión para Minoristas; Implementación de Gestión de Inventarios para Minoristas,1,2775000,,Servicios > Soluciones por Industria,"clientum,servicio"
,simple,CTM-0420,Consultoría Inicial para Minoristas,1,Consultoría Inicial para Minoristas; Consultoría en desarrollo de productos; Consultoría en estrategia de negocio,Consultoría Inicial para Minoristas; Consultoría en desarrollo de productos; Consultoría en estrategia de negocio,1,2625000,,Servicios > Soluciones por Industria,"clientum,servicio"
,simple,CTM-0421,Pintura Interior,1,Pintura Interior; Pintura de Habitación; Pintura de Interiores,Pintura Interior; Pintura de Habitación; Pintura de Interiores,1,2325000,,Servicios > Soluciones por Industria,"clientum,servicio"
,simple,CTM-0422,Tapizado de Muebles,1,Reparación de Muebles; Tapizado de Muebles,Reparación de Muebles; Tapizado de Muebles,1,2475000,,Servicios > Soluciones por Industria,"clientum,servicio"
,simple,CTM-0423,Personalización de Plataforma para Minoristas,1,Personalización de Plataforma para Minoristas,Personalización de Plataforma para Minoristas,1,2550000,,Servicios > Soluciones por Industria,"clientum,servicio"
,simple,CTM-0424,Mudanza Local,1,Mudanza Local; Mudanza Pequeña,Mudanza Local; Mudanza Pequeña,1,2025000,,Servicios > Soluciones por Industria,"clientum,servicio"
,simple,CTM-0425,Poda de Arboles,1,Poda de Arboles; Poda de Árboles,Poda de Arboles; Poda de Árboles,1,2175000,,Servicios > Soluciones por Industria,"clientum,servicio"
,simple,CTM-0426,Servicio de Jardinería Integral,1,Servicio de Jardinería Integral,Servicio de Jardinería Integral,1,2250000,,Servicios > Soluciones por Industria,"clientum,servicio"
,simple,CTM-0427,Soluciones por Industria,1,Soluciones de IA para la Industria de la Salud; Soluciones de IA para la Industria del Retail; Soluciones por Industria,Soluciones de IA para la Industria de la Salud; Soluciones de IA para la Industria del Retail; Soluciones por Industria,1,1350000,,Servicios > Soluciones por Industria,"clientum,servicio"
,simple,CTM-0428,Limpieza de Ventanas,1,Limpieza de Alfombras; Limpieza de Chimeneas; Limpieza de Ventanas; Servicio de Limpieza Premium,Limpieza de Alfombras; Limpieza de Chimeneas; Limpieza de Ventanas; Servicio de Limpieza Premium,1,1425000,,Servicios > Soluciones por Industria,"clientum,servicio"
,simple,CTM-0429,Instalación de Aire Acondicionado,1,Instalación de Aire Acondicionado; Mantenimiento de Aire Acondicionado,Instalación de Aire Acondicionado; Mantenimiento de Aire Acondicionado,1,1500000,,Servicios > Soluciones por Industria,"clientum,servicio"
,simple,CTM-0430,Servicio de Plomería,1,Reparación de Plomería; Servicio de Plomería,Reparación de Plomería; Servicio de Plomería,1,1650000,,Servicios > Soluciones por Industria,"clientum,servicio"
,simple,CTM-0431,Reparación de Electrodomésticos,1,Instalación de Electrodomésticos; Reparación de Electrodomésticos,Instalación de Electrodomésticos; Reparación de Electrodomésticos,1,1725000,,Servicios > Soluciones por Industria,"clientum,servicio"
,simple,CTM-0432,Asesoría de Diseño de Interiores,1,Asesoría de Diseño de Interiores,Asesoría de Diseño de Interiores,1,1800000,,Servicios > Soluciones por Industria,"clientum,servicio"
,simple,CTM-0433,Instalación de Cortinas,1,Instalación de Cortinas; Instalación de Iluminación,Instalación de Cortinas; Instalación de Iluminación,1,1950000,,Servicios > Soluciones por Industria,"clientum,servicio"
,simple,CTM-0434,Corte de Césped Estándar,1,Corte de Césped Estándar,Corte de Césped Estándar,1,600000,,Servicios > Soluciones por Industria,"clientum,servicio"
,simple,CTM-0435,Mantenimiento de Piscina,1,Mantenimiento de Jardín Básico; Mantenimiento de Piscina,Mantenimiento de Jardín Básico; Mantenimiento de Piscina,1,712500,,Servicios > Soluciones por Industria,"clientum,servicio"
,simple,CTM-0436,Reparación de Cerraduras,1,Reparación de Cerraduras,Reparación de Cerraduras,1,825000,,Servicios > Soluciones por Industria,"clientum,servicio"
,simple,CTM-0437,$80,1,$80,$80,1,900000,,Servicios > Soluciones por Industria,"clientum,servicio"
,simple,CTM-0438,Gestión de Cultivos,1,Gestión de Cultivos,Gestión de Cultivos,1,975000,,Servicios > Soluciones por Industria,"clientum,servicio"
,simple,CTM-0439,Básica: La solución integral para tus necesidades de belleza,1,Básica: La solución integral para tus necesidades de belleza,Básica: La solución integral para tus necesidades de belleza,1,1125000,,Servicios > Soluciones por Industria,"clientum,servicio"
,simple,CTM-0440,"Soluciones de IA para la Salud: Diagnóstico Preciso, Tratamiento Personalizado y Atención Mejorada",1,"Soluciones de IA para la Salud: Diagnóstico Preciso, Tratamiento Personalizado y Atención Mejorada","Soluciones de IA para la Salud: Diagnóstico Preciso, Tratamiento Personalizado y Atención Mejorada",1,1200000,,Servicios > Soluciones por Industria,"clientum,servicio"
,simple,CTM-0441,Chatbot WhatsApp,1,Chatbot WhatsApp,Chatbot WhatsApp,1,600000,,Soluciones > Plataforma,"clientum,servicio"
,simple,CTM-0442,CRM Inteligente,1,CRM Inteligente,CRM Inteligente,1,900000,,Soluciones > Plataforma,"clientum,servicio"
,simple,CTM-0443,Asistente IA,1,Asistente IA,Asistente IA,1,1275000,,Soluciones > Plataforma,"clientum,servicio"
,simple,CTM-0444,Reportes Automáticos,1,Reportes Automáticos,Reportes Automáticos,1,1575000,,Soluciones > Plataforma,"clientum,servicio"
,simple,CTM-0445,Automatización,1,Automatización,Automatización,1,1875000,,Soluciones > Plataforma,"clientum,servicio"
,simple,CTM-0446,Portal del Cliente,1,Portal del Cliente,Portal del Cliente,1,2250000,,Soluciones > Plataforma,"clientum,servicio"
,simple,CTM-0447,Desarrollo Web,1,Desarrollo Web,Desarrollo Web,1,2550000,,Soluciones > Plataforma,"clientum,servicio"
,simple,CTM-0448,Integraciones,1,Integraciones,Integraciones,1,2925000,,Soluciones > Plataforma,"clientum,servicio"
,simple,CTM-0449,Catálogo Completo,1,Catálogo Completo,Catálogo Completo,1,3225000,,Soluciones > Plataforma,"clientum,servicio"
,simple,CTM-0450,Consultoría & ERP,1,Consultoría & ERP,Consultoría & ERP,1,3525000,,Soluciones > Plataforma,"clientum,servicio"
,simple,CTM-0451,Planes y Precios,1,Planes y Precios,Planes y Precios,1,3900000,,Soluciones > Plataforma,"clientum,servicio"
,simple,CTM-0452,Casos de Éxito,1,Casos de Éxito,Casos de Éxito,1,4200000,,Soluciones > Plataforma,"clientum,servicio"
,simple,CTM-0458,Creación de Tienda Online con Woocommerce,1,Crea tu Tienda Online ¡YA! con Woocommerce; Creación de Tienda Online con Woocommerce,Crea tu Tienda Online ¡YA! con Woocommerce; Creación de Tienda Online con Woocommerce,1,60000,,Cursos > Campus Virtual,"clientum,curso,campus"
,simple,CTM-0459,Gestión del Tiempo y Productividad,1,Automatiza tu Negocio y Multiplica tu Tiempo Libre; Gestiona tu Tiempo y Multiplica tu Productividad; Gestión del Tiempo y Productividad,Automatiza tu Negocio y Multiplica tu Tiempo Libre; Gestiona tu Tiempo y Multiplica tu Productividad; Gestión del Tiempo y Productividad,1,60000,,Cursos > Campus Virtual,"clientum,curso,campus"
,simple,CTM-0460,Dolibarr ERP/CRM,1,Dolibarr ERP/CRM,Dolibarr ERP/CRM,1,67500,,Cursos > Campus Virtual,"clientum,curso,campus"
,simple,CTM-0461,Zapier e Integromat,1,Zapier e Integromat,Zapier e Integromat,1,75000,,Cursos > Campus Virtual,"clientum,curso,campus"
,simple,CTM-0462,SEO Avanzado,1,SEO Avanzado,SEO Avanzado,1,82500,,Cursos > Campus Virtual,"clientum,curso,campus"
,simple,CTM-0463,ERP para Pymes,1,CRM para Pymes; Ciberseguridad para Pymes; ERP para Pymes; Seguridad en Línea para Pymes,CRM para Pymes; Ciberseguridad para Pymes; ERP para Pymes; Seguridad en Línea para Pymes,1,82500,,Cursos > Campus Virtual,"clientum,curso,campus"
,simple,CTM-0464,Finanzas Empresariales,1,Comunicación Empresarial; Comunicación Empresarial Efectiva; Finanzas Empresariales; Finanzas Empresariales para Pymes; Finanzas para Emprendedores; Gestión Fin,Comunicación Empresarial; Comunicación Empresarial Efectiva; Finanzas Empresariales; Finanzas Empresariales para Pymes; Finanzas para Emprendedores; Gestión Financiera Empresarial,1,90000,,Cursos > Campus Virtual,"clientum,curso,campus"
,simple,CTM-0465,Ventas Ninja,1,Ventas Ninja,Ventas Ninja,1,97500,,Cursos > Campus Virtual,"clientum,curso,campus"
,simple,CTM-0466,Inteligencia Emocional,1,Inteligencia Emocional; Inteligencia Emocional para el Éxito,Inteligencia Emocional; Inteligencia Emocional para el Éxito,1,105000,,Cursos > Campus Virtual,"clientum,curso,campus"
,simple,CTM-0467,Liderazgo y Gestión,1,Liderazgo Inspirador; Liderazgo y Gestión,Liderazgo Inspirador; Liderazgo y Gestión,1,105000,,Cursos > Campus Virtual,"clientum,curso,campus"
,simple,CTM-0468,Negociación,1,Negociación; Negociación Ganadora,Negociación; Negociación Ganadora,1,112500,,Cursos > Campus Virtual,"clientum,curso,campus"
,simple,CTM-0469,Apps Móviles Rentables,1,Apps Móviles Rentables,Apps Móviles Rentables,1,120000,,Cursos > Campus Virtual,"clientum,curso,campus"
,simple,CTM-0470,Programación Web con Python,1,Programación Web con Python,Programación Web con Python,1,127500,,Cursos > Campus Virtual,"clientum,curso,campus"
,simple,CTM-0471,Automatización de Ecommerce,1,Automatiza tu Ecommerce y Dispara tus Ventas; Automatización de Ecommerce,Automatiza tu Ecommerce y Dispara tus Ventas; Automatización de Ecommerce,1,127500,,Cursos > Campus Virtual,"clientum,curso,campus"
,simple,CTM-0472,Comunícate como un Profesional,1,Comunícate como un Profesional,Comunícate como un Profesional,1,135000,,Cursos > Campus Virtual,"clientum,curso,campus"
,simple,CTM-0473,Gestión de Proyectos,1,Gestiona tus Proyectos como un Experto; Gestión de Proyectos; Gestión de Proyectos Innovadores; Gestión de Proyectos para Pymes,Gestiona tus Proyectos como un Experto; Gestión de Proyectos; Gestión de Proyectos Innovadores; Gestión de Proyectos para Pymes,1,142500,,Cursos > Campus Virtual,"clientum,curso,campus"
,simple,CTM-0474,Talento Humano para Pymes,1,Gestión de Recursos Humanos para Pymes; Gestión de Talento Humano; Recursos Humanos Eficientes para Pymes; Talento Humano para Pymes,Gestión de Recursos Humanos para Pymes; Gestión de Talento Humano; Recursos Humanos Eficientes para Pymes; Talento Humano para Pymes,1,150000,,Cursos > Campus Virtual,"clientum,curso,campus"
,simple,CTM-0475,Estrategias de Negocios,1,Estrategias de Negocios; Estrategias de Negocios Ganadoras,Estrategias de Negocios; Estrategias de Negocios Ganadoras,1,150000,,Cursos > Campus Virtual,"clientum,curso,campus"
,simple,CTM-0476,Calidad Garantizada,1,Calidad Garantizada,Calidad Garantizada,1,150000,,Cursos > Campus Virtual,"clientum,curso,campus"
,simple,CTM-0477,Marketing Digital,1,Marketing Digital; Marketing Digital para Principiantes; Marketing de Contenidos; Marketing en LinkedIn; Marketing en Redes Sociales,Marketing Digital; Marketing Digital para Principiantes; Marketing de Contenidos; Marketing en LinkedIn; Marketing en Redes Sociales,1,150000,,Cursos > Campus Virtual,"clientum,curso,campus"
,simple,CTM-0478,Ecommerce para Pymes Argentinas,1,Ecommerce para Pymes Argentinas; Ecommerce para Pymes en Argentina,Ecommerce para Pymes Argentinas; Ecommerce para Pymes en Argentina,1,187500,,Cursos > Campus Virtual,"clientum,curso,campus"
,simple,CTM-0479,Marketing por Correo Electrónico,1,Marketing por Correo Electrónico; WooCommerce (Plataforma de Comercio Electrónico),Marketing por Correo Electrónico; WooCommerce (Plataforma de Comercio Electrónico),1,187500,,Cursos > Campus Virtual,"clientum,curso,campus"
,simple,CTM-0485,Wordpress (CMS),1,Wordpress (CMS); Wordpress for Beginners - Master Wordpress,Wordpress (CMS); Wordpress for Beginners - Master Wordpress,1,225000,,Cursos > Campus Virtual,"clientum,curso,campus"
,simple,CTM-0487,Publicidad Online,1,Publicidad Online,Publicidad Online,1,225000,,Cursos > Campus Virtual,"clientum,curso,campus"
,simple,CTM-0488,Habilidades de Comunicación,1,Desarrollo de Habilidades de Ventas; Habilidades de Comunicación,Desarrollo de Habilidades de Ventas; Habilidades de Comunicación,1,225000,,Cursos > Campus Virtual,"clientum,curso,campus"
,simple,CTM-P001,Plan Inicial,1,Para emprendedores e iniciativas pequeñas.,Para emprendedores e iniciativas pequeñas. Web: Landing page responsiva | CRM/ERP: Embudo básico 200 contactos | Seguridad: Respaldos mensuales | IA & BI: Bot de bienvenida fijo,1,30000,,Planes > Suscripción mensual,"clientum,plan,suscripcion"
,simple,CTM-P002,Plan PyME,1,Para comercios con ventas activas.,Para comercios con ventas activas. Web: Tienda online estándar | CRM/ERP: Stock + AFIP 1.000 contactos | Seguridad: Cifrado de base de datos | IA & BI: Bot WhatsApp con FAQs,1,67500,,Planes > Suscripción mensual,"clientum,plan,suscripcion"
,simple,CTM-P003,Plan Pro,1,"Para automatizar con IA, bots y facturación.","Para automatizar con IA, bots y facturación. Web: E-Commerce premium total | CRM/ERP: Multi-embudo ilimitado | Seguridad: Auditorías de software | IA & BI: Agente IA & BI avanzado",1,120000,,Planes > Suscripción mensual,"clientum,plan,suscripcion"
,simple,CTM-P004,Plan Corporativo,1,Para empresas con múltiples canales activos.,Para empresas con múltiples canales activos. Web: Portal B2B + Web integral | CRM/ERP: Pipeline multi-sucursal | Seguridad: Hardening y firewall | IA & BI: Analítica predictiva & bots,1,225000,,Planes > Suscripción mensual,"clientum,plan,suscripcion"
,simple,CTM-P005,Plan Especializado,1,Infraestructura y desarrollos a medida.,Infraestructura y desarrollos a medida. Web: Apps web & mobile infinitas | CRM/ERP: Integraciones ERP legacy | Seguridad: SOC activo 24/7 dedicado | IA & BI: Modelos LLM corporativos,1,375000,,Planes > Suscripción mensual,"clientum,plan,suscripcion"
