ID,Type,SKU,Name,Published,Short description,Description,In stock?,Regular price,Categories,Tags
,simple,SRV-5868,Servicios de Desarrollo de Aplicaciones Móviles,1,Desarrollo De Apps Móviles,Desarrollo De Apps Móviles,1,8000.00,Servicios > Aplicaciones Móviles,"servicio,clientum"
,simple,SRV-5918,Desarrollo de aplicaciones móviles,1,Desarrollo De Aplicaciones Móviles,Desarrollo De Aplicaciones Móviles,1,7500.00,Servicios > Aplicaciones Móviles,"servicio,clientum"
,simple,SRV-5937,Desarrollo de Aplicaciones Móviles Nativas y Multiplataforma,1,Desarrollo De Apps Móviles,Desarrollo De Apps Móviles,1,7000.00,Servicios > Aplicaciones Móviles,"servicio,clientum"
,simple,SRV-5967,Desarrollo de Apps Móviles con Realidad Aumentada y Virtual: ¡Experiencias Inmersivas en tus Manos!,1,Desarrollo de Apps Móviles con Realidad Aumentada y Virtual: ¡Experiencias Inmersivas al Alcance de tu Mano!,Desarrollo de Apps Móviles con Realidad Aumentada y Virtual: ¡Experiencias Inmersivas al Alcance de tu Mano!,1,0.00,Servicios > Aplicaciones Móviles,"servicio,clientum"
,simple,SRV-5972,Servicios de desarrollo de aplicaciones móviles con integración de tecnologías emergentes,1,Desarrollo De Aplicaciones Móviles Con Tecnologías Emergentes,Desarrollo De Aplicaciones Móviles Con Tecnologías Emergentes,1,12000.00,Servicios > Aplicaciones Móviles,"servicio,clientum"
,simple,SRV-5987,Servicios de desarrollo de aplicaciones móviles nativas con integración de realidad aumentada y realidad virtual,1,Desarrollo De Aplicaciones Móviles Con Realidad Aumentada Y Virtual,Desarrollo De Aplicaciones Móviles Con Realidad Aumentada Y Virtual,1,15000.00,Servicios > Aplicaciones Móviles,"servicio,clientum"
,simple,SRV-6012,Servicios de Desarrollo de Aplicaciones Móviles Nativas con Integración de Realidad Aumentada,1,Desarrollo De Aplicaciones,Desarrollo De Aplicaciones,1,0.00,Servicios > Aplicaciones Móviles,"servicio,clientum"
,simple,SRV-6041,Servicios de Desarrollo de Aplicaciones Móviles Nativas,1,Aplicaciones Móviles Con Ar Y Vr,Aplicaciones Móviles Con Ar Y Vr,1,15000.00,Servicios > Aplicaciones Móviles,"servicio,clientum"
,simple,SRV-6073,Aplicaciones Móviles,1,Desarrollo De Aplicaciones Móviles,Desarrollo De Aplicaciones Móviles,1,0.00,Servicios > Aplicaciones Móviles,"servicio,clientum"
,simple,SRV-6083,Desarrollo de aplicaciones móviles nativas,1,Desarrollo De Aplicaciones Móviles Nativas Con Realidad Aumentada.,Desarrollo De Aplicaciones Móviles Nativas Con Realidad Aumentada.,1,6000.00,Servicios > Aplicaciones Móviles,"servicio,clientum"
,simple,SRV-6115,Desarrollo de Apps Móviles,1,Desarrollo De Aplicaciones Móviles,Desarrollo De Aplicaciones Móviles,1,8000.00,Servicios > Aplicaciones Móviles,"servicio,clientum"
,simple,SRV-6157,Desarrollo de Aplicaciones Móviles Intuitivas,1,Desarrollo De Aplicaciones Móviles,Desarrollo De Aplicaciones Móviles,1,10000.00,Servicios > Aplicaciones Móviles,"servicio,clientum"
,simple,SRV-6435,Servicios de desarrollo de aplicaciones móviles para empresas,1,"Servicios De Consultoría Y Construcción De Soluciones Móviles Para Mejorar La Productividad, Eficiencia Y Experiencia De Los Usuarios.","Servicios De Consultoría Y Construcción De Soluciones Móviles Para Mejorar La Productividad, Eficiencia Y Experiencia De Los Usuarios.",1,25000.00,Servicios > Aplicaciones Móviles,"servicio,clientum"
,simple,SRV-6461,Creación de apps móviles,1,Servicio De Creación De Aplicaciones Móviles A Medida.,Servicio De Creación De Aplicaciones Móviles A Medida.,1,3000.00,Servicios > Aplicaciones Móviles,"servicio,clientum"
,simple,SRV-6494,Desarrollo de aplicación móvil,1,Creación De Aplicaciones Móviles Personalizadas.,Creación De Aplicaciones Móviles Personalizadas.,1,3500.00,Servicios > Aplicaciones Móviles,"servicio,clientum"
,simple,SRV-6509,Desarrollo de app móvil,1,Creación De Aplicaciones Móviles Para Brindar A Los Usuarios Una Experiencia De Marca Integral.,Creación De Aplicaciones Móviles Para Brindar A Los Usuarios Una Experiencia De Marca Integral.,1,4000.00,Servicios > Aplicaciones Móviles,"servicio,clientum"
,simple,SRV-6560,"Desarrollo de Apps Móviles para Ecommerce: Diseño, Implementación y Publicación",1,"Servicio de Desarrollo de Aplicaciones Móviles para E-commerce: Diseño centrado en el usuario, integración perfecta, funcionalidades avanzadas, optimización para dispositivos móviles. Mayor alcance, experiencia de compra","Servicio de Desarrollo de Aplicaciones Móviles para E-commerce: Diseño centrado en el usuario, integración perfecta, funcionalidades avanzadas, optimización para dispositivos móviles. Mayor alcance, experiencia de compra",1,12000.00,Servicios > Aplicaciones Móviles,"servicio,clientum"
,simple,SRV-6579,Diseño y Desarrollo de Apps Móviles para Ecommerce: Optimiza tu Tienda Online,1,Servicio de Diseño y Desarrollo de Aplicaciones Móviles para Ecommerce,Servicio de Diseño y Desarrollo de Aplicaciones Móviles para Ecommerce,1,8000.00,Servicios > Aplicaciones Móviles,"servicio,clientum"
,simple,SRV-6590,Desarrollo de Aplicaciones Móviles Nativas para Ecommerce: Mejora la Experiencia de Compra y Fideliza Clientes,1,Servicio de Desarrollo de Aplicación Móvil Nativa Para Ecommerce,Servicio de Desarrollo de Aplicación Móvil Nativa Para Ecommerce,1,12000.00,Servicios > Aplicaciones Móviles,"servicio,clientum"
,simple,SRV-6653,Aplicaciones Móviles para Ecommerce: Crea tu Tienda Online en tu Bolsillo,1,Aplicaciones móviles para e-commerce: la clave para impulsar tu negocio online,Aplicaciones móviles para e-commerce: la clave para impulsar tu negocio online,1,2000.00,Servicios > Aplicaciones Móviles,"servicio,clientum"
,simple,SRV-6667,Desarrollo de Apps Móviles para Ecommerce: Optimiza la Experiencia de Compra en Dispositivos Móviles,1,Desarrollo de Apps Móviles para Ecommerce: Impulsa tu Negocio Online,Desarrollo de Apps Móviles para Ecommerce: Impulsa tu Negocio Online,1,2000.00,Servicios > Aplicaciones Móviles,"servicio,clientum"
,simple,SRV-6677,Desarrollo de Aplicaciones Móviles para Ecommerce: Optimiza tu Tienda Virtual para Dispositivos Móviles,1,Servicios de Desarrollo de App Móvil para Ecommerce,Servicios de Desarrollo de App Móvil para Ecommerce,1,3000.00,Servicios > Aplicaciones Móviles,"servicio,clientum"
,simple,SRV-6704,Servicios de Desarrollo de Aplicaciones Móviles Ecommerce,1,Desarrollo De Aplicaciones Móviles Para Ecommerce.,Desarrollo De Aplicaciones Móviles Para Ecommerce.,1,10000.00,Servicios > Aplicaciones Móviles,"servicio,clientum"
,simple,SRV-6854,Diseño avanzado de aplicación móvil,1,,,1,1.00,Servicios > Aplicaciones Móviles,"servicio,clientum"
,simple,SRV-6899,Soluciones Personalizadas para Apps,1,Apps Móviles Personalizadas.,Apps Móviles Personalizadas.,1,4200.00,Servicios > Aplicaciones Móviles,"servicio,clientum"
,simple,SRV-6907,Soluciones Personalizadas para Móviles,1,Soluciones Móviles Personalizadas.,Soluciones Móviles Personalizadas.,1,4000.00,Servicios > Aplicaciones Móviles,"servicio,clientum"
,simple,SRV-6913,Soluciones Personalizadas para Plataformas Móviles,1,Soluciones Móviles Personalizadas.,Soluciones Móviles Personalizadas.,1,3000.00,Servicios > Aplicaciones Móviles,"servicio,clientum"
,simple,SRV-6917,Soluciones Personalizadas para Diferentes Plataformas,1,Soluciones Móviles Personalizadas.,Soluciones Móviles Personalizadas.,1,5500.00,Servicios > Aplicaciones Móviles,"servicio,clientum"
,simple,SRV-7581,Desarrollo a medida de aplicaciones móviles,1,Desarrollo De Apps Móviles,Desarrollo De Apps Móviles,1,1200.00,Servicios > Aplicaciones Móviles,"servicio,clientum"
,simple,SRV-7650,Servicios de Desarrollo de Aplicaciones Móviles,1,Desarrollo De Apps Móviles,Desarrollo De Apps Móviles,1,0.00,Servicios > Aplicaciones Móviles,"servicio,clientum"
,simple,SRV-7700,Desarrollo de aplicaciones móviles,1,Desarrollo De Aplicaciones Móviles,Desarrollo De Aplicaciones Móviles,1,0.00,Servicios > Aplicaciones Móviles,"servicio,clientum"
,simple,SRV-7719,Desarrollo de Aplicaciones Móviles Nativas y Multiplataforma,1,Desarrollo De Apps Móviles,Desarrollo De Apps Móviles,1,0.00,Servicios > Aplicaciones Móviles,"servicio,clientum"
,simple,SRV-7735,Servicios de desarrollo de aplicaciones móviles con integración de tecnologías emergentes,1,Desarrollo De Aplicaciones Móviles Con Tecnologías Emergentes,Desarrollo De Aplicaciones Móviles Con Tecnologías Emergentes,1,0.00,Servicios > Aplicaciones Móviles,"servicio,clientum"
,simple,SRV-7750,Servicios de desarrollo de aplicaciones móviles nativas con integración de realidad aumentada y realidad virtual,1,Desarrollo De Aplicaciones Móviles Con Realidad Aumentada Y Virtual,Desarrollo De Aplicaciones Móviles Con Realidad Aumentada Y Virtual,1,0.00,Servicios > Aplicaciones Móviles,"servicio,clientum"
,simple,SRV-7775,Servicios de Desarrollo de Aplicaciones Móviles Nativas con Integración de Realidad Aumentada,1,Desarrollo De Aplicaciones,Desarrollo De Aplicaciones,1,0.00,Servicios > Aplicaciones Móviles,"servicio,clientum"
,simple,SRV-7787,Servicios de Desarrollo de Aplicaciones Móviles Nativas,1,Aplicaciones Móviles Con Ar Y Vr,Aplicaciones Móviles Con Ar Y Vr,1,0.00,Servicios > Aplicaciones Móviles,"servicio,clientum"
,simple,SRV-7807,Desarrollo de aplicaciones móviles nativas,1,Desarrollo De Aplicaciones Móviles Nativas Con Realidad Aumentada.,Desarrollo De Aplicaciones Móviles Nativas Con Realidad Aumentada.,1,0.00,Servicios > Aplicaciones Móviles,"servicio,clientum"
,simple,SRV-7839,Desarrollo de Apps Móviles,1,Desarrollo De Aplicaciones Móviles,Desarrollo De Aplicaciones Móviles,1,0.00,Servicios > Aplicaciones Móviles,"servicio,clientum"
,simple,SRV-7881,Desarrollo de Aplicaciones Móviles Intuitivas,1,Desarrollo De Aplicaciones Móviles,Desarrollo De Aplicaciones Móviles,1,0.00,Servicios > Aplicaciones Móviles,"servicio,clientum"
,simple,SRV-8146,Servicios de desarrollo de aplicaciones móviles para empresas,1,"Servicios De Consultoría Y Construcción De Soluciones Móviles Para Mejorar La Productividad, Eficiencia Y Experiencia De Los Usuarios.","Servicios De Consultoría Y Construcción De Soluciones Móviles Para Mejorar La Productividad, Eficiencia Y Experiencia De Los Usuarios.",1,0.00,Servicios > Aplicaciones Móviles,"servicio,clientum"
,simple,SRV-8172,Creación de apps móviles,1,Servicio De Creación De Aplicaciones Móviles A Medida.,Servicio De Creación De Aplicaciones Móviles A Medida.,1,0.00,Servicios > Aplicaciones Móviles,"servicio,clientum"
,simple,SRV-8196,Desarrollo de aplicación móvil,1,Creación De Aplicaciones Móviles Personalizadas.,Creación De Aplicaciones Móviles Personalizadas.,1,0.00,Servicios > Aplicaciones Móviles,"servicio,clientum"
,simple,SRV-8211,Desarrollo de app móvil,1,Creación De Aplicaciones Móviles Para Brindar A Los Usuarios Una Experiencia De Marca Integral.,Creación De Aplicaciones Móviles Para Brindar A Los Usuarios Una Experiencia De Marca Integral.,1,0.00,Servicios > Aplicaciones Móviles,"servicio,clientum"
,simple,SRV-8262,"Desarrollo de Apps Móviles para E-commerce: Diseño, Integración y Publicación para Impulsar tu Negocio",1,"Desarrollo de Apps Móviles para E-commerce: Diseño, Implementación y Publicación. Servicio integral para impulsar tu negocio online con una app móvil centrada en el usuario, integrada perfectamente, con funcionalidades a","Desarrollo de Apps Móviles para E-commerce: Diseño, Implementación y Publicación. Servicio integral para impulsar tu negocio online con una app móvil centrada en el usuario, integrada perfectamente, con funcionalidades a",1,0.00,Servicios > Aplicaciones Móviles,"servicio,clientum"
,simple,SRV-8281,Diseño y Desarrollo de Apps Móviles para Ecommerce: Optimizá tu Tienda Online,1,Diseño y Desarrollo de Apps Móviles para Ecommerce: Optimiza tu Tienda Online,Diseño y Desarrollo de Apps Móviles para Ecommerce: Optimiza tu Tienda Online,1,0.00,Servicios > Aplicaciones Móviles,"servicio,clientum"
,simple,SRV-8292,Desarrollo de Apps Móviles Nativas para E-commerce: Mejora la Experiencia de Compra y Fideliza Clientes,1,Servicio de Desarrollo de Aplicaciones Móviles Nativas para Ecommerce: Mejora la experiencia de compra y fideliza clientes.,Servicio de Desarrollo de Aplicaciones Móviles Nativas para Ecommerce: Mejora la experiencia de compra y fideliza clientes.,1,0.00,Servicios > Aplicaciones Móviles,"servicio,clientum"
,simple,SRV-8354,Aplicaciones móviles para e-commerce: Crea tu tienda online en tu bolsillo,1,Aplicaciones móviles para e-commerce: Crea tu tienda online en tu bolsillo,Aplicaciones móviles para e-commerce: Crea tu tienda online en tu bolsillo,1,0.00,Servicios > Aplicaciones Móviles,"servicio,clientum"
,simple,SRV-8368,Desarrollo de Apps Móviles para Ecommerce: Optimiza la Experiencia de Compra en Dispositivos Móviles,1,Desarrollo de Apps Móviles para Ecommerce: Optimiza la Experiencia de Compra en Dispositivos Móviles,Desarrollo de Apps Móviles para Ecommerce: Optimiza la Experiencia de Compra en Dispositivos Móviles,1,0.00,Servicios > Aplicaciones Móviles,"servicio,clientum"
,simple,SRV-8378,Desarrollo de Aplicaciones Móviles para Ecommerce: Optimiza tu Tienda Virtual para Dispositivos Móviles,1,Desarrollo de Aplicaciones Móviles para Ecommerce: Optimiza tu Tienda Virtual para Dispositivos Móviles,Desarrollo de Aplicaciones Móviles para Ecommerce: Optimiza tu Tienda Virtual para Dispositivos Móviles,1,0.00,Servicios > Aplicaciones Móviles,"servicio,clientum"
,simple,SRV-8405,Desarrollo de Apps Móviles para E-commerce: Experiencia de Compra Optimizada y Funcionalidades Avanzadas,1,Desarrollo de Apps Móviles para Ecommerce: Experiencia de Compra Optimizada y Funcionalidades Avanzadas,Desarrollo de Apps Móviles para Ecommerce: Experiencia de Compra Optimizada y Funcionalidades Avanzadas,1,0.00,Servicios > Aplicaciones Móviles,"servicio,clientum"
,simple,SRV-5891,IT Support Package,1,Soporte Técnico It,Soporte Técnico It,1,10000.00,Servicios > Atención al Cliente,"servicio,clientum"
,simple,SRV-5899,Systems Maintenance,1,Mantenimiento De Sistemas It,Mantenimiento De Sistemas It,1,15000.00,Servicios > Atención al Cliente,"servicio,clientum"
,simple,SRV-5932,Asistencia técnica remota,1,Asistencia Técnica Remota,Asistencia Técnica Remota,1,3000.00,Servicios > Atención al Cliente,"servicio,clientum"
,simple,SRV-5936,Desarrollo de chatbots,1,Desarrollo De Chatbots,Desarrollo De Chatbots,1,5000.00,Servicios > Atención al Cliente,"servicio,clientum"
,simple,SRV-5951,Monitoreo IT,1,Monitoreo It,Monitoreo It,1,0.00,Servicios > Atención al Cliente,"servicio,clientum"
,simple,SRV-5969,Servicios de monitoreo y gestión de infraestructura IT,1,Monitoreo Y Gestión De Infraestructura It,Monitoreo Y Gestión De Infraestructura It,1,15000.00,Servicios > Atención al Cliente,"servicio,clientum"
,simple,SRV-5975,Servicios de diseño y desarrollo de chatbots y asistentes virtuales,1,Diseño Y Desarrollo De Chatbots Y Asistentes Virtuales,Diseño Y Desarrollo De Chatbots Y Asistentes Virtuales,1,7000.00,Servicios > Atención al Cliente,"servicio,clientum"
,simple,SRV-6010,Servicios de diseño y desarrollo de chatbots y asistentes virtuales con capacidades de procesamiento de lenguaje natural,1,Desarrollo De Software,Desarrollo De Software,1,15000.00,Servicios > Atención al Cliente,"servicio,clientum"
,simple,SRV-6050,Monitoreo de infraestructura,1,Monitoreo It,Monitoreo It,1,0.00,Servicios > Atención al Cliente,"servicio,clientum"
,simple,SRV-6053,Diseño de chatbots,1,Chatbots,Chatbots,1,0.00,Servicios > Atención al Cliente,"servicio,clientum"
,simple,SRV-6056,Soporte al Cliente con Respuestas Rápidas y Precisas,1,Chatbots Y Respuestas Automatizadas.,Chatbots Y Respuestas Automatizadas.,1,4000.00,Servicios > Atención al Cliente,"servicio,clientum"
,simple,SRV-6064,Soporte al Cliente,1,Soporte Automatizado,Soporte Automatizado,1,0.00,Servicios > Atención al Cliente,"servicio,clientum"
,simple,SRV-6075,Diseño y desarrollo de chatbots,1,Diseño Y Desarrollo De Chatbots Y Asistentes Virtuales,Diseño Y Desarrollo De Chatbots Y Asistentes Virtuales,1,2000.00,Servicios > Atención al Cliente,"servicio,clientum"
,simple,SRV-6096,Servicios de Mantenimiento de Software,1,Mantenimiento De Software,Mantenimiento De Software,1,4000.00,Servicios > Atención al Cliente,"servicio,clientum"
,simple,SRV-6097,Soporte Técnico 24/7,1,Soporte Técnico,Soporte Técnico,1,3000.00,Servicios > Atención al Cliente,"servicio,clientum"
,simple,SRV-6138,Mantenimiento y Soporte Técnico Continuo,1,Mantenimiento Técnico,Mantenimiento Técnico,1,5000.00,Servicios > Atención al Cliente,"servicio,clientum"
,simple,SRV-6143,Soporte a Usuarios Finales,1,Soporte Técnico Para Usuarios Finales.,Soporte Técnico Para Usuarios Finales.,1,150.00,Servicios > Atención al Cliente,"servicio,clientum"
,simple,SRV-6149,Soporte Técnico Continuo,1,Soporte Técnico Para Sistemas Y Aplicaciones.,Soporte Técnico Para Sistemas Y Aplicaciones.,1,3000.00,Servicios > Atención al Cliente,"servicio,clientum"
,simple,SRV-6150,Mantenimiento de Software,1,Mantenimiento Y Actualización De Software.,Mantenimiento Y Actualización De Software.,1,2500.00,Servicios > Atención al Cliente,"servicio,clientum"
,simple,SRV-6151,Mantenimiento de Hardware,1,Mantenimiento De Equipos De Hardware.,Mantenimiento De Equipos De Hardware.,1,3000.00,Servicios > Atención al Cliente,"servicio,clientum"
,simple,SRV-6152,Soporte Remoto,1,Soporte Técnico A Distancia.,Soporte Técnico A Distancia.,1,2500.00,Servicios > Atención al Cliente,"servicio,clientum"
,simple,SRV-6153,Instalación de Software,1,Instalación Y Configuración De Software.,Instalación Y Configuración De Software.,1,1500.00,Servicios > Atención al Cliente,"servicio,clientum"
,simple,SRV-6154,Actualización de Sistemas Operativos,1,Actualización De Sistemas Operativos.,Actualización De Sistemas Operativos.,1,1000.00,Servicios > Atención al Cliente,"servicio,clientum"
,simple,SRV-6162,Chatbots Avanzados para Experiencias Personalizadas,1,Chatbots Avanzados,Chatbots Avanzados,1,6000.00,Servicios > Atención al Cliente,"servicio,clientum"
,simple,SRV-6167,Automatización de Servicio al Cliente en Plataformas Móviles,1,Automatización En Móviles,Automatización En Móviles,1,6000.00,Servicios > Atención al Cliente,"servicio,clientum"
,simple,SRV-6171,Automatización de Encuestas y Retroalimentación del Cliente,1,Encuestas Automatizadas,Encuestas Automatizadas,1,3500.00,Servicios > Atención al Cliente,"servicio,clientum"
,simple,SRV-6183,Chatbots para Ventas,1,Chatbots Para Ventas Con Ia,Chatbots Para Ventas Con Ia,1,80.00,Servicios > Atención al Cliente,"servicio,clientum"
,simple,SRV-6185,Automatización de Servicio al Cliente con IA,1,Chatbots Para Servicio Al Cliente,Chatbots Para Servicio Al Cliente,1,300.00,Servicios > Atención al Cliente,"servicio,clientum"
,simple,SRV-6190,Plataforma de Chatbots y Asistentes Virtuales,1,Chatbots Y Asistentes Virtuales,Chatbots Y Asistentes Virtuales,1,210.00,Servicios > Atención al Cliente,"servicio,clientum"
,simple,SRV-6213,Optimización de Estrategias de Servicio al Cliente,1,Optimización De Servicio,Optimización De Servicio,1,260.00,Servicios > Atención al Cliente,"servicio,clientum"
,simple,SRV-6221,Soporte Técnico Especializado,1,Soporte Técnico Especializado,Soporte Técnico Especializado,1,6000.00,Servicios > Atención al Cliente,"servicio,clientum"
,simple,SRV-6223,Automatización de Servicio al Cliente,1,Automatización Del Servicio Al Cliente,Automatización Del Servicio Al Cliente,1,14000.00,Servicios > Atención al Cliente,"servicio,clientum"
,simple,SRV-6233,Plataforma de Gestión de Reclamos y Servicio al Cliente,1,Gestión Eficiente De Reclamos,Gestión Eficiente De Reclamos,1,400.00,Servicios > Atención al Cliente,"servicio,clientum"
,simple,SRV-6274,Valor Hora - Cliente C,1,Tarifa Horaria Cliente C,Tarifa Horaria Cliente C,1,0.00,Servicios > Atención al Cliente,"servicio,clientum"
,simple,SRV-6275,Valor Hora - Cliente B,1,Tarifa Horaria Cliente B,Tarifa Horaria Cliente B,1,0.00,Servicios > Atención al Cliente,"servicio,clientum"
,simple,SRV-6276,Valor Hora - Cliente A,1,Tarifa Horaria Cliente A,Tarifa Horaria Cliente A,1,0.00,Servicios > Atención al Cliente,"servicio,clientum"
,simple,SRV-6286,Enrutamiento Inteligente de Tickets,1,Solución De Enrutamiento Inteligente De Tickets Con Ia,Solución De Enrutamiento Inteligente De Tickets Con Ia,1,99.00,Servicios > Atención al Cliente,"servicio,clientum"
,simple,SRV-6288,Generación de Respuestas con IA,1,Solución De Generación De Respuestas Con Ia,Solución De Generación De Respuestas Con Ia,1,99.00,Servicios > Atención al Cliente,"servicio,clientum"
,simple,SRV-6303,**Soporte Técnico**,1,Soporte Técnico Para Usuarios Finales.,Soporte Técnico Para Usuarios Finales.,1,50.00,Servicios > Atención al Cliente,"servicio,clientum"
,simple,SRV-6304,Mantenimiento preventivo,1,Revisión Y Mantenimiento Preventivo De Equipos.,Revisión Y Mantenimiento Preventivo De Equipos.,1,100.00,Servicios > Atención al Cliente,"servicio,clientum"
,simple,SRV-6305,Actualización de software,1,Actualización De Software Y Parches De Seguridad.,Actualización De Software Y Parches De Seguridad.,1,75.00,Servicios > Atención al Cliente,"servicio,clientum"
,simple,SRV-6306,Consultoría especializada,1,Consultoría De Expertos En Áreas Especializadas.,Consultoría De Expertos En Áreas Especializadas.,1,150.00,Servicios > Atención al Cliente,"servicio,clientum"
,simple,SRV-6307,Personalización,1,Personalización De Soluciones A Medida.,Personalización De Soluciones A Medida.,1,200.00,Servicios > Atención al Cliente,"servicio,clientum"
,simple,SRV-6309,Atención Al Cliente,1,Servicios De Atención Y Soporte Al Cliente.,Servicios De Atención Y Soporte Al Cliente.,1,40.00,Servicios > Atención al Cliente,"servicio,clientum"
,simple,SRV-6311,Respaldo y recuperación,1,Servicios De Respaldo Y Recuperación De Información.,Servicios De Respaldo Y Recuperación De Información.,1,150.00,Servicios > Atención al Cliente,"servicio,clientum"
,simple,SRV-6315,Gestión de redes,1,Gestión Y Mantenimiento De Redes.,Gestión Y Mantenimiento De Redes.,1,200.00,Servicios > Atención al Cliente,"servicio,clientum"
,simple,SRV-6320,Consultoría legal,1,Servicios De Consultoría Y Asesoría Legal Para Empresas.,Servicios De Consultoría Y Asesoría Legal Para Empresas.,1,2500.00,Servicios > Atención al Cliente,"servicio,clientum"
,simple,SRV-6321,Traducción e interpretación,1,Servicios De Traducción E Interpretación Multilingüe.,Servicios De Traducción E Interpretación Multilingüe.,1,800.00,Servicios > Atención al Cliente,"servicio,clientum"
,simple,SRV-6356,Servicios de gestión de la experiencia del cliente,1,Servicios De Consultoría Y Ejecución De Programas De Gestión De La Experiencia Del Cliente.,Servicios De Consultoría Y Ejecución De Programas De Gestión De La Experiencia Del Cliente.,1,20000.00,Servicios > Atención al Cliente,"servicio,clientum"
,simple,SRV-6361,Servicios de auditoría y cumplimiento normativo,1,Servicios De Consultoría Y Auditoría Para Garantizar El Cumplimiento De Requisitos Legales Y Normativos.,Servicios De Consultoría Y Auditoría Para Garantizar El Cumplimiento De Requisitos Legales Y Normativos.,1,12000.00,Servicios > Atención al Cliente,"servicio,clientum"
,simple,SRV-6377,Desarrollo de chatbots y asistentes virtuales,1,Servicios De Creación De Soluciones De Chatbots Y Asistentes Virtuales Para Mejorar La Experiencia Del Usuario.,Servicios De Creación De Soluciones De Chatbots Y Asistentes Virtuales Para Mejorar La Experiencia Del Usuario.,1,16000.00,Servicios > Atención al Cliente,"servicio,clientum"
,simple,SRV-6388,Servicios de soporte y mantenimiento de TI,1,Servicios De Soporte Y Administración De La Infraestructura Y Aplicaciones Tecnológicas.,Servicios De Soporte Y Administración De La Infraestructura Y Aplicaciones Tecnológicas.,1,2000.00,Servicios > Atención al Cliente,"servicio,clientum"
,simple,SRV-6392,Servicios de desarrollo de chatbots y asistentes virtuales,1,Servicios De Creación De Soluciones De Automatización De Atención Al Cliente Y Asistencia Virtual.,Servicios De Creación De Soluciones De Automatización De Atención Al Cliente Y Asistencia Virtual.,1,15000.00,Servicios > Atención al Cliente,"servicio,clientum"
,simple,SRV-6404,Servicios de auditoría y aseguramiento de calidad de software,1,"Servicios De Pruebas, Validación Y Aseguramiento De La Calidad En Proyectos De Desarrollo De Software.","Servicios De Pruebas, Validación Y Aseguramiento De La Calidad En Proyectos De Desarrollo De Software.",1,16000.00,Servicios > Atención al Cliente,"servicio,clientum"
,simple,SRV-6455,Transcripción de audio,1,Servicio De Transcripción Profesional De Audio.,Servicio De Transcripción Profesional De Audio.,1,60.00,Servicios > Atención al Cliente,"servicio,clientum"
,simple,SRV-6456,Traducción de documentos,1,Servicio De Traducción De Contenido Profesional.,Servicio De Traducción De Contenido Profesional.,1,0.15,Servicios > Atención al Cliente,"servicio,clientum"
,simple,SRV-6468,Diseño de interiores,1,Servicio De Diseño Integral De Interiores.,Servicio De Diseño Integral De Interiores.,1,2000.00,Servicios > Atención al Cliente,"servicio,clientum"
,simple,SRV-6469,Asesoría de imagen personal,1,Servicio De Asesoría Integral De Imagen Personal.,Servicio De Asesoría Integral De Imagen Personal.,1,300.00,Servicios > Atención al Cliente,"servicio,clientum"
,simple,SRV-6473,Servicio de catering,1,Servicio De Catering Para Eventos Y Reuniones.,Servicio De Catering Para Eventos Y Reuniones.,1,25.00,Servicios > Atención al Cliente,"servicio,clientum"
,simple,SRV-6474,Organización de eventos,1,Servicio De Organización Y Producción De Eventos A Medida.,Servicio De Organización Y Producción De Eventos A Medida.,1,5000.00,Servicios > Atención al Cliente,"servicio,clientum"
,simple,SRV-6479,Servicio de traducción,1,Traducción De Contenido A Múltiples Idiomas.,Traducción De Contenido A Múltiples Idiomas.,1,600.00,Servicios > Atención al Cliente,"servicio,clientum"
,simple,SRV-6516,Alquiler de equipo audiovisual,1,Alquiler De Equipos Audiovisuales Profesionales Para Proyectos De Producción De Contenido.,Alquiler De Equipos Audiovisuales Profesionales Para Proyectos De Producción De Contenido.,1,500.00,Servicios > Atención al Cliente,"servicio,clientum"
,simple,SRV-6517,Montaje de eventos,1,Servicio Integral De Montaje Y Producción Técnica De Eventos Corporativos O Sociales.,Servicio Integral De Montaje Y Producción Técnica De Eventos Corporativos O Sociales.,1,2500.00,Servicios > Atención al Cliente,"servicio,clientum"
,simple,SRV-6519,Mantenimiento y soporte IT,1,Servicios De Mantenimiento Y Soporte Técnico Para Infraestructura Y Sistemas Informáticos.,Servicios De Mantenimiento Y Soporte Técnico Para Infraestructura Y Sistemas Informáticos.,1,1500.00,Servicios > Atención al Cliente,"servicio,clientum"
,simple,SRV-6520,Servicios de traducción,1,Servicios De Traducción De Contenido A Diversos Idiomas.,Servicios De Traducción De Contenido A Diversos Idiomas.,1,0.12,Servicios > Atención al Cliente,"servicio,clientum"
,simple,SRV-6521,Servicios de interpretación,1,Servicios De Interpretación En Vivo Para Eventos Y Reuniones Multilinguës.,Servicios De Interpretación En Vivo Para Eventos Y Reuniones Multilinguës.,1,50.00,Servicios > Atención al Cliente,"servicio,clientum"
,simple,SRV-6536,Chatbot de Atención al Cliente: Automatiza tus consultas y mejora la experiencia de tus clientes,1,"Servicio de chatbot de atención al cliente para e-commerce. Automatiza las consultas de los clientes 24/7, mejora la experiencia del usuario y aumenta las ventas.","Servicio de chatbot de atención al cliente para e-commerce. Automatiza las consultas de los clientes 24/7, mejora la experiencia del usuario y aumenta las ventas.",1,1500.00,Servicios > Atención al Cliente,"servicio,clientum"
,simple,SRV-6544,Implementación de Chatbot para Ecommerce: Mejora la Experiencia del Usuario y Aumenta las Conversiones,1,"Servicio de implementación de chatbot para e-commerce que mejora la experiencia del cliente, aumenta las conversiones y optimiza las operaciones.","Servicio de implementación de chatbot para e-commerce que mejora la experiencia del cliente, aumenta las conversiones y optimiza las operaciones.",1,3500.00,Servicios > Atención al Cliente,"servicio,clientum"
,simple,SRV-6558,Servicio de Chatbot: Automatiza tu atención al cliente y mejora la experiencia del usuario,1,"Servicio de Implementación de Chatbot para Ecommerce: Mejora la experiencia del cliente, aumenta las conversiones y reduce costos.","Servicio de Implementación de Chatbot para Ecommerce: Mejora la experiencia del cliente, aumenta las conversiones y reduce costos.",1,1500.00,Servicios > Atención al Cliente,"servicio,clientum"
,simple,SRV-6580,Servicio de Implementación de Chatbot para Ecommerce,1,Servicio De Implementación De Chatbot Para Ecommerce.,Servicio De Implementación De Chatbot Para Ecommerce.,1,3000.00,Servicios > Atención al Cliente,"servicio,clientum"
,simple,SRV-6588,"Servicio de Desarrollo de Chatbot para Soporte al Cliente: Mejora la Atención, Reduce Tiempos de Respuesta",1,"Servicio de Desarrollo de Chatbot de Soporte al Cliente para Ecommerce: Mejora la experiencia del cliente, reduce costos y aumenta las ventas con nuestra solución innovadora.","Servicio de Desarrollo de Chatbot de Soporte al Cliente para Ecommerce: Mejora la experiencia del cliente, reduce costos y aumenta las ventas con nuestra solución innovadora.",1,4500.00,Servicios > Atención al Cliente,"servicio,clientum"
,simple,SRV-6594,Servicio de Gestión de Reseñas y Opiniones,1,Servicio De Gestión De Reseñas Y Opiniones Para Ecommerce.,Servicio De Gestión De Reseñas Y Opiniones Para Ecommerce.,1,2500.00,Servicios > Atención al Cliente,"servicio,clientum"
,simple,SRV-6647,Chatbots para Ecommerce: Mejora la atención al cliente y aumenta tus ventas,1,Chatbots para Ecommerce que mejoran la atención al cliente.,Chatbots para Ecommerce que mejoran la atención al cliente.,1,1000.00,Servicios > Atención al Cliente,"servicio,clientum"
,simple,SRV-6650,Gestión de Reseñas y Feedback: Mejora tu Reputación y Confianza en Línea,1,"Herramienta de gestión de reseñas y feedback para e-commerce que recopila, analiza y responde a las opiniones de los clientes, brindando información valiosa para el crecimiento del negocio.","Herramienta de gestión de reseñas y feedback para e-commerce que recopila, analiza y responde a las opiniones de los clientes, brindando información valiosa para el crecimiento del negocio.",1,800.00,Servicios > Atención al Cliente,"servicio,clientum"
,simple,SRV-6662,Servicio de Atención al Cliente para Ecommerce: Mejora la Experiencia de Compra y Satisfacción del Cliente,1,Servicio de Atención al Cliente para Ecommerce: Soluciones para potenciar tu negocio online.,Servicio de Atención al Cliente para Ecommerce: Soluciones para potenciar tu negocio online.,1,800.00,Servicios > Atención al Cliente,"servicio,clientum"
,simple,SRV-6668,Integración de Chatbots para Ecommerce: Mejora la Experiencia del Cliente,1,"Integración de Chatbots para Ecommerce: Mejora la experiencia de compra con asistencia personalizada 24/7, respuestas personalizadas y automatización de tareas.","Integración de Chatbots para Ecommerce: Mejora la experiencia de compra con asistencia personalizada 24/7, respuestas personalizadas y automatización de tareas.",1,1000.00,Servicios > Atención al Cliente,"servicio,clientum"
,simple,SRV-6680,Servicios de Atención al Cliente Ecommerce,1,Soluciones De Atención Al Cliente Para Ecommerce.,Soluciones De Atención Al Cliente Para Ecommerce.,1,800.00,Servicios > Atención al Cliente,"servicio,clientum"
,simple,SRV-6683,Implementación de Chatbots para Ecommerce: Automatiza tu Atención al Cliente y Aumenta tus Ventas,1,Servicios de implementación de chatbots para e-commerce,Servicios de implementación de chatbots para e-commerce,1,1500.00,Servicios > Atención al Cliente,"servicio,clientum"
,simple,SRV-6692,Servicios de Asistencia Virtual Ecommerce,1,Soluciones De Asistencia Virtual Para Ecommerce.,Soluciones De Asistencia Virtual Para Ecommerce.,1,2000.00,Servicios > Atención al Cliente,"servicio,clientum"
,simple,SRV-6707,Servicios de Desarrollo de Chatbots Ecommerce,1,Servicios De Desarrollo De Chatbots Para Ecommerce.,Servicios De Desarrollo De Chatbots Para Ecommerce.,1,3000.00,Servicios > Atención al Cliente,"servicio,clientum"
,simple,SRV-6825,Soporte básico anual,1,,,1,1.00,Servicios > Atención al Cliente,"servicio,clientum"
,simple,SRV-6843,Valor Hora - Cliente D,1,Valor Hora Cliente D,Valor Hora Cliente D,1,220.00,Servicios > Atención al Cliente,"servicio,clientum"
,simple,SRV-6844,Valor Hora - Cliente E,1,Valor Hora Cliente E,Valor Hora Cliente E,1,240.00,Servicios > Atención al Cliente,"servicio,clientum"
,simple,SRV-6845,Valor Hora - Cliente F,1,Valor Hora Cliente F,Valor Hora Cliente F,1,260.00,Servicios > Atención al Cliente,"servicio,clientum"
,simple,SRV-6846,Valor Hora - Cliente G,1,Valor Hora Cliente G,Valor Hora Cliente G,1,280.00,Servicios > Atención al Cliente,"servicio,clientum"
,simple,SRV-6977,Soporte Técnico Mensual,1,Soporte Técnico Continuo.,Soporte Técnico Continuo.,1,100.00,Servicios > Atención al Cliente,"servicio,clientum"
,simple,SRV-6978,Soporte Técnico Básico,1,Soporte Técnico Básico.,Soporte Técnico Básico.,1,800.00,Servicios > Atención al Cliente,"servicio,clientum"
,simple,SRV-6979,Soporte Técnico Avanzado,1,Soporte Técnico Avanzado.,Soporte Técnico Avanzado.,1,1200.00,Servicios > Atención al Cliente,"servicio,clientum"
,simple,SRV-6981,Soporte Técnico Básico (Horario Laboral),1,Soporte Técnico Básico.,Soporte Técnico Básico.,1,300.00,Servicios > Atención al Cliente,"servicio,clientum"
,simple,SRV-6989,Soporte y Mantenimiento de Ti,1,Soporte Ti,Soporte Ti,1,2200.00,Servicios > Atención al Cliente,"servicio,clientum"
,simple,SRV-6994,Soporte para Transcripción de Audio,1,Soporte Transcripción De Audio,Soporte Transcripción De Audio,1,1200.00,Servicios > Atención al Cliente,"servicio,clientum"
,simple,SRV-7018,Servicio de Traducción de Documentos,1,Traducción De Documentos,Traducción De Documentos,1,300.00,Servicios > Atención al Cliente,"servicio,clientum"
,simple,SRV-7019,Servicio de Transcripción de Audio,1,Transcripción De Audio,Transcripción De Audio,1,300.00,Servicios > Atención al Cliente,"servicio,clientum"
,simple,SRV-7020,Traducción de Documentos Especializados,1,Traducción De Documentos Especializados,Traducción De Documentos Especializados,1,500.00,Servicios > Atención al Cliente,"servicio,clientum"
,simple,SRV-7021,Servicio de Traducción Técnica,1,Traducción Técnica,Traducción Técnica,1,600.00,Servicios > Atención al Cliente,"servicio,clientum"
,simple,SRV-7022,Traducción de Documentos Profesionales,1,Traducción De Documentos,Traducción De Documentos,1,1500.00,Servicios > Atención al Cliente,"servicio,clientum"
,simple,SRV-7023,Traducción de Contenido Multilingüe,1,Traducción Multilingüe,Traducción Multilingüe,1,2000.00,Servicios > Atención al Cliente,"servicio,clientum"
,simple,SRV-7024,Traducción de Contenido,1,Traducción Contenido,Traducción Contenido,1,1000.00,Servicios > Atención al Cliente,"servicio,clientum"
,simple,SRV-7026,Translation of Documents,1,Traducción Documentos,Traducción Documentos,1,900.00,Servicios > Atención al Cliente,"servicio,clientum"
,simple,SRV-7448,Soporte Técnico Prioritario,1,,,1,0.00,Servicios > Atención al Cliente,"servicio,clientum"
,simple,SRV-7455,Soporte Técnico Adicional,1,,,1,0.00,Servicios > Atención al Cliente,"servicio,clientum"
,simple,SRV-7470,Soporte Técnico Básico (Horario Laboral): Asistencia Experta para tus Dispositivos,1,Soporte técnico remoto y telefónico durante el horario laboral para resolver problemas informáticos y de dispositivos.,Soporte técnico remoto y telefónico durante el horario laboral para resolver problemas informáticos y de dispositivos.,1,24.00,Servicios > Atención al Cliente,"servicio,clientum"
,simple,SRV-7473,Asistencia técnica por incidente a $150,1,$150 por incidente: Protección integral para tu tranquilidad,$150 por incidente: Protección integral para tu tranquilidad,1,1000.00,Servicios > Atención al Cliente,"servicio,clientum"
,simple,SRV-7479,Soporte Técnico Básico: Asistencia rápida y confiable para tus dispositivos,1,Soporte Técnico Básico: Tu aliado tecnológico para una vida digital sin complicaciones.,Soporte Técnico Básico: Tu aliado tecnológico para una vida digital sin complicaciones.,1,0.00,Servicios > Atención al Cliente,"servicio,clientum"
,simple,SRV-7484,Soporte Técnico Extendido: ¡Protección y tranquilidad para tus dispositivos!,1,"Soporte Técnico Extendido: Tu aliado tecnológico para una tranquilidad absoluta. Cobertura extendida, soporte 24/7, reparaciones y reemplazos, diagnóstico remoto y actualizaciones de software.","Soporte Técnico Extendido: Tu aliado tecnológico para una tranquilidad absoluta. Cobertura extendida, soporte 24/7, reparaciones y reemplazos, diagnóstico remoto y actualizaciones de software.",1,0.00,Servicios > Atención al Cliente,"servicio,clientum"
,simple,SRV-7494,Soporte Integral: Tu solución completa para todas tus necesidades,1,"Soporte Integral: Tu aliado para un negocio sin preocupaciones. Atención personalizada, soporte técnico 24/7, gestión de proyectos, capacitación y auditorías para garantizar el éxito y la tranquilidad de tu negocio.","Soporte Integral: Tu aliado para un negocio sin preocupaciones. Atención personalizada, soporte técnico 24/7, gestión de proyectos, capacitación y auditorías para garantizar el éxito y la tranquilidad de tu negocio.",1,0.00,Servicios > Atención al Cliente,"servicio,clientum"
,simple,SRV-7501,Soporte básico (horario laboral): asistencia técnica rápida y confiable,1,Soporte técnico básico durante el horario laboral para resolver problemas técnicos menores y brindar asistencia general.,Soporte técnico básico durante el horario laboral para resolver problemas técnicos menores y brindar asistencia general.,1,24.00,Servicios > Atención al Cliente,"servicio,clientum"
,simple,SRV-7504,$200 por incidente: Protección integral para tu tranquilidad,1,$200 por incidente: Protección integral para tu tranquilidad,$200 por incidente: Protección integral para tu tranquilidad,1,1200.00,Servicios > Atención al Cliente,"servicio,clientum"
,simple,SRV-7509,Soporte Técnico Básico: Asistencia rápida y confiable para tus dispositivos,1,Soporte Técnico Básico: Tu aliado tecnológico para una vida digital sin complicaciones.,Soporte Técnico Básico: Tu aliado tecnológico para una vida digital sin complicaciones.,1,0.00,Servicios > Atención al Cliente,"servicio,clientum"
,simple,SRV-7529,Soporte Post-Implementación: Asistencia Experta para el Éxito Continuo,1,Soporte Post-Implementación: el aliado indispensable para el éxito de tus proyectos tecnológicos.,Soporte Post-Implementación: el aliado indispensable para el éxito de tus proyectos tecnológicos.,1,500.00,Servicios > Atención al Cliente,"servicio,clientum"
,simple,SRV-7537,Soporte Técnico Inicial: Asistencia rápida y confiable para tus dispositivos,1,"Soporte Técnico Inicial: Tu aliado tecnológico para un funcionamiento óptimo. Atención personalizada, diagnóstico remoto, soporte telefónico y por correo electrónico, base de conocimientos integral. Minimiza el tiempo de","Soporte Técnico Inicial: Tu aliado tecnológico para un funcionamiento óptimo. Atención personalizada, diagnóstico remoto, soporte telefónico y por correo electrónico, base de conocimientos integral. Minimiza el tiempo de",1,400.00,Servicios > Atención al Cliente,"servicio,clientum"
,simple,SRV-7544,Soporte Técnico Continuo: Asistencia Experta 24/7 para tu Tranquilidad,1,"Soporte Técnico Continuo: Tu aliado tecnológico para un negocio sin interrupciones. Monitoreo proactivo, soporte remoto, soporte telefónico y gestión de incidentes para máxima disponibilidad, reducción de costos y tranqu","Soporte Técnico Continuo: Tu aliado tecnológico para un negocio sin interrupciones. Monitoreo proactivo, soporte remoto, soporte telefónico y gestión de incidentes para máxima disponibilidad, reducción de costos y tranqu",1,0.00,Servicios > Atención al Cliente,"servicio,clientum"
,simple,SRV-7588,Implementación de chatbots inteligentes,1,Chatbots Inteligentes,Chatbots Inteligentes,1,700.00,Servicios > Atención al Cliente,"servicio,clientum"
,simple,SRV-7662,Implementación de Soluciones de Gestión de la Experiencia del Cliente,1,Gestión De La Experiencia Del Cliente,Gestión De La Experiencia Del Cliente,1,0.00,Servicios > Atención al Cliente,"servicio,clientum"
,simple,SRV-7673,IT Support Package,1,Soporte Técnico It,Soporte Técnico It,1,0.00,Servicios > Atención al Cliente,"servicio,clientum"
,simple,SRV-7681,Systems Maintenance,1,Mantenimiento De Sistemas It,Mantenimiento De Sistemas It,1,0.00,Servicios > Atención al Cliente,"servicio,clientum"
,simple,SRV-7712,Gestión de la experiencia del cliente (CX),1,Gestión De La Experiencia Del Cliente,Gestión De La Experiencia Del Cliente,1,0.00,Servicios > Atención al Cliente,"servicio,clientum"
,simple,SRV-7714,Asistencia técnica remota,1,Asistencia Técnica Remota,Asistencia Técnica Remota,1,0.00,Servicios > Atención al Cliente,"servicio,clientum"
,simple,SRV-7718,Desarrollo de chatbots,1,Desarrollo De Chatbots,Desarrollo De Chatbots,1,0.00,Servicios > Atención al Cliente,"servicio,clientum"
,simple,SRV-7722,Implementación de Soluciones de Gestión de la Experiencia del Cliente (CX),1,Gestión De La Experiencia Del Cliente,Gestión De La Experiencia Del Cliente,1,0.00,Servicios > Atención al Cliente,"servicio,clientum"
,simple,SRV-7732,Servicios de monitoreo y gestión de infraestructura IT,1,Monitoreo Y Gestión De Infraestructura It,Monitoreo Y Gestión De Infraestructura It,1,0.00,Servicios > Atención al Cliente,"servicio,clientum"
,simple,SRV-7738,Servicios de diseño y desarrollo de chatbots y asistentes virtuales,1,Diseño Y Desarrollo De Chatbots Y Asistentes Virtuales,Diseño Y Desarrollo De Chatbots Y Asistentes Virtuales,1,0.00,Servicios > Atención al Cliente,"servicio,clientum"
,simple,SRV-7757,Consultoría en gestión de la experiencia del cliente (CX) y optimización de procesos centrados en el usuario,1,Consultoría,Consultoría,1,0.00,Servicios > Atención al Cliente,"servicio,clientum"
,simple,SRV-7773,Servicios de diseño y desarrollo de chatbots y asistentes virtuales con capacidades de procesamiento de lenguaje natural,1,Desarrollo De Software,Desarrollo De Software,1,0.00,Servicios > Atención al Cliente,"servicio,clientum"
,simple,SRV-7779,Consultoría en Gestión de la Experiencia del Cliente (CX),1,Optimización De La Experiencia Del Cliente,Optimización De La Experiencia Del Cliente,1,0.00,Servicios > Atención al Cliente,"servicio,clientum"
,simple,SRV-7790,Personalización de Experiencia del Cliente,1,Personalización De Ofertas Y Comunicación.,Personalización De Ofertas Y Comunicación.,1,0.00,Servicios > Atención al Cliente,"servicio,clientum"
,simple,SRV-7791,Soporte al Cliente con Respuestas Rápidas y Precisas,1,Chatbots Y Respuestas Automatizadas.,Chatbots Y Respuestas Automatizadas.,1,0.00,Servicios > Atención al Cliente,"servicio,clientum"
,simple,SRV-7799,Diseño y desarrollo de chatbots,1,Diseño Y Desarrollo De Chatbots Y Asistentes Virtuales,Diseño Y Desarrollo De Chatbots Y Asistentes Virtuales,1,0.00,Servicios > Atención al Cliente,"servicio,clientum"
,simple,SRV-7820,Servicios de Mantenimiento de Software,1,Mantenimiento De Software,Mantenimiento De Software,1,0.00,Servicios > Atención al Cliente,"servicio,clientum"
,simple,SRV-7821,Soporte Técnico 24/7,1,Soporte Técnico,Soporte Técnico,1,0.00,Servicios > Atención al Cliente,"servicio,clientum"
,simple,SRV-7862,Mantenimiento y Soporte Técnico Continuo,1,Mantenimiento Técnico,Mantenimiento Técnico,1,0.00,Servicios > Atención al Cliente,"servicio,clientum"
,simple,SRV-7867,Soporte a Usuarios Finales,1,Soporte Técnico Para Usuarios Finales.,Soporte Técnico Para Usuarios Finales.,1,0.00,Servicios > Atención al Cliente,"servicio,clientum"
,simple,SRV-7873,Soporte Técnico Continuo,1,Soporte Técnico Para Sistemas Y Aplicaciones.,Soporte Técnico Para Sistemas Y Aplicaciones.,1,0.00,Servicios > Atención al Cliente,"servicio,clientum"
,simple,SRV-7874,Mantenimiento de Software,1,Mantenimiento Y Actualización De Software.,Mantenimiento Y Actualización De Software.,1,0.00,Servicios > Atención al Cliente,"servicio,clientum"
,simple,SRV-7875,Mantenimiento de Hardware,1,Mantenimiento De Equipos De Hardware.,Mantenimiento De Equipos De Hardware.,1,0.00,Servicios > Atención al Cliente,"servicio,clientum"
,simple,SRV-7876,Soporte Remoto,1,Soporte Técnico A Distancia.,Soporte Técnico A Distancia.,1,0.00,Servicios > Atención al Cliente,"servicio,clientum"
,simple,SRV-7877,Instalación de Software,1,Instalación Y Configuración De Software.,Instalación Y Configuración De Software.,1,0.00,Servicios > Atención al Cliente,"servicio,clientum"
,simple,SRV-7878,Actualización de Sistemas Operativos,1,Actualización De Sistemas Operativos.,Actualización De Sistemas Operativos.,1,0.00,Servicios > Atención al Cliente,"servicio,clientum"
,simple,SRV-7886,Chatbots Avanzados para Experiencias Personalizadas,1,Chatbots Avanzados,Chatbots Avanzados,1,0.00,Servicios > Atención al Cliente,"servicio,clientum"
,simple,SRV-7891,Automatización de Servicio al Cliente en Plataformas Móviles,1,Automatización En Móviles,Automatización En Móviles,1,0.00,Servicios > Atención al Cliente,"servicio,clientum"
,simple,SRV-7895,Automatización de Encuestas y Retroalimentación del Cliente,1,Encuestas Automatizadas,Encuestas Automatizadas,1,0.00,Servicios > Atención al Cliente,"servicio,clientum"
,simple,SRV-7907,Chatbots para Ventas,1,Chatbots Para Ventas Con Ia,Chatbots Para Ventas Con Ia,1,0.00,Servicios > Atención al Cliente,"servicio,clientum"
,simple,SRV-7909,Automatización de Servicio al Cliente con IA,1,Chatbots Para Servicio Al Cliente,Chatbots Para Servicio Al Cliente,1,0.00,Servicios > Atención al Cliente,"servicio,clientum"
,simple,SRV-7914,Plataforma de Chatbots y Asistentes Virtuales,1,Chatbots Y Asistentes Virtuales,Chatbots Y Asistentes Virtuales,1,0.00,Servicios > Atención al Cliente,"servicio,clientum"
,simple,SRV-7937,Optimización de Estrategias de Servicio al Cliente,1,Optimización De Servicio,Optimización De Servicio,1,0.00,Servicios > Atención al Cliente,"servicio,clientum"
,simple,SRV-7945,Soporte Técnico Especializado,1,Soporte Técnico Especializado,Soporte Técnico Especializado,1,0.00,Servicios > Atención al Cliente,"servicio,clientum"
,simple,SRV-7947,Automatización de Servicio al Cliente,1,Automatización Del Servicio Al Cliente,Automatización Del Servicio Al Cliente,1,0.00,Servicios > Atención al Cliente,"servicio,clientum"
,simple,SRV-7957,Plataforma de Gestión de Reclamos y Servicio al Cliente,1,Gestión Eficiente De Reclamos,Gestión Eficiente De Reclamos,1,0.00,Servicios > Atención al Cliente,"servicio,clientum"
,simple,SRV-7999,Enrutamiento Inteligente de Tickets,1,Solución De Enrutamiento Inteligente De Tickets Con Ia,Solución De Enrutamiento Inteligente De Tickets Con Ia,1,0.00,Servicios > Atención al Cliente,"servicio,clientum"
,simple,SRV-8001,Generación de Respuestas con IA,1,Solución De Generación De Respuestas Con Ia,Solución De Generación De Respuestas Con Ia,1,0.00,Servicios > Atención al Cliente,"servicio,clientum"
,simple,SRV-8016,Mantenimiento preventivo,1,Revisión Y Mantenimiento Preventivo De Equipos.,Revisión Y Mantenimiento Preventivo De Equipos.,1,0.00,Servicios > Atención al Cliente,"servicio,clientum"
,simple,SRV-8017,Actualización de software,1,Actualización De Software Y Parches De Seguridad.,Actualización De Software Y Parches De Seguridad.,1,0.00,Servicios > Atención al Cliente,"servicio,clientum"
,simple,SRV-8020,Atención Al Cliente,1,Servicios De Atención Y Soporte Al Cliente.,Servicios De Atención Y Soporte Al Cliente.,1,0.00,Servicios > Atención al Cliente,"servicio,clientum"
,simple,SRV-8067,Servicios de gestión de la experiencia del cliente,1,Servicios De Consultoría Y Ejecución De Programas De Gestión De La Experiencia Del Cliente.,Servicios De Consultoría Y Ejecución De Programas De Gestión De La Experiencia Del Cliente.,1,0.00,Servicios > Atención al Cliente,"servicio,clientum"
,simple,SRV-8088,Desarrollo de chatbots y asistentes virtuales,1,Servicios De Creación De Soluciones De Chatbots Y Asistentes Virtuales Para Mejorar La Experiencia Del Usuario.,Servicios De Creación De Soluciones De Chatbots Y Asistentes Virtuales Para Mejorar La Experiencia Del Usuario.,1,0.00,Servicios > Atención al Cliente,"servicio,clientum"
,simple,SRV-8099,Servicios de soporte y mantenimiento de TI,1,Servicios De Soporte Y Administración De La Infraestructura Y Aplicaciones Tecnológicas.,Servicios De Soporte Y Administración De La Infraestructura Y Aplicaciones Tecnológicas.,1,0.00,Servicios > Atención al Cliente,"servicio,clientum"
,simple,SRV-8103,Servicios de desarrollo de chatbots y asistentes virtuales,1,Servicios De Creación De Soluciones De Automatización De Atención Al Cliente Y Asistencia Virtual.,Servicios De Creación De Soluciones De Automatización De Atención Al Cliente Y Asistencia Virtual.,1,0.00,Servicios > Atención al Cliente,"servicio,clientum"
,simple,SRV-8221,Mantenimiento y soporte IT,1,Servicios De Mantenimiento Y Soporte Técnico Para Infraestructura Y Sistemas Informáticos.,Servicios De Mantenimiento Y Soporte Técnico Para Infraestructura Y Sistemas Informáticos.,1,0.00,Servicios > Atención al Cliente,"servicio,clientum"
,simple,SRV-8238,Chatbot de Atención al Cliente: Automatiza tus consultas y mejora la experiencia de tus clientes,1,"Chatbot de Atención al Cliente: Automatiza consultas, mejora la experiencia del cliente. Responde 24/7, personalizable, multicanal. Mejora la experiencia, aumenta ventas, reduce costos, fortalece la marca.","Chatbot de Atención al Cliente: Automatiza consultas, mejora la experiencia del cliente. Responde 24/7, personalizable, multicanal. Mejora la experiencia, aumenta ventas, reduce costos, fortalece la marca.",1,0.00,Servicios > Atención al Cliente,"servicio,clientum"
,simple,SRV-8246,Implementación de Chatbot para E-commerce: Mejora la Experiencia del Usuario y Dispara las Conversiones,1,"Implementación de Chatbot para E-commerce: Mejora la experiencia del usuario, aumenta las conversiones y optimiza las operaciones.","Implementación de Chatbot para E-commerce: Mejora la experiencia del usuario, aumenta las conversiones y optimiza las operaciones.",1,0.00,Servicios > Atención al Cliente,"servicio,clientum"
,simple,SRV-8260,Servicio de Chatbot: Automatiza tu atención al cliente y mejora la experiencia del usuario,1,"Servicio de implementación de chatbot para e-commerce: mejora la experiencia del cliente, aumenta las conversiones y reduce costos.","Servicio de implementación de chatbot para e-commerce: mejora la experiencia del cliente, aumenta las conversiones y reduce costos.",1,0.00,Servicios > Atención al Cliente,"servicio,clientum"
,simple,SRV-8282,Servicio de Implementación de Chatbot para Ecommerce: Mejora la Experiencia del Cliente y Automatiza las Consultas,1,"Servicio de Implementación de Chatbot para Ecommerce: Mejora la experiencia del cliente, aumenta las ventas y optimiza las operaciones.","Servicio de Implementación de Chatbot para Ecommerce: Mejora la experiencia del cliente, aumenta las ventas y optimiza las operaciones.",1,0.00,Servicios > Atención al Cliente,"servicio,clientum"
,simple,SRV-8290,"Servicio de Desarrollo de Chatbot para Atención al Cliente: Mejora la Experiencia, Reduce Tiempos de Respuesta",1,"Servicio de Desarrollo de Chatbot para Atención al Cliente: Mejora la atención, reduce tiempos de respuesta","Servicio de Desarrollo de Chatbot para Atención al Cliente: Mejora la atención, reduce tiempos de respuesta",1,0.00,Servicios > Atención al Cliente,"servicio,clientum"
,simple,SRV-8296,Servicio de Gestión de Reseñas y Opiniones: Mejora la Confianza y Optimiza tu E-commerce,1,"Servicio de Gestión de Reseñas y Opiniones para Ecommerce: recopila, modera, analiza y responde a reseñas para aumentar la confianza, mejorar la experiencia del cliente, optimizar productos y servicios, impulsar las vent","Servicio de Gestión de Reseñas y Opiniones para Ecommerce: recopila, modera, analiza y responde a reseñas para aumentar la confianza, mejorar la experiencia del cliente, optimizar productos y servicios, impulsar las vent",1,0.00,Servicios > Atención al Cliente,"servicio,clientum"
,simple,SRV-8348,Chatbots para Ecommerce: Atención al cliente mejorada y ventas aumentadas,1,Chatbots para Ecommerce: Mejoran la atención al cliente y aumentan las ventas,Chatbots para Ecommerce: Mejoran la atención al cliente y aumentan las ventas,1,0.00,Servicios > Atención al Cliente,"servicio,clientum"
,simple,SRV-8351,Gestión de Reseñas y Feedback: Construye Confianza y Mejora tu Reputación Online,1,"Herramienta de gestión de reseñas y feedback para e-commerce que recopila, analiza y responde a las opiniones de los clientes, brindando información valiosa para el crecimiento del negocio.","Herramienta de gestión de reseñas y feedback para e-commerce que recopila, analiza y responde a las opiniones de los clientes, brindando información valiosa para el crecimiento del negocio.",1,0.00,Servicios > Atención al Cliente,"servicio,clientum"
,simple,SRV-8363,Servicio de Atención al Cliente para Ecommerce: Potenciá tu Negocio Online con Experiencias de Compra Excepcionales,1,Servicio de Atención al Cliente para Ecommerce: Soluciones para potenciar tu negocio online.,Servicio de Atención al Cliente para Ecommerce: Soluciones para potenciar tu negocio online.,1,0.00,Servicios > Atención al Cliente,"servicio,clientum"
,simple,SRV-8369,Integración de Chatbots para Ecommerce: Mejora tu Experiencia de Compra,1,"Integración de Chatbots para Ecommerce: Mejora la experiencia de compra con asistencia personalizada 24/7, respuestas personalizadas y automatización de tareas.","Integración de Chatbots para Ecommerce: Mejora la experiencia de compra con asistencia personalizada 24/7, respuestas personalizadas y automatización de tareas.",1,0.00,Servicios > Atención al Cliente,"servicio,clientum"
,simple,SRV-8381,Servicios de Atención al Cliente para Ecommerce: Soluciones para una Experiencia de Compra Excepcional,1,Servicios de Atención al Cliente para Ecommerce: La clave para el éxito en el comercio electrónico.,Servicios de Atención al Cliente para Ecommerce: La clave para el éxito en el comercio electrónico.,1,0.00,Servicios > Atención al Cliente,"servicio,clientum"
,simple,SRV-8384,Implementación de Chatbots para E-commerce: Automatizá tu Atención al Cliente y Vendé Más,1,Implementación de Chatbots para E-commerce: Automatizá tu Atención al Cliente y Aumentá tus Ventas,Implementación de Chatbots para E-commerce: Automatizá tu Atención al Cliente y Aumentá tus Ventas,1,0.00,Servicios > Atención al Cliente,"servicio,clientum"
,simple,SRV-8393,Servicios de Asistencia Virtual para Ecommerce: Automatizá tu Atención al Cliente y Mejorá la Experiencia del Usuario,1,Servicios de Asistencia Virtual para Ecommerce: Automatizá tu Atención al Cliente y Mejorá la Experiencia de Usuario,Servicios de Asistencia Virtual para Ecommerce: Automatizá tu Atención al Cliente y Mejorá la Experiencia de Usuario,1,0.00,Servicios > Atención al Cliente,"servicio,clientum"
,simple,SRV-8408,"Chatbots para E-commerce: Asistencia 24/7, Respuestas Automáticas y Procesamiento de Pedidos",1,"Chatbots para E-commerce: Asistencia en tiempo real, respuestas a preguntas frecuentes y procesamiento de pedidos","Chatbots para E-commerce: Asistencia en tiempo real, respuestas a preguntas frecuentes y procesamiento de pedidos",1,0.00,Servicios > Atención al Cliente,"servicio,clientum"
,simple,SRV-5877,Implementación de Soluciones de Automatización de Procesos Robóticos,1,Automatización De Procesos Robóticos,Automatización De Procesos Robóticos,1,8000.00,Servicios > Automatización de Procesos,"servicio,clientum"
,simple,SRV-5892,Automation with Dolibarr,1,Automatización Empresarial,Automatización Empresarial,1,6000.00,Servicios > Automatización de Procesos,"servicio,clientum"
,simple,SRV-5910,Automatización Avanzada,1,Automatización De Procesos Empresariales,Automatización De Procesos Empresariales,1,6000.00,Servicios > Automatización de Procesos,"servicio,clientum"
,simple,SRV-5927,Automatización de procesos robóticos (RPA),1,Automatización De Procesos Robóticos,Automatización De Procesos Robóticos,1,6000.00,Servicios > Automatización de Procesos,"servicio,clientum"
,simple,SRV-5933,Optimización de procesos industriales,1,Optimización De Procesos Industriales,Optimización De Procesos Industriales,1,6000.00,Servicios > Automatización de Procesos,"servicio,clientum"
,simple,SRV-5939,Implementación de Soluciones de Automatización de Procesos Robóticos (RPA),1,Automatización De Procesos Robóticos,Automatización De Procesos Robóticos,1,7000.00,Servicios > Automatización de Procesos,"servicio,clientum"
,simple,SRV-5963,Automatización de Procesos de Negocio (BPA),1,Automatización De Procesos,Automatización De Procesos,1,0.00,Servicios > Automatización de Procesos,"servicio,clientum"
,simple,SRV-5983,Implementación de soluciones de automatización de procesos de negocio (BPA),1,Automatización De Procesos De Negocio,Automatización De Procesos De Negocio,1,18000.00,Servicios > Automatización de Procesos,"servicio,clientum"
,simple,SRV-5988,Implementación de soluciones de inteligencia artificial (IA) y aprendizaje automático (ML) para automatización de procesos,1,Automatización De Procesos Con Ia Y Ml,Automatización De Procesos Con Ia Y Ml,1,20000.00,Servicios > Automatización de Procesos,"servicio,clientum"
,simple,SRV-5992,Implementación de soluciones de automatización de operaciones de TI (AIOps),1,,,1,18000.00,Servicios > Automatización de Procesos,"servicio,clientum"
,simple,SRV-6003,Implementación de soluciones de automatización de procesos robóticos (RPA) avanzada con capacidades cognitivas,1,Automatización,Automatización,1,20000.00,Servicios > Automatización de Procesos,"servicio,clientum"
,simple,SRV-6018,Automatización de TI,1,Automatización,Automatización,1,0.00,Servicios > Automatización de Procesos,"servicio,clientum"
,simple,SRV-6027,Automatización RPA,1,Rpa,Rpa,1,0.00,Servicios > Automatización de Procesos,"servicio,clientum"
,simple,SRV-6031,Implementación de Soluciones de AIOps,1,Automatización De Operaciones De Ti,Automatización De Operaciones De Ti,1,9500.00,Servicios > Automatización de Procesos,"servicio,clientum"
,simple,SRV-6044,RPA avanzada,1,Rpa Avanzada,Rpa Avanzada,1,0.00,Servicios > Automatización de Procesos,"servicio,clientum"
,simple,SRV-6086,Automatización de operaciones de TI (AIOps),1,Soluciones De Automatización De Operaciones De Ti (Aiops).,Soluciones De Automatización De Operaciones De Ti (Aiops).,1,7000.00,Servicios > Automatización de Procesos,"servicio,clientum"
,simple,SRV-6091,Migración de aplicaciones legacy,1,Migración De Aplicaciones Legacy A Microservicios.,Migración De Aplicaciones Legacy A Microservicios.,1,7000.00,Servicios > Automatización de Procesos,"servicio,clientum"
,simple,SRV-6094,Migración de Sistemas Legacy,1,Migración De Sistemas Legacy,Migración De Sistemas Legacy,1,6000.00,Servicios > Automatización de Procesos,"servicio,clientum"
,simple,SRV-6128,Integración de Sistemas y Aplicaciones,1,Integración De Sistemas,Integración De Sistemas,1,4800.00,Servicios > Automatización de Procesos,"servicio,clientum"
,simple,SRV-6129,Automatización de Procesos Empresariales,1,Automatización De Procesos,Automatización De Procesos,1,4600.00,Servicios > Automatización de Procesos,"servicio,clientum"
,simple,SRV-6140,Automatización Empresarial,1,Automatización Empresarial,Automatización Empresarial,1,5200.00,Servicios > Automatización de Procesos,"servicio,clientum"
,simple,SRV-6144,Optimización de Procesos Empresariales,1,Optimización De Procesos Internos.,Optimización De Procesos Internos.,1,400.00,Servicios > Automatización de Procesos,"servicio,clientum"
,simple,SRV-6161,Asistencia Virtual para la Gestión de Tareas,1,Asistencia Virtual,Asistencia Virtual,1,3500.00,Servicios > Automatización de Procesos,"servicio,clientum"
,simple,SRV-6165,Procesamiento Automatizado de Facturas y Pagos,1,Procesamiento Automatizado,Procesamiento Automatizado,1,3000.00,Servicios > Automatización de Procesos,"servicio,clientum"
,simple,SRV-6181,Plataformas de Automatización,1,Automatización De Procesos Con Ia,Automatización De Procesos Con Ia,1,150.00,Servicios > Automatización de Procesos,"servicio,clientum"
,simple,SRV-6202,Optimización de Energía y Recursos,1,Optimización De Energía,Optimización De Energía,1,250.00,Servicios > Automatización de Procesos,"servicio,clientum"
,simple,SRV-6208,Optimización de Energía y Sustentabilidad,1,Optimización De Energía,Optimización De Energía,1,240.00,Servicios > Automatización de Procesos,"servicio,clientum"
,simple,SRV-6216,Implementación de Soluciones BPM,1,Soluciones De Gestión De Procesos,Soluciones De Gestión De Procesos,1,3000.00,Servicios > Automatización de Procesos,"servicio,clientum"
,simple,SRV-6218,Integración de Sistemas,1,Integración De Sistemas Empresariales,Integración De Sistemas Empresariales,1,4000.00,Servicios > Automatización de Procesos,"servicio,clientum"
,simple,SRV-6301,Plataformas para Automatización,1,Herramientas De Automatización Empresarial,Herramientas De Automatización Empresarial,1,35.00,Servicios > Automatización de Procesos,"servicio,clientum"
,simple,SRV-6326,Automatización De Procesos,1,Servicios De Automatización De Procesos Empresariales.,Servicios De Automatización De Procesos Empresariales.,1,5000.00,Servicios > Automatización de Procesos,"servicio,clientum"
,simple,SRV-6340,Outsourcing de procesos de negocio,1,Servicios De Outsourcing Para Optimizar Y Gestionar Operaciones Clave Del Negocio.,Servicios De Outsourcing Para Optimizar Y Gestionar Operaciones Clave Del Negocio.,1,25000.00,Servicios > Automatización de Procesos,"servicio,clientum"
,simple,SRV-6344,Soluciones de automatización,1,Servicios De Consultoría E Implementación De Tecnologías De Automatización.,Servicios De Consultoría E Implementación De Tecnologías De Automatización.,1,20000.00,Servicios > Automatización de Procesos,"servicio,clientum"
,simple,SRV-6365,Servicios de automatización de procesos,1,Servicios De Consultoría Y Ejecución De Proyectos De Automatización De Flujos De Trabajo Y Tareas.,Servicios De Consultoría Y Ejecución De Proyectos De Automatización De Flujos De Trabajo Y Tareas.,1,14000.00,Servicios > Automatización de Procesos,"servicio,clientum"
,simple,SRV-6378,Servicios de automatización de procesos robóticos (RPA),1,Servicios De Consultoría Y Ejecución De Proyectos De Automatización De Procesos Con Tecnología Rpa.,Servicios De Consultoría Y Ejecución De Proyectos De Automatización De Procesos Con Tecnología Rpa.,1,18000.00,Servicios > Automatización de Procesos,"servicio,clientum"
,simple,SRV-6408,Servicios de implementación de soluciones de automatización de procesos,1,Servicios De Consultoría Y Despliegue De Tecnologías De Automatización Y Optimización De Flujos De Trabajo.,Servicios De Consultoría Y Despliegue De Tecnologías De Automatización Y Optimización De Flujos De Trabajo.,1,18000.00,Servicios > Automatización de Procesos,"servicio,clientum"
,simple,SRV-6419,Servicios de implementación de soluciones de robótica y automatización avanzada,1,"Servicios De Consultoría Y Despliegue De Soluciones De Robótica, Automatización Y Control De Procesos.","Servicios De Consultoría Y Despliegue De Soluciones De Robótica, Automatización Y Control De Procesos.",1,28000.00,Servicios > Automatización de Procesos,"servicio,clientum"
,simple,SRV-6431,Servicios de implementación de soluciones de automatización de procesos robóticos (RPA),1,Servicios De Consultoría Y Despliegue De Tecnologías De Automatización Inteligente De Tareas Y Procesos Repetitivos.,Servicios De Consultoría Y Despliegue De Tecnologías De Automatización Inteligente De Tareas Y Procesos Repetitivos.,1,25000.00,Servicios > Automatización de Procesos,"servicio,clientum"
,simple,SRV-6441,Servicios de implementación de soluciones de automatización y orquestación de infraestructura,1,"Servicios De Consultoría Y Despliegue De Tecnologías De Automatización, Orquestación Y Aprovisionamiento De Recursos De Infraestructura.","Servicios De Consultoría Y Despliegue De Tecnologías De Automatización, Orquestación Y Aprovisionamiento De Recursos De Infraestructura.",1,28000.00,Servicios > Automatización de Procesos,"servicio,clientum"
,simple,SRV-6637,Automatización de Marketing con IA,1,Automatización De Procesos De Marketing Utilizando Ia.,Automatización De Procesos De Marketing Utilizando Ia.,1,500.00,Servicios > Automatización de Procesos,"servicio,clientum"
,simple,SRV-6638,Automatización de Ventas con IA,1,Automatización De Procesos De Ventas Con Ia.,Automatización De Procesos De Ventas Con Ia.,1,800.00,Servicios > Automatización de Procesos,"servicio,clientum"
,simple,SRV-6652,Automatización de Procesos Ecommerce: Optimiza y Agiliza tu Negocio Online,1,Automatización de Flujos de Trabajo en Ecommerce,Automatización de Flujos de Trabajo en Ecommerce,1,1200.00,Servicios > Automatización de Procesos,"servicio,clientum"
,simple,SRV-6729,Implementación de RPA,1,Implementación De Rpa.,Implementación De Rpa.,1,3000.00,Servicios > Automatización de Procesos,"servicio,clientum"
,simple,SRV-6730,Análisis y Rediseño de Procesos,1,Análisis Y Rediseño De Procesos.,Análisis Y Rediseño De Procesos.,1,2500.00,Servicios > Automatización de Procesos,"servicio,clientum"
,simple,SRV-6733,Implementación De Sistemas De Automatización,1,Automatización De Sistemas.,Automatización De Sistemas.,1,3500.00,Servicios > Automatización de Procesos,"servicio,clientum"
,simple,SRV-6734,Soluciones de RPA (Robotic Process Automation),1,Automatización De Procesos Con Rpa.,Automatización De Procesos Con Rpa.,1,2000.00,Servicios > Automatización de Procesos,"servicio,clientum"
,simple,SRV-6735,Rediseño De Procesos,1,Rediseño De Procesos.,Rediseño De Procesos.,1,3000.00,Servicios > Automatización de Procesos,"servicio,clientum"
,simple,SRV-6736,Soluciones RPA (Robotic Process Automation),1,Automatización De Procesos Con Rpa.,Automatización De Procesos Con Rpa.,1,5000.00,Servicios > Automatización de Procesos,"servicio,clientum"
,simple,SRV-6751,Plataforma para Automatización de Procesos,1,Automatización De Procesos,Automatización De Procesos,1,4000.00,Servicios > Automatización de Procesos,"servicio,clientum"
,simple,SRV-6760,Implementación de Herramientas de Automatización,1,Herramientas De Automatización,Herramientas De Automatización,1,7000.00,Servicios > Automatización de Procesos,"servicio,clientum"
,simple,SRV-6768,Gestión de Flotas y Rutas,1,Gestión De Flotas,Gestión De Flotas,1,3000.00,Servicios > Automatización de Procesos,"servicio,clientum"
,simple,SRV-6771,Implementación de Herramientas de Gestión de Flotas,1,Gestión De Flotas,Gestión De Flotas,1,4000.00,Servicios > Automatización de Procesos,"servicio,clientum"
,simple,SRV-7000,Soporte Automatizado,1,Soporte Automatizado,Soporte Automatizado,1,3500.00,Servicios > Automatización de Procesos,"servicio,clientum"
,simple,SRV-7593,Implementación de soluciones de automatización de procesos,1,Automatización De Procesos,Automatización De Procesos,1,1200.00,Servicios > Automatización de Procesos,"servicio,clientum"
,simple,SRV-7621,Consultoría en digitalización de procesos,1,Consultoría En Digitalización De Procesos,Consultoría En Digitalización De Procesos,1,1100.00,Servicios > Automatización de Procesos,"servicio,clientum"
,simple,SRV-7659,Implementación de Soluciones de Automatización de Procesos Robóticos,1,Automatización De Procesos Robóticos,Automatización De Procesos Robóticos,1,0.00,Servicios > Automatización de Procesos,"servicio,clientum"
,simple,SRV-7674,Automation with Dolibarr,1,Automatización Empresarial,Automatización Empresarial,1,0.00,Servicios > Automatización de Procesos,"servicio,clientum"
,simple,SRV-7692,Automatización Avanzada,1,Automatización De Procesos Empresariales,Automatización De Procesos Empresariales,1,0.00,Servicios > Automatización de Procesos,"servicio,clientum"
,simple,SRV-7709,Automatización de procesos robóticos (RPA),1,Automatización De Procesos Robóticos,Automatización De Procesos Robóticos,1,0.00,Servicios > Automatización de Procesos,"servicio,clientum"
,simple,SRV-7715,Optimización de procesos industriales,1,Optimización De Procesos Industriales,Optimización De Procesos Industriales,1,0.00,Servicios > Automatización de Procesos,"servicio,clientum"
,simple,SRV-7721,Implementación de Soluciones de Automatización de Procesos Robóticos (RPA),1,Automatización De Procesos Robóticos,Automatización De Procesos Robóticos,1,0.00,Servicios > Automatización de Procesos,"servicio,clientum"
,simple,SRV-7727,Consultoría en Optimización de Procesos de Negocio (BPO),1,Optimización De Procesos De Negocio,Optimización De Procesos De Negocio,1,0.00,Servicios > Automatización de Procesos,"servicio,clientum"
,simple,SRV-7746,Implementación de soluciones de automatización de procesos de negocio (BPA),1,Automatización De Procesos De Negocio,Automatización De Procesos De Negocio,1,0.00,Servicios > Automatización de Procesos,"servicio,clientum"
,simple,SRV-7751,Implementación de soluciones de inteligencia artificial (IA) y aprendizaje automático (ML) para automatización de procesos,1,Automatización De Procesos Con Ia Y Ml,Automatización De Procesos Con Ia Y Ml,1,0.00,Servicios > Automatización de Procesos,"servicio,clientum"
,simple,SRV-7755,Implementación de AIOps: Automatiza tus operaciones de TI para mayor eficiencia y agilidad,1,Implementación de AIOps: Automatiza tus operaciones de TI para mayor eficiencia y agilidad,Implementación de AIOps: Automatiza tus operaciones de TI para mayor eficiencia y agilidad,1,0.00,Servicios > Automatización de Procesos,"servicio,clientum"
,simple,SRV-7766,Implementación de soluciones de automatización de procesos robóticos (RPA) avanzada con capacidades cognitivas,1,Automatización,Automatización,1,0.00,Servicios > Automatización de Procesos,"servicio,clientum"
,simple,SRV-7777,Implementación de Soluciones de AIOps,1,Automatización De Operaciones De Ti,Automatización De Operaciones De Ti,1,0.00,Servicios > Automatización de Procesos,"servicio,clientum"
,simple,SRV-7810,Automatización de operaciones de TI (AIOps),1,Soluciones De Automatización De Operaciones De Ti (Aiops).,Soluciones De Automatización De Operaciones De Ti (Aiops).,1,0.00,Servicios > Automatización de Procesos,"servicio,clientum"
,simple,SRV-7853,Automatización de Procesos Empresariales,1,Automatización De Procesos,Automatización De Procesos,1,0.00,Servicios > Automatización de Procesos,"servicio,clientum"
,simple,SRV-7864,Automatización Empresarial,1,Automatización Empresarial,Automatización Empresarial,1,0.00,Servicios > Automatización de Procesos,"servicio,clientum"
,simple,SRV-7868,Optimización de Procesos Empresariales,1,Optimización De Procesos Internos.,Optimización De Procesos Internos.,1,0.00,Servicios > Automatización de Procesos,"servicio,clientum"
,simple,SRV-7885,Asistencia Virtual para la Gestión de Tareas,1,Asistencia Virtual,Asistencia Virtual,1,0.00,Servicios > Automatización de Procesos,"servicio,clientum"
,simple,SRV-7889,Procesamiento Automatizado de Facturas y Pagos,1,Procesamiento Automatizado,Procesamiento Automatizado,1,0.00,Servicios > Automatización de Procesos,"servicio,clientum"
,simple,SRV-7905,Plataformas de Automatización,1,Automatización De Procesos Con Ia,Automatización De Procesos Con Ia,1,0.00,Servicios > Automatización de Procesos,"servicio,clientum"
,simple,SRV-7940,Implementación de Soluciones BPM,1,Soluciones De Gestión De Procesos,Soluciones De Gestión De Procesos,1,0.00,Servicios > Automatización de Procesos,"servicio,clientum"
,simple,SRV-8014,Plataformas para Automatización,1,Herramientas De Automatización Empresarial,Herramientas De Automatización Empresarial,1,0.00,Servicios > Automatización de Procesos,"servicio,clientum"
,simple,SRV-8037,Automatización De Procesos,1,Servicios De Automatización De Procesos Empresariales.,Servicios De Automatización De Procesos Empresariales.,1,0.00,Servicios > Automatización de Procesos,"servicio,clientum"
,simple,SRV-8051,Outsourcing de procesos de negocio,1,Servicios De Outsourcing Para Optimizar Y Gestionar Operaciones Clave Del Negocio.,Servicios De Outsourcing Para Optimizar Y Gestionar Operaciones Clave Del Negocio.,1,0.00,Servicios > Automatización de Procesos,"servicio,clientum"
,simple,SRV-8055,Soluciones de automatización,1,Servicios De Consultoría E Implementación De Tecnologías De Automatización.,Servicios De Consultoría E Implementación De Tecnologías De Automatización.,1,0.00,Servicios > Automatización de Procesos,"servicio,clientum"
,simple,SRV-8076,Servicios de automatización de procesos,1,Servicios De Consultoría Y Ejecución De Proyectos De Automatización De Flujos De Trabajo Y Tareas.,Servicios De Consultoría Y Ejecución De Proyectos De Automatización De Flujos De Trabajo Y Tareas.,1,0.00,Servicios > Automatización de Procesos,"servicio,clientum"
,simple,SRV-8089,Servicios de automatización de procesos robóticos (RPA),1,Servicios De Consultoría Y Ejecución De Proyectos De Automatización De Procesos Con Tecnología Rpa.,Servicios De Consultoría Y Ejecución De Proyectos De Automatización De Procesos Con Tecnología Rpa.,1,0.00,Servicios > Automatización de Procesos,"servicio,clientum"
,simple,SRV-8119,Servicios de implementación de soluciones de automatización de procesos,1,Servicios De Consultoría Y Despliegue De Tecnologías De Automatización Y Optimización De Flujos De Trabajo.,Servicios De Consultoría Y Despliegue De Tecnologías De Automatización Y Optimización De Flujos De Trabajo.,1,0.00,Servicios > Automatización de Procesos,"servicio,clientum"
,simple,SRV-8130,Servicios de implementación de soluciones de robótica y automatización avanzada,1,"Servicios De Consultoría Y Despliegue De Soluciones De Robótica, Automatización Y Control De Procesos.","Servicios De Consultoría Y Despliegue De Soluciones De Robótica, Automatización Y Control De Procesos.",1,0.00,Servicios > Automatización de Procesos,"servicio,clientum"
,simple,SRV-8142,Servicios de implementación de soluciones de automatización de procesos robóticos (RPA),1,Servicios De Consultoría Y Despliegue De Tecnologías De Automatización Inteligente De Tareas Y Procesos Repetitivos.,Servicios De Consultoría Y Despliegue De Tecnologías De Automatización Inteligente De Tareas Y Procesos Repetitivos.,1,0.00,Servicios > Automatización de Procesos,"servicio,clientum"
,simple,SRV-8152,Servicios de implementación de soluciones de automatización y orquestación de infraestructura,1,"Servicios De Consultoría Y Despliegue De Tecnologías De Automatización, Orquestación Y Aprovisionamiento De Recursos De Infraestructura.","Servicios De Consultoría Y Despliegue De Tecnologías De Automatización, Orquestación Y Aprovisionamiento De Recursos De Infraestructura.",1,0.00,Servicios > Automatización de Procesos,"servicio,clientum"
,simple,SRV-8339,Automatización de Ventas con IA,1,Automatización De Procesos De Ventas Con Ia.,Automatización De Procesos De Ventas Con Ia.,1,0.00,Servicios > Automatización de Procesos,"servicio,clientum"
,simple,SRV-8353,Automatización de Procesos Ecommerce: Optimiza y Agiliza tu Negocio Online,1,Automatización de Procesos Ecommerce: Optimiza y Agiliza tu Negocio Online,Automatización de Procesos Ecommerce: Optimiza y Agiliza tu Negocio Online,1,0.00,Servicios > Automatización de Procesos,"servicio,clientum"
,simple,SRV-5864,Consultoría en Transformación Digital,1,Transformación Digital,Transformación Digital,1,5000.00,Servicios > Business Intelligence,"servicio,clientum"
,simple,SRV-5865,Servicios de Big Data,1,Soluciones De Big Data,Soluciones De Big Data,1,6000.00,Servicios > Business Intelligence,"servicio,clientum"
,simple,SRV-5866,Consultoría en Inteligencia Artificial y Aprendizaje Automático,1,Consultoría En Ia Y Ml.,Consultoría En Ia Y Ml.,1,7500.00,Servicios > Business Intelligence,"servicio,clientum"
,simple,SRV-5869,Consultoría en Gobierno de Datos y Gestión de la Información,1,Gobierno De Datos.,Gobierno De Datos.,1,6000.00,Servicios > Business Intelligence,"servicio,clientum"
,simple,SRV-5870,Implementación de Soluciones de Análisis de Datos Avanzado,1,Análisis De Datos Avanzado.,Análisis De Datos Avanzado.,1,5500.00,Servicios > Business Intelligence,"servicio,clientum"
,simple,SRV-5872,Consultoría en Estrategia y Transformación Digital,1,Estrategia Y Transformación Digital,Estrategia Y Transformación Digital,1,7000.00,Servicios > Business Intelligence,"servicio,clientum"
,simple,SRV-5875,Servicios de Análisis de Sentimientos y Minería de Texto,1,Análisis De Sentimientos Y Texto.,Análisis De Sentimientos Y Texto.,1,5500.00,Servicios > Business Intelligence,"servicio,clientum"
,simple,SRV-5876,Consultoría en Gestión de la Innovación y Desarrollo de Nuevos Productos/Servicios,1,Gestión De La Innovación.,Gestión De La Innovación.,1,7000.00,Servicios > Business Intelligence,"servicio,clientum"
,simple,SRV-5888,Business Intelligence Setup,1,Implementación De Bi,Implementación De Bi,1,5000.00,Servicios > Business Intelligence,"servicio,clientum"
,simple,SRV-5902,IT Consultancy,1,Consultoría It,Consultoría It,1,6000.00,Servicios > Business Intelligence,"servicio,clientum"
,simple,SRV-5907,Optimización de Bases de Datos,1,Optimización De Bases De Datos,Optimización De Bases De Datos,1,5000.00,Servicios > Business Intelligence,"servicio,clientum"
,simple,SRV-5909,BI (Business Intelligence),1,Análisis De Datos Personalizado,Análisis De Datos Personalizado,1,6500.00,Servicios > Business Intelligence,"servicio,clientum"
,simple,SRV-5912,Automatización de Reportes Ejecutivos,1,Automatización De Reportes Con Pentaho,Automatización De Reportes Con Pentaho,1,4500.00,Servicios > Business Intelligence,"servicio,clientum"
,simple,SRV-5913,Análisis de Big Data,1,Análisis De Big Data,Análisis De Big Data,1,7000.00,Servicios > Business Intelligence,"servicio,clientum"
,simple,SRV-5915,Optimización de Estrategias de Precios,1,Optimización De Precios,Optimización De Precios,1,6000.00,Servicios > Business Intelligence,"servicio,clientum"
,simple,SRV-5916,Consultoría en inteligencia artificial,1,Ia Y Aprendizaje Automático,Ia Y Aprendizaje Automático,1,5000.00,Servicios > Business Intelligence,"servicio,clientum"
,simple,SRV-5919,Gobierno de datos y gestión de la información,1,Gobierno De Datos Y Gestión De La Información,Gobierno De Datos Y Gestión De La Información,1,5000.00,Servicios > Business Intelligence,"servicio,clientum"
,simple,SRV-5920,Análisis de datos avanzado,1,Análisis De Datos Avanzado.,Análisis De Datos Avanzado.,1,6000.00,Servicios > Business Intelligence,"servicio,clientum"
,simple,SRV-5922,Estrategia y transformación digital,1,Estrategia Y Transformación Digital,Estrategia Y Transformación Digital,1,5500.00,Servicios > Business Intelligence,"servicio,clientum"
,simple,SRV-5925,Análisis de sentimientos y minería de texto,1,Análisis De Sentimientos Y Minería De Texto,Análisis De Sentimientos Y Minería De Texto,1,5000.00,Servicios > Business Intelligence,"servicio,clientum"
,simple,SRV-5926,Gestión de la innovación,1,Gestión De La Innovación.,Gestión De La Innovación.,1,5500.00,Servicios > Business Intelligence,"servicio,clientum"
,simple,SRV-5934,Inteligencia artificial aplicada,1,Ia Aplicada,Ia Aplicada,1,7500.00,Servicios > Business Intelligence,"servicio,clientum"
,simple,SRV-5935,Gestión de riesgos empresariales,1,Gestión De Riesgos Empresariales,Gestión De Riesgos Empresariales,1,6500.00,Servicios > Business Intelligence,"servicio,clientum"
,simple,SRV-5942,Consultoría en Analítica Avanzada y Ciencia de Datos,1,Analítica Avanzada Y Ciencia De Datos,Analítica Avanzada Y Ciencia De Datos,1,6500.00,Servicios > Business Intelligence,"servicio,clientum"
,simple,SRV-5945,Consultoría en Optimización de Procesos de Negocio (BPO),1,Optimización De Procesos De Negocio,Optimización De Procesos De Negocio,1,6500.00,Servicios > Business Intelligence,"servicio,clientum"
,simple,SRV-5948,Consultoría en Gobierno de Datos y Gestión del Ciclo de Vida de la Información,1,,,1,0.00,Servicios > Business Intelligence,"servicio,clientum"
,simple,SRV-5949,Gobierno de Datos,1,Gestión Del Ciclo De Vida De Datos,Gestión Del Ciclo De Vida De Datos,1,0.00,Servicios > Business Intelligence,"servicio,clientum"
,simple,SRV-5950,BI y Dashboards,1,Bi Y Dashboards,Bi Y Dashboards,1,0.00,Servicios > Business Intelligence,"servicio,clientum"
,simple,SRV-5952,Estrategia y Arquitectura Empresarial,1,Arquitectura Empresarial,Arquitectura Empresarial,1,0.00,Servicios > Business Intelligence,"servicio,clientum"
,simple,SRV-5954,Transformación Digital,1,Transformación Digital,Transformación Digital,1,0.00,Servicios > Business Intelligence,"servicio,clientum"
,simple,SRV-5957,Análisis Predictivo,1,Análisis Predictivo,Análisis Predictivo,1,0.00,Servicios > Business Intelligence,"servicio,clientum"
,simple,SRV-5959,Transformación Organizacional,1,Transformación Organizacional,Transformación Organizacional,1,0.00,Servicios > Business Intelligence,"servicio,clientum"
,simple,SRV-5962,Gobernanza de Datos,1,Gobernanza De Datos,Gobernanza De Datos,1,0.00,Servicios > Business Intelligence,"servicio,clientum"
,simple,SRV-5964,Análisis de Sentimientos en Redes Sociales,1,Análisis De Sentimientos,Análisis De Sentimientos,1,0.00,Servicios > Business Intelligence,"servicio,clientum"
,simple,SRV-5965,Innovación y Nuevos Modelos de Negocio,1,Innovación,Innovación,1,0.00,Servicios > Business Intelligence,"servicio,clientum"
,simple,SRV-5968,Implementación de soluciones de inteligencia de negocios (BI) y cuadros de mando (dashboards) personalizados,1,Implementación De Bi Y Dashboards Personalizados,Implementación De Bi Y Dashboards Personalizados,1,8000.00,Servicios > Business Intelligence,"servicio,clientum"
,simple,SRV-5970,Consultoría en estrategia y arquitectura empresarial,1,Consultoría En Estrategia Y Arquitectura Empresarial,Consultoría En Estrategia Y Arquitectura Empresarial,1,10000.00,Servicios > Business Intelligence,"servicio,clientum"
,simple,SRV-5973,Consultoría en transformación digital y adopción de nuevas tecnologías,1,Transformación Digital Y Adopción Tecnológica,Transformación Digital Y Adopción Tecnológica,1,14000.00,Servicios > Business Intelligence,"servicio,clientum"
,simple,SRV-5977,Implementación de soluciones de análisis predictivo y minería de datos,1,Análisis Predictivo Y Minería De Datos,Análisis Predictivo Y Minería De Datos,1,13000.00,Servicios > Business Intelligence,"servicio,clientum"
,simple,SRV-5979,Consultoría en transformación organizacional y desarrollo de capacidades digitales,1,Transformación Organizacional Y Capacidades Digitales,Transformación Organizacional Y Capacidades Digitales,1,15000.00,Servicios > Business Intelligence,"servicio,clientum"
,simple,SRV-5982,Consultoría en gobernanza de datos y gestión del ciclo de vida de la información a nivel empresarial,1,Gobernanza De Datos Empresarial,Gobernanza De Datos Empresarial,1,10000.00,Servicios > Business Intelligence,"servicio,clientum"
,simple,SRV-5984,Servicios de análisis de sentimientos y gestión de la reputación en redes sociales,1,Análisis De Sentimientos Y Reputación En Redes Sociales,Análisis De Sentimientos Y Reputación En Redes Sociales,1,9000.00,Servicios > Business Intelligence,"servicio,clientum"
,simple,SRV-5985,Consultoría en innovación y desarrollo de nuevos modelos de negocio digitales,1,Innovación Y Modelos De Negocio Digitales,Innovación Y Modelos De Negocio Digitales,1,16000.00,Servicios > Business Intelligence,"servicio,clientum"
,simple,SRV-5990,Consultoría en estrategia y transformación digital para la adopción de tecnologías emergentes,1,Estrategia Y Transformación Digital,Estrategia Y Transformación Digital,1,13000.00,Servicios > Business Intelligence,"servicio,clientum"
,simple,SRV-5995,Implementación de soluciones de análisis de datos en tiempo real y monitoreo de indicadores clave de desempeño (KPIs),1,Análisis De Datos,Análisis De Datos,1,15000.00,Servicios > Business Intelligence,"servicio,clientum"
,simple,SRV-6001,Implementación de soluciones de análisis predictivo y aprendizaje automático para anticipar tendencias y oportunidades,1,Análisis De Datos,Análisis De Datos,1,16000.00,Servicios > Business Intelligence,"servicio,clientum"
,simple,SRV-6002,Consultoría en gobierno de datos y gestión del ciclo de vida de la información a nivel empresarial,1,Consultoría,Consultoría,1,14000.00,Servicios > Business Intelligence,"servicio,clientum"
,simple,SRV-6005,Consultoría en estrategia y transformación digital para la adopción de tecnologías innovadoras,1,Consultoría,Consultoría,1,20000.00,Servicios > Business Intelligence,"servicio,clientum"
,simple,SRV-6008,Implementación de soluciones de inteligencia de negocios (BI) y cuadros de mando (dashboards) avanzados con analítica visual,1,Análisis De Datos,Análisis De Datos,1,21000.00,Servicios > Business Intelligence,"servicio,clientum"
,simple,SRV-6011,Consultoría en Gobernanza de Datos y Gestión del Ciclo de Vida de la Información,1,Gobernanza De Datos,Gobernanza De Datos,1,0.00,Servicios > Business Intelligence,"servicio,clientum"
,simple,SRV-6015,IA y ML,1,Ia Y Ml,Ia Y Ml,1,0.00,Servicios > Business Intelligence,"servicio,clientum"
,simple,SRV-6016,Consultoría Digital,1,Transformación Digital,Transformación Digital,1,0.00,Servicios > Business Intelligence,"servicio,clientum"
,simple,SRV-6021,Análisis de Datos,1,Análisis De Datos,Análisis De Datos,1,0.00,Servicios > Business Intelligence,"servicio,clientum"
,simple,SRV-6025,Consultoría Organizacional,1,Transformación,Transformación,1,0.00,Servicios > Business Intelligence,"servicio,clientum"
,simple,SRV-6026,Consultoría de Datos,1,Gobierno De Datos.,Gobierno De Datos.,1,0.00,Servicios > Business Intelligence,"servicio,clientum"
,simple,SRV-6028,Análisis De Riesgos,1,Ciberseguridad,Ciberseguridad,1,0.00,Servicios > Business Intelligence,"servicio,clientum"
,simple,SRV-6029,Consultoría Estratégica,1,Estrategia,Estrategia,1,0.00,Servicios > Business Intelligence,"servicio,clientum"
,simple,SRV-6030,Inteligencia de Negocios,1,Bi,Bi,1,0.00,Servicios > Business Intelligence,"servicio,clientum"
,simple,SRV-6034,Implementación de Soluciones de Análisis de Datos en Tiempo Real,1,Análisis De Datos Y Monitoreo De Kpis,Análisis De Datos Y Monitoreo De Kpis,1,11000.00,Servicios > Business Intelligence,"servicio,clientum"
,simple,SRV-6037,Consultoría en Transformación Organizacional,1,Transformación Organizacional Y Habilidades Digitales,Transformación Organizacional Y Habilidades Digitales,1,12000.00,Servicios > Business Intelligence,"servicio,clientum"
,simple,SRV-6038,Implementación de Soluciones de Análisis Predictivo,1,Análisis Predictivo Y Machine Learning,Análisis Predictivo Y Machine Learning,1,9500.00,Servicios > Business Intelligence,"servicio,clientum"
,simple,SRV-6039,Consultoría en Gobierno de Datos y Gestión de Información,1,Gestión De Datos E Información,Gestión De Datos E Información,1,10000.00,Servicios > Business Intelligence,"servicio,clientum"
,simple,SRV-6042,Implementación de Soluciones de Inteligencia de Negocios (BI),1,Bi Y Analítica Visual Avanzada,Bi Y Analítica Visual Avanzada,1,10000.00,Servicios > Business Intelligence,"servicio,clientum"
,simple,SRV-6045,Analítica avanzada,1,Analítica Avanzada,Analítica Avanzada,1,0.00,Servicios > Business Intelligence,"servicio,clientum"
,simple,SRV-6048,Optimización de procesos,1,Bpo,Bpo,1,0.00,Servicios > Business Intelligence,"servicio,clientum"
,simple,SRV-6051,Estrategia empresarial,1,Estrategia,Estrategia,1,0.00,Servicios > Business Intelligence,"servicio,clientum"
,simple,SRV-6059,Análisis de Sentimiento de Clientes en Línea,1,Evaluación De Sentimiento En Línea.,Evaluación De Sentimiento En Línea.,1,3500.00,Servicios > Business Intelligence,"servicio,clientum"
,simple,SRV-6061,Generación Automatizada de Informes Ejecutivos,1,Informes Ejecutivos Automáticos.,Informes Ejecutivos Automáticos.,1,4000.00,Servicios > Business Intelligence,"servicio,clientum"
,simple,SRV-6067,Análisis de Sentimiento,1,Análisis De Opiniones Online,Análisis De Opiniones Online,1,0.00,Servicios > Business Intelligence,"servicio,clientum"
,simple,SRV-6069,Informes Ejecutivos,1,Informes Automáticos,Informes Automáticos,1,0.00,Servicios > Business Intelligence,"servicio,clientum"
,simple,SRV-6070,Ciencia de Datos,1,Consultoría En Analítica,Consultoría En Analítica,1,0.00,Servicios > Business Intelligence,"servicio,clientum"
,simple,SRV-6076,Análisis predictivo y minería de datos,1,Soluciones De Análisis Predictivo Y Minería De Datos.,Soluciones De Análisis Predictivo Y Minería De Datos.,1,4000.00,Servicios > Business Intelligence,"servicio,clientum"
,simple,SRV-6078,Transformación organizacional y desarrollo digital,1,Transformación Organizacional Y Desarrollo Digital.,Transformación Organizacional Y Desarrollo Digital.,1,4500.00,Servicios > Business Intelligence,"servicio,clientum"
,simple,SRV-6080,Gobernanza de datos y gestión del ciclo de vida,1,Gobernanza De Datos Y Gestión Del Ciclo De Vida.,Gobernanza De Datos Y Gestión Del Ciclo De Vida.,1,4000.00,Servicios > Business Intelligence,"servicio,clientum"
,simple,SRV-6081,Análisis de sentimientos y reputación en redes sociales,1,Análisis De Sentimientos Y Gestión De La Reputación En Redes Sociales.,Análisis De Sentimientos Y Gestión De La Reputación En Redes Sociales.,1,3000.00,Servicios > Business Intelligence,"servicio,clientum"
,simple,SRV-6082,Innovación y nuevos modelos de negocio digitales,1,Innovación Y Desarrollo De Nuevos Modelos De Negocio Digitales.,Innovación Y Desarrollo De Nuevos Modelos De Negocio Digitales.,1,5000.00,Servicios > Business Intelligence,"servicio,clientum"
,simple,SRV-6084,Inteligencia artificial y aprendizaje automático,1,Soluciones De Ia Y Ml Para Automatización De Procesos.,Soluciones De Ia Y Ml Para Automatización De Procesos.,1,7000.00,Servicios > Business Intelligence,"servicio,clientum"
,simple,SRV-6088,Análisis de datos en tiempo real,1,Soluciones De Análisis De Datos En Tiempo Real.,Soluciones De Análisis De Datos En Tiempo Real.,1,6000.00,Servicios > Business Intelligence,"servicio,clientum"
,simple,SRV-6092,Implementación de Sistemas de Inteligencia Artificial,1,Sistemas De Ia,Sistemas De Ia,1,7500.00,Servicios > Business Intelligence,"servicio,clientum"
,simple,SRV-6111,Análisis Predictivo y ML,1,Análisis Predictivo Y Ml,Análisis Predictivo Y Ml,1,6000.00,Servicios > Business Intelligence,"servicio,clientum"
,simple,SRV-6112,Inteligencia de Negocios (BI),1,Inteligencia De Negocios,Inteligencia De Negocios,1,5000.00,Servicios > Business Intelligence,"servicio,clientum"
,simple,SRV-6114,IA y Aprendizaje Automático,1,Ia Y Aprendizaje Automático,Ia Y Aprendizaje Automático,1,7000.00,Servicios > Business Intelligence,"servicio,clientum"
,simple,SRV-6116,Gobierno de Datos y Gestión,1,Gobierno De Datos Y Gestión,Gobierno De Datos Y Gestión,1,6000.00,Servicios > Business Intelligence,"servicio,clientum"
,simple,SRV-6125,Business Intelligence (BI),1,Inteligencia De Negocios,Inteligencia De Negocios,1,5000.00,Servicios > Business Intelligence,"servicio,clientum"
,simple,SRV-6135,Análisis de Competidores y Mercado,1,Análisis De Mercado,Análisis De Mercado,1,4400.00,Servicios > Business Intelligence,"servicio,clientum"
,simple,SRV-6137,Generación de Informes Inteligentes,1,Informes Inteligentes,Informes Inteligentes,1,4800.00,Servicios > Business Intelligence,"servicio,clientum"
,simple,SRV-6148,Análisis de Competencia,1,Análisis Estratégico De Competencia.,Análisis Estratégico De Competencia.,1,1200.00,Servicios > Business Intelligence,"servicio,clientum"
,simple,SRV-6163,Analítica Avanzada para la Toma de Decisiones,1,Analítica Avanzada,Analítica Avanzada,1,4000.00,Servicios > Business Intelligence,"servicio,clientum"
,simple,SRV-6166,Inteligencia de Mercado para Identificar Tendencias,1,Inteligencia De Mercado,Inteligencia De Mercado,1,4500.00,Servicios > Business Intelligence,"servicio,clientum"
,simple,SRV-6179,Implementación de Sistemas de IA,1,Sistemas De Ia,Sistemas De Ia,1,7500.00,Servicios > Business Intelligence,"servicio,clientum"
,simple,SRV-6182,Análisis de la Competencia,1,Análisis Competitivo Con Ia,Análisis Competitivo Con Ia,1,200.00,Servicios > Business Intelligence,"servicio,clientum"
,simple,SRV-6188,Análisis de Datos con IA,1,Análisis De Datos Con Ia,Análisis De Datos Con Ia,1,240.00,Servicios > Business Intelligence,"servicio,clientum"
,simple,SRV-6193,Análisis de Comportamiento del Consumidor,1,Análisis De Comportamiento,Análisis De Comportamiento,1,200.00,Servicios > Business Intelligence,"servicio,clientum"
,simple,SRV-6195,Análisis de Datos Financieros con IA,1,Análisis Financiero,Análisis Financiero,1,240.00,Servicios > Business Intelligence,"servicio,clientum"
,simple,SRV-6200,Optimización de Estrategias Financieras,1,Optimización De Finanzas,Optimización De Finanzas,1,270.00,Servicios > Business Intelligence,"servicio,clientum"
,simple,SRV-6203,Optimización de Estrategias de Negocios,1,Optimización De Negocios,Optimización De Negocios,1,260.00,Servicios > Business Intelligence,"servicio,clientum"
,simple,SRV-6205,Optimización de Proyectos Empresariales,1,Optimización De Proyectos,Optimización De Proyectos,1,270.00,Servicios > Business Intelligence,"servicio,clientum"
,simple,SRV-6206,Optimización de Competencia de Mercado,1,Optimización De Competencia,Optimización De Competencia,1,260.00,Servicios > Business Intelligence,"servicio,clientum"
,simple,SRV-6220,Consultoría en Big Data,1,Consultoría En Big Data,Consultoría En Big Data,1,5000.00,Servicios > Business Intelligence,"servicio,clientum"
,simple,SRV-6232,Plataforma de Analítica de Clientes,1,Análisis De Datos De Clientes,Análisis De Datos De Clientes,1,1900.00,Servicios > Business Intelligence,"servicio,clientum"
,simple,SRV-6245,Plataforma de Analítica Web,1,Análisis Del Comportamiento Web,Análisis Del Comportamiento Web,1,250.00,Servicios > Business Intelligence,"servicio,clientum"
,simple,SRV-6247,Plataforma de Análisis de Datos Financieros,1,Análisis De Datos Financieros,Análisis De Datos Financieros,1,450.00,Servicios > Business Intelligence,"servicio,clientum"
,simple,SRV-6248,Plataforma de Business Intelligence (BI),1,Herramientas Avanzadas De Bi,Herramientas Avanzadas De Bi,1,500.00,Servicios > Business Intelligence,"servicio,clientum"
,simple,SRV-6249,Plataforma de Análisis de Datos de Clientes,1,Análisis De Datos De Clientes,Análisis De Datos De Clientes,1,350.00,Servicios > Business Intelligence,"servicio,clientum"
,simple,SRV-6281,Análisis de la Competencia con IA,1,Solución De Análisis De La Competencia Basada En Ia,Solución De Análisis De La Competencia Basada En Ia,1,199.00,Servicios > Business Intelligence,"servicio,clientum"
,simple,SRV-6285,Análisis de Interacciones con Clientes con IA,1,Solución De Análisis De Interacciones Con Clientes Basada En Ia,Solución De Análisis De Interacciones Con Clientes Basada En Ia,1,149.00,Servicios > Business Intelligence,"servicio,clientum"
,simple,SRV-6287,Análisis de Sentimiento en Llamadas Telefónicas,1,Solución De Análisis De Sentimiento En Llamadas Telefónicas Basada En Ia,Solución De Análisis De Sentimiento En Llamadas Telefónicas Basada En Ia,1,149.00,Servicios > Business Intelligence,"servicio,clientum"
,simple,SRV-6289,Análisis de Datos de Recursos Humanos con IA,1,Solución De Análisis De Datos De Rrhh Basada En Ia,Solución De Análisis De Datos De Rrhh Basada En Ia,1,199.00,Servicios > Business Intelligence,"servicio,clientum"
,simple,SRV-6290,Análisis de Datos de Marketing con IA,1,Solución De Análisis De Datos De Marketing Con Ia,Solución De Análisis De Datos De Marketing Con Ia,1,249.00,Servicios > Business Intelligence,"servicio,clientum"
,simple,SRV-6291,Análisis de Datos de Ventas con IA,1,Solución De Análisis De Datos De Ventas Basada En Ia,Solución De Análisis De Datos De Ventas Basada En Ia,1,199.00,Servicios > Business Intelligence,"servicio,clientum"
,simple,SRV-6292,Análisis Predictivo para Mantenimiento,1,Solución De Análisis Predictivo Para Mantenimiento Basada En Ia,Solución De Análisis Predictivo Para Mantenimiento Basada En Ia,1,249.00,Servicios > Business Intelligence,"servicio,clientum"
,simple,SRV-6293,Análisis de Datos de la Cadena de Suministro con IA,1,Solución De Análisis De Datos De La Cadena De Suministro Con Ia,Solución De Análisis De Datos De La Cadena De Suministro Con Ia,1,199.00,Servicios > Business Intelligence,"servicio,clientum"
,simple,SRV-6295,Gestión de Riesgos con IA,1,Solución De Gestión De Riesgos Basada En Ia,Solución De Gestión De Riesgos Basada En Ia,1,199.00,Servicios > Business Intelligence,"servicio,clientum"
,simple,SRV-6296,Planificación Financiera con IA,1,Solución De Planificación Financiera Con Ia,Solución De Planificación Financiera Con Ia,1,249.00,Servicios > Business Intelligence,"servicio,clientum"
,simple,SRV-6298,Gestión de Cumplimiento Normativo con IA,1,Solución De Gestión De Cumplimiento Normativo Con Ia,Solución De Gestión De Cumplimiento Normativo Con Ia,1,149.00,Servicios > Business Intelligence,"servicio,clientum"
,simple,SRV-6310,Analítica de datos,1,Análisis Y Generación De Reportes A Partir De Datos.,Análisis Y Generación De Reportes A Partir De Datos.,1,200.00,Servicios > Business Intelligence,"servicio,clientum"
,simple,SRV-6319,Planificación estratégica,1,Consultoría En Planificación Estratégica Para Empresas.,Consultoría En Planificación Estratégica Para Empresas.,1,3000.00,Servicios > Business Intelligence,"servicio,clientum"
,simple,SRV-6323,Análisis de mercado,1,Servicios De Investigación Y Análisis De Mercados.,Servicios De Investigación Y Análisis De Mercados.,1,2000.00,Servicios > Business Intelligence,"servicio,clientum"
,simple,SRV-6325,Análisis de datos y BI,1,Servicios De Analítica De Datos Y Business Intelligence.,Servicios De Analítica De Datos Y Business Intelligence.,1,4000.00,Servicios > Business Intelligence,"servicio,clientum"
,simple,SRV-6333,Investigación de mercados,1,Servicios De Investigación De Mercados Para Recopilar Y Analizar Información.,Servicios De Investigación De Mercados Para Recopilar Y Analizar Información.,1,4000.00,Servicios > Business Intelligence,"servicio,clientum"
,simple,SRV-6338,Soluciones de inteligencia de negocios,1,Servicios De Diseño E Implementación De Soluciones De Business Intelligence.,Servicios De Diseño E Implementación De Soluciones De Business Intelligence.,1,25000.00,Servicios > Business Intelligence,"servicio,clientum"
,simple,SRV-6342,Consultoría en innovación,1,Servicios De Consultoría Para Impulsar La Innovación En Las Organizaciones.,Servicios De Consultoría Para Impulsar La Innovación En Las Organizaciones.,1,12000.00,Servicios > Business Intelligence,"servicio,clientum"
,simple,SRV-6347,Servicios de análisis de datos,1,Servicios De Consultoría Y Ejecución De Proyectos De Analítica De Datos.,Servicios De Consultoría Y Ejecución De Proyectos De Analítica De Datos.,1,8000.00,Servicios > Business Intelligence,"servicio,clientum"
,simple,SRV-6348,Consultoría en gestión de procesos,1,"Servicios De Consultoría En Gestión, Eficiencia Y Optimización De Procesos Empresariales.","Servicios De Consultoría En Gestión, Eficiencia Y Optimización De Procesos Empresariales.",1,10000.00,Servicios > Business Intelligence,"servicio,clientum"
,simple,SRV-6350,Consultoría en planificación estratégica,1,Servicios De Consultoría Para El Diseño E Implementación De Estrategias Empresariales.,Servicios De Consultoría Para El Diseño E Implementación De Estrategias Empresariales.,1,12000.00,Servicios > Business Intelligence,"servicio,clientum"
,simple,SRV-6351,Servicios de gestión de proyectos,1,Servicios Integrales De Gestión Y Dirección De Proyectos Empresariales.,Servicios Integrales De Gestión Y Dirección De Proyectos Empresariales.,1,15000.00,Servicios > Business Intelligence,"servicio,clientum"
,simple,SRV-6352,Desarrollo de soluciones de inteligencia artificial,1,"Servicios De Creación De Soluciones De Ia Para Automatización, Análisis Y Toma De Decisiones.","Servicios De Creación De Soluciones De Ia Para Automatización, Análisis Y Toma De Decisiones.",1,25000.00,Servicios > Business Intelligence,"servicio,clientum"
,simple,SRV-6354,Consultoría en gestión de la innovación,1,Servicios De Consultoría Para Potenciar Las Capacidades De Innovación En Las Organizaciones.,Servicios De Consultoría Para Potenciar Las Capacidades De Innovación En Las Organizaciones.,1,12000.00,Servicios > Business Intelligence,"servicio,clientum"
,simple,SRV-6359,Servicios de consultoría en transformación digital,1,Servicios De Consultoría Para Guiar A Las Organizaciones En Su Proceso De Transformación Digital.,Servicios De Consultoría Para Guiar A Las Organizaciones En Su Proceso De Transformación Digital.,1,18000.00,Servicios > Business Intelligence,"servicio,clientum"
,simple,SRV-6360,Desarrollo de soluciones de analítica avanzada,1,Servicios De Creación De Aplicaciones Y Sistemas De Analítica Avanzada Para La Toma De Decisiones.,Servicios De Creación De Aplicaciones Y Sistemas De Analítica Avanzada Para La Toma De Decisiones.,1,25000.00,Servicios > Business Intelligence,"servicio,clientum"
,simple,SRV-6371,Desarrollo de soluciones de business intelligence,1,"Servicios De Creación De Soluciones De Bi Para El Análisis, Visualización Y Monitoreo De Datos.","Servicios De Creación De Soluciones De Bi Para El Análisis, Visualización Y Monitoreo De Datos.",1,22000.00,Servicios > Business Intelligence,"servicio,clientum"
,simple,SRV-6372,Servicios de gestión de proyectos de TI,1,Servicios De Consultoría Y Liderazgo En La Gestión De Iniciativas Y Proyectos De Ti.,Servicios De Consultoría Y Liderazgo En La Gestión De Iniciativas Y Proyectos De Ti.,1,16000.00,Servicios > Business Intelligence,"servicio,clientum"
,simple,SRV-6375,Servicios de análisis de datos y big data,1,Servicios De Consultoría Y Ejecución De Proyectos De Análisis De Datos Y Big Data Para Empresas.,Servicios De Consultoría Y Ejecución De Proyectos De Análisis De Datos Y Big Data Para Empresas.,1,18000.00,Servicios > Business Intelligence,"servicio,clientum"
,simple,SRV-6379,Desarrollo de soluciones de aprendizaje automático (machine learning),1,Servicios De Desarrollo De Soluciones De Machine Learning Para Resolver Problemas Empresariales.,Servicios De Desarrollo De Soluciones De Machine Learning Para Resolver Problemas Empresariales.,1,25000.00,Servicios > Business Intelligence,"servicio,clientum"
,simple,SRV-6380,Servicios de estrategia y transformación digital,1,"Servicios De Consultoría En Estrategia, Diseño E Implementación De Programas De Transformación Digital.","Servicios De Consultoría En Estrategia, Diseño E Implementación De Programas De Transformación Digital.",1,20000.00,Servicios > Business Intelligence,"servicio,clientum"
,simple,SRV-6390,Desarrollo de soluciones de inteligencia de negocios (BI),1,Servicios De Creación De Soluciones De Inteligencia De Negocios (Bi) Para Empresas.,Servicios De Creación De Soluciones De Inteligencia De Negocios (Bi) Para Empresas.,1,25000.00,Servicios > Business Intelligence,"servicio,clientum"
,simple,SRV-6393,Servicios de análisis de datos y visualización,1,Servicios De Consultoría Y Ejecución De Proyectos De Análisis De Datos Y Visualización.,Servicios De Consultoría Y Ejecución De Proyectos De Análisis De Datos Y Visualización.,1,10000.00,Servicios > Business Intelligence,"servicio,clientum"
,simple,SRV-6398,Servicios de consultoría en administración y gestión de datos,1,Servicios De Consultoría Especializada En La Gestión Integral De Datos Empresariales.,Servicios De Consultoría Especializada En La Gestión Integral De Datos Empresariales.,1,16000.00,Servicios > Business Intelligence,"servicio,clientum"
,simple,SRV-6402,Servicios de consultoria en arquitectura empresarial,1,Servicios De Consultoría Especializada En El Desarrollo De Arquitecturas De Sistemas Y Procesos A Nivel Organizacional.,Servicios De Consultoría Especializada En El Desarrollo De Arquitecturas De Sistemas Y Procesos A Nivel Organizacional.,1,22000.00,Servicios > Business Intelligence,"servicio,clientum"
,simple,SRV-6403,Servicios de desarrollo de soluciones de inteligencia artificial y machine learning,1,Servicios De Creación De Soluciones Avanzadas De Ia Y Machine Learning Para Diversas Industrias.,Servicios De Creación De Soluciones Avanzadas De Ia Y Machine Learning Para Diversas Industrias.,1,28000.00,Servicios > Business Intelligence,"servicio,clientum"
,simple,SRV-6405,Servicios de consultoría en estrategia y gobierno de datos,1,Servicios De Consultoría Especializada En El Diseño E Implementación De Iniciativas De Gobernanza De Datos.,Servicios De Consultoría Especializada En El Diseño E Implementación De Iniciativas De Gobernanza De Datos.,1,22000.00,Servicios > Business Intelligence,"servicio,clientum"
,simple,SRV-6406,Servicios de análisis de big data y business intelligence,1,Servicios De Consultoría Y Desarrollo De Plataformas De Inteligencia De Negocios Y Analítica Avanzada.,Servicios De Consultoría Y Desarrollo De Plataformas De Inteligencia De Negocios Y Analítica Avanzada.,1,25000.00,Servicios > Business Intelligence,"servicio,clientum"
,simple,SRV-6410,Servicios de gestión de proyectos y transformación ágil,1,Servicios De Consultoría Y Acompañamiento En La Gestión De Proyectos De Cambio Y Mejora Continua.,Servicios De Consultoría Y Acompañamiento En La Gestión De Proyectos De Cambio Y Mejora Continua.,1,22000.00,Servicios > Business Intelligence,"servicio,clientum"
,simple,SRV-6412,Servicios de consultoría en estrategia y transformación digital,1,Servicios De Consultoría Especializada En La Planificación E Implementación De Iniciativas De Digitalización.,Servicios De Consultoría Especializada En La Planificación E Implementación De Iniciativas De Digitalización.,1,25000.00,Servicios > Business Intelligence,"servicio,clientum"
,simple,SRV-6416,Servicios de implementación de soluciones de inteligencia artificial y machine learning,1,"Servicios De Consultoría Y Despliegue De Soluciones De Inteligencia Artificial, Aprendizaje De Máquina Y Procesamiento De Datos.","Servicios De Consultoría Y Despliegue De Soluciones De Inteligencia Artificial, Aprendizaje De Máquina Y Procesamiento De Datos.",1,25000.00,Servicios > Business Intelligence,"servicio,clientum"
,simple,SRV-6423,Servicios de implementación de soluciones de analítica de datos y visualización,1,"Servicios De Consultoría Y Desarrollo De Plataformas Para Análisis De Datos, Inteligencia De Negocios Y Generación De Reportes.","Servicios De Consultoría Y Desarrollo De Plataformas Para Análisis De Datos, Inteligencia De Negocios Y Generación De Reportes.",1,20000.00,Servicios > Business Intelligence,"servicio,clientum"
,simple,SRV-6428,Servicios de desarrollo de aplicaciones de análisis predictivo y ciencia de datos,1,"Servicios De Consultoría Y Construcción De Aplicaciones Para La Extracción De Insights, Predicción De Tendencias Y Toma De Decisiones Basada En Datos.","Servicios De Consultoría Y Construcción De Aplicaciones Para La Extracción De Insights, Predicción De Tendencias Y Toma De Decisiones Basada En Datos.",1,28000.00,Servicios > Business Intelligence,"servicio,clientum"
,simple,SRV-6432,Servicios de desarrollo de aplicaciones de inteligencia artificial generativa,1,"Servicios De Consultoría Y Construcción De Soluciones De Ia Para La Generación De Contenido, Ideas Y Análisis Personalizados.","Servicios De Consultoría Y Construcción De Soluciones De Ia Para La Generación De Contenido, Ideas Y Análisis Personalizados.",1,32000.00,Servicios > Business Intelligence,"servicio,clientum"
,simple,SRV-6433,Servicios de implementación de soluciones de gestión de datos y analítica empresarial,1,"Servicios De Consultoría Y Despliegue De Soluciones Integrales Para La Gestión, Gobierno Y Análisis De Datos A Nivel Organizacional.","Servicios De Consultoría Y Despliegue De Soluciones Integrales Para La Gestión, Gobierno Y Análisis De Datos A Nivel Organizacional.",1,35000.00,Servicios > Business Intelligence,"servicio,clientum"
,simple,SRV-6434,Servicios de implementación de soluciones de inteligencia artificial y aprendizaje automático,1,"Servicios De Consultoría Y Despliegue De Soluciones De Ia Para La Automatización De Procesos, Predicción De Tendencias Y Toma De Decisiones.","Servicios De Consultoría Y Despliegue De Soluciones De Ia Para La Automatización De Procesos, Predicción De Tendencias Y Toma De Decisiones.",1,30000.00,Servicios > Business Intelligence,"servicio,clientum"
,simple,SRV-6440,Servicios de desarrollo de aplicaciones de análisis de datos geoespaciales,1,"Servicios De Consultoría Y Construcción De Soluciones De Procesamiento, Interpretación Y Representación De Información Geoespacial.","Servicios De Consultoría Y Construcción De Soluciones De Procesamiento, Interpretación Y Representación De Información Geoespacial.",1,25000.00,Servicios > Business Intelligence,"servicio,clientum"
,simple,SRV-6442,Servicios de desarrollo de aplicaciones de análisis de datos de redes sociales,1,"Servicios De Consultoría Y Construcción De Soluciones Para La Extracción De Insights, Monitoreo Y Gestión De La Presencia En Canales Digitales.","Servicios De Consultoría Y Construcción De Soluciones Para La Extracción De Insights, Monitoreo Y Gestión De La Presencia En Canales Digitales.",1,25000.00,Servicios > Business Intelligence,"servicio,clientum"
,simple,SRV-6443,Servicios de implementación de soluciones de analítica avanzada de datos,1,"Servicios De Consultoría Y Despliegue De Soluciones De Analítica Predictiva, Prescriptiva Y En Tiempo Real Para Optimizar Procesos Clave Del Negocio.","Servicios De Consultoría Y Despliegue De Soluciones De Analítica Predictiva, Prescriptiva Y En Tiempo Real Para Optimizar Procesos Clave Del Negocio.",1,32000.00,Servicios > Business Intelligence,"servicio,clientum"
,simple,SRV-6449,Servicios de implementación de soluciones de analítica de experiencia de usuario,1,"Servicios De Consultoría Y Despliegue De Soluciones De Analítica De Comportamiento, Usabilidad Y Satisfacción Del Usuario Para Optimizar La Experiencia Digital.","Servicios De Consultoría Y Despliegue De Soluciones De Analítica De Comportamiento, Usabilidad Y Satisfacción Del Usuario Para Optimizar La Experiencia Digital.",1,28000.00,Servicios > Business Intelligence,"servicio,clientum"
,simple,SRV-6453,Redacción de informes,1,Servicio De Redacción Profesional De Informes.,Servicio De Redacción Profesional De Informes.,1,80.00,Servicios > Business Intelligence,"servicio,clientum"
,simple,SRV-6471,Consultoría empresarial,1,Servicio De Consultoría Estratégica Para Empresas.,Servicio De Consultoría Estratégica Para Empresas.,1,2500.00,Servicios > Business Intelligence,"servicio,clientum"
,simple,SRV-6489,Consultoría de estrategia digital,1,Consultoría Para La Transformación Digital De Negocios.,Consultoría Para La Transformación Digital De Negocios.,1,1800.00,Servicios > Business Intelligence,"servicio,clientum"
,simple,SRV-6518,Consultoría en estrategia digital,1,Consultoría Especializada En Estrategia Y Transformación Digital Para Empresas.,Consultoría Especializada En Estrategia Y Transformación Digital Para Empresas.,1,3000.00,Servicios > Business Intelligence,"servicio,clientum"
,simple,SRV-6543,Análisis de Conversiones: Optimiza tu E-commerce y Aumenta tus Ventas,1,Servicio de análisis de conversiones para e-commerce que te permite: Identificar áreas de mejora Optimizar la experiencia del usuario Aumentar las ventas Mejorar el ROI de marketing,Servicio de análisis de conversiones para e-commerce que te permite: Identificar áreas de mejora Optimizar la experiencia del usuario Aumentar las ventas Mejorar el ROI de marketing,1,1000.00,Servicios > Business Intelligence,"servicio,clientum"
,simple,SRV-6554,Servicio de Analítica Web: Optimiza tu Ecommerce con Datos Valiosos,1,Servicio de implementación de analítica web para e-commerce,Servicio de implementación de analítica web para e-commerce,1,1200.00,Servicios > Business Intelligence,"servicio,clientum"
,simple,SRV-6568,Servicio de Análisis de Datos de Ecommerce: Optimiza tu Tienda Online con Insights Valiosos,1,"Servicio de Análisis de Datos de Ecommerce: Optimiza tu estrategia de negocio online con métricas esenciales, análisis de cohortes, segmentación avanzada y más.","Servicio de Análisis de Datos de Ecommerce: Optimiza tu estrategia de negocio online con métricas esenciales, análisis de cohortes, segmentación avanzada y más.",1,2500.00,Servicios > Business Intelligence,"servicio,clientum"
,simple,SRV-6578,Servicio de Implementación de Herramientas de Analítica y Optimización,1,Servicio De Implementación De Herramientas De Analítica Y Optimización Para Ecommerce.,Servicio De Implementación De Herramientas De Analítica Y Optimización Para Ecommerce.,1,2500.00,Servicios > Business Intelligence,"servicio,clientum"
,simple,SRV-6640,Análisis de Sentimiento en Redes Sociales,1,Análisis De Sentimiento En Redes Sociales Con Ia.,Análisis De Sentimiento En Redes Sociales Con Ia.,1,700.00,Servicios > Business Intelligence,"servicio,clientum"
,simple,SRV-6645,Análisis de Datos de Ecommerce: Optimiza tu Estrategia con Datos Clave,1,Análisis de Datos de Ecommerce para mejorar la estrategia,Análisis de Datos de Ecommerce para mejorar la estrategia,1,800.00,Servicios > Business Intelligence,"servicio,clientum"
,simple,SRV-6656,Analítica y Reportes Ecommerce: Monitorea y Optimiza tu Tienda Online,1,Análisis y Reportes de Datos de Ecommerce: La clave para el éxito en el comercio electrónico,Análisis y Reportes de Datos de Ecommerce: La clave para el éxito en el comercio electrónico,1,800.00,Servicios > Business Intelligence,"servicio,clientum"
,simple,SRV-6663,Análisis y Optimización de Conversiones para Ecommerce: Mejora tus Tasas de Conversión,1,Análisis y Optimización de Conversiones Ecommerce: Maximiza tus ventas online,Análisis y Optimización de Conversiones Ecommerce: Maximiza tus ventas online,1,1200.00,Servicios > Business Intelligence,"servicio,clientum"
,simple,SRV-6670,Análisis Avanzado de Datos para Ecommerce: Optimiza tu Tienda Virtual con Insights Estratégicos,1,Análisis Avanzado de Datos para Ecommerce: Impulsa tu Negocio Online,Análisis Avanzado de Datos para Ecommerce: Impulsa tu Negocio Online,1,1500.00,Servicios > Business Intelligence,"servicio,clientum"
,simple,SRV-6681,Servicios de Analítica Ecommerce,1,Soluciones De Analítica Para Ecommerce.,Soluciones De Analítica Para Ecommerce.,1,1000.00,Servicios > Business Intelligence,"servicio,clientum"
,simple,SRV-6690,Servicios de Análisis de Datos Ecommerce,1,Soluciones De Análisis De Datos Para Ecommerce.,Soluciones De Análisis De Datos Para Ecommerce.,1,2000.00,Servicios > Business Intelligence,"servicio,clientum"
,simple,SRV-6695,Servicios de Analítica Avanzada Ecommerce,1,Soluciones De Analítica Avanzada Para Ecommerce.,Soluciones De Analítica Avanzada Para Ecommerce.,1,2000.00,Servicios > Business Intelligence,"servicio,clientum"
,simple,SRV-6701,Servicios de Analítica y Optimización para Ecommerce: Impulsa tu Tienda Virtual,1,Servicios de Analítica y Optimización para Ecommerce,Servicios de Analítica y Optimización para Ecommerce,1,2000.00,Servicios > Business Intelligence,"servicio,clientum"
,simple,SRV-6723,Business Intelligence,1,Inteligencia De Negocio,Inteligencia De Negocio,1,0.00,Servicios > Business Intelligence,"servicio,clientum"
,simple,SRV-6724,Análisis y Gestión de Datos,1,,,1,10.00,Servicios > Business Intelligence,"servicio,clientum"
,simple,SRV-6725,Análisis de datos y seguimiento de métricas,1,Mejora La Toma De Decisiones Empresariales Con Análisis De Datos.,Mejora La Toma De Decisiones Empresariales Con Análisis De Datos.,1,2500.00,Servicios > Business Intelligence,"servicio,clientum"
,simple,SRV-6726,Análisis de Datos y Métricas,1,Análisis De Datos Y Métricas.,Análisis De Datos Y Métricas.,1,3200.00,Servicios > Business Intelligence,"servicio,clientum"
,simple,SRV-6727,Dashboards Personalizados,1,Dashboards Personalizados.,Dashboards Personalizados.,1,2000.00,Servicios > Business Intelligence,"servicio,clientum"
,simple,SRV-6728,Soluciones De Inteligencia De Negocio,1,Consultoría En Bi.,Consultoría En Bi.,1,2500.00,Servicios > Business Intelligence,"servicio,clientum"
,simple,SRV-6731,Implementación de Dashboards,1,Dashboards Personalizados.,Dashboards Personalizados.,1,1800.00,Servicios > Business Intelligence,"servicio,clientum"
,simple,SRV-6732,Soluciones Estratégicas de BI,1,Soluciones Estratégicas De Bi.,Soluciones Estratégicas De Bi.,1,4000.00,Servicios > Business Intelligence,"servicio,clientum"
,simple,SRV-6737,Implementación De Dashboards Personalizados,1,Dashboards Personalizados.,Dashboards Personalizados.,1,3000.00,Servicios > Business Intelligence,"servicio,clientum"
,simple,SRV-6738,Visualización Avanzada de Datos,1,Visualización Avanzada,Visualización Avanzada,1,2500.00,Servicios > Business Intelligence,"servicio,clientum"
,simple,SRV-6740,Consultoría y Estrategia Digital,1,,,1,12.00,Servicios > Business Intelligence,"servicio,clientum"
,simple,SRV-6749,Consultoría en Machine Learning,1,Consultoría En Machine Learning,Consultoría En Machine Learning,1,3000.00,Servicios > Business Intelligence,"servicio,clientum"
,simple,SRV-6754,Soluciones de Business Intelligence (BI),1,Soluciones De Bi,Soluciones De Bi,1,8000.00,Servicios > Business Intelligence,"servicio,clientum"
,simple,SRV-6758,Implementación de Herramientas de BI,1,Herramientas De Bi,Herramientas De Bi,1,7000.00,Servicios > Business Intelligence,"servicio,clientum"
,simple,SRV-6762,Implementación De Sistemas De Gestión De Datos,1,Gestión De Datos,Gestión De Datos,1,7500.00,Servicios > Business Intelligence,"servicio,clientum"
,simple,SRV-6769,Implementación de Herramientas de Análisis Predictivo,1,Herramientas De Análisis Predictivo,Herramientas De Análisis Predictivo,1,7000.00,Servicios > Business Intelligence,"servicio,clientum"
,simple,SRV-6805,Desarrollo de Algoritmos Avanzados,1,Algoritmos Para Marketing Digital.,Algoritmos Para Marketing Digital.,1,2000.00,Servicios > Business Intelligence,"servicio,clientum"
,simple,SRV-6835,Administración De Bases De Datos,1,Administración De Db,Administración De Db,1,2000.00,Servicios > Business Intelligence,"servicio,clientum"
,simple,SRV-6940,Desarrollo de Herramientas de Reporting,1,Herramientas De Reporting,Herramientas De Reporting,1,6000.00,Servicios > Business Intelligence,"servicio,clientum"
,simple,SRV-6943,Desarrollo de Soluciones de BI para KPIs,1,Soluciones Bi Para Kpis,Soluciones Bi Para Kpis,1,5500.00,Servicios > Business Intelligence,"servicio,clientum"
,simple,SRV-6944,Desarrollo de Herramientas de Visualización de Datos,1,Herramientas De Visualización,Herramientas De Visualización,1,6000.00,Servicios > Business Intelligence,"servicio,clientum"
,simple,SRV-6946,Desarrollo de Soluciones de Visualización Avanzada,1,Visualización Avanzada,Visualización Avanzada,1,6500.00,Servicios > Business Intelligence,"servicio,clientum"
,simple,SRV-6952,Desarrollo de Soluciones de Visualización de Datos,1,Visualización De Datos,Visualización De Datos,1,5500.00,Servicios > Business Intelligence,"servicio,clientum"
,simple,SRV-6987,Soporte Avanzado en BI,1,Soporte Bi Avanzado,Soporte Bi Avanzado,1,4000.00,Servicios > Business Intelligence,"servicio,clientum"
,simple,SRV-6990,Asistencia Técnica en la Implementación de Machine Learning,1,Machine Learning,Machine Learning,1,6000.00,Servicios > Business Intelligence,"servicio,clientum"
,simple,SRV-6995,Soporte para Sistemas de Big Data,1,Soporte Big Data,Soporte Big Data,1,5000.00,Servicios > Business Intelligence,"servicio,clientum"
,simple,SRV-7001,Soporte Analítica Web,1,Soporte Analítica Web,Soporte Analítica Web,1,3000.00,Servicios > Business Intelligence,"servicio,clientum"
,simple,SRV-7002,Soporte Avanzado de BI,1,Soporte Avanzado Bi,Soporte Avanzado Bi,1,6000.00,Servicios > Business Intelligence,"servicio,clientum"
,simple,SRV-7003,Soporte Avanzado de Business Intelligence en ERP,1,Soporte Avanzado Bi En Erp,Soporte Avanzado Bi En Erp,1,6500.00,Servicios > Business Intelligence,"servicio,clientum"
,simple,SRV-7004,Soporte Avanzado de Reportería y Business Intelligence en ERP,1,Soporte Avanzado Reportería Bi En Erp,Soporte Avanzado Reportería Bi En Erp,1,7000.00,Servicios > Business Intelligence,"servicio,clientum"
,simple,SRV-7011,Soporte Técnico en Soluciones de Business Intelligence,1,Soporte Bi,Soporte Bi,1,5500.00,Servicios > Business Intelligence,"servicio,clientum"
,simple,SRV-7013,Support BI Specialized,1,Soporte Especializado Bi,Soporte Especializado Bi,1,1500.00,Servicios > Business Intelligence,"servicio,clientum"
,simple,SRV-7017,Support for BI,1,Soporte Bi,Soporte Bi,1,1400.00,Servicios > Business Intelligence,"servicio,clientum"
,simple,SRV-7417,Reportes de Ventas,1,,,1,0.00,Servicios > Business Intelligence,"servicio,clientum"
,simple,SRV-7422,Reportes Operativos,1,,,1,0.00,Servicios > Business Intelligence,"servicio,clientum"
,simple,SRV-7427,Reportes de Producción,1,,,1,0.00,Servicios > Business Intelligence,"servicio,clientum"
,simple,SRV-7432,Reportes de Ventas y Logística,1,,,1,0.00,Servicios > Business Intelligence,"servicio,clientum"
,simple,SRV-7437,Reportes de Proyectos,1,,,1,0.00,Servicios > Business Intelligence,"servicio,clientum"
,simple,SRV-7439,Análisis Básico de Datos,1,,,1,0.00,Servicios > Business Intelligence,"servicio,clientum"
,simple,SRV-7440,Implementación de Dashboards Simples,1,,,1,0.00,Servicios > Business Intelligence,"servicio,clientum"
,simple,SRV-7441,Consultoría en Inteligencia de Negocio,1,,,1,0.00,Servicios > Business Intelligence,"servicio,clientum"
,simple,SRV-7442,Reportes Detallados,1,,,1,0.00,Servicios > Business Intelligence,"servicio,clientum"
,simple,SRV-7443,Análisis Avanzado de Datos,1,,,1,0.00,Servicios > Business Intelligence,"servicio,clientum"
,simple,SRV-7444,Dashboards Personalizados,1,,,1,0.00,Servicios > Business Intelligence,"servicio,clientum"
,simple,SRV-7445,Reportes Personalizados,1,,,1,0.00,Servicios > Business Intelligence,"servicio,clientum"
,simple,SRV-7446,Implementación Completa de BI,1,,,1,0.00,Servicios > Business Intelligence,"servicio,clientum"
,simple,SRV-7447,Consultoría Continua en BI,1,,,1,0.00,Servicios > Business Intelligence,"servicio,clientum"
,simple,SRV-7449,Análisis inicial de datos y métricas básicas para pequeñas empresas o proyectos de bajo alcance.,1,,,1,0.00,Servicios > Business Intelligence,"servicio,clientum"
,simple,SRV-7450,Soluciones de inteligencia de negocio más completas para medianas empresas con necesidades analíticas intermedias.,1,,,1,0.00,Servicios > Business Intelligence,"servicio,clientum"
,simple,SRV-7451,Soluciones completas para grandes empresas con necesidades analíticas avanzadas y continuas.,1,,,1,0.00,Servicios > Business Intelligence,"servicio,clientum"
,simple,SRV-7452,Implementación integral y consultoría continua en inteligencia de negocio para corporaciones de gran tamaño.,1,,,1,0.00,Servicios > Business Intelligence,"servicio,clientum"
,simple,SRV-7462,Análisis de Competencia y Estrategia: La Guía Definitiva para Dominar tu Mercado,1,Análisis de Competencia y Estrategia: Información clave sobre tus competidores para tomar decisiones informadas y obtener ventaja competitiva.,Análisis de Competencia y Estrategia: Información clave sobre tus competidores para tomar decisiones informadas y obtener ventaja competitiva.,1,0.00,Servicios > Business Intelligence,"servicio,clientum"
,simple,SRV-7489,Consultoría en Estrategia Web: Optimiza tu presencia online y alcanza tus objetivos,1,"Consultoría en Estrategia Web: Impulsa tu presencia digital al siguiente nivel. Análisis exhaustivo, estrategia personalizada, SEO, marketing de contenidos, análisis de datos. Beneficios: mayor visibilidad, generación de","Consultoría en Estrategia Web: Impulsa tu presencia digital al siguiente nivel. Análisis exhaustivo, estrategia personalizada, SEO, marketing de contenidos, análisis de datos. Beneficios: mayor visibilidad, generación de",1,0.00,Servicios > Business Intelligence,"servicio,clientum"
,simple,SRV-7510,Personalización de Reportes: Crea Informes a Medida para Tus Necesidades,1,Personalización de Reportes: Crea reportes a medida para una toma de decisiones informada.,Personalización de Reportes: Crea reportes a medida para una toma de decisiones informada.,1,0.00,Servicios > Business Intelligence,"servicio,clientum"
,simple,SRV-7513,Consultoría en Optimización de Procesos: Mejora la Eficiencia y Rentabilidad de tu Negocio,1,"Consultoría en Optimización de Procesos: Transformando operaciones para el éxito. Análisis exhaustivo, diseño optimizado, implementación y capacitación, monitoreo y mejora continua. Reduce costos, aumenta la productivida","Consultoría en Optimización de Procesos: Transformando operaciones para el éxito. Análisis exhaustivo, diseño optimizado, implementación y capacitación, monitoreo y mejora continua. Reduce costos, aumenta la productivida",1,0.00,Servicios > Business Intelligence,"servicio,clientum"
,simple,SRV-7517,Evaluación de Impacto Continuo: Monitorea y Mejora tus Resultados en Tiempo Real,1,"Evaluación de Impacto Continuo: Medí y mejorá el impacto de tus iniciativas en tiempo real con seguimiento personalizado, análisis avanzado e informes automatizados.","Evaluación de Impacto Continuo: Medí y mejorá el impacto de tus iniciativas en tiempo real con seguimiento personalizado, análisis avanzado e informes automatizados.",1,0.00,Servicios > Business Intelligence,"servicio,clientum"
,simple,SRV-7519,Implementación de Business Intelligence: Optimiza tus decisiones con datos,1,Implementación de Business Intelligence: una transformación para la toma de decisiones,Implementación de Business Intelligence: una transformación para la toma de decisiones,1,0.00,Servicios > Business Intelligence,"servicio,clientum"
,simple,SRV-7525,Desarrollo de Informes Personalizados: Crea Reportes a Medida para tus Necesidades,1,"Desarrollo de Informes Personalizados: Herramienta para la toma de decisiones informada, con informes adaptados, automatizados, integrados y visuales.","Desarrollo de Informes Personalizados: Herramienta para la toma de decisiones informada, con informes adaptados, automatizados, integrados y visuales.",1,600.00,Servicios > Business Intelligence,"servicio,clientum"
,simple,SRV-7527,Análisis de Procesos Empresariales: Optimiza tus operaciones para el éxito,1,Análisis de Procesos Empresariales: Optimiza el rendimiento y la eficiencia de tu empresa.,Análisis de Procesos Empresariales: Optimiza el rendimiento y la eficiencia de tu empresa.,1,600.00,Servicios > Business Intelligence,"servicio,clientum"
,simple,SRV-7530,Revisión y Optimización de Procesos: Mejora la Eficiencia y Reduce Costos,1,"Revisión y Optimización de Procesos: Identifica y elimina cuellos de botella, mejora la productividad y reduce costos.","Revisión y Optimización de Procesos: Identifica y elimina cuellos de botella, mejora la productividad y reduce costos.",1,600.00,Servicios > Business Intelligence,"servicio,clientum"
,simple,SRV-7532,Consultoría para Mejora Continua: Optimiza tus Procesos y Alcanza la Excelencia Operativa,1,Consultoría para Mejora Continua: Optimizando operaciones para la excelencia.,Consultoría para Mejora Continua: Optimizando operaciones para la excelencia.,1,700.00,Servicios > Business Intelligence,"servicio,clientum"
,simple,SRV-7534,Personalización de Informes: Crea Reportes a Medida para tus Necesidades,1,Personalización de Informes: Crea informes personalizados para una toma de decisiones informada.,Personalización de Informes: Crea informes personalizados para una toma de decisiones informada.,1,500.00,Servicios > Business Intelligence,"servicio,clientum"
,simple,SRV-7535,Implementación de Soluciones de BI: Optimiza la Toma de Decisiones con Datos,1,Implementación de Soluciones de BI: Transformando datos en decisiones inteligentes,Implementación de Soluciones de BI: Transformando datos en decisiones inteligentes,1,800.00,Servicios > Business Intelligence,"servicio,clientum"
,simple,SRV-7543,Consultoría Adicional Básica: Asesoría Experta para Optimizar tu Negocio,1,"Consultoría Adicional Básica: Asesoramiento personalizado, análisis exhaustivo y planes de acción para el éxito empresarial.","Consultoría Adicional Básica: Asesoramiento personalizado, análisis exhaustivo y planes de acción para el éxito empresarial.",1,1000.00,Servicios > Business Intelligence,"servicio,clientum"
,simple,SRV-7551,Consultoría en Transformación Digital: Impulsa tu Negocio hacia el Éxito,1,Consultoría en Transformación Digital: Impulsando el crecimiento y la innovación en la era digital,Consultoría en Transformación Digital: Impulsando el crecimiento y la innovación en la era digital,1,1200.00,Servicios > Business Intelligence,"servicio,clientum"
,simple,SRV-7552,Informe de Análisis de Rendimiento: Optimiza tu Estrategia Digital,1,Informe de Análisis de Rendimiento: Información valiosa para el éxito empresarial.,Informe de Análisis de Rendimiento: Información valiosa para el éxito empresarial.,1,500.00,Servicios > Business Intelligence,"servicio,clientum"
,simple,SRV-7554,Evaluación de Impacto: Analiza y Mide el Éxito de tus Iniciativas,1,Evaluación de Impacto: Herramienta para medir el éxito de tus iniciativas.,Evaluación de Impacto: Herramienta para medir el éxito de tus iniciativas.,1,400.00,Servicios > Business Intelligence,"servicio,clientum"
,simple,SRV-7560,Solución de BI y analítica en la nube,1,Solución De Bi,Solución De Bi,1,4000.00,Servicios > Business Intelligence,"servicio,clientum"
,simple,SRV-7575,Implementación de análisis de datos en tiempo real,1,Análisis En Tiempo Real,Análisis En Tiempo Real,1,900.00,Servicios > Business Intelligence,"servicio,clientum"
,simple,SRV-7586,Implementación de analítica avanzada,1,Soluciones De Analítica Avanzada,Soluciones De Analítica Avanzada,1,1000.00,Servicios > Business Intelligence,"servicio,clientum"
,simple,SRV-7594,Implementación de soluciones de inteligencia artificial,1,Soluciones De Inteligencia Artificial,Soluciones De Inteligencia Artificial,1,1500.00,Servicios > Business Intelligence,"servicio,clientum"
,simple,SRV-7595,Consultoría en transformación digital para pymes,1,Consultoría En Transformación Digital Para Pymes,Consultoría En Transformación Digital Para Pymes,1,600.00,Servicios > Business Intelligence,"servicio,clientum"
,simple,SRV-7597,Consultoría en gestión del cambio,1,Consultoría En Gestión Del Cambio,Consultoría En Gestión Del Cambio,1,800.00,Servicios > Business Intelligence,"servicio,clientum"
,simple,SRV-7599,Consultoría en sostenibilidad,1,Consultoría En Sostenibilidad,Consultoría En Sostenibilidad,1,700.00,Servicios > Business Intelligence,"servicio,clientum"
,simple,SRV-7603,Consultoría en estrategias de crecimiento,1,Consultoría En Estrategias De Crecimiento,Consultoría En Estrategias De Crecimiento,1,600.00,Servicios > Business Intelligence,"servicio,clientum"
,simple,SRV-7606,Implementación de soluciones de machine learning,1,Soluciones De Machine Learning,Soluciones De Machine Learning,1,1500.00,Servicios > Business Intelligence,"servicio,clientum"
,simple,SRV-7607,Consultoría en desarrollo sostenible,1,Consultoría En Desarrollo Sostenible,Consultoría En Desarrollo Sostenible,1,800.00,Servicios > Business Intelligence,"servicio,clientum"
,simple,SRV-7610,Consultoría en gestión de riesgos,1,Consultoría En Gestión De Riesgos,Consultoría En Gestión De Riesgos,1,900.00,Servicios > Business Intelligence,"servicio,clientum"
,simple,SRV-7617,Desarrollo de soluciones de inteligencia de negocios,1,Soluciones De Inteligencia De Negocios,Soluciones De Inteligencia De Negocios,1,1800.00,Servicios > Business Intelligence,"servicio,clientum"
,simple,SRV-7624,Implementación de soluciones de big data,1,Soluciones De Big Data,Soluciones De Big Data,1,1800.00,Servicios > Business Intelligence,"servicio,clientum"
,simple,SRV-7638,Consultoría en inteligencia competitiva,1,Consultoría En Inteligencia Competitiva,Consultoría En Inteligencia Competitiva,1,1000.00,Servicios > Business Intelligence,"servicio,clientum"
,simple,SRV-7641,Consultoría en analítica avanzada,1,Consultoría En Analítica Avanzada,Consultoría En Analítica Avanzada,1,1100.00,Servicios > Business Intelligence,"servicio,clientum"
,simple,SRV-7647,Servicios de Big Data,1,Soluciones De Big Data,Soluciones De Big Data,1,0.00,Servicios > Business Intelligence,"servicio,clientum"
,simple,SRV-7651,Consultoría en Gobierno de Datos y Gestión de la Información,1,Gobierno De Datos.,Gobierno De Datos.,1,0.00,Servicios > Business Intelligence,"servicio,clientum"
,simple,SRV-7652,Implementación de Soluciones de Análisis de Datos Avanzado,1,Análisis De Datos Avanzado.,Análisis De Datos Avanzado.,1,0.00,Servicios > Business Intelligence,"servicio,clientum"
,simple,SRV-7657,Servicios de Análisis de Sentimientos y Minería de Texto,1,Análisis De Sentimientos Y Texto.,Análisis De Sentimientos Y Texto.,1,0.00,Servicios > Business Intelligence,"servicio,clientum"
,simple,SRV-7670,Business Intelligence Setup,1,Implementación De Bi,Implementación De Bi,1,0.00,Servicios > Business Intelligence,"servicio,clientum"
,simple,SRV-7689,Optimización de Bases de Datos,1,Optimización De Bases De Datos,Optimización De Bases De Datos,1,0.00,Servicios > Business Intelligence,"servicio,clientum"
,simple,SRV-7691,BI (Business Intelligence),1,Análisis De Datos Personalizado,Análisis De Datos Personalizado,1,0.00,Servicios > Business Intelligence,"servicio,clientum"
,simple,SRV-7694,Automatización de Reportes Ejecutivos,1,Automatización De Reportes Con Pentaho,Automatización De Reportes Con Pentaho,1,0.00,Servicios > Business Intelligence,"servicio,clientum"
,simple,SRV-7695,Análisis de Big Data,1,Análisis De Big Data,Análisis De Big Data,1,0.00,Servicios > Business Intelligence,"servicio,clientum"
,simple,SRV-7697,Optimización de Estrategias de Precios,1,Optimización De Precios,Optimización De Precios,1,0.00,Servicios > Business Intelligence,"servicio,clientum"
,simple,SRV-7701,Gobierno de datos y gestión de la información,1,Gobierno De Datos Y Gestión De La Información,Gobierno De Datos Y Gestión De La Información,1,0.00,Servicios > Business Intelligence,"servicio,clientum"
,simple,SRV-7702,Análisis de datos avanzado,1,Análisis De Datos Avanzado.,Análisis De Datos Avanzado.,1,0.00,Servicios > Business Intelligence,"servicio,clientum"
,simple,SRV-7707,Análisis de sentimientos y minería de texto,1,Análisis De Sentimientos Y Minería De Texto,Análisis De Sentimientos Y Minería De Texto,1,0.00,Servicios > Business Intelligence,"servicio,clientum"
,simple,SRV-7724,Consultoría en Analítica Avanzada y Ciencia de Datos,1,Analítica Avanzada Y Ciencia De Datos,Analítica Avanzada Y Ciencia De Datos,1,0.00,Servicios > Business Intelligence,"servicio,clientum"
,simple,SRV-7730,Consultoría en Gobierno de Datos y Gestión del Ciclo de Vida de la Información: Optimiza tus datos para el éxito,1,Consultoría en Gobierno de Datos y Gestión del Ciclo de Vida de la Información: Optimiza tus datos para el éxito,Consultoría en Gobierno de Datos y Gestión del Ciclo de Vida de la Información: Optimiza tus datos para el éxito,1,0.00,Servicios > Business Intelligence,"servicio,clientum"
,simple,SRV-7731,Implementación de soluciones de inteligencia de negocios (BI) y cuadros de mando (dashboards) personalizados,1,Implementación De Bi Y Dashboards Personalizados,Implementación De Bi Y Dashboards Personalizados,1,0.00,Servicios > Business Intelligence,"servicio,clientum"
,simple,SRV-7740,Implementación de soluciones de análisis predictivo y minería de datos,1,Análisis Predictivo Y Minería De Datos,Análisis Predictivo Y Minería De Datos,1,0.00,Servicios > Business Intelligence,"servicio,clientum"
,simple,SRV-7745,Consultoría en gobernanza de datos y gestión del ciclo de vida de la información a nivel empresarial,1,Gobernanza De Datos Empresarial,Gobernanza De Datos Empresarial,1,0.00,Servicios > Business Intelligence,"servicio,clientum"
,simple,SRV-7758,Implementación de soluciones de análisis de datos en tiempo real y monitoreo de indicadores clave de desempeño (KPIs),1,Análisis De Datos,Análisis De Datos,1,0.00,Servicios > Business Intelligence,"servicio,clientum"
,simple,SRV-7764,Implementación de soluciones de análisis predictivo y aprendizaje automático para anticipar tendencias y oportunidades,1,Análisis De Datos,Análisis De Datos,1,0.00,Servicios > Business Intelligence,"servicio,clientum"
,simple,SRV-7765,Consultoría en gobierno de datos y gestión del ciclo de vida de la información a nivel empresarial,1,Consultoría,Consultoría,1,0.00,Servicios > Business Intelligence,"servicio,clientum"
,simple,SRV-7771,Implementación de soluciones de inteligencia de negocios (BI) y cuadros de mando (dashboards) avanzados con analítica visual,1,Análisis De Datos,Análisis De Datos,1,0.00,Servicios > Business Intelligence,"servicio,clientum"
,simple,SRV-7774,Consultoría en Gobernanza de Datos y Gestión del Ciclo de Vida de la Información,1,Gobernanza De Datos,Gobernanza De Datos,1,0.00,Servicios > Business Intelligence,"servicio,clientum"
,simple,SRV-7780,Implementación de Soluciones de Análisis de Datos en Tiempo Real,1,Análisis De Datos Y Monitoreo De Kpis,Análisis De Datos Y Monitoreo De Kpis,1,0.00,Servicios > Business Intelligence,"servicio,clientum"
,simple,SRV-7784,Implementación de Soluciones de Análisis Predictivo,1,Análisis Predictivo Y Machine Learning,Análisis Predictivo Y Machine Learning,1,0.00,Servicios > Business Intelligence,"servicio,clientum"
,simple,SRV-7785,Consultoría en Gobierno de Datos y Gestión de Información,1,Gestión De Datos E Información,Gestión De Datos E Información,1,0.00,Servicios > Business Intelligence,"servicio,clientum"
,simple,SRV-7788,Implementación de Soluciones de Inteligencia de Negocios (BI),1,Bi Y Analítica Visual Avanzada,Bi Y Analítica Visual Avanzada,1,0.00,Servicios > Business Intelligence,"servicio,clientum"
,simple,SRV-7794,Análisis de Sentimiento de Clientes en Línea,1,Evaluación De Sentimiento En Línea.,Evaluación De Sentimiento En Línea.,1,0.00,Servicios > Business Intelligence,"servicio,clientum"
,simple,SRV-7796,Generación Automatizada de Informes Ejecutivos,1,Informes Ejecutivos Automáticos.,Informes Ejecutivos Automáticos.,1,0.00,Servicios > Business Intelligence,"servicio,clientum"
,simple,SRV-7800,Análisis predictivo y minería de datos,1,Soluciones De Análisis Predictivo Y Minería De Datos.,Soluciones De Análisis Predictivo Y Minería De Datos.,1,0.00,Servicios > Business Intelligence,"servicio,clientum"
,simple,SRV-7804,Gobernanza de datos y gestión del ciclo de vida,1,Gobernanza De Datos Y Gestión Del Ciclo De Vida.,Gobernanza De Datos Y Gestión Del Ciclo De Vida.,1,0.00,Servicios > Business Intelligence,"servicio,clientum"
,simple,SRV-7812,Análisis de datos en tiempo real,1,Soluciones De Análisis De Datos En Tiempo Real.,Soluciones De Análisis De Datos En Tiempo Real.,1,0.00,Servicios > Business Intelligence,"servicio,clientum"
,simple,SRV-7835,Análisis Predictivo y ML,1,Análisis Predictivo Y Ml,Análisis Predictivo Y Ml,1,0.00,Servicios > Business Intelligence,"servicio,clientum"
,simple,SRV-7836,Inteligencia de Negocios (BI),1,Inteligencia De Negocios,Inteligencia De Negocios,1,0.00,Servicios > Business Intelligence,"servicio,clientum"
,simple,SRV-7838,IA y Aprendizaje Automático,1,Ia Y Aprendizaje Automático,Ia Y Aprendizaje Automático,1,0.00,Servicios > Business Intelligence,"servicio,clientum"
,simple,SRV-7840,Gobierno de Datos y Gestión,1,Gobierno De Datos Y Gestión,Gobierno De Datos Y Gestión,1,0.00,Servicios > Business Intelligence,"servicio,clientum"
,simple,SRV-7849,Business Intelligence (BI),1,Inteligencia De Negocios,Inteligencia De Negocios,1,0.00,Servicios > Business Intelligence,"servicio,clientum"
,simple,SRV-7859,Análisis de Competidores y Mercado,1,Análisis De Mercado,Análisis De Mercado,1,0.00,Servicios > Business Intelligence,"servicio,clientum"
,simple,SRV-7861,Generación de Informes Inteligentes,1,Informes Inteligentes,Informes Inteligentes,1,0.00,Servicios > Business Intelligence,"servicio,clientum"
,simple,SRV-7872,Análisis de Competencia,1,Análisis Estratégico De Competencia.,Análisis Estratégico De Competencia.,1,0.00,Servicios > Business Intelligence,"servicio,clientum"
,simple,SRV-7887,Analítica Avanzada para la Toma de Decisiones,1,Analítica Avanzada,Analítica Avanzada,1,0.00,Servicios > Business Intelligence,"servicio,clientum"
,simple,SRV-7890,Inteligencia de Mercado para Identificar Tendencias,1,Inteligencia De Mercado,Inteligencia De Mercado,1,0.00,Servicios > Business Intelligence,"servicio,clientum"
,simple,SRV-7903,Implementación de Sistemas de IA,1,Sistemas De Ia,Sistemas De Ia,1,0.00,Servicios > Business Intelligence,"servicio,clientum"
,simple,SRV-7906,Análisis de la Competencia,1,Análisis Competitivo Con Ia,Análisis Competitivo Con Ia,1,0.00,Servicios > Business Intelligence,"servicio,clientum"
,simple,SRV-7908,Análisis De Datos De Marketing,1,Análisis De Marketing Con Ia,Análisis De Marketing Con Ia,1,0.00,Servicios > Business Intelligence,"servicio,clientum"
,simple,SRV-7912,Análisis de Datos con IA,1,Análisis De Datos Con Ia,Análisis De Datos Con Ia,1,0.00,Servicios > Business Intelligence,"servicio,clientum"
,simple,SRV-7917,Análisis de Comportamiento del Consumidor,1,Análisis De Comportamiento,Análisis De Comportamiento,1,0.00,Servicios > Business Intelligence,"servicio,clientum"
,simple,SRV-7919,Análisis de Datos Financieros con IA,1,Análisis Financiero,Análisis Financiero,1,0.00,Servicios > Business Intelligence,"servicio,clientum"
,simple,SRV-7924,Optimización de Estrategias Financieras,1,Optimización De Finanzas,Optimización De Finanzas,1,0.00,Servicios > Business Intelligence,"servicio,clientum"
,simple,SRV-7926,Optimización de Energía y Recursos,1,Optimización De Energía,Optimización De Energía,1,0.00,Servicios > Business Intelligence,"servicio,clientum"
,simple,SRV-7927,Optimización de Estrategias de Negocios,1,Optimización De Negocios,Optimización De Negocios,1,0.00,Servicios > Business Intelligence,"servicio,clientum"
,simple,SRV-7929,Optimización de Proyectos Empresariales,1,Optimización De Proyectos,Optimización De Proyectos,1,0.00,Servicios > Business Intelligence,"servicio,clientum"
,simple,SRV-7930,Optimización de Competencia de Mercado,1,Optimización De Competencia,Optimización De Competencia,1,0.00,Servicios > Business Intelligence,"servicio,clientum"
,simple,SRV-7931,Optimización de Estrategias de Recursos,1,Optimización De Recursos,Optimización De Recursos,1,0.00,Servicios > Business Intelligence,"servicio,clientum"
,simple,SRV-7932,Optimización de Energía y Sustentabilidad,1,Optimización De Energía,Optimización De Energía,1,0.00,Servicios > Business Intelligence,"servicio,clientum"
,simple,SRV-7944,Consultoría en Big Data,1,Consultoría En Big Data,Consultoría En Big Data,1,0.00,Servicios > Business Intelligence,"servicio,clientum"
,simple,SRV-7956,Plataforma de Analítica de Clientes,1,Análisis De Datos De Clientes,Análisis De Datos De Clientes,1,0.00,Servicios > Business Intelligence,"servicio,clientum"
,simple,SRV-7969,Plataforma de Analítica Web,1,Análisis Del Comportamiento Web,Análisis Del Comportamiento Web,1,0.00,Servicios > Business Intelligence,"servicio,clientum"
,simple,SRV-7971,Plataforma de Análisis de Datos Financieros,1,Análisis De Datos Financieros,Análisis De Datos Financieros,1,0.00,Servicios > Business Intelligence,"servicio,clientum"
,simple,SRV-7972,Plataforma de Business Intelligence (BI),1,Herramientas Avanzadas De Bi,Herramientas Avanzadas De Bi,1,0.00,Servicios > Business Intelligence,"servicio,clientum"
,simple,SRV-7973,Plataforma de Análisis de Datos de Clientes,1,Análisis De Datos De Clientes,Análisis De Datos De Clientes,1,0.00,Servicios > Business Intelligence,"servicio,clientum"
,simple,SRV-7994,Análisis de la Competencia con IA,1,Solución De Análisis De La Competencia Basada En Ia,Solución De Análisis De La Competencia Basada En Ia,1,0.00,Servicios > Business Intelligence,"servicio,clientum"
,simple,SRV-7998,Análisis de Interacciones con Clientes con IA,1,Solución De Análisis De Interacciones Con Clientes Basada En Ia,Solución De Análisis De Interacciones Con Clientes Basada En Ia,1,0.00,Servicios > Business Intelligence,"servicio,clientum"
,simple,SRV-8000,Análisis de Sentimiento en Llamadas Telefónicas,1,Solución De Análisis De Sentimiento En Llamadas Telefónicas Basada En Ia,Solución De Análisis De Sentimiento En Llamadas Telefónicas Basada En Ia,1,0.00,Servicios > Business Intelligence,"servicio,clientum"
,simple,SRV-8002,Análisis de Datos de Recursos Humanos con IA,1,Solución De Análisis De Datos De Rrhh Basada En Ia,Solución De Análisis De Datos De Rrhh Basada En Ia,1,0.00,Servicios > Business Intelligence,"servicio,clientum"
,simple,SRV-8003,Análisis de Datos de Marketing con IA,1,Solución De Análisis De Datos De Marketing Con Ia,Solución De Análisis De Datos De Marketing Con Ia,1,0.00,Servicios > Business Intelligence,"servicio,clientum"
,simple,SRV-8004,Análisis de Datos de Ventas con IA,1,Solución De Análisis De Datos De Ventas Basada En Ia,Solución De Análisis De Datos De Ventas Basada En Ia,1,0.00,Servicios > Business Intelligence,"servicio,clientum"
,simple,SRV-8005,Análisis Predictivo para Mantenimiento,1,Solución De Análisis Predictivo Para Mantenimiento Basada En Ia,Solución De Análisis Predictivo Para Mantenimiento Basada En Ia,1,0.00,Servicios > Business Intelligence,"servicio,clientum"
,simple,SRV-8006,Análisis de Datos de la Cadena de Suministro con IA,1,Solución De Análisis De Datos De La Cadena De Suministro Con Ia,Solución De Análisis De Datos De La Cadena De Suministro Con Ia,1,0.00,Servicios > Business Intelligence,"servicio,clientum"
,simple,SRV-8008,Gestión de Riesgos con IA,1,Solución De Gestión De Riesgos Basada En Ia,Solución De Gestión De Riesgos Basada En Ia,1,0.00,Servicios > Business Intelligence,"servicio,clientum"
,simple,SRV-8009,Planificación Financiera con IA,1,Solución De Planificación Financiera Con Ia,Solución De Planificación Financiera Con Ia,1,0.00,Servicios > Business Intelligence,"servicio,clientum"
,simple,SRV-8011,Gestión de Cumplimiento Normativo con IA,1,Solución De Gestión De Cumplimiento Normativo Con Ia,Solución De Gestión De Cumplimiento Normativo Con Ia,1,0.00,Servicios > Business Intelligence,"servicio,clientum"
,simple,SRV-8021,Analítica de datos,1,Análisis Y Generación De Reportes A Partir De Datos.,Análisis Y Generación De Reportes A Partir De Datos.,1,0.00,Servicios > Business Intelligence,"servicio,clientum"
,simple,SRV-8034,Análisis de mercado,1,Servicios De Investigación Y Análisis De Mercados.,Servicios De Investigación Y Análisis De Mercados.,1,0.00,Servicios > Business Intelligence,"servicio,clientum"
,simple,SRV-8036,Análisis de datos y BI,1,Servicios De Analítica De Datos Y Business Intelligence.,Servicios De Analítica De Datos Y Business Intelligence.,1,0.00,Servicios > Business Intelligence,"servicio,clientum"
,simple,SRV-8044,Investigación de mercados,1,Servicios De Investigación De Mercados Para Recopilar Y Analizar Información.,Servicios De Investigación De Mercados Para Recopilar Y Analizar Información.,1,0.00,Servicios > Business Intelligence,"servicio,clientum"
,simple,SRV-8049,Soluciones de inteligencia de negocios,1,Servicios De Diseño E Implementación De Soluciones De Business Intelligence.,Servicios De Diseño E Implementación De Soluciones De Business Intelligence.,1,0.00,Servicios > Business Intelligence,"servicio,clientum"
,simple,SRV-8053,Consultoría en innovación,1,Servicios De Consultoría Para Impulsar La Innovación En Las Organizaciones.,Servicios De Consultoría Para Impulsar La Innovación En Las Organizaciones.,1,0.00,Servicios > Business Intelligence,"servicio,clientum"
,simple,SRV-8058,Servicios de análisis de datos,1,Servicios De Consultoría Y Ejecución De Proyectos De Analítica De Datos.,Servicios De Consultoría Y Ejecución De Proyectos De Analítica De Datos.,1,0.00,Servicios > Business Intelligence,"servicio,clientum"
,simple,SRV-8059,Consultoría en gestión de procesos,1,"Servicios De Consultoría En Gestión, Eficiencia Y Optimización De Procesos Empresariales.","Servicios De Consultoría En Gestión, Eficiencia Y Optimización De Procesos Empresariales.",1,0.00,Servicios > Business Intelligence,"servicio,clientum"
,simple,SRV-8061,Consultoría en planificación estratégica,1,Servicios De Consultoría Para El Diseño E Implementación De Estrategias Empresariales.,Servicios De Consultoría Para El Diseño E Implementación De Estrategias Empresariales.,1,0.00,Servicios > Business Intelligence,"servicio,clientum"
,simple,SRV-8065,Consultoría en gestión de la innovación,1,Servicios De Consultoría Para Potenciar Las Capacidades De Innovación En Las Organizaciones.,Servicios De Consultoría Para Potenciar Las Capacidades De Innovación En Las Organizaciones.,1,0.00,Servicios > Business Intelligence,"servicio,clientum"
,simple,SRV-8070,Servicios de consultoría en transformación digital,1,Servicios De Consultoría Para Guiar A Las Organizaciones En Su Proceso De Transformación Digital.,Servicios De Consultoría Para Guiar A Las Organizaciones En Su Proceso De Transformación Digital.,1,0.00,Servicios > Business Intelligence,"servicio,clientum"
,simple,SRV-8071,Desarrollo de soluciones de analítica avanzada,1,Servicios De Creación De Aplicaciones Y Sistemas De Analítica Avanzada Para La Toma De Decisiones.,Servicios De Creación De Aplicaciones Y Sistemas De Analítica Avanzada Para La Toma De Decisiones.,1,0.00,Servicios > Business Intelligence,"servicio,clientum"
,simple,SRV-8082,Desarrollo de soluciones de business intelligence,1,"Servicios De Creación De Soluciones De Bi Para El Análisis, Visualización Y Monitoreo De Datos.","Servicios De Creación De Soluciones De Bi Para El Análisis, Visualización Y Monitoreo De Datos.",1,0.00,Servicios > Business Intelligence,"servicio,clientum"
,simple,SRV-8086,Servicios de análisis de datos y big data,1,Servicios De Consultoría Y Ejecución De Proyectos De Análisis De Datos Y Big Data Para Empresas.,Servicios De Consultoría Y Ejecución De Proyectos De Análisis De Datos Y Big Data Para Empresas.,1,0.00,Servicios > Business Intelligence,"servicio,clientum"
,simple,SRV-8091,Servicios de estrategia y transformación digital,1,"Servicios De Consultoría En Estrategia, Diseño E Implementación De Programas De Transformación Digital.","Servicios De Consultoría En Estrategia, Diseño E Implementación De Programas De Transformación Digital.",1,0.00,Servicios > Business Intelligence,"servicio,clientum"
,simple,SRV-8101,Desarrollo de soluciones de inteligencia de negocios (BI),1,Servicios De Creación De Soluciones De Inteligencia De Negocios (Bi) Para Empresas.,Servicios De Creación De Soluciones De Inteligencia De Negocios (Bi) Para Empresas.,1,0.00,Servicios > Business Intelligence,"servicio,clientum"
,simple,SRV-8104,Servicios de análisis de datos y visualización,1,Servicios De Consultoría Y Ejecución De Proyectos De Análisis De Datos Y Visualización.,Servicios De Consultoría Y Ejecución De Proyectos De Análisis De Datos Y Visualización.,1,0.00,Servicios > Business Intelligence,"servicio,clientum"
,simple,SRV-8109,Servicios de consultoría en administración y gestión de datos,1,Servicios De Consultoría Especializada En La Gestión Integral De Datos Empresariales.,Servicios De Consultoría Especializada En La Gestión Integral De Datos Empresariales.,1,0.00,Servicios > Business Intelligence,"servicio,clientum"
,simple,SRV-8113,Servicios de consultoria en arquitectura empresarial,1,Servicios De Consultoría Especializada En El Desarrollo De Arquitecturas De Sistemas Y Procesos A Nivel Organizacional.,Servicios De Consultoría Especializada En El Desarrollo De Arquitecturas De Sistemas Y Procesos A Nivel Organizacional.,1,0.00,Servicios > Business Intelligence,"servicio,clientum"
,simple,SRV-8116,Servicios de consultoría en estrategia y gobierno de datos,1,Servicios De Consultoría Especializada En El Diseño E Implementación De Iniciativas De Gobernanza De Datos.,Servicios De Consultoría Especializada En El Diseño E Implementación De Iniciativas De Gobernanza De Datos.,1,0.00,Servicios > Business Intelligence,"servicio,clientum"
,simple,SRV-8117,Servicios de análisis de big data y business intelligence,1,Servicios De Consultoría Y Desarrollo De Plataformas De Inteligencia De Negocios Y Analítica Avanzada.,Servicios De Consultoría Y Desarrollo De Plataformas De Inteligencia De Negocios Y Analítica Avanzada.,1,0.00,Servicios > Business Intelligence,"servicio,clientum"
,simple,SRV-8123,Servicios de consultoría en estrategia y transformación digital,1,Servicios De Consultoría Especializada En La Planificación E Implementación De Iniciativas De Digitalización.,Servicios De Consultoría Especializada En La Planificación E Implementación De Iniciativas De Digitalización.,1,0.00,Servicios > Business Intelligence,"servicio,clientum"
,simple,SRV-8134,Servicios de implementación de soluciones de analítica de datos y visualización,1,"Servicios De Consultoría Y Desarrollo De Plataformas Para Análisis De Datos, Inteligencia De Negocios Y Generación De Reportes.","Servicios De Consultoría Y Desarrollo De Plataformas Para Análisis De Datos, Inteligencia De Negocios Y Generación De Reportes.",1,0.00,Servicios > Business Intelligence,"servicio,clientum"
,simple,SRV-8139,Servicios de desarrollo de aplicaciones de análisis predictivo y ciencia de datos,1,"Servicios De Consultoría Y Construcción De Aplicaciones Para La Extracción De Insights, Predicción De Tendencias Y Toma De Decisiones Basada En Datos.","Servicios De Consultoría Y Construcción De Aplicaciones Para La Extracción De Insights, Predicción De Tendencias Y Toma De Decisiones Basada En Datos.",1,0.00,Servicios > Business Intelligence,"servicio,clientum"
,simple,SRV-8144,Servicios de implementación de soluciones de gestión de datos y analítica empresarial,1,"Servicios De Consultoría Y Despliegue De Soluciones Integrales Para La Gestión, Gobierno Y Análisis De Datos A Nivel Organizacional.","Servicios De Consultoría Y Despliegue De Soluciones Integrales Para La Gestión, Gobierno Y Análisis De Datos A Nivel Organizacional.",1,0.00,Servicios > Business Intelligence,"servicio,clientum"
,simple,SRV-8151,Servicios de desarrollo de aplicaciones de análisis de datos geoespaciales,1,"Servicios De Consultoría Y Construcción De Soluciones De Procesamiento, Interpretación Y Representación De Información Geoespacial.","Servicios De Consultoría Y Construcción De Soluciones De Procesamiento, Interpretación Y Representación De Información Geoespacial.",1,0.00,Servicios > Business Intelligence,"servicio,clientum"
,simple,SRV-8153,Servicios de desarrollo de aplicaciones de análisis de datos de redes sociales,1,"Servicios De Consultoría Y Construcción De Soluciones Para La Extracción De Insights, Monitoreo Y Gestión De La Presencia En Canales Digitales.","Servicios De Consultoría Y Construcción De Soluciones Para La Extracción De Insights, Monitoreo Y Gestión De La Presencia En Canales Digitales.",1,0.00,Servicios > Business Intelligence,"servicio,clientum"
,simple,SRV-8154,Servicios de implementación de soluciones de analítica avanzada de datos,1,"Servicios De Consultoría Y Despliegue De Soluciones De Analítica Predictiva, Prescriptiva Y En Tiempo Real Para Optimizar Procesos Clave Del Negocio.","Servicios De Consultoría Y Despliegue De Soluciones De Analítica Predictiva, Prescriptiva Y En Tiempo Real Para Optimizar Procesos Clave Del Negocio.",1,0.00,Servicios > Business Intelligence,"servicio,clientum"
,simple,SRV-8160,Servicios de implementación de soluciones de analítica de experiencia de usuario,1,"Servicios De Consultoría Y Despliegue De Soluciones De Analítica De Comportamiento, Usabilidad Y Satisfacción Del Usuario Para Optimizar La Experiencia Digital.","Servicios De Consultoría Y Despliegue De Soluciones De Analítica De Comportamiento, Usabilidad Y Satisfacción Del Usuario Para Optimizar La Experiencia Digital.",1,0.00,Servicios > Business Intelligence,"servicio,clientum"
,simple,SRV-8181,Consultoría empresarial,1,Servicio De Consultoría Estratégica Para Empresas.,Servicio De Consultoría Estratégica Para Empresas.,1,0.00,Servicios > Business Intelligence,"servicio,clientum"
,simple,SRV-8191,Consultoría de estrategia digital,1,Consultoría Para La Transformación Digital De Negocios.,Consultoría Para La Transformación Digital De Negocios.,1,0.00,Servicios > Business Intelligence,"servicio,clientum"
,simple,SRV-8220,Consultoría en estrategia digital,1,Consultoría Especializada En Estrategia Y Transformación Digital Para Empresas.,Consultoría Especializada En Estrategia Y Transformación Digital Para Empresas.,1,0.00,Servicios > Business Intelligence,"servicio,clientum"
,simple,SRV-8232,Estrategia de Ecommerce: Maximiza tus ventas y rentabilidad online,1,"Servicio de consultoría en estrategia de ecommerce que te ayuda a analizar el mercado, optimizar tu tienda online, implementar campañas de marketing digital, gestionar redes sociales y monitorear el rendimiento para maxi","Servicio de consultoría en estrategia de ecommerce que te ayuda a analizar el mercado, optimizar tu tienda online, implementar campañas de marketing digital, gestionar redes sociales y monitorear el rendimiento para maxi",1,0.00,Servicios > Business Intelligence,"servicio,clientum"
,simple,SRV-8245,Análisis de Conversiones: Optimiza tu E-commerce y Dispara tus Ventas,1,Análisis de Conversiones: Optimiza tu E-commerce y Aumenta tus Ventas Servicio que te permite: Identificar áreas de mejora Optimizar la experiencia del usuario Aumentar las ventas Mejorar el ROI de marketing,Análisis de Conversiones: Optimiza tu E-commerce y Aumenta tus Ventas Servicio que te permite: Identificar áreas de mejora Optimizar la experiencia del usuario Aumentar las ventas Mejorar el ROI de marketing,1,0.00,Servicios > Business Intelligence,"servicio,clientum"
,simple,SRV-8256,Servicio de Analítica Web: Optimiza tu E-commerce con Datos Valiosos,1,"Servicio de analítica web para e-commerce que brinda datos valiosos para optimizar la experiencia del usuario, aumentar las conversiones, reducir costos y obtener una ventaja competitiva.","Servicio de analítica web para e-commerce que brinda datos valiosos para optimizar la experiencia del usuario, aumentar las conversiones, reducir costos y obtener una ventaja competitiva.",1,0.00,Servicios > Business Intelligence,"servicio,clientum"
,simple,SRV-8341,Análisis de Sentimiento en Redes Sociales,1,Análisis De Sentimiento En Redes Sociales Con Ia.,Análisis De Sentimiento En Redes Sociales Con Ia.,1,0.00,Servicios > Business Intelligence,"servicio,clientum"
,simple,SRV-8346,Análisis de Datos de Ecommerce: Optimiza tu Estrategia con Datos Clave,1,Análisis de Datos de Ecommerce: Optimiza tu estrategia con datos clave,Análisis de Datos de Ecommerce: Optimiza tu estrategia con datos clave,1,0.00,Servicios > Business Intelligence,"servicio,clientum"
,simple,SRV-8357,Análisis y Reportes Ecommerce: Monitorea y Optimiza tu Tienda Online,1,Análisis y Reportes de Datos de Ecommerce,Análisis y Reportes de Datos de Ecommerce,1,0.00,Servicios > Business Intelligence,"servicio,clientum"
,simple,SRV-8364,Análisis y Optimización de Conversiones para Ecommerce: Maximiza tus Ventas Online,1,Análisis y Optimización de Conversiones para Ecommerce: Maximiza tus ventas online,Análisis y Optimización de Conversiones para Ecommerce: Maximiza tus ventas online,1,0.00,Servicios > Business Intelligence,"servicio,clientum"
,simple,SRV-8371,Análisis Avanzado de Datos para Ecommerce: Optimiza tu Tienda Virtual con Insights Estratégicos,1,Análisis Avanzado de Datos para Ecommerce: Optimiza tu Tienda Virtual con Insights Estratégicos,Análisis Avanzado de Datos para Ecommerce: Optimiza tu Tienda Virtual con Insights Estratégicos,1,0.00,Servicios > Business Intelligence,"servicio,clientum"
,simple,SRV-8382,Servicios de Analítica Ecommerce: Optimiza tu Tienda Virtual con Datos y KPIs Clave,1,Servicios de Analítica para Ecommerce: Impulsa tu Negocio Online,Servicios de Analítica para Ecommerce: Impulsa tu Negocio Online,1,0.00,Servicios > Business Intelligence,"servicio,clientum"
,simple,SRV-8391,Servicios de Análisis de Datos para Ecommerce: Optimiza tu Tienda Virtual con Datos,1,Servicios de Análisis de Datos para Ecommerce: Optimiza tu Tienda Virtual con Datos,Servicios de Análisis de Datos para Ecommerce: Optimiza tu Tienda Virtual con Datos,1,0.00,Servicios > Business Intelligence,"servicio,clientum"
,simple,SRV-8396,Servicios de Analítica Avanzada para Ecommerce: Impulsa tu Crecimiento con Datos,1,Servicios de Analítica Avanzada para Ecommerce: Impulsa tu Crecimiento con Datos,Servicios de Analítica Avanzada para Ecommerce: Impulsa tu Crecimiento con Datos,1,0.00,Servicios > Business Intelligence,"servicio,clientum"
,simple,SRV-8402,Servicios de Analítica y Optimización para Ecommerce: Impulsa tu Tienda Virtual,1,Servicios de Analítica y Optimización para Ecommerce: Impulsa tu Tienda Virtual,Servicios de Analítica y Optimización para Ecommerce: Impulsa tu Tienda Virtual,1,0.00,Servicios > Business Intelligence,"servicio,clientum"
,simple,SRV-5862,Auditoría de Seguridad Informática,1,Auditoría De Seguridad Informática.,Auditoría De Seguridad Informática.,1,4500.00,Servicios > Ciberseguridad,"servicio,clientum"
,simple,SRV-5879,Consultoría en Ciberseguridad Avanzada y Respuesta a Incidentes,1,Ciberseguridad Avanzada.,Ciberseguridad Avanzada.,1,7500.00,Servicios > Ciberseguridad,"servicio,clientum"
,simple,SRV-5929,Ciberseguridad avanzada,1,Ciberseguridad Avanzada.,Ciberseguridad Avanzada.,1,7000.00,Servicios > Ciberseguridad,"servicio,clientum"
,simple,SRV-5956,Ciberseguridad,1,Ciberseguridad,Ciberseguridad,1,0.00,Servicios > Ciberseguridad,"servicio,clientum"
,simple,SRV-5976,Consultoría en ciberseguridad y cumplimiento normativo,1,Consultoría En Ciberseguridad Y Cumplimiento Normativo,Consultoría En Ciberseguridad Y Cumplimiento Normativo,1,11000.00,Servicios > Ciberseguridad,"servicio,clientum"
,simple,SRV-5997,Consultoría en ciberseguridad y privacidad de datos para cumplir con regulaciones y estándares,1,Consultoría,Consultoría,1,12000.00,Servicios > Ciberseguridad,"servicio,clientum"
,simple,SRV-6004,Servicios de análisis de riesgos y ciberseguridad para identificar y mitigar amenazas emergentes,1,Seguridad,Seguridad,1,18000.00,Servicios > Ciberseguridad,"servicio,clientum"
,simple,SRV-6013,Consultoría en Ciberseguridad y Respuesta a Incidentes a Nivel Empresarial,1,Ciberseguridad,Ciberseguridad,1,0.00,Servicios > Ciberseguridad,"servicio,clientum"
,simple,SRV-6023,Consultoría en Ciberseguridad,1,Ciberseguridad,Ciberseguridad,1,0.00,Servicios > Ciberseguridad,"servicio,clientum"
,simple,SRV-6036,Consultoría en Ciberseguridad y Privacidad de Datos,1,Ciberseguridad Y Cumplimiento Normativo,Ciberseguridad Y Cumplimiento Normativo,1,10000.00,Servicios > Ciberseguridad,"servicio,clientum"
,simple,SRV-6040,Servicios de Análisis de Riesgos y Ciberseguridad,1,Análisis De Riesgos Y Ciberseguridad,Análisis De Riesgos Y Ciberseguridad,1,9000.00,Servicios > Ciberseguridad,"servicio,clientum"
,simple,SRV-6090,Ciberseguridad y privacidad de datos,1,Ciberseguridad Y Privacidad De Datos.,Ciberseguridad Y Privacidad De Datos.,1,5000.00,Servicios > Ciberseguridad,"servicio,clientum"
,simple,SRV-6107,Gestión de Identidades y Accesos,1,Gestión De Identidades Y Accesos,Gestión De Identidades Y Accesos,1,3500.00,Servicios > Ciberseguridad,"servicio,clientum"
,simple,SRV-6113,Seguridad Cibernética Avanzada,1,Seguridad Cibernética Avanzada,Seguridad Cibernética Avanzada,1,7000.00,Servicios > Ciberseguridad,"servicio,clientum"
,simple,SRV-6146,Soluciones de Seguridad Cibernética,1,Seguridad Cibernética Empresarial.,Seguridad Cibernética Empresarial.,1,1500.00,Servicios > Ciberseguridad,"servicio,clientum"
,simple,SRV-6194,Detección de Fraude con IA,1,Detección De Fraude,Detección De Fraude,1,220.00,Servicios > Ciberseguridad,"servicio,clientum"
,simple,SRV-6222,Consultoría en Seguridad Informática,1,Seguridad Informática Empresarial,Seguridad Informática Empresarial,1,8000.00,Servicios > Ciberseguridad,"servicio,clientum"
,simple,SRV-6237,Plataforma de Monitoreo y Alertas,1,Monitoreo Y Alertas Proactivas,Monitoreo Y Alertas Proactivas,1,350.00,Servicios > Ciberseguridad,"servicio,clientum"
,simple,SRV-6316,Seguridad informática,1,Servicios De Seguridad Y Protección De Sistemas.,Servicios De Seguridad Y Protección De Sistemas.,1,300.00,Servicios > Ciberseguridad,"servicio,clientum"
,simple,SRV-6327,Servicios de ciberseguridad,1,Servicios Gestionados De Ciberseguridad Y Protección De La Información.,Servicios Gestionados De Ciberseguridad Y Protección De La Información.,1,4000.00,Servicios > Ciberseguridad,"servicio,clientum"
,simple,SRV-6364,Desarrollo de soluciones de ciberseguridad,1,Servicios De Creación De Aplicaciones Y Sistemas De Ciberseguridad Para La Defensa Frente A Amenazas.,Servicios De Creación De Aplicaciones Y Sistemas De Ciberseguridad Para La Defensa Frente A Amenazas.,1,18000.00,Servicios > Ciberseguridad,"servicio,clientum"
,simple,SRV-6387,Servicios de consultoría en ciberseguridad,1,Servicios De Consultoría Especializada En Ciberseguridad Para La Protección De Activos Digitales.,Servicios De Consultoría Especializada En Ciberseguridad Para La Protección De Activos Digitales.,1,16000.00,Servicios > Ciberseguridad,"servicio,clientum"
,simple,SRV-6399,Servicios de ciberseguridad y protección de datos,1,Servicios De Consultoría Y Despliegue De Soluciones De Ciberseguridad Para Empresas.,Servicios De Consultoría Y Despliegue De Soluciones De Ciberseguridad Para Empresas.,1,20000.00,Servicios > Ciberseguridad,"servicio,clientum"
,simple,SRV-6415,Servicios de implementación de soluciones de ciberseguridad y protección de datos,1,Servicios De Consultoría Y Desarrollo De Arquitecturas De Seguridad Para La Protección De Datos Y Activos Digitales.,Servicios De Consultoría Y Desarrollo De Arquitecturas De Seguridad Para La Protección De Datos Y Activos Digitales.,1,28000.00,Servicios > Ciberseguridad,"servicio,clientum"
,simple,SRV-6425,Servicios de seguridad cibernética y monitoreo de amenazas,1,"Servicios De Consultoría Y Despliegue De Tecnologías De Seguridad De La Información, Detección De Amenazas Y Protección De Activos Digitales.","Servicios De Consultoría Y Despliegue De Tecnologías De Seguridad De La Información, Detección De Amenazas Y Protección De Activos Digitales.",1,25000.00,Servicios > Ciberseguridad,"servicio,clientum"
,simple,SRV-6439,Servicios de implementación de soluciones de ciberseguridad avanzada,1,"Servicios De Consultoría Y Despliegue De Soluciones Avanzadas De Detección, Prevención Y Respuesta A Incidentes De Seguridad.","Servicios De Consultoría Y Despliegue De Soluciones Avanzadas De Detección, Prevención Y Respuesta A Incidentes De Seguridad.",1,32000.00,Servicios > Ciberseguridad,"servicio,clientum"
,simple,SRV-6447,Servicios de implementación de soluciones de ciberseguridad para infraestructuras industriales,1,"Servicios De Consultoría Y Despliegue De Soluciones De Detección, Prevención Y Respuesta A Amenazas Cibernéticas En Infraestructuras Críticas Y Operacionales.","Servicios De Consultoría Y Despliegue De Soluciones De Detección, Prevención Y Respuesta A Amenazas Cibernéticas En Infraestructuras Críticas Y Operacionales.",1,32000.00,Servicios > Ciberseguridad,"servicio,clientum"
,simple,SRV-6684,Servicios de Seguridad Ecommerce,1,Soluciones De Seguridad Para Ecommerce.,Soluciones De Seguridad Para Ecommerce.,1,800.00,Servicios > Ciberseguridad,"servicio,clientum"
,simple,SRV-6691,Servicios de Seguridad y Cumplimiento Ecommerce,1,Servicios De Seguridad Y Cumplimiento Para Ecommerce.,Servicios De Seguridad Y Cumplimiento Para Ecommerce.,1,1500.00,Servicios > Ciberseguridad,"servicio,clientum"
,simple,SRV-6748,Auditoría de Seguridad,1,Auditoría De Seguridad,Auditoría De Seguridad,1,1000.00,Servicios > Ciberseguridad,"servicio,clientum"
,simple,SRV-6752,Verificación de Seguridad en Big Data,1,Auditoría De Seguridad En Big Data,Auditoría De Seguridad En Big Data,1,3000.00,Servicios > Ciberseguridad,"servicio,clientum"
,simple,SRV-6753,Auditoría de Ciberseguridad,1,Auditoría De Ciberseguridad,Auditoría De Ciberseguridad,1,4000.00,Servicios > Ciberseguridad,"servicio,clientum"
,simple,SRV-6756,Consultoría en Seguridad de Información,1,Consultoría En Seguridad De Información,Consultoría En Seguridad De Información,1,5500.00,Servicios > Ciberseguridad,"servicio,clientum"
,simple,SRV-6765,Auditoría de Seguridad en Big Data,1,Seguridad En Big Data,Seguridad En Big Data,1,5000.00,Servicios > Ciberseguridad,"servicio,clientum"
,simple,SRV-6822,SSL Básico,1,Certificado Ssl Básico.,Certificado Ssl Básico.,1,50.00,Servicios > Ciberseguridad,"servicio,clientum"
,simple,SRV-6823,Análisis de riesgos avanzado (mensual),1,,,1,1.00,Servicios > Ciberseguridad,"servicio,clientum"
,simple,SRV-6824,Respuesta a incidentes básica,1,,,1,1.00,Servicios > Ciberseguridad,"servicio,clientum"
,simple,SRV-6826,Implementación De Medidas De Protección,1,Implementación De Medidas De Protección.,Implementación De Medidas De Protección.,1,3000.00,Servicios > Ciberseguridad,"servicio,clientum"
,simple,SRV-6827,Monitoreo Y Respuesta A Incidentes,1,Monitoreo Y Respuesta A Incidentes.,Monitoreo Y Respuesta A Incidentes.,1,2200.00,Servicios > Ciberseguridad,"servicio,clientum"
,simple,SRV-6828,Instalación de Sistemas de Videovigilancia,1,Sistemas De Videovigilancia.,Sistemas De Videovigilancia.,1,2500.00,Servicios > Ciberseguridad,"servicio,clientum"
,simple,SRV-6829,Instalación de Sistemas de Alarmas,1,Sistemas De Alarmas.,Sistemas De Alarmas.,1,2000.00,Servicios > Ciberseguridad,"servicio,clientum"
,simple,SRV-6830,Análisis de Riesgos de Ciberseguridad,1,Análisis De Riesgos De Seguridad.,Análisis De Riesgos De Seguridad.,1,2000.00,Servicios > Ciberseguridad,"servicio,clientum"
,simple,SRV-6831,Análisis de Riesgos en Ciberseguridad,1,Análisis De Vulnerabilidades.,Análisis De Vulnerabilidades.,1,2000.00,Servicios > Ciberseguridad,"servicio,clientum"
,simple,SRV-6832,Monitoreo y Respuesta a Incidentes de Seguridad,1,Monitoreo Y Respuesta.,Monitoreo Y Respuesta.,1,1800.00,Servicios > Ciberseguridad,"servicio,clientum"
,simple,SRV-6868,SSL Seguro,1,Certificado Ssl Para Sitios Web.,Certificado Ssl Para Sitios Web.,1,75.00,Servicios > Ciberseguridad,"servicio,clientum"
,simple,SRV-7012,Soporte Técnico en Sistemas de Video Vigilancia,1,Soporte Video Vigilancia,Soporte Video Vigilancia,1,6000.00,Servicios > Ciberseguridad,"servicio,clientum"
,simple,SRV-7514,Auditoría de Seguridad: Protege tu negocio con nuestra solución integral,1,Auditoría de Seguridad: Protegiendo tu negocio de amenazas ocultas,Auditoría de Seguridad: Protegiendo tu negocio de amenazas ocultas,1,0.00,Servicios > Ciberseguridad,"servicio,clientum"
,simple,SRV-7516,Configuración de Backup y Recuperación: Protege tus datos con facilidad,1,Configuración de Backup y Recuperación: Protegiendo tus datos críticos,Configuración de Backup y Recuperación: Protegiendo tus datos críticos,1,0.00,Servicios > Ciberseguridad,"servicio,clientum"
,simple,SRV-7546,Respaldo y Recuperación de Datos: Protege tus archivos con nuestra solución integral,1,"Respaldo y Recuperación de Datos: tu salvavidas digital. Protege tus datos de pérdidas y disfruta de tranquilidad con respaldos automáticos, almacenamiento en la nube y recuperación rápida.","Respaldo y Recuperación de Datos: tu salvavidas digital. Protege tus datos de pérdidas y disfruta de tranquilidad con respaldos automáticos, almacenamiento en la nube y recuperación rápida.",1,500.00,Servicios > Ciberseguridad,"servicio,clientum"
,simple,SRV-7547,Seguridad Adicional: Tu escudo digital para un hogar protegido,1,Seguridad Adicional: Protege tu hogar con tranquilidad,Seguridad Adicional: Protege tu hogar con tranquilidad,1,600.00,Servicios > Ciberseguridad,"servicio,clientum"
,simple,SRV-7585,Implementación de soluciones de seguridad IT,1,Soluciones De Seguridad It,Soluciones De Seguridad It,1,900.00,Servicios > Ciberseguridad,"servicio,clientum"
,simple,SRV-7644,Auditoría de Seguridad Informática,1,Auditoría De Seguridad Informática.,Auditoría De Seguridad Informática.,1,0.00,Servicios > Ciberseguridad,"servicio,clientum"
,simple,SRV-7661,Consultoría en Ciberseguridad Avanzada y Respuesta a Incidentes,1,Ciberseguridad Avanzada.,Ciberseguridad Avanzada.,1,0.00,Servicios > Ciberseguridad,"servicio,clientum"
,simple,SRV-7711,Ciberseguridad avanzada,1,Ciberseguridad Avanzada.,Ciberseguridad Avanzada.,1,0.00,Servicios > Ciberseguridad,"servicio,clientum"
,simple,SRV-7739,Consultoría en ciberseguridad y cumplimiento normativo,1,Consultoría En Ciberseguridad Y Cumplimiento Normativo,Consultoría En Ciberseguridad Y Cumplimiento Normativo,1,0.00,Servicios > Ciberseguridad,"servicio,clientum"
,simple,SRV-7760,Consultoría en ciberseguridad y privacidad de datos para cumplir con regulaciones y estándares,1,Consultoría,Consultoría,1,0.00,Servicios > Ciberseguridad,"servicio,clientum"
,simple,SRV-7767,Servicios de análisis de riesgos y ciberseguridad para identificar y mitigar amenazas emergentes,1,Seguridad,Seguridad,1,0.00,Servicios > Ciberseguridad,"servicio,clientum"
,simple,SRV-7776,Consultoría en Ciberseguridad y Respuesta a Incidentes a Nivel Empresarial,1,Ciberseguridad,Ciberseguridad,1,0.00,Servicios > Ciberseguridad,"servicio,clientum"
,simple,SRV-7782,Consultoría en Ciberseguridad y Privacidad de Datos,1,Ciberseguridad Y Cumplimiento Normativo,Ciberseguridad Y Cumplimiento Normativo,1,0.00,Servicios > Ciberseguridad,"servicio,clientum"
,simple,SRV-7786,Servicios de Análisis de Riesgos y Ciberseguridad,1,Análisis De Riesgos Y Ciberseguridad,Análisis De Riesgos Y Ciberseguridad,1,0.00,Servicios > Ciberseguridad,"servicio,clientum"
,simple,SRV-7814,Ciberseguridad y privacidad de datos,1,Ciberseguridad Y Privacidad De Datos.,Ciberseguridad Y Privacidad De Datos.,1,0.00,Servicios > Ciberseguridad,"servicio,clientum"
,simple,SRV-7831,Gestión de Identidades y Accesos,1,Gestión De Identidades Y Accesos,Gestión De Identidades Y Accesos,1,0.00,Servicios > Ciberseguridad,"servicio,clientum"
,simple,SRV-7837,Seguridad Cibernética Avanzada,1,Seguridad Cibernética Avanzada,Seguridad Cibernética Avanzada,1,0.00,Servicios > Ciberseguridad,"servicio,clientum"
,simple,SRV-7870,Soluciones de Seguridad Cibernética,1,Seguridad Cibernética Empresarial.,Seguridad Cibernética Empresarial.,1,0.00,Servicios > Ciberseguridad,"servicio,clientum"
,simple,SRV-7918,Detección de Fraude con IA,1,Detección De Fraude,Detección De Fraude,1,0.00,Servicios > Ciberseguridad,"servicio,clientum"
,simple,SRV-7946,Consultoría en Seguridad Informática,1,Seguridad Informática Empresarial,Seguridad Informática Empresarial,1,0.00,Servicios > Ciberseguridad,"servicio,clientum"
,simple,SRV-7961,Plataforma de Monitoreo y Alertas,1,Monitoreo Y Alertas Proactivas,Monitoreo Y Alertas Proactivas,1,0.00,Servicios > Ciberseguridad,"servicio,clientum"
,simple,SRV-8027,Seguridad informática,1,Servicios De Seguridad Y Protección De Sistemas.,Servicios De Seguridad Y Protección De Sistemas.,1,0.00,Servicios > Ciberseguridad,"servicio,clientum"
,simple,SRV-8038,Servicios de ciberseguridad,1,Servicios Gestionados De Ciberseguridad Y Protección De La Información.,Servicios Gestionados De Ciberseguridad Y Protección De La Información.,1,0.00,Servicios > Ciberseguridad,"servicio,clientum"
,simple,SRV-8072,Servicios de auditoría y cumplimiento normativo,1,Servicios De Consultoría Y Auditoría Para Garantizar El Cumplimiento De Requisitos Legales Y Normativos.,Servicios De Consultoría Y Auditoría Para Garantizar El Cumplimiento De Requisitos Legales Y Normativos.,1,0.00,Servicios > Ciberseguridad,"servicio,clientum"
,simple,SRV-8075,Desarrollo de soluciones de ciberseguridad,1,Servicios De Creación De Aplicaciones Y Sistemas De Ciberseguridad Para La Defensa Frente A Amenazas.,Servicios De Creación De Aplicaciones Y Sistemas De Ciberseguridad Para La Defensa Frente A Amenazas.,1,0.00,Servicios > Ciberseguridad,"servicio,clientum"
,simple,SRV-8098,Servicios de consultoría en ciberseguridad,1,Servicios De Consultoría Especializada En Ciberseguridad Para La Protección De Activos Digitales.,Servicios De Consultoría Especializada En Ciberseguridad Para La Protección De Activos Digitales.,1,0.00,Servicios > Ciberseguridad,"servicio,clientum"
,simple,SRV-8110,Servicios de ciberseguridad y protección de datos,1,Servicios De Consultoría Y Despliegue De Soluciones De Ciberseguridad Para Empresas.,Servicios De Consultoría Y Despliegue De Soluciones De Ciberseguridad Para Empresas.,1,0.00,Servicios > Ciberseguridad,"servicio,clientum"
,simple,SRV-8115,Servicios de auditoría y aseguramiento de calidad de software,1,"Servicios De Pruebas, Validación Y Aseguramiento De La Calidad En Proyectos De Desarrollo De Software.","Servicios De Pruebas, Validación Y Aseguramiento De La Calidad En Proyectos De Desarrollo De Software.",1,0.00,Servicios > Ciberseguridad,"servicio,clientum"
,simple,SRV-8126,Servicios de implementación de soluciones de ciberseguridad y protección de datos,1,Servicios De Consultoría Y Desarrollo De Arquitecturas De Seguridad Para La Protección De Datos Y Activos Digitales.,Servicios De Consultoría Y Desarrollo De Arquitecturas De Seguridad Para La Protección De Datos Y Activos Digitales.,1,0.00,Servicios > Ciberseguridad,"servicio,clientum"
,simple,SRV-8136,Servicios de seguridad cibernética y monitoreo de amenazas,1,"Servicios De Consultoría Y Despliegue De Tecnologías De Seguridad De La Información, Detección De Amenazas Y Protección De Activos Digitales.","Servicios De Consultoría Y Despliegue De Tecnologías De Seguridad De La Información, Detección De Amenazas Y Protección De Activos Digitales.",1,0.00,Servicios > Ciberseguridad,"servicio,clientum"
,simple,SRV-8150,Servicios de implementación de soluciones de ciberseguridad avanzada,1,"Servicios De Consultoría Y Despliegue De Soluciones Avanzadas De Detección, Prevención Y Respuesta A Incidentes De Seguridad.","Servicios De Consultoría Y Despliegue De Soluciones Avanzadas De Detección, Prevención Y Respuesta A Incidentes De Seguridad.",1,0.00,Servicios > Ciberseguridad,"servicio,clientum"
,simple,SRV-8158,Servicios de implementación de soluciones de ciberseguridad para infraestructuras industriales,1,"Servicios De Consultoría Y Despliegue De Soluciones De Detección, Prevención Y Respuesta A Amenazas Cibernéticas En Infraestructuras Críticas Y Operacionales.","Servicios De Consultoría Y Despliegue De Soluciones De Detección, Prevención Y Respuesta A Amenazas Cibernéticas En Infraestructuras Críticas Y Operacionales.",1,0.00,Servicios > Ciberseguridad,"servicio,clientum"
,simple,SRV-8385,Servicios de Seguridad para Ecommerce: Protege tu Tienda Virtual con Monitoreo de Fraude y Cumplimiento PCI DSS,1,Servicios de Seguridad para Ecommerce: Protegiendo tu Negocio en Línea,Servicios de Seguridad para Ecommerce: Protegiendo tu Negocio en Línea,1,0.00,Servicios > Ciberseguridad,"servicio,clientum"
,simple,SRV-8392,Servicios de Seguridad y Cumplimiento para Ecommerce: Protege tu Tienda Virtual,1,"Servicios de Seguridad y Cumplimiento para Ecommerce: Protección integral para tu negocio online, garantizando la confianza del cliente y el cumplimiento normativo.","Servicios de Seguridad y Cumplimiento para Ecommerce: Protección integral para tu negocio online, garantizando la confianza del cliente y el cumplimiento normativo.",1,0.00,Servicios > Ciberseguridad,"servicio,clientum"
,simple,SRV-5893,Cloud Storage Solution,1,Almacenamiento En La Nube,Almacenamiento En La Nube,1,1200.00,Servicios > Cloud Computing,"servicio,clientum"
,simple,SRV-5958,Migración A La Nube,1,Migración A La Nube,Migración A La Nube,1,0.00,Servicios > Cloud Computing,"servicio,clientum"
,simple,SRV-5978,Servicios de migración y modernización de infraestructura de TI a la nube híbrida y multicloud,1,Migración Y Modernización De Infraestructura Ti,Migración Y Modernización De Infraestructura Ti,1,20000.00,Servicios > Cloud Computing,"servicio,clientum"
,simple,SRV-6009,Servicios de migración y modernización de infraestructura de TI a la nube híbrida y multicloud con automatización,1,Migración,Migración,1,23000.00,Servicios > Cloud Computing,"servicio,clientum"
,simple,SRV-6043,Servicios de Migración y Modernización de Infraestructura de TI,1,Migración De Ti A La Nube Híbrida,Migración De Ti A La Nube Híbrida,1,20000.00,Servicios > Cloud Computing,"servicio,clientum"
,simple,SRV-6077,Migración y modernización de infraestructura de TI,1,Migración Y Modernización De Infraestructura De Ti A La Nube.,Migración Y Modernización De Infraestructura De Ti A La Nube.,1,5000.00,Servicios > Cloud Computing,"servicio,clientum"
,simple,SRV-6104,Respaldo y Recuperación de Datos,1,Respaldo Y Recuperación,Respaldo Y Recuperación,1,3000.00,Servicios > Cloud Computing,"servicio,clientum"
,simple,SRV-6106,Optimización de Redes y Conectividad,1,Optimización De Redes,Optimización De Redes,1,4000.00,Servicios > Cloud Computing,"servicio,clientum"
,simple,SRV-6155,Configuración de Redes,1,Configuración De Redes.,Configuración De Redes.,1,2000.00,Servicios > Cloud Computing,"servicio,clientum"
,simple,SRV-6177,Servicios de Alojamiento y Cloud,1,Servicios De Alojamiento Y Cloud,Servicios De Alojamiento Y Cloud,1,5000.00,Servicios > Cloud Computing,"servicio,clientum"
,simple,SRV-6214,Optimización de Recursos TI,1,Mejora De Recursos Tecnológicos,Mejora De Recursos Tecnológicos,1,2000.00,Servicios > Cloud Computing,"servicio,clientum"
,simple,SRV-6217,Consultoría en Soluciones Cloud,1,Soluciones En La Nube,Soluciones En La Nube,1,3500.00,Servicios > Cloud Computing,"servicio,clientum"
,simple,SRV-6219,Optimización de Infraestructura TI,1,Mejora De Infraestructura Ti,Mejora De Infraestructura Ti,1,4500.00,Servicios > Cloud Computing,"servicio,clientum"
,simple,SRV-6230,Plataforma de Respaldo y Recuperación de Datos,1,Respaldo Y Recuperación De Datos,Respaldo Y Recuperación De Datos,1,1700.00,Servicios > Cloud Computing,"servicio,clientum"
,simple,SRV-6277,"1 vCore, RAM: 1gb, Disco: 25 GB SSD, Ancho de Banda: 1000 GB",1,Servidor Virtual 1 Vcore 1 Gb Ram 25 Gb Ssd 1000 Gb Ancho Banda,Servidor Virtual 1 Vcore 1 Gb Ram 25 Gb Ssd 1000 Gb Ancho Banda,1,0.00,Servicios > Cloud Computing,"servicio,clientum"
,simple,SRV-6324,Soluciones de nube híbrida,1,Servicios De Implementación Y Gestión De Entornos De Nube Híbrida.,Servicios De Implementación Y Gestión De Entornos De Nube Híbrida.,1,3000.00,Servicios > Cloud Computing,"servicio,clientum"
,simple,SRV-6353,Servicios de cloud computing,1,"Servicios De Alojamiento, Procesamiento Y Almacenamiento En La Nube Para Empresas.","Servicios De Alojamiento, Procesamiento Y Almacenamiento En La Nube Para Empresas.",1,18000.00,Servicios > Cloud Computing,"servicio,clientum"
,simple,SRV-6368,Servicios de virtualización y cloud computing,1,Servicios De Consultoría Y Ejecución De Proyectos De Adopción De Soluciones En La Nube.,Servicios De Consultoría Y Ejecución De Proyectos De Adopción De Soluciones En La Nube.,1,16000.00,Servicios > Cloud Computing,"servicio,clientum"
,simple,SRV-6389,Servicios de migración a la nube,1,Servicios De Consultoría Y Ejecución De Proyectos De Migración Y Adopción De Soluciones Cloud.,Servicios De Consultoría Y Ejecución De Proyectos De Migración Y Adopción De Soluciones Cloud.,1,20000.00,Servicios > Cloud Computing,"servicio,clientum"
,simple,SRV-6421,Servicios de implementación de soluciones de computación en la nube,1,"Servicios De Consultoría Y Despliegue De Soluciones En La Nube Para Infraestructura, Plataformas Y Aplicaciones.","Servicios De Consultoría Y Despliegue De Soluciones En La Nube Para Infraestructura, Plataformas Y Aplicaciones.",1,18000.00,Servicios > Cloud Computing,"servicio,clientum"
,simple,SRV-6437,Servicios de implementación de soluciones de infraestructura en la nube,1,"Servicios De Consultoría Y Despliegue De Soluciones De Computación En La Nube, Almacenamiento, Redes Y Servicios Gestionados.","Servicios De Consultoría Y Despliegue De Soluciones De Computación En La Nube, Almacenamiento, Redes Y Servicios Gestionados.",1,25000.00,Servicios > Cloud Computing,"servicio,clientum"
,simple,SRV-6719,Servicios de Implementación de ERP en la Nube,1,Servicios De Implementación De Sistemas Erp En La Nube.,Servicios De Implementación De Sistemas Erp En La Nube.,1,15000.00,Servicios > Cloud Computing,"servicio,clientum"
,simple,SRV-6850,Cloud Computing,1,,,1,6.00,Servicios > Cloud Computing,"servicio,clientum"
,simple,SRV-6855,Evaluación Inicial de Infraestructura en la Nube,1,,,1,600.00,Servicios > Cloud Computing,"servicio,clientum"
,simple,SRV-6856,Migración Básica a la Nube,1,,,1,800.00,Servicios > Cloud Computing,"servicio,clientum"
,simple,SRV-6857,Gestión Básica de Servicios en la Nube,1,,,1,500.00,Servicios > Cloud Computing,"servicio,clientum"
,simple,SRV-6858,Implementación de Seguridad Básica en la Nube,1,,,1,700.00,Servicios > Cloud Computing,"servicio,clientum"
,simple,SRV-6859,Evaluación Avanzada de Infraestructura en la Nube,1,,,1,900.00,Servicios > Cloud Computing,"servicio,clientum"
,simple,SRV-6860,Migración Avanzada a la Nube,1,,,1,1200.00,Servicios > Cloud Computing,"servicio,clientum"
,simple,SRV-6861,Gestión y Monitoreo Continuo en la Nube,1,,,1,1000.00,Servicios > Cloud Computing,"servicio,clientum"
,simple,SRV-6862,Implementación de Seguridad Avanzada en la Nube,1,,,1,1100.00,Servicios > Cloud Computing,"servicio,clientum"
,simple,SRV-6863,Consultoría y Optimización de Infraestructura en la Nube,1,,,1,1500.00,Servicios > Cloud Computing,"servicio,clientum"
,simple,SRV-6864,Gestión Completa y Monitoreo Avanzado en la Nube,1,,,1,1400.00,Servicios > Cloud Computing,"servicio,clientum"
,simple,SRV-6865,Implementación Integral de Seguridad en la Nube,1,,,1,1600.00,Servicios > Cloud Computing,"servicio,clientum"
,simple,SRV-6866,Consultoría Continua y Evaluación de Rendimiento en la Nube,1,,,1,1700.00,Servicios > Cloud Computing,"servicio,clientum"
,simple,SRV-6897,Evaluación para Adopción de Cloud,1,Evaluación De Tecnologías Cloud.,Evaluación De Tecnologías Cloud.,1,2000.00,Servicios > Cloud Computing,"servicio,clientum"
,simple,SRV-6898,Gestión y Monitoreo de Infraestructura,1,Gestión De Infraestructuras Cloud.,Gestión De Infraestructuras Cloud.,1,2500.00,Servicios > Cloud Computing,"servicio,clientum"
,simple,SRV-6905,Evaluación de Tecnologías Cloud,1,Evaluación De Tecnologías En La Nube.,Evaluación De Tecnologías En La Nube.,1,1500.00,Servicios > Cloud Computing,"servicio,clientum"
,simple,SRV-6906,Gestión y Monitoreo de Infraestructuras,1,Monitoreo De Infraestructuras En La Nube.,Monitoreo De Infraestructuras En La Nube.,1,2500.00,Servicios > Cloud Computing,"servicio,clientum"
,simple,SRV-6910,Evaluación para Adopción de Tecnologías Cloud,1,Evaluación De Tecnologías Cloud.,Evaluación De Tecnologías Cloud.,1,2500.00,Servicios > Cloud Computing,"servicio,clientum"
,simple,SRV-6911,Gestión y Monitoreo de Infraestructuras Cloud,1,Monitoreo De Infraestructuras Cloud.,Monitoreo De Infraestructuras Cloud.,1,1800.00,Servicios > Cloud Computing,"servicio,clientum"
,simple,SRV-6918,Migración a la Nube y Soluciones de Almacenamiento,1,Migración Y Almacenamiento En La Nube.,Migración Y Almacenamiento En La Nube.,1,4000.00,Servicios > Cloud Computing,"servicio,clientum"
,simple,SRV-6919,Gestión Y Monitoreo De Infraestructuras En La Nube,1,Gestión De Infraestructuras En La Nube.,Gestión De Infraestructuras En La Nube.,1,2200.00,Servicios > Cloud Computing,"servicio,clientum"
,simple,SRV-6920,Evaluaciones y Diagnósticos para Adopción de Tecnologías Cloud,1,Evaluación Para Adopción De Cloud.,Evaluación Para Adopción De Cloud.,1,3000.00,Servicios > Cloud Computing,"servicio,clientum"
,simple,SRV-6922,Evaluaciones para Adopción de Cloud,1,Evaluaciones Para Adopción De Cloud.,Evaluaciones Para Adopción De Cloud.,1,1500.00,Servicios > Cloud Computing,"servicio,clientum"
,simple,SRV-6923,Gestión de Infraestructuras en la Nube,1,Gestión Y Monitoreo De Infraestructuras.,Gestión Y Monitoreo De Infraestructuras.,1,2000.00,Servicios > Cloud Computing,"servicio,clientum"
,simple,SRV-6980,Monitoreo y Gestión de Infraestructura,1,Monitoreo De Infraestructura.,Monitoreo De Infraestructura.,1,2000.00,Servicios > Cloud Computing,"servicio,clientum"
,simple,SRV-7006,Soporte de Implementación de Soluciones en la Nube,1,Soporte En La Nube,Soporte En La Nube,1,7000.00,Servicios > Cloud Computing,"servicio,clientum"
,simple,SRV-7007,Soporte de Infraestructura en la Nube,1,Infraestructura En La Nube,Infraestructura En La Nube,1,6000.00,Servicios > Cloud Computing,"servicio,clientum"
,simple,SRV-7556,Plataforma ERP en la nube,1,Erp En La Nube,Erp En La Nube,1,3000.00,Servicios > Cloud Computing,"servicio,clientum"
,simple,SRV-7584,Implementación de soluciones de almacenamiento,1,Soluciones De Almacenamiento,Soluciones De Almacenamiento,1,800.00,Servicios > Cloud Computing,"servicio,clientum"
,simple,SRV-7675,Cloud Storage Solution,1,Almacenamiento En La Nube,Almacenamiento En La Nube,1,0.00,Servicios > Cloud Computing,"servicio,clientum"
,simple,SRV-7741,Servicios de migración y modernización de infraestructura de TI a la nube híbrida y multicloud,1,Migración Y Modernización De Infraestructura Ti,Migración Y Modernización De Infraestructura Ti,1,0.00,Servicios > Cloud Computing,"servicio,clientum"
,simple,SRV-7772,Servicios de migración y modernización de infraestructura de TI a la nube híbrida y multicloud con automatización,1,Migración,Migración,1,0.00,Servicios > Cloud Computing,"servicio,clientum"
,simple,SRV-7789,Servicios de Migración y Modernización de Infraestructura de TI,1,Migración De Ti A La Nube Híbrida,Migración De Ti A La Nube Híbrida,1,0.00,Servicios > Cloud Computing,"servicio,clientum"
,simple,SRV-7801,Migración y modernización de infraestructura de TI,1,Migración Y Modernización De Infraestructura De Ti A La Nube.,Migración Y Modernización De Infraestructura De Ti A La Nube.,1,0.00,Servicios > Cloud Computing,"servicio,clientum"
,simple,SRV-7828,Respaldo y Recuperación de Datos,1,Respaldo Y Recuperación,Respaldo Y Recuperación,1,0.00,Servicios > Cloud Computing,"servicio,clientum"
,simple,SRV-7830,Optimización de Redes y Conectividad,1,Optimización De Redes,Optimización De Redes,1,0.00,Servicios > Cloud Computing,"servicio,clientum"
,simple,SRV-7832,Internet of Things (IoT),1,Soluciones Iot,Soluciones Iot,1,0.00,Servicios > Cloud Computing,"servicio,clientum"
,simple,SRV-7852,Integración de Sistemas y Aplicaciones,1,Integración De Sistemas,Integración De Sistemas,1,0.00,Servicios > Cloud Computing,"servicio,clientum"
,simple,SRV-7879,Configuración de Redes,1,Configuración De Redes.,Configuración De Redes.,1,0.00,Servicios > Cloud Computing,"servicio,clientum"
,simple,SRV-7938,Optimización de Recursos TI,1,Mejora De Recursos Tecnológicos,Mejora De Recursos Tecnológicos,1,0.00,Servicios > Cloud Computing,"servicio,clientum"
,simple,SRV-7941,Consultoría en Soluciones Cloud,1,Soluciones En La Nube,Soluciones En La Nube,1,0.00,Servicios > Cloud Computing,"servicio,clientum"
,simple,SRV-7942,Integración de Sistemas,1,Integración De Sistemas Empresariales,Integración De Sistemas Empresariales,1,0.00,Servicios > Cloud Computing,"servicio,clientum"
,simple,SRV-7943,Optimización de Infraestructura TI,1,Mejora De Infraestructura Ti,Mejora De Infraestructura Ti,1,0.00,Servicios > Cloud Computing,"servicio,clientum"
,simple,SRV-7954,Plataforma de Respaldo y Recuperación de Datos,1,Respaldo Y Recuperación De Datos,Respaldo Y Recuperación De Datos,1,0.00,Servicios > Cloud Computing,"servicio,clientum"
,simple,SRV-8022,Respaldo y recuperación,1,Servicios De Respaldo Y Recuperación De Información.,Servicios De Respaldo Y Recuperación De Información.,1,0.00,Servicios > Cloud Computing,"servicio,clientum"
,simple,SRV-8026,Gestión de redes,1,Gestión Y Mantenimiento De Redes.,Gestión Y Mantenimiento De Redes.,1,0.00,Servicios > Cloud Computing,"servicio,clientum"
,simple,SRV-8035,Soluciones de nube híbrida,1,Servicios De Implementación Y Gestión De Entornos De Nube Híbrida.,Servicios De Implementación Y Gestión De Entornos De Nube Híbrida.,1,0.00,Servicios > Cloud Computing,"servicio,clientum"
,simple,SRV-8064,Servicios de cloud computing,1,"Servicios De Alojamiento, Procesamiento Y Almacenamiento En La Nube Para Empresas.","Servicios De Alojamiento, Procesamiento Y Almacenamiento En La Nube Para Empresas.",1,0.00,Servicios > Cloud Computing,"servicio,clientum"
,simple,SRV-8074,Servicios de migración y modernización de sistemas,1,Servicios De Consultoría Y Ejecución De Proyectos De Modernización Y Migración De Infraestructura Tecnológica.,Servicios De Consultoría Y Ejecución De Proyectos De Modernización Y Migración De Infraestructura Tecnológica.,1,0.00,Servicios > Cloud Computing,"servicio,clientum"
,simple,SRV-8078,Servicios de integración de sistemas,1,Servicios De Consultoría Y Ejecución De Proyectos De Integración De Sistemas Y Apis.,Servicios De Consultoría Y Ejecución De Proyectos De Integración De Sistemas Y Apis.,1,0.00,Servicios > Cloud Computing,"servicio,clientum"
,simple,SRV-8079,Servicios de virtualización y cloud computing,1,Servicios De Consultoría Y Ejecución De Proyectos De Adopción De Soluciones En La Nube.,Servicios De Consultoría Y Ejecución De Proyectos De Adopción De Soluciones En La Nube.,1,0.00,Servicios > Cloud Computing,"servicio,clientum"
,simple,SRV-8087,Servicios de migración y modernización de sistemas legacy,1,Servicios De Consultoría Y Ejecución De Proyectos De Modernización De Sistemas Legacy.,Servicios De Consultoría Y Ejecución De Proyectos De Modernización De Sistemas Legacy.,1,0.00,Servicios > Cloud Computing,"servicio,clientum"
,simple,SRV-8094,Servicios de integración de sistemas y middleware,1,Servicios De Consultoría Y Ejecución De Proyectos De Integración De Sistemas Y Apis.,Servicios De Consultoría Y Ejecución De Proyectos De Integración De Sistemas Y Apis.,1,0.00,Servicios > Cloud Computing,"servicio,clientum"
,simple,SRV-8100,Servicios de migración a la nube,1,Servicios De Consultoría Y Ejecución De Proyectos De Migración Y Adopción De Soluciones Cloud.,Servicios De Consultoría Y Ejecución De Proyectos De Migración Y Adopción De Soluciones Cloud.,1,0.00,Servicios > Cloud Computing,"servicio,clientum"
,simple,SRV-8111,Servicios de integración y orquestación de sistemas,1,Servicios De Consultoría Y Desarrollo De Arquitecturas De Integración De Aplicaciones Y Datos.,Servicios De Consultoría Y Desarrollo De Arquitecturas De Integración De Aplicaciones Y Datos.,1,0.00,Servicios > Cloud Computing,"servicio,clientum"
,simple,SRV-8132,Servicios de implementación de soluciones de computación en la nube,1,"Servicios De Consultoría Y Despliegue De Soluciones En La Nube Para Infraestructura, Plataformas Y Aplicaciones.","Servicios De Consultoría Y Despliegue De Soluciones En La Nube Para Infraestructura, Plataformas Y Aplicaciones.",1,0.00,Servicios > Cloud Computing,"servicio,clientum"
,simple,SRV-8148,Servicios de implementación de soluciones de infraestructura en la nube,1,"Servicios De Consultoría Y Despliegue De Soluciones De Computación En La Nube, Almacenamiento, Redes Y Servicios Gestionados.","Servicios De Consultoría Y Despliegue De Soluciones De Computación En La Nube, Almacenamiento, Redes Y Servicios Gestionados.",1,0.00,Servicios > Cloud Computing,"servicio,clientum"
,simple,SRV-8420,Implementación de ERP en la Nube: Optimiza tu gestión empresarial con SaaS,1,Servicios de Implementación de Sistemas ERP en la Nube: Optimizando operaciones y obteniendo ventajas competitivas.,Servicios de Implementación de Sistemas ERP en la Nube: Optimizando operaciones y obteniendo ventajas competitivas.,1,0.00,Servicios > Cloud Computing,"servicio,clientum"
,simple,SRV-5863,Desarrollo de Software a Medida,1,Software Personalizado.,Software Personalizado.,1,7000.00,Servicios > Desarrollo Web y E-Commerce,"servicio,clientum"
,simple,SRV-5871,Servicios de Diseño y Desarrollo de Interfaces de Usuario,1,Diseño Y Desarrollo De Ui/Ux,Diseño Y Desarrollo De Ui/Ux,1,4500.00,Servicios > Desarrollo Web y E-Commerce,"servicio,clientum"
,simple,SRV-5878,Servicios de Migración y Modernización de Aplicaciones Legacy,1,Migración Y Modernización De Aplicaciones.,Migración Y Modernización De Aplicaciones.,1,9000.00,Servicios > Desarrollo Web y E-Commerce,"servicio,clientum"
,simple,SRV-5883,E-commerce Setup,1,Configuración De E-Commerce,Configuración De E-Commerce,1,3000.00,Servicios > Desarrollo Web y E-Commerce,"servicio,clientum"
,simple,SRV-5886,Custom Web Development,1,Desarrollo Web Personalizado,Desarrollo Web Personalizado,1,8000.00,Servicios > Desarrollo Web y E-Commerce,"servicio,clientum"
,simple,SRV-5889,Web Application Development,1,Desarrollo De Aplicaciones Web,Desarrollo De Aplicaciones Web,1,9000.00,Servicios > Desarrollo Web y E-Commerce,"servicio,clientum"
,simple,SRV-5901,Custom Software Development,1,Desarrollo De Software Personalizado,Desarrollo De Software Personalizado,1,20000.00,Servicios > Desarrollo Web y E-Commerce,"servicio,clientum"
,simple,SRV-5904,Web Design,1,Diseño Web Personalizado,Diseño Web Personalizado,1,5000.00,Servicios > Desarrollo Web y E-Commerce,"servicio,clientum"
,simple,SRV-5906,Desarrollo de Aplicaciones Personalizadas,1,Desarrollo De Aplicaciones Móviles,Desarrollo De Aplicaciones Móviles,1,9000.00,Servicios > Desarrollo Web y E-Commerce,"servicio,clientum"
,simple,SRV-5908,E-Commerce,1,E-Commerce Con Wordpress Y Woocommerce,E-Commerce Con Wordpress Y Woocommerce,1,5500.00,Servicios > Desarrollo Web y E-Commerce,"servicio,clientum"
,simple,SRV-5921,Diseño y desarrollo de interfaces de usuario,1,Diseño Y Desarrollo De Ui/Ux,Diseño Y Desarrollo De Ui/Ux,1,5000.00,Servicios > Desarrollo Web y E-Commerce,"servicio,clientum"
,simple,SRV-5928,Migración y modernización de aplicaciones,1,Migración Y Modernización De Aplicaciones.,Migración Y Modernización De Aplicaciones.,1,6500.00,Servicios > Desarrollo Web y E-Commerce,"servicio,clientum"
,simple,SRV-5938,Servicios de Diseño y Desarrollo de Interfaces de Usuario (UI) y Experiencia de Usuario (UX),1,Diseño Y Desarrollo De Ui/Ux,Diseño Y Desarrollo De Ui/Ux,1,7000.00,Servicios > Desarrollo Web y E-Commerce,"servicio,clientum"
,simple,SRV-5947,Servicios de Desarrollo de Aplicaciones con Arquitecturas de Microservicios y Contenedores,1,Desarrollo De Aplicaciones Con Microservicios,Desarrollo De Aplicaciones Con Microservicios,1,6000.00,Servicios > Desarrollo Web y E-Commerce,"servicio,clientum"
,simple,SRV-5961,Desarrollo de Aplicaciones Web,1,Desarrollo De Aplicaciones Web,Desarrollo De Aplicaciones Web,1,0.00,Servicios > Desarrollo Web y E-Commerce,"servicio,clientum"
,simple,SRV-5981,Servicios de diseño y desarrollo de aplicaciones web con arquitecturas de microservicios y APIs,1,Desarrollo De Aplicaciones Web Con Microservicios Y Apis,Desarrollo De Aplicaciones Web Con Microservicios Y Apis,1,14000.00,Servicios > Desarrollo Web y E-Commerce,"servicio,clientum"
,simple,SRV-5989,Servicios de diseño y desarrollo de portales web y aplicaciones con arquitectura de microservicios,1,Desarrollo De Portales Web Con Microservicios,Desarrollo De Portales Web Con Microservicios,1,14000.00,Servicios > Desarrollo Web y E-Commerce,"servicio,clientum"
,simple,SRV-5993,Servicios de desarrollo de aplicaciones web y móviles con integración de blockchain y criptomonedas,1,Desarrollo De Software,Desarrollo De Software,1,7000.00,Servicios > Desarrollo Web y E-Commerce,"servicio,clientum"
,simple,SRV-5999,Servicios de migración y modernización de aplicaciones legacy a arquitecturas basadas en microservicios,1,Migración,Migración,1,9000.00,Servicios > Desarrollo Web y E-Commerce,"servicio,clientum"
,simple,SRV-6014,Diseño y Desarrollo Web,1,Desarrollo De Portales Web,Desarrollo De Portales Web,1,0.00,Servicios > Desarrollo Web y E-Commerce,"servicio,clientum"
,simple,SRV-6024,Migración y Modernización,1,Modernización,Modernización,1,0.00,Servicios > Desarrollo Web y E-Commerce,"servicio,clientum"
,simple,SRV-6032,Servicios de Desarrollo de Aplicaciones Web y Móviles con Blockchain,1,Aplicaciones Con Blockchain Y Criptomonedas,Aplicaciones Con Blockchain Y Criptomonedas,1,15000.00,Servicios > Desarrollo Web y E-Commerce,"servicio,clientum"
,simple,SRV-6049,Desarrollo de aplicaciones,1,Microservicios Y Contenedores,Microservicios Y Contenedores,1,0.00,Servicios > Desarrollo Web y E-Commerce,"servicio,clientum"
,simple,SRV-6062,Servicios de desarrollo de aplicaciones con arquitecturas de microservicios,1,Aplicaciones Con Microservicios.,Aplicaciones Con Microservicios.,1,10000.00,Servicios > Desarrollo Web y E-Commerce,"servicio,clientum"
,simple,SRV-6063,Desarrollo Web,1,Diseño Y Desarrollo Web,Diseño Y Desarrollo Web,1,0.00,Servicios > Desarrollo Web y E-Commerce,"servicio,clientum"
,simple,SRV-6072,Microservicios y Contenedores,1,Aplicaciones Con Microservicios.,Aplicaciones Con Microservicios.,1,0.00,Servicios > Desarrollo Web y E-Commerce,"servicio,clientum"
,simple,SRV-6079,Diseño y desarrollo de aplicaciones web,1,Diseño Y Desarrollo De Aplicaciones Web Con Microservicios.,Diseño Y Desarrollo De Aplicaciones Web Con Microservicios.,1,6000.00,Servicios > Desarrollo Web y E-Commerce,"servicio,clientum"
,simple,SRV-6085,Desarrollo de portales web y aplicaciones,1,Diseño Y Desarrollo De Portales Web Y Aplicaciones.,Diseño Y Desarrollo De Portales Web Y Aplicaciones.,1,5000.00,Servicios > Desarrollo Web y E-Commerce,"servicio,clientum"
,simple,SRV-6087,Aplicaciones web y móviles con blockchain,1,Desarrollo De Aplicaciones Web Y Móviles Con Blockchain.,Desarrollo De Aplicaciones Web Y Móviles Con Blockchain.,1,8000.00,Servicios > Desarrollo Web y E-Commerce,"servicio,clientum"
,simple,SRV-6095,Desarrollo de Portales Web,1,Desarrollo De Portales Web,Desarrollo De Portales Web,1,5000.00,Servicios > Desarrollo Web y E-Commerce,"servicio,clientum"
,simple,SRV-6103,Consultoría en E-commerce,1,Consultoría En E-Commerce,Consultoría En E-Commerce,1,0.00,Servicios > Desarrollo Web y E-Commerce,"servicio,clientum"
,simple,SRV-6110,Gestión de Contenidos Web,1,Gestión De Contenidos Web,Gestión De Contenidos Web,1,4000.00,Servicios > Desarrollo Web y E-Commerce,"servicio,clientum"
,simple,SRV-6117,Diseño y Desarrollo de UI/UX,1,Diseño Y Desarrollo De Ui/Ux,Diseño Y Desarrollo De Ui/Ux,1,5000.00,Servicios > Desarrollo Web y E-Commerce,"servicio,clientum"
,simple,SRV-6130,Desarrollo de Aplicaciones a Medida,1,Desarrollo A Medida,Desarrollo A Medida,1,5200.00,Servicios > Desarrollo Web y E-Commerce,"servicio,clientum"
,simple,SRV-6131,Desarrollo de Páginas Web,1,Desarrollo Web,Desarrollo Web,1,4800.00,Servicios > Desarrollo Web y E-Commerce,"servicio,clientum"
,simple,SRV-6132,¡Crea tu Tienda Online con Desarrollo de E-Commerce y Tiendas en Línea!,1,Desarrollo de E-Commerce y Tiendas en Línea: La clave para el éxito en el mundo digital.,Desarrollo de E-Commerce y Tiendas en Línea: La clave para el éxito en el mundo digital.,1,5100.00,Servicios > Desarrollo Web y E-Commerce,"servicio,clientum"
,simple,SRV-6139,Optimización de Sitios Web,1,Optimización Web,Optimización Web,1,4400.00,Servicios > Desarrollo Web y E-Commerce,"servicio,clientum"
,simple,SRV-6170,Integración de Plataformas de Pago Avanzadas,1,Integración De Pagos,Integración De Pagos,1,4000.00,Servicios > Desarrollo Web y E-Commerce,"servicio,clientum"
,simple,SRV-6174,E-Commerce y Tiendas en Línea,1,Desarrollo De E-Commerce,Desarrollo De E-Commerce,1,5500.00,Servicios > Desarrollo Web y E-Commerce,"servicio,clientum"
,simple,SRV-6259,Implementacion Sitio Web Institucional,1,Implementación De Sitio Web Institucional,Implementación De Sitio Web Institucional,1,0.00,Servicios > Desarrollo Web y E-Commerce,"servicio,clientum"
,simple,SRV-6260,Implementacion Tienda Online Basico,1,Implementación De Tienda Online Básica,Implementación De Tienda Online Básica,1,799.00,Servicios > Desarrollo Web y E-Commerce,"servicio,clientum"
,simple,SRV-6261,Implementacion Tienda Online Minorista,1,Implementación De Tienda Online Minorista,Implementación De Tienda Online Minorista,1,1099.00,Servicios > Desarrollo Web y E-Commerce,"servicio,clientum"
,simple,SRV-6262,Implementacion Tienda Online Mayorista,1,Implementación De Tienda Online Mayorista,Implementación De Tienda Online Mayorista,1,1499.00,Servicios > Desarrollo Web y E-Commerce,"servicio,clientum"
,simple,SRV-6266,Plan Tienda Online Basico pagado cada 1 mes,1,Plan Mensual Tienda Online Básica,Plan Mensual Tienda Online Básica,1,99.00,Servicios > Desarrollo Web y E-Commerce,"servicio,clientum"
,simple,SRV-6267,Plan Sitio web Institucional pagado cada 1 mes,1,Plan Mensual Sitio Web Institucional,Plan Mensual Sitio Web Institucional,1,0.00,Servicios > Desarrollo Web y E-Commerce,"servicio,clientum"
,simple,SRV-6268,Plan Sitio web Institucional pagado cada 1 año,1,Plan Anual Sitio Web Institucional,Plan Anual Sitio Web Institucional,1,0.00,Servicios > Desarrollo Web y E-Commerce,"servicio,clientum"
,simple,SRV-6269,Plan Tienda Online Minorista pagado cada 1 mes,1,Plan Mensual Tienda Online Minorista,Plan Mensual Tienda Online Minorista,1,149.00,Servicios > Desarrollo Web y E-Commerce,"servicio,clientum"
,simple,SRV-6270,Plan Tienda Online Mayorista pagado cada 1 mes,1,Plan Mensual Tienda Online Mayorista,Plan Mensual Tienda Online Mayorista,1,199.00,Servicios > Desarrollo Web y E-Commerce,"servicio,clientum"
,simple,SRV-6278,Implementacion Tienda Online Marketplace,1,Implementación Tienda Online Marketplace,Implementación Tienda Online Marketplace,1,1799.00,Servicios > Desarrollo Web y E-Commerce,"servicio,clientum"
,simple,SRV-6279,Plan Tienda Online Marketplace pagado cada 1 mes,1,Plan Mensual Tienda Online Marketplace,Plan Mensual Tienda Online Marketplace,1,249.00,Servicios > Desarrollo Web y E-Commerce,"servicio,clientum"
,simple,SRV-6313,Desarrollo de software,1,Desarrollo De Software A Medida.,Desarrollo De Software A Medida.,1,5000.00,Servicios > Desarrollo Web y E-Commerce,"servicio,clientum"
,simple,SRV-6334,Desarrollo de sitios web,1,Servicios De Creación Y Optimización De Sitios Web Para Empresas.,Servicios De Creación Y Optimización De Sitios Web Para Empresas.,1,5000.00,Servicios > Desarrollo Web y E-Commerce,"servicio,clientum"
,simple,SRV-6335,Soluciones de e-commerce,1,Servicios De Consultoría E Implementación De Soluciones De E-Commerce.,Servicios De Consultoría E Implementación De Soluciones De E-Commerce.,1,7000.00,Servicios > Desarrollo Web y E-Commerce,"servicio,clientum"
,simple,SRV-6346,Desarrollo de videojuegos,1,Servicios De Creación De Videojuegos Y Aplicaciones De Entretenimiento Digital.,Servicios De Creación De Videojuegos Y Aplicaciones De Entretenimiento Digital.,1,25000.00,Servicios > Desarrollo Web y E-Commerce,"servicio,clientum"
,simple,SRV-6355,Desarrollo de soluciones blockchain,1,Servicios De Creación De Soluciones Blockchain Para Diversos Sectores Y Casos De Uso.,Servicios De Creación De Soluciones Blockchain Para Diversos Sectores Y Casos De Uso.,1,18000.00,Servicios > Desarrollo Web y E-Commerce,"servicio,clientum"
,simple,SRV-6357,Desarrollo de soluciones de realidad aumentada,1,Servicios De Creación De Soluciones De Realidad Aumentada Para Aplicaciones Empresariales Y De Consumo.,Servicios De Creación De Soluciones De Realidad Aumentada Para Aplicaciones Empresariales Y De Consumo.,1,16000.00,Servicios > Desarrollo Web y E-Commerce,"servicio,clientum"
,simple,SRV-6363,Servicios de migración y modernización de sistemas,1,Servicios De Consultoría Y Ejecución De Proyectos De Modernización Y Migración De Infraestructura Tecnológica.,Servicios De Consultoría Y Ejecución De Proyectos De Modernización Y Migración De Infraestructura Tecnológica.,1,20000.00,Servicios > Desarrollo Web y E-Commerce,"servicio,clientum"
,simple,SRV-6366,Desarrollo de soluciones de comercio electrónico,1,Servicios De Creación De Soluciones De Comercio Electrónico B2C Y B2B Con Funcionalidades Avanzadas.,Servicios De Creación De Soluciones De Comercio Electrónico B2C Y B2B Con Funcionalidades Avanzadas.,1,20000.00,Servicios > Desarrollo Web y E-Commerce,"servicio,clientum"
,simple,SRV-6367,Servicios de integración de sistemas,1,Servicios De Consultoría Y Ejecución De Proyectos De Integración De Sistemas Y Apis.,Servicios De Consultoría Y Ejecución De Proyectos De Integración De Sistemas Y Apis.,1,18000.00,Servicios > Desarrollo Web y E-Commerce,"servicio,clientum"
,simple,SRV-6369,Desarrollo de soluciones de realidad virtual,1,Servicios De Creación De Soluciones De Realidad Virtual Para Entornos Empresariales Y De Consumo.,Servicios De Creación De Soluciones De Realidad Virtual Para Entornos Empresariales Y De Consumo.,1,20000.00,Servicios > Desarrollo Web y E-Commerce,"servicio,clientum"
,simple,SRV-6370,Servicios de diseño y desarrollo web,1,Servicios De Construcción Y Mejora De Presencia Web Para Empresas Y Organizaciones.,Servicios De Construcción Y Mejora De Presencia Web Para Empresas Y Organizaciones.,1,12000.00,Servicios > Desarrollo Web y E-Commerce,"servicio,clientum"
,simple,SRV-6373,Desarrollo de soluciones de blockchain,1,"Servicios De Creación De Soluciones Blockchain Para Áreas Como Finanzas, Cadena De Suministro Y Certificación.","Servicios De Creación De Soluciones Blockchain Para Áreas Como Finanzas, Cadena De Suministro Y Certificación.",1,25000.00,Servicios > Desarrollo Web y E-Commerce,"servicio,clientum"
,simple,SRV-6376,Servicios de migración y modernización de sistemas legacy,1,Servicios De Consultoría Y Ejecución De Proyectos De Modernización De Sistemas Legacy.,Servicios De Consultoría Y Ejecución De Proyectos De Modernización De Sistemas Legacy.,1,22000.00,Servicios > Desarrollo Web y E-Commerce,"servicio,clientum"
,simple,SRV-6382,Servicios de desarrollo de sitios web y e-commerce,1,"Servicios De Diseño, Desarrollo Y Mantenimiento De Soluciones Web Y De E-Commerce.","Servicios De Diseño, Desarrollo Y Mantenimiento De Soluciones Web Y De E-Commerce.",1,18000.00,Servicios > Desarrollo Web y E-Commerce,"servicio,clientum"
,simple,SRV-6383,Servicios de integración de sistemas y middleware,1,Servicios De Consultoría Y Ejecución De Proyectos De Integración De Sistemas Y Apis.,Servicios De Consultoría Y Ejecución De Proyectos De Integración De Sistemas Y Apis.,1,22000.00,Servicios > Desarrollo Web y E-Commerce,"servicio,clientum"
,simple,SRV-6386,Servicios de desarrollo de software a medida,1,"Servicios De Diseño, Desarrollo, Implementación Y Mantenimiento De Aplicaciones A La Medida.","Servicios De Diseño, Desarrollo, Implementación Y Mantenimiento De Aplicaciones A La Medida.",1,30000.00,Servicios > Desarrollo Web y E-Commerce,"servicio,clientum"
,simple,SRV-6395,Servicios de desarrollo de blockchain y smart contracts,1,Servicios De Consultoría Y Desarrollo De Proyectos Blockchain Y Smart Contracts.,Servicios De Consultoría Y Desarrollo De Proyectos Blockchain Y Smart Contracts.,1,22000.00,Servicios > Desarrollo Web y E-Commerce,"servicio,clientum"
,simple,SRV-6396,Servicios de desarrollo de aplicaciones de realidad aumentada y virtual,1,Servicios De Diseño Y Desarrollo De Soluciones De Realidad Aumentada Y Virtual Para Diversos Sectores.,Servicios De Diseño Y Desarrollo De Soluciones De Realidad Aumentada Y Virtual Para Diversos Sectores.,1,20000.00,Servicios > Desarrollo Web y E-Commerce,"servicio,clientum"
,simple,SRV-6400,Servicios de integración y orquestación de sistemas,1,Servicios De Consultoría Y Desarrollo De Arquitecturas De Integración De Aplicaciones Y Datos.,Servicios De Consultoría Y Desarrollo De Arquitecturas De Integración De Aplicaciones Y Datos.,1,20000.00,Servicios > Desarrollo Web y E-Commerce,"servicio,clientum"
,simple,SRV-6401,Servicios de implementación de plataformas de comercio electrónico,1,Servicios De Creación Y Despliegue De Tiendas En Línea Y Plataformas De Comercio Digital.,Servicios De Creación Y Despliegue De Tiendas En Línea Y Plataformas De Comercio Digital.,1,18000.00,Servicios > Desarrollo Web y E-Commerce,"servicio,clientum"
,simple,SRV-6409,Servicios de diseño y desarrollo de portales web y aplicaciones web,1,"Servicios De Diseño, Codificación Y Despliegue De Soluciones Web A Medida.","Servicios De Diseño, Codificación Y Despliegue De Soluciones Web A Medida.",1,16000.00,Servicios > Desarrollo Web y E-Commerce,"servicio,clientum"
,simple,SRV-6414,Servicios de desarrollo de software blockchain y smart contracts,1,"Servicios De Diseño, Desarrollo E Implementación De Sistemas Y Aplicaciones Blockchain.","Servicios De Diseño, Desarrollo E Implementación De Sistemas Y Aplicaciones Blockchain.",1,25000.00,Servicios > Desarrollo Web y E-Commerce,"servicio,clientum"
,simple,SRV-6417,Servicios de implementación de soluciones de realidad aumentada y realidad virtual,1,Servicios De Consultoría Y Despliegue De Soluciones De Realidad Extendida Para Diversos Sectores Y Casos De Uso.,Servicios De Consultoría Y Despliegue De Soluciones De Realidad Extendida Para Diversos Sectores Y Casos De Uso.,1,20000.00,Servicios > Desarrollo Web y E-Commerce,"servicio,clientum"
,simple,SRV-6418,Servicios de desarrollo de videojuegos y aplicaciones de entretenimiento interactivo,1,"Servicios De Diseño, Desarrollo Y Publicación De Videojuegos Y Aplicaciones De Entretenimiento Innovadoras.","Servicios De Diseño, Desarrollo Y Publicación De Videojuegos Y Aplicaciones De Entretenimiento Innovadoras.",1,25000.00,Servicios > Desarrollo Web y E-Commerce,"servicio,clientum"
,simple,SRV-6420,Servicios de desarrollo de aplicaciones de realidad extendida (XR),1,Servicios De Consultoría Y Construcción De Experiencias Interactivas En Entornos Virtuales Y Aumentados.,Servicios De Consultoría Y Construcción De Experiencias Interactivas En Entornos Virtuales Y Aumentados.,1,22000.00,Servicios > Desarrollo Web y E-Commerce,"servicio,clientum"
,simple,SRV-6424,Servicios de desarrollo e implementación de soluciones de blockchain,1,Servicios De Consultoría Y Desarrollo De Soluciones Descentralizadas Y Seguras Utilizando Blockchain.,Servicios De Consultoría Y Desarrollo De Soluciones Descentralizadas Y Seguras Utilizando Blockchain.,1,30000.00,Servicios > Desarrollo Web y E-Commerce,"servicio,clientum"
,simple,SRV-6426,Servicios de implementación de soluciones de gestión de contenidos y portales web,1,"Servicios De Consultoría Y Construcción De Soluciones De Gestión De Contenidos, Diseño Web Y Desarrollo De Aplicaciones Web.","Servicios De Consultoría Y Construcción De Soluciones De Gestión De Contenidos, Diseño Web Y Desarrollo De Aplicaciones Web.",1,22000.00,Servicios > Desarrollo Web y E-Commerce,"servicio,clientum"
,simple,SRV-6430,Servicios de desarrollo de aplicaciones de realidad extendida para el metaverso,1,"Servicios De Consultoría Y Construcción De Soluciones De Realidad Aumentada, Virtual Y Mixta Para Entornos Virtuales Compartidos.","Servicios De Consultoría Y Construcción De Soluciones De Realidad Aumentada, Virtual Y Mixta Para Entornos Virtuales Compartidos.",1,35000.00,Servicios > Desarrollo Web y E-Commerce,"servicio,clientum"
,simple,SRV-6460,Diseño de sitios web,1,Servicio De Diseño Y Desarrollo De Sitios Web A La Medida.,Servicio De Diseño Y Desarrollo De Sitios Web A La Medida.,1,1000.00,Servicios > Desarrollo Web y E-Commerce,"servicio,clientum"
,simple,SRV-6465,Mantenimiento de sitios web,1,Servicio De Mantenimiento Y Soporte Para Sitios Web.,Servicio De Mantenimiento Y Soporte Para Sitios Web.,1,150.00,Servicios > Desarrollo Web y E-Commerce,"servicio,clientum"
,simple,SRV-6478,Desarrollo de tienda online,1,Creación De Tiendas Online Personalizadas.,Creación De Tiendas Online Personalizadas.,1,2800.00,Servicios > Desarrollo Web y E-Commerce,"servicio,clientum"
,simple,SRV-6495,Creación de página web,1,Diseño Y Desarrollo De Sitios Web Personalizados.,Diseño Y Desarrollo De Sitios Web Personalizados.,1,1000.00,Servicios > Desarrollo Web y E-Commerce,"servicio,clientum"
,simple,SRV-6502,Consultoría de UX,1,Optimización De La Experiencia De Usuario De Productos Digitales.,Optimización De La Experiencia De Usuario De Productos Digitales.,1,1500.00,Servicios > Desarrollo Web y E-Commerce,"servicio,clientum"
,simple,SRV-6504,Desarrollo de sitio web,1,Creación De Sitios Web Modernos Y Funcionales Para Mejorar La Presencia Online.,Creación De Sitios Web Modernos Y Funcionales Para Mejorar La Presencia Online.,1,3000.00,Servicios > Desarrollo Web y E-Commerce,"servicio,clientum"
,simple,SRV-6511,Diseño de página web,1,Creación De Una Página Web Profesional Y Funcional Para Representar La Marca En Línea.,Creación De Una Página Web Profesional Y Funcional Para Representar La Marca En Línea.,1,2500.00,Servicios > Desarrollo Web y E-Commerce,"servicio,clientum"
,simple,SRV-6523,Diseño de páginas web,1,Servicio De Diseño Y Desarrollo De Páginas Web Profesionales.,Servicio De Diseño Y Desarrollo De Páginas Web Profesionales.,1,1500.00,Servicios > Desarrollo Web y E-Commerce,"servicio,clientum"
,simple,SRV-6529,Diseño de Tienda Online: Crea tu Plataforma de Ecommerce Personalizada,1,"Servicio de diseño y desarrollo de tiendas online para crear una presencia en línea impactante, impulsar las ventas y mejorar la experiencia del cliente.","Servicio de diseño y desarrollo de tiendas online para crear una presencia en línea impactante, impulsar las ventas y mejorar la experiencia del cliente.",1,1500.00,Servicios > Desarrollo Web y E-Commerce,"servicio,clientum"
,simple,SRV-6530,Estrategia de Ecommerce: Maximiza tus ventas y rentabilidad online,1,"Servicio de consultoría en estrategia de ecommerce que guía a las empresas hacia el éxito en línea, brindando análisis de mercado, planificación estratégica, optimización de sitios web, marketing digital y gestión de ope","Servicio de consultoría en estrategia de ecommerce que guía a las empresas hacia el éxito en línea, brindando análisis de mercado, planificación estratégica, optimización de sitios web, marketing digital y gestión de ope",1,2000.00,Servicios > Desarrollo Web y E-Commerce,"servicio,clientum"
,simple,SRV-6531,"Optimización de Tiendas Online: Mejora el Rendimiento, Aumenta las Ventas y Satisface a tus Clientes",1,"Servicio de optimización y mejora de tiendas online para aumentar el tráfico, las conversiones y el retorno de la inversión.","Servicio de optimización y mejora de tiendas online para aumentar el tráfico, las conversiones y el retorno de la inversión.",1,1000.00,Servicios > Desarrollo Web y E-Commerce,"servicio,clientum"
,simple,SRV-6532,Integración de Marketplaces: Expande tu alcance y ventas en línea,1,Servicio de integración y gestión de tiendas en marketplaces,Servicio de integración y gestión de tiendas en marketplaces,1,800.00,Servicios > Desarrollo Web y E-Commerce,"servicio,clientum"
,simple,SRV-6540,Implementación de Tienda Online: Tu Solución Ecommerce Completa,1,Servicio de implementación de tienda online desde cero.,Servicio de implementación de tienda online desde cero.,1,3000.00,Servicios > Desarrollo Web y E-Commerce,"servicio,clientum"
,simple,SRV-6546,"Creación de Tienda Online: Diseño, Desarrollo y Capacitación para tu Negocio Digital",1,"Servicio de creación de tienda online para impulsar tu negocio con diseño personalizado, catálogo completo, pagos seguros, optimización móvil y redes sociales.","Servicio de creación de tienda online para impulsar tu negocio con diseño personalizado, catálogo completo, pagos seguros, optimización móvil y redes sociales.",1,5000.00,Servicios > Desarrollo Web y E-Commerce,"servicio,clientum"
,simple,SRV-6547,Rediseño de Tienda Online: Optimiza tu E-commerce para Impulsar las Ventas,1,"Servicio de rediseño de tienda online para mejorar la experiencia del usuario, aumentar las conversiones y optimizar la presencia en línea.","Servicio de rediseño de tienda online para mejorar la experiencia del usuario, aumentar las conversiones y optimizar la presencia en línea.",1,4000.00,Servicios > Desarrollo Web y E-Commerce,"servicio,clientum"
,simple,SRV-6548,Servicio de Suscripciones,1,Servicio De Implementación De Suscripciones Para Ecommerce.,Servicio De Implementación De Suscripciones Para Ecommerce.,1,2000.00,Servicios > Desarrollo Web y E-Commerce,"servicio,clientum"
,simple,SRV-6549,Servicio de Membresías,1,Servicio De Implementación De Membresías Para Ecommerce.,Servicio De Implementación De Membresías Para Ecommerce.,1,2500.00,Servicios > Desarrollo Web y E-Commerce,"servicio,clientum"
,simple,SRV-6550,Solución de Dropshipping,1,Servicio De Implementación De Dropshipping Para Ecommerce.,Servicio De Implementación De Dropshipping Para Ecommerce.,1,1500.00,Servicios > Desarrollo Web y E-Commerce,"servicio,clientum"
,simple,SRV-6551,Tienda Virtual Básica,1,Servicio De Creación De Tienda Virtual Básica Para Ecommerce.,Servicio De Creación De Tienda Virtual Básica Para Ecommerce.,1,1000.00,Servicios > Desarrollo Web y E-Commerce,"servicio,clientum"
,simple,SRV-6552,Tienda Virtual Avanzada,1,Servicio De Desarrollo De Tienda Virtual Avanzada Para Ecommerce.,Servicio De Desarrollo De Tienda Virtual Avanzada Para Ecommerce.,1,3000.00,Servicios > Desarrollo Web y E-Commerce,"servicio,clientum"
,simple,SRV-6553,Migración de Plataforma: Actualiza tu Ecommerce con las Últimas Tendencias,1,Servicio de Migración de Plataforma Ecommerce: Migra tu tienda online a una plataforma más potente y escalable para crecer y escalar tu negocio sin problemas.,Servicio de Migración de Plataforma Ecommerce: Migra tu tienda online a una plataforma más potente y escalable para crecer y escalar tu negocio sin problemas.,1,2500.00,Servicios > Desarrollo Web y E-Commerce,"servicio,clientum"
,simple,SRV-6557,Servicio de Envío y Logística,1,Servicio De Envío Y Logística Para Ecommerce.,Servicio De Envío Y Logística Para Ecommerce.,1,800.00,Servicios > Desarrollo Web y E-Commerce,"servicio,clientum"
,simple,SRV-6559,Solución de Pasarela de Pago,1,Servicio De Implementación De Pasarela De Pago Para Ecommerce.,Servicio De Implementación De Pasarela De Pago Para Ecommerce.,1,1000.00,Servicios > Desarrollo Web y E-Commerce,"servicio,clientum"
,simple,SRV-6566,Servicio de Gestión de Inventario y Logística,1,Servicio De Gestión De Inventario Y Logística Para Ecommerce.,Servicio De Gestión De Inventario Y Logística Para Ecommerce.,1,3500.00,Servicios > Desarrollo Web y E-Commerce,"servicio,clientum"
,simple,SRV-6567,Servicio de Integración de Pasarelas de Pago,1,Servicio De Integración De Pasarelas De Pago Para Ecommerce.,Servicio De Integración De Pasarelas De Pago Para Ecommerce.,1,1200.00,Servicios > Desarrollo Web y E-Commerce,"servicio,clientum"
,simple,SRV-6569,Servicio de Optimización de Experiencia de Usuario,1,Servicio De Optimización De Experiencia De Usuario Para Ecommerce.,Servicio De Optimización De Experiencia De Usuario Para Ecommerce.,1,3000.00,Servicios > Desarrollo Web y E-Commerce,"servicio,clientum"
,simple,SRV-6570,Servicio de Implementación de Comercio Electrónico,1,Servicio De Implementación De Ecommerce.,Servicio De Implementación De Ecommerce.,1,6000.00,Servicios > Desarrollo Web y E-Commerce,"servicio,clientum"
,simple,SRV-6571,Servicio de Migración de Plataforma de Ecommerce,1,Servicio De Migración De Plataforma De Ecommerce.,Servicio De Migración De Plataforma De Ecommerce.,1,4000.00,Servicios > Desarrollo Web y E-Commerce,"servicio,clientum"
,simple,SRV-6572,Servicio de Integración de Ecommerce con Marketplaces,1,Servicio De Integración De Ecommerce Con Marketplaces.,Servicio De Integración De Ecommerce Con Marketplaces.,1,3000.00,Servicios > Desarrollo Web y E-Commerce,"servicio,clientum"
,simple,SRV-6573,Servicio de Estrategia de Precio y Promociones,1,Servicio De Estrategia De Precio Y Promociones Para Ecommerce.,Servicio De Estrategia De Precio Y Promociones Para Ecommerce.,1,2500.00,Servicios > Desarrollo Web y E-Commerce,"servicio,clientum"
,simple,SRV-6577,Servicio de Implementación de Programas de Fidelización,1,Servicio De Implementación De Programas De Fidelización Para Ecommerce.,Servicio De Implementación De Programas De Fidelización Para Ecommerce.,1,2800.00,Servicios > Desarrollo Web y E-Commerce,"servicio,clientum"
,simple,SRV-6581,Servicio de Mejora de Experiencia de Usuario (UX) para Ecommerce,1,Servicio De Mejora De Experiencia De Usuario (Ux) Para Ecommerce.,Servicio De Mejora De Experiencia De Usuario (Ux) Para Ecommerce.,1,4500.00,Servicios > Desarrollo Web y E-Commerce,"servicio,clientum"
,simple,SRV-6582,Servicio de Implementación de Sistema de Recomendaciones Personalizadas,1,Servicio De Implementación De Sistema De Recomendaciones Personalizadas Para Ecommerce.,Servicio De Implementación De Sistema De Recomendaciones Personalizadas Para Ecommerce.,1,5000.00,Servicios > Desarrollo Web y E-Commerce,"servicio,clientum"
,simple,SRV-6583,Servicio de Desarrollo de Integraciones B2B para Ecommerce: Automatiza tus Ventas y Distribución,1,"Servicio de Desarrollo de Integraciones B2B para E-commerce: Conecta tus sistemas, automatiza procesos y mejora la eficiencia de tu negocio.","Servicio de Desarrollo de Integraciones B2B para E-commerce: Conecta tus sistemas, automatiza procesos y mejora la eficiencia de tu negocio.",1,8500.00,Servicios > Desarrollo Web y E-Commerce,"servicio,clientum"
,simple,SRV-6584,Servicio de Migración y Actualización de Plataforma Ecommerce,1,Servicio De Migración Y Actualización De Plataforma Ecommerce.,Servicio De Migración Y Actualización De Plataforma Ecommerce.,1,12000.00,Servicios > Desarrollo Web y E-Commerce,"servicio,clientum"
,simple,SRV-6585,Servicio de Optimización de Funnels de Conversión,1,Servicio De Optimización De Funnels De Conversión Para Ecommerce.,Servicio De Optimización De Funnels De Conversión Para Ecommerce.,1,4000.00,Servicios > Desarrollo Web y E-Commerce,"servicio,clientum"
,simple,SRV-6587,Servicio de Desarrollo de Soluciones de Fidelización para Ecommerce: Impulsa la Retención y el Valor del Cliente,1,"Servicio de Desarrollo de Soluciones de Fidelización para Ecommerce. Crea y ejecuta programas de fidelización personalizados para impulsar la lealtad del cliente, aumentar las ventas y mejorar la rentabilidad.","Servicio de Desarrollo de Soluciones de Fidelización para Ecommerce. Crea y ejecuta programas de fidelización personalizados para impulsar la lealtad del cliente, aumentar las ventas y mejorar la rentabilidad.",1,6000.00,Servicios > Desarrollo Web y E-Commerce,"servicio,clientum"
,simple,SRV-6591,Servicio de Integración de Marketplace,1,Servicio De Integración De Ecommerce Con Marketplace.,Servicio De Integración De Ecommerce Con Marketplace.,1,6500.00,Servicios > Desarrollo Web y E-Commerce,"servicio,clientum"
,simple,SRV-6592,Servicio de Optimización de Búsqueda Interna,1,Servicio De Optimización De La Búsqueda Interna En Ecommerce.,Servicio De Optimización De La Búsqueda Interna En Ecommerce.,1,3800.00,Servicios > Desarrollo Web y E-Commerce,"servicio,clientum"
,simple,SRV-6595,Servicio de Implementación de Solución de Pagos,1,Servicio De Implementación De Solución De Pagos Para Ecommerce.,Servicio De Implementación De Solución De Pagos Para Ecommerce.,1,4000.00,Servicios > Desarrollo Web y E-Commerce,"servicio,clientum"
,simple,SRV-6596,Servicio de Desarrollo de Funcionalidad de Recomendación de Productos para Ecommerce: Aumenta tus Ventas y Mejora la Experiencia del Usuario,1,"Servicio de Desarrollo de Funcionalidad de Recomendación de Productos para Ecommerce. Mejora la experiencia de compra, aumenta las conversiones y brinda información valiosa.","Servicio de Desarrollo de Funcionalidad de Recomendación de Productos para Ecommerce. Mejora la experiencia de compra, aumenta las conversiones y brinda información valiosa.",1,7000.00,Servicios > Desarrollo Web y E-Commerce,"servicio,clientum"
,simple,SRV-6639,Personalización de Experiencia de Usuario,1,Personalización De La Experiencia De Usuario Basada En Datos.,Personalización De La Experiencia De Usuario Basada En Datos.,1,1000.00,Servicios > Desarrollo Web y E-Commerce,"servicio,clientum"
,simple,SRV-6641,Tienda Virtual,1,Implementación De Tienda Virtual Para Ecommerce.,Implementación De Tienda Virtual Para Ecommerce.,1,800.00,Servicios > Desarrollo Web y E-Commerce,"servicio,clientum"
,simple,SRV-6642,Integración de Pagos: Soluciones Seguras y Confiables para tu Ecommerce,1,Integración de Soluciones de Pago En Línea,Integración de Soluciones de Pago En Línea,1,500.00,Servicios > Desarrollo Web y E-Commerce,"servicio,clientum"
,simple,SRV-6643,Gestión Integral de Inventario y Logística: Automatiza tu Ecommerce,1,"Gestión integral del inventario y logística para e-commerce. Optimiza tus operaciones, mejora la experiencia del cliente y logra un crecimiento sostenible.","Gestión integral del inventario y logística para e-commerce. Optimiza tus operaciones, mejora la experiencia del cliente y logra un crecimiento sostenible.",1,800.00,Servicios > Desarrollo Web y E-Commerce,"servicio,clientum"
,simple,SRV-6644,Optimización de Tienda Virtual: Mejora tu rendimiento y aumenta tus ventas,1,Optimización de Tienda Virtual para mejorar el rendimiento,Optimización de Tienda Virtual para mejorar el rendimiento,1,700.00,Servicios > Desarrollo Web y E-Commerce,"servicio,clientum"
,simple,SRV-6648,Suscripciones y Membresías,1,Implementación De Suscripciones Y Membresías En Ecommerce.,Implementación De Suscripciones Y Membresías En Ecommerce.,1,800.00,Servicios > Desarrollo Web y E-Commerce,"servicio,clientum"
,simple,SRV-6649,Crea tu propio Marketplace: la solución integral para el comercio electrónico,1,Desarrollo de un Marketplace propio para Ecommerce.,Desarrollo de un Marketplace propio para Ecommerce.,1,2000.00,Servicios > Desarrollo Web y E-Commerce,"servicio,clientum"
,simple,SRV-6651,Diseño de Tienda Virtual: Crea una Experiencia de Compra Inolvidable,1,"Diseño de Tienda Virtual: Creá una experiencia de compra online excepcional con una interfaz visual atractiva, optimización para dispositivos móviles, integración de pasarelas de pago, gestión de inventario y análisis.","Diseño de Tienda Virtual: Creá una experiencia de compra online excepcional con una interfaz visual atractiva, optimización para dispositivos móviles, integración de pasarelas de pago, gestión de inventario y análisis.",1,1000.00,Servicios > Desarrollo Web y E-Commerce,"servicio,clientum"
,simple,SRV-6654,Migración de Plataforma Ecommerce: Mejora tu Tienda Online con una Transferencia Segura y Eficiente,1,Migración de Plataforma Ecommerce: La clave para el crecimiento y la innovación,Migración de Plataforma Ecommerce: La clave para el crecimiento y la innovación,1,1500.00,Servicios > Desarrollo Web y E-Commerce,"servicio,clientum"
,simple,SRV-6657,Soluciones de Pagos Ecommerce,1,Implementación De Soluciones De Pago Para Ecommerce.,Implementación De Soluciones De Pago Para Ecommerce.,1,1000.00,Servicios > Desarrollo Web y E-Commerce,"servicio,clientum"
,simple,SRV-6658,Gestión de Inventario Ecommerce: Control y Sincronización para tu Tienda Online,1,Gestión de Inventario Ecommerce: Control y gestión de tus productos en el comercio electrónico.,Gestión de Inventario Ecommerce: Control y gestión de tus productos en el comercio electrónico.,1,1200.00,Servicios > Desarrollo Web y E-Commerce,"servicio,clientum"
,simple,SRV-6661,Servicio de Entrega y Logística Ecommerce,1,Servicios De Entrega Y Logística Para Ecommerce.,Servicios De Entrega Y Logística Para Ecommerce.,1,1000.00,Servicios > Desarrollo Web y E-Commerce,"servicio,clientum"
,simple,SRV-6665,Integración con Marketplaces: Expande tu alcance y aumenta tus ventas,1,Integración con Marketplaces Ecommerce: Expande tu negocio online,Integración con Marketplaces Ecommerce: Expande tu negocio online,1,1500.00,Servicios > Desarrollo Web y E-Commerce,"servicio,clientum"
,simple,SRV-6666,Servicio de Personalización Ecommerce,1,Soluciones De Personalización Para Ecommerce.,Soluciones De Personalización Para Ecommerce.,1,1200.00,Servicios > Desarrollo Web y E-Commerce,"servicio,clientum"
,simple,SRV-6669,Servicios de Pagos Ecommerce,1,Soluciones De Pagos Para Ecommerce.,Soluciones De Pagos Para Ecommerce.,1,800.00,Servicios > Desarrollo Web y E-Commerce,"servicio,clientum"
,simple,SRV-6672,Servicios de Fidelización de Clientes Ecommerce,1,Soluciones De Fidelización De Clientes Para Ecommerce.,Soluciones De Fidelización De Clientes Para Ecommerce.,1,1200.00,Servicios > Desarrollo Web y E-Commerce,"servicio,clientum"
,simple,SRV-6673,Optimización de Conversión para Ecommerce: Aumenta tus Ventas Online,1,Servicios de Optimización de Conversión para Ecommerce,Servicios de Optimización de Conversión para Ecommerce,1,1500.00,Servicios > Desarrollo Web y E-Commerce,"servicio,clientum"
,simple,SRV-6674,Implementación de Marketplace Ecommerce: Integración y Configuración para Vender Más,1,Servicios de implementación de Marketplace para Ecommerce,Servicios de implementación de Marketplace para Ecommerce,1,2000.00,Servicios > Desarrollo Web y E-Commerce,"servicio,clientum"
,simple,SRV-6675,Servicios de Logística Ecommerce,1,Soluciones De Logística Para Ecommerce.,Soluciones De Logística Para Ecommerce.,1,800.00,Servicios > Desarrollo Web y E-Commerce,"servicio,clientum"
,simple,SRV-6676,"Implementación de Realidad Aumentada para Ecommerce: Visualiza, Prueba y Experimenta Antes de Comprar",1,Servicios de implementación de realidad aumentada para ecommerce,Servicios de implementación de realidad aumentada para ecommerce,1,1500.00,Servicios > Desarrollo Web y E-Commerce,"servicio,clientum"
,simple,SRV-6678,Servicios de Suscripción Ecommerce,1,Soluciones De Suscripción Para Ecommerce.,Soluciones De Suscripción Para Ecommerce.,1,1200.00,Servicios > Desarrollo Web y E-Commerce,"servicio,clientum"
,simple,SRV-6679,Integración Omnicanal para Ecommerce: Conecta tu tienda virtual con todos tus canales,1,Servicios de integración omnicanal para e-commerce,Servicios de integración omnicanal para e-commerce,1,2000.00,Servicios > Desarrollo Web y E-Commerce,"servicio,clientum"
,simple,SRV-6685,Servicios de Internacionalización Ecommerce,1,Soluciones De Internacionalización Para Ecommerce.,Soluciones De Internacionalización Para Ecommerce.,1,2000.00,Servicios > Desarrollo Web y E-Commerce,"servicio,clientum"
,simple,SRV-6686,Integración Multicanal para Ecommerce: Amplía tu Alcance y Optimiza tus Ventas,1,Servicios de Integración Multicanal para Ecommerce,Servicios de Integración Multicanal para Ecommerce,1,2000.00,Servicios > Desarrollo Web y E-Commerce,"servicio,clientum"
,simple,SRV-6687,Servicios de Retención de Clientes Ecommerce,1,Soluciones De Retención De Clientes Para Ecommerce.,Soluciones De Retención De Clientes Para Ecommerce.,1,1500.00,Servicios > Desarrollo Web y E-Commerce,"servicio,clientum"
,simple,SRV-6688,Servicios de Personalización Ecommerce,1,Soluciones De Personalización Para Ecommerce.,Soluciones De Personalización Para Ecommerce.,1,1800.00,Servicios > Desarrollo Web y E-Commerce,"servicio,clientum"
,simple,SRV-6693,Servicios de Integración de Pasarelas de Pago Ecommerce,1,Soluciones De Integración De Pasarelas De Pago Para Ecommerce.,Soluciones De Integración De Pasarelas De Pago Para Ecommerce.,1,1800.00,Servicios > Desarrollo Web y E-Commerce,"servicio,clientum"
,simple,SRV-6696,Servicios de Personalización Dinámica Ecommerce,1,Soluciones De Personalización Dinámica Para Ecommerce.,Soluciones De Personalización Dinámica Para Ecommerce.,1,2500.00,Servicios > Desarrollo Web y E-Commerce,"servicio,clientum"
,simple,SRV-6698,Servicios de Gestión de Catálogo Ecommerce,1,Soluciones De Gestión De Catálogo Para Ecommerce.,Soluciones De Gestión De Catálogo Para Ecommerce.,1,1800.00,Servicios > Desarrollo Web y E-Commerce,"servicio,clientum"
,simple,SRV-6699,Servicios de Gestión de Inventario Ecommerce,1,Soluciones De Gestión De Inventario Para Ecommerce.,Soluciones De Gestión De Inventario Para Ecommerce.,1,1500.00,Servicios > Desarrollo Web y E-Commerce,"servicio,clientum"
,simple,SRV-6700,Servicios de Logística y Distribución para Ecommerce: Soluciones Integrales para tu Tienda Virtual,1,"Servicios de Logística y Distribución para Ecommerce: Optimiza tus operaciones, reduce costos y mejora la satisfacción del cliente.","Servicios de Logística y Distribución para Ecommerce: Optimiza tus operaciones, reduce costos y mejora la satisfacción del cliente.",1,2000.00,Servicios > Desarrollo Web y E-Commerce,"servicio,clientum"
,simple,SRV-6708,Servicios de Implementación de Realidad Aumentada para Ecommerce: Mejora la Experiencia de Compra y Potencia las Ventas,1,"Servicios de Implementación de Realidad Aumentada para Ecommerce: Visualización 3D, prueba virtual, información adicional, experiencias interactivas. Mejora la experiencia de compra, aumenta las conversiones y diferencia","Servicios de Implementación de Realidad Aumentada para Ecommerce: Visualización 3D, prueba virtual, información adicional, experiencias interactivas. Mejora la experiencia de compra, aumenta las conversiones y diferencia",1,5000.00,Servicios > Desarrollo Web y E-Commerce,"servicio,clientum"
,simple,SRV-6741,Consultoría básica en UX/UI (opcional),1,,,1,10.00,Servicios > Desarrollo Web y E-Commerce,"servicio,clientum"
,simple,SRV-6761,Consultoría en Estrategias de E-Commerce,1,Estrategias De E-Commerce,Estrategias De E-Commerce,1,5000.00,Servicios > Desarrollo Web y E-Commerce,"servicio,clientum"
,simple,SRV-6774,Implementación de Suscripciones y Membresías,1,Suscripciones Y Membresías,Suscripciones Y Membresías,1,3500.00,Servicios > Desarrollo Web y E-Commerce,"servicio,clientum"
,simple,SRV-6775,Implementación de Tiendas Virtuales Básicas,1,Tienda Virtual Básica,Tienda Virtual Básica,1,1500.00,Servicios > Desarrollo Web y E-Commerce,"servicio,clientum"
,simple,SRV-6833,Servicios Web,1,Diseño Web,Diseño Web,1,1200.00,Servicios > Desarrollo Web y E-Commerce,"servicio,clientum"
,simple,SRV-6839,Mantenimiento de Aplicaciones Web,1,Mantenimiento De Aplicaciones Web,Mantenimiento De Aplicaciones Web,1,2000.00,Servicios > Desarrollo Web y E-Commerce,"servicio,clientum"
,simple,SRV-6842,Traducción de Página Web,1,Traducción De Sitio Web,Traducción De Sitio Web,1,2000.00,Servicios > Desarrollo Web y E-Commerce,"servicio,clientum"
,simple,SRV-6849,Diseño Web Personalizado,1,Diseño Web A Medida.,Diseño Web A Medida.,1,800.00,Servicios > Desarrollo Web y E-Commerce,"servicio,clientum"
,simple,SRV-6853,Optimización de tiendas online,1,,,1,1.00,Servicios > Desarrollo Web y E-Commerce,"servicio,clientum"
,simple,SRV-6871,Diseño y desarrollo de sitios web,1,Diseño Web Personalizado Con Enfoque En Usabilidad Y Seo.,Diseño Web Personalizado Con Enfoque En Usabilidad Y Seo.,1,4000.00,Servicios > Desarrollo Web y E-Commerce,"servicio,clientum"
,simple,SRV-6872,Integración de plataformas de comercio electrónico,1,Optimización De Ventas Online A Través De La Integración De Plataformas E-Commerce.,Optimización De Ventas Online A Través De La Integración De Plataformas E-Commerce.,1,3500.00,Servicios > Desarrollo Web y E-Commerce,"servicio,clientum"
,simple,SRV-6895,Desarrollo Web Personalizado,1,Desarrollo Web A Medida.,Desarrollo Web A Medida.,1,4000.00,Servicios > Desarrollo Web y E-Commerce,"servicio,clientum"
,simple,SRV-6896,Integración de E-Commerce,1,Integración E-Commerce.,Integración E-Commerce.,1,2500.00,Servicios > Desarrollo Web y E-Commerce,"servicio,clientum"
,simple,SRV-6912,Integración de Plataforma de Comercio Electrónico,1,Integración De E-Commerce.,Integración De E-Commerce.,1,2800.00,Servicios > Desarrollo Web y E-Commerce,"servicio,clientum"
,simple,SRV-6921,Integración de WooCommerce,1,Integración De Woocommerce En Ecommerce.,Integración De Woocommerce En Ecommerce.,1,1500.00,Servicios > Desarrollo Web y E-Commerce,"servicio,clientum"
,simple,SRV-6924,Implementación de tienda virtual,1,Tienda Virtual Ecommerce,Tienda Virtual Ecommerce,1,1500.00,Servicios > Desarrollo Web y E-Commerce,"servicio,clientum"
,simple,SRV-6926,Diseño UX/UI,1,Diseño De Interfaces De Usuario,Diseño De Interfaces De Usuario,1,1200.00,Servicios > Desarrollo Web y E-Commerce,"servicio,clientum"
,simple,SRV-6928,Optimización de Performance Web,1,Optimización De Rendimiento Web,Optimización De Rendimiento Web,1,1000.00,Servicios > Desarrollo Web y E-Commerce,"servicio,clientum"
,simple,SRV-6931,Diseño de UX/UI,1,Diseño De Experiencias De Usuario Y Interfaces,Diseño De Experiencias De Usuario Y Interfaces,1,2000.00,Servicios > Desarrollo Web y E-Commerce,"servicio,clientum"
,simple,SRV-6933,Plataforma E-Commerce Avanzada,1,Plataforma E-Commerce Avanzada,Plataforma E-Commerce Avanzada,1,10000.00,Servicios > Desarrollo Web y E-Commerce,"servicio,clientum"
,simple,SRV-6934,Diseño Web Responsive,1,Diseño Web Responsive,Diseño Web Responsive,1,3000.00,Servicios > Desarrollo Web y E-Commerce,"servicio,clientum"
,simple,SRV-6935,Integración de Pasarelas de Pago,1,Integración De Pasarelas De Pago,Integración De Pasarelas De Pago,1,1500.00,Servicios > Desarrollo Web y E-Commerce,"servicio,clientum"
,simple,SRV-6936,Desarrollo de Tienda Virtual Básica,1,Tienda Virtual Básica,Tienda Virtual Básica,1,4000.00,Servicios > Desarrollo Web y E-Commerce,"servicio,clientum"
,simple,SRV-6938,Desarrollo de Soluciones de E-Commerce Personalizadas,1,E-Commerce Personalizado,E-Commerce Personalizado,1,10000.00,Servicios > Desarrollo Web y E-Commerce,"servicio,clientum"
,simple,SRV-6939,Desarrollo de Contenido Multilingüe,1,Contenido Multilingüe,Contenido Multilingüe,1,4000.00,Servicios > Desarrollo Web y E-Commerce,"servicio,clientum"
,simple,SRV-6941,Desarrollo de Plataforma de E-Commerce,1,Plataforma De E-Commerce,Plataforma De E-Commerce,1,9000.00,Servicios > Desarrollo Web y E-Commerce,"servicio,clientum"
,simple,SRV-6947,Creación de Tienda Virtual Básica,1,Tienda Virtual Básica,Tienda Virtual Básica,1,3500.00,Servicios > Desarrollo Web y E-Commerce,"servicio,clientum"
,simple,SRV-6950,Desarrollo de Tienda Virtual Avanzada,1,Tienda Virtual Avanzada,Tienda Virtual Avanzada,1,6000.00,Servicios > Desarrollo Web y E-Commerce,"servicio,clientum"
,simple,SRV-6955,UX/UI Design,1,Diseño Ux/Ui,Diseño Ux/Ui,1,3000.00,Servicios > Desarrollo Web y E-Commerce,"servicio,clientum"
,simple,SRV-6984,Servicio de Soporte para Tiendas Online,1,Soporte Para Tiendas Online,Soporte Para Tiendas Online,1,1500.00,Servicios > Desarrollo Web y E-Commerce,"servicio,clientum"
,simple,SRV-6988,Soporte Técnico para Woocommerce,1,Soporte Woocommerce,Soporte Woocommerce,1,2500.00,Servicios > Desarrollo Web y E-Commerce,"servicio,clientum"
,simple,SRV-6992,Soporte Técnico para Wordpress Multisite,1,Soporte Wordpress Multisite,Soporte Wordpress Multisite,1,4000.00,Servicios > Desarrollo Web y E-Commerce,"servicio,clientum"
,simple,SRV-6993,Soporte para Tiendas en Línea (E-Commerce),1,Soporte E-Commerce,Soporte E-Commerce,1,3500.00,Servicios > Desarrollo Web y E-Commerce,"servicio,clientum"
,simple,SRV-6996,Soporte para Wordpress Multisite,1,Soporte Wordpress Multisite,Soporte Wordpress Multisite,1,4000.00,Servicios > Desarrollo Web y E-Commerce,"servicio,clientum"
,simple,SRV-6997,Soporte para Wordpress,1,Soporte Wordpress,Soporte Wordpress,1,3500.00,Servicios > Desarrollo Web y E-Commerce,"servicio,clientum"
,simple,SRV-7008,Soporte Integral para Comercio Electrónico,1,Soporte Comercio Electrónico,Soporte Comercio Electrónico,1,5500.00,Servicios > Desarrollo Web y E-Commerce,"servicio,clientum"
,simple,SRV-7009,Soporte para Tiendas Online Avanzadas,1,Soporte Tiendas Online Avanzadas,Soporte Tiendas Online Avanzadas,1,5000.00,Servicios > Desarrollo Web y E-Commerce,"servicio,clientum"
,simple,SRV-7010,Soporte para Gestión de Contenidos,1,Gestión De Contenidos,Gestión De Contenidos,1,4000.00,Servicios > Desarrollo Web y E-Commerce,"servicio,clientum"
,simple,SRV-7014,Support for E-Commerce,1,Soporte E-Commerce,Soporte E-Commerce,1,1800.00,Servicios > Desarrollo Web y E-Commerce,"servicio,clientum"
,simple,SRV-7025,Traducción de Sitio Web,1,Traducción Sitio Web,Traducción Sitio Web,1,1400.00,Servicios > Desarrollo Web y E-Commerce,"servicio,clientum"
,simple,SRV-7412,<strong>Ítem: La solución definitiva para tus necesidades</strong>,1,"Ítem: el compañero perfecto para tu vida diaria, diseñado para mejorar la productividad, reducir el estrés y brindar comodidad y conveniencia.","Ítem: el compañero perfecto para tu vida diaria, diseñado para mejorar la productividad, reducir el estrés y brindar comodidad y conveniencia.",1,0.00,Servicios > Desarrollo Web y E-Commerce,"servicio,clientum"
,simple,SRV-7416,**Integración E-Commerce**,1,,,1,0.00,Servicios > Desarrollo Web y E-Commerce,"servicio,clientum"
,simple,SRV-7453,Página Adicional,1,,,1,0.00,Servicios > Desarrollo Web y E-Commerce,"servicio,clientum"
,simple,SRV-7456,Consultoría en Diseño de E-Commerce,1,,,1,0.00,Servicios > Desarrollo Web y E-Commerce,"servicio,clientum"
,simple,SRV-7457,Actualización de Contenidos,1,,,1,0.00,Servicios > Desarrollo Web y E-Commerce,"servicio,clientum"
,simple,SRV-7460,Integración de Funcionalidades Extra: Mejora tu Experiencia Digital,1,"Integración de Funcionalidades Extra: Optimiza tus procesos, maximiza la eficiencia y alcanza nuevas cotas de rendimiento.","Integración de Funcionalidades Extra: Optimiza tus procesos, maximiza la eficiencia y alcanza nuevas cotas de rendimiento.",1,0.00,Servicios > Desarrollo Web y E-Commerce,"servicio,clientum"
,simple,SRV-7463,Plan Básico Web: ¡Tu sitio web profesional al alcance de tu mano!,1,Plan Básico Web: Tu aliado para una presencia digital sólida Características: Sitio web de una página Dominio personalizado Diseño responsivo Optimización SEO Soporte técnico Beneficios: Establece una presencia en línea ,Plan Básico Web: Tu aliado para una presencia digital sólida Características: Sitio web de una página Dominio personalizado Diseño responsivo Optimización SEO Soporte técnico Beneficios: Establece una presencia en línea ,1,0.00,Servicios > Desarrollo Web y E-Commerce,"servicio,clientum"
,simple,SRV-7464,Diseño y desarrollo web básico: crea tu sitio web profesional hoy,1,Diseño y desarrollo básico de sitio web: tu presencia online profesional,Diseño y desarrollo básico de sitio web: tu presencia online profesional,1,0.00,Servicios > Desarrollo Web y E-Commerce,"servicio,clientum"
,simple,SRV-7465,Hasta 5 páginas: ¡Crea sitios web impresionantes con facilidad!,1,"Hasta 5 páginas Plataforma de creación de contenido que permite crear y compartir documentos de hasta 5 páginas. Interfaz intuitiva, diseño elegante y compatible con múltiples dispositivos.","Hasta 5 páginas Plataforma de creación de contenido que permite crear y compartir documentos de hasta 5 páginas. Interfaz intuitiva, diseño elegante y compatible con múltiples dispositivos.",1,50.00,Servicios > Desarrollo Web y E-Commerce,"servicio,clientum"
,simple,SRV-7466,Plantillas prediseñadas: ¡Crea contenido impactante en minutos!,1,Plantillas predefinidas: la solución para optimizar tus proyectos,Plantillas predefinidas: la solución para optimizar tus proyectos,1,0.00,Servicios > Desarrollo Web y E-Commerce,"servicio,clientum"
,simple,SRV-7467,Integración básica de plataforma de comercio electrónico: conecta tu tienda online con facilidad,1,Integración básica de plataforma de comercio electrónico: conecta tu tienda online con tus sistemas internos para automatizar procesos y mejorar la eficiencia.,Integración básica de plataforma de comercio electrónico: conecta tu tienda online con tus sistemas internos para automatizar procesos y mejorar la eficiencia.,1,0.00,Servicios > Desarrollo Web y E-Commerce,"servicio,clientum"
,simple,SRV-7475,Diseño y Desarrollo de Sitio Web Básico: Crea tu presencia en línea profesional,1,"Diseño y Desarrollo de Sitio Web Básico: Creá tu presencia online profesional con un sitio web responsivo, optimizado para SEO y con soporte técnico.","Diseño y Desarrollo de Sitio Web Básico: Creá tu presencia online profesional con un sitio web responsivo, optimizado para SEO y con soporte técnico.",1,0.00,Servicios > Desarrollo Web y E-Commerce,"servicio,clientum"
,simple,SRV-7476,Integración Básica de E-Commerce: Conecta tu Tienda Online con Facilidad,1,Integración Básica de E-Commerce: La puerta de entrada a las ventas online,Integración Básica de E-Commerce: La puerta de entrada a las ventas online,1,0.00,Servicios > Desarrollo Web y E-Commerce,"servicio,clientum"
,simple,SRV-7480,Diseño y Desarrollo Web Avanzado: Crea Sitios Web Potentes y Atractivos,1,Diseño y Desarrollo Web Avanzado: Sitios web personalizados y efectivos para impulsar el crecimiento y el éxito.,Diseño y Desarrollo Web Avanzado: Sitios web personalizados y efectivos para impulsar el crecimiento y el éxito.,1,0.00,Servicios > Desarrollo Web y E-Commerce,"servicio,clientum"
,simple,SRV-7481,Integración Avanzada de E-Commerce: Conecta tu Tienda Online con Facilidad,1,"Integración Avanzada de E-Commerce: La clave para el éxito en el comercio electrónico. Conecta canales de venta, automatiza procesos y brinda información valiosa para mejorar la experiencia del cliente, optimizar la efic","Integración Avanzada de E-Commerce: La clave para el éxito en el comercio electrónico. Conecta canales de venta, automatiza procesos y brinda información valiosa para mejorar la experiencia del cliente, optimizar la efic",1,0.00,Servicios > Desarrollo Web y E-Commerce,"servicio,clientum"
,simple,SRV-7485,Diseño Personalizado Completo: Crea tu Propia Marca Única,1,"Diseño Personalizado Completo: Creá tu propio mundo, a tu medida.","Diseño Personalizado Completo: Creá tu propio mundo, a tu medida.",1,0.00,Servicios > Desarrollo Web y E-Commerce,"servicio,clientum"
,simple,SRV-7486,Integración de E-Commerce Personalizada: Conecta tu Negocio Online con Facilidad,1,Integración personalizada de e-commerce: la solución integral para tu negocio online,Integración personalizada de e-commerce: la solución integral para tu negocio online,1,0.00,Servicios > Desarrollo Web y E-Commerce,"servicio,clientum"
,simple,SRV-7490,Desarrollo Web Premium: Creá tu sitio web profesional y optimizado,1,Desarrollo Web Premium: la solución integral para tu presencia online.,Desarrollo Web Premium: la solución integral para tu presencia online.,1,0.00,Servicios > Desarrollo Web y E-Commerce,"servicio,clientum"
,simple,SRV-7491,Integración de E-Commerce: Conecta tu Tienda Online con Facilidad,1,Integración Completa de E-Commerce: La solución definitiva para tu negocio online.,Integración Completa de E-Commerce: La solución definitiva para tu negocio online.,1,0.00,Servicios > Desarrollo Web y E-Commerce,"servicio,clientum"
,simple,SRV-7526,Personaliza tus interfaces: ¡Crea experiencias únicas y atractivas!,1,Personalización de Interfaces: La clave para experiencias digitales excepcionales,Personalización de Interfaces: La clave para experiencias digitales excepcionales,1,400.00,Servicios > Desarrollo Web y E-Commerce,"servicio,clientum"
,simple,SRV-7528,Implementación de Módulos Adicionales: Mejora tu Sitio Web con Funcionalidades Esenciales,1,"Implementación de Módulos Adicionales: Solución integral para optimizar operaciones, integrando funcionalidades, automatizando procesos y personalizando para necesidades específicas.","Implementación de Módulos Adicionales: Solución integral para optimizar operaciones, integrando funcionalidades, automatizando procesos y personalizando para necesidades específicas.",1,700.00,Servicios > Desarrollo Web y E-Commerce,"servicio,clientum"
,simple,SRV-7548,"Optimización del Rendimiento: Mejora la Velocidad, Eficiencia y Fiabilidad de tu Sitio Web",1,"Optimización del Rendimiento: La clave para el éxito empresarial. Analiza datos en tiempo real, identifica cuellos de botella, brinda recomendaciones personalizadas, automatiza procesos y genera informes. Mejora la efici","Optimización del Rendimiento: La clave para el éxito empresarial. Analiza datos en tiempo real, identifica cuellos de botella, brinda recomendaciones personalizadas, automatiza procesos y genera informes. Mejora la efici",1,400.00,Servicios > Desarrollo Web y E-Commerce,"servicio,clientum"
,simple,SRV-7549,Personalización Avanzada: Crea Experiencias Únicas para Tus Clientes,1,"Personalización Avanzada: Tu experiencia única. Crea un perfil personalizado, recibe recomendaciones adaptadas, ajusta la interfaz y recibe notificaciones relevantes para optimizar tus experiencias, ahorrar tiempo y aume","Personalización Avanzada: Tu experiencia única. Crea un perfil personalizado, recibe recomendaciones adaptadas, ajusta la interfaz y recibe notificaciones relevantes para optimizar tus experiencias, ahorrar tiempo y aume",1,1000.00,Servicios > Desarrollo Web y E-Commerce,"servicio,clientum"
,simple,SRV-7558,Tienda Online Básica: ¡Crea tu tienda virtual con facilidad y rapidez!,1,Tienda Online Básica: ¡Tu puerta de entrada al mundo del comercio electrónico!,Tienda Online Básica: ¡Tu puerta de entrada al mundo del comercio electrónico!,1,500.00,Servicios > Desarrollo Web y E-Commerce,"servicio,clientum"
,simple,SRV-7564,¡Crea tu Tienda Online Básica y Vende en Internet Hoy!,1,Implementación de Tienda Online Básica: ¡Tu puerta de entrada al comercio electrónico!,Implementación de Tienda Online Básica: ¡Tu puerta de entrada al comercio electrónico!,1,700.00,Servicios > Desarrollo Web y E-Commerce,"servicio,clientum"
,simple,SRV-7571,Implementación de Tienda Online Minorista: ¡Crea tu Presencia Digital Hoy!,1,Implementación de Tienda Online Minorista: ¡Creá tu presencia digital hoy!,Implementación de Tienda Online Minorista: ¡Creá tu presencia digital hoy!,1,800.00,Servicios > Desarrollo Web y E-Commerce,"servicio,clientum"
,simple,SRV-7574,Plataforma e-Commerce,1,Desarrollo De Tienda Online,Desarrollo De Tienda Online,1,300.00,Servicios > Desarrollo Web y E-Commerce,"servicio,clientum"
,simple,SRV-7582,Diseño de sitio web corporativo,1,Diseño De Sitios Corporativos,Diseño De Sitios Corporativos,1,700.00,Servicios > Desarrollo Web y E-Commerce,"servicio,clientum"
,simple,SRV-7592,Consultoría en experiencia del usuario (UX),1,Consultoría En Ux,Consultoría En Ux,1,600.00,Servicios > Desarrollo Web y E-Commerce,"servicio,clientum"
,simple,SRV-7602,Implementación de soluciones de e-commerce: Optimiza tu negocio online,1,Implementación de soluciones de comercio electrónico: el camino al éxito online,Implementación de soluciones de comercio electrónico: el camino al éxito online,1,1500.00,Servicios > Desarrollo Web y E-Commerce,"servicio,clientum"
,simple,SRV-7611,Implementación de Sistemas de Pago Online: Potenciá tu Negocio con Soluciones Integrales,1,"Sistemas de Pago en Línea: Solución integral para negocios modernos, integrando múltiples opciones de pago, gestión de suscripciones y reportes detallados para mayor comodidad, eficiencia y seguridad.","Sistemas de Pago en Línea: Solución integral para negocios modernos, integrando múltiples opciones de pago, gestión de suscripciones y reportes detallados para mayor comodidad, eficiencia y seguridad.",1,800.00,Servicios > Desarrollo Web y E-Commerce,"servicio,clientum"
,simple,SRV-7645,Desarrollo de Software a Medida,1,Software Personalizado.,Software Personalizado.,1,0.00,Servicios > Desarrollo Web y E-Commerce,"servicio,clientum"
,simple,SRV-7653,Servicios de Diseño y Desarrollo de Interfaces de Usuario,1,Diseño Y Desarrollo De Ui/Ux,Diseño Y Desarrollo De Ui/Ux,1,0.00,Servicios > Desarrollo Web y E-Commerce,"servicio,clientum"
,simple,SRV-7660,Servicios de Migración y Modernización de Aplicaciones Legacy,1,Migración Y Modernización De Aplicaciones.,Migración Y Modernización De Aplicaciones.,1,0.00,Servicios > Desarrollo Web y E-Commerce,"servicio,clientum"
,simple,SRV-7665,E-commerce Setup,1,Configuración De E-Commerce,Configuración De E-Commerce,1,0.00,Servicios > Desarrollo Web y E-Commerce,"servicio,clientum"
,simple,SRV-7668,Custom Web Development,1,Desarrollo Web Personalizado,Desarrollo Web Personalizado,1,0.00,Servicios > Desarrollo Web y E-Commerce,"servicio,clientum"
,simple,SRV-7671,Web Application Development,1,Desarrollo De Aplicaciones Web,Desarrollo De Aplicaciones Web,1,0.00,Servicios > Desarrollo Web y E-Commerce,"servicio,clientum"
,simple,SRV-7676,Graphic Design Services,1,Diseño Gráfico Personalizado,Diseño Gráfico Personalizado,1,0.00,Servicios > Desarrollo Web y E-Commerce,"servicio,clientum"
,simple,SRV-7683,Custom Software Development,1,Desarrollo De Software Personalizado,Desarrollo De Software Personalizado,1,0.00,Servicios > Desarrollo Web y E-Commerce,"servicio,clientum"
,simple,SRV-7686,Web Design,1,Diseño Web Personalizado,Diseño Web Personalizado,1,0.00,Servicios > Desarrollo Web y E-Commerce,"servicio,clientum"
,simple,SRV-7688,Desarrollo de Aplicaciones Personalizadas,1,Desarrollo De Aplicaciones Móviles,Desarrollo De Aplicaciones Móviles,1,0.00,Servicios > Desarrollo Web y E-Commerce,"servicio,clientum"
,simple,SRV-7690,E-Commerce,1,E-Commerce Con Wordpress Y Woocommerce,E-Commerce Con Wordpress Y Woocommerce,1,0.00,Servicios > Desarrollo Web y E-Commerce,"servicio,clientum"
,simple,SRV-7703,Diseño y desarrollo de interfaces de usuario,1,Diseño Y Desarrollo De Ui/Ux,Diseño Y Desarrollo De Ui/Ux,1,0.00,Servicios > Desarrollo Web y E-Commerce,"servicio,clientum"
,simple,SRV-7710,Migración y modernización de aplicaciones,1,Migración Y Modernización De Aplicaciones.,Migración Y Modernización De Aplicaciones.,1,0.00,Servicios > Desarrollo Web y E-Commerce,"servicio,clientum"
,simple,SRV-7720,Servicios de Diseño y Desarrollo de Interfaces de Usuario (UI) y Experiencia de Usuario (UX),1,Diseño Y Desarrollo De Ui/Ux,Diseño Y Desarrollo De Ui/Ux,1,0.00,Servicios > Desarrollo Web y E-Commerce,"servicio,clientum"
,simple,SRV-7729,Servicios de Desarrollo de Aplicaciones con Arquitecturas de Microservicios y Contenedores,1,Desarrollo De Aplicaciones Con Microservicios,Desarrollo De Aplicaciones Con Microservicios,1,0.00,Servicios > Desarrollo Web y E-Commerce,"servicio,clientum"
,simple,SRV-7744,Servicios de diseño y desarrollo de aplicaciones web con arquitecturas de microservicios y APIs,1,Desarrollo De Aplicaciones Web Con Microservicios Y Apis,Desarrollo De Aplicaciones Web Con Microservicios Y Apis,1,0.00,Servicios > Desarrollo Web y E-Commerce,"servicio,clientum"
,simple,SRV-7752,Servicios de diseño y desarrollo de portales web y aplicaciones con arquitectura de microservicios,1,Desarrollo De Portales Web Con Microservicios,Desarrollo De Portales Web Con Microservicios,1,0.00,Servicios > Desarrollo Web y E-Commerce,"servicio,clientum"
,simple,SRV-7756,Servicios de desarrollo de aplicaciones web y móviles con integración de blockchain y criptomonedas,1,Desarrollo De Software,Desarrollo De Software,1,0.00,Servicios > Desarrollo Web y E-Commerce,"servicio,clientum"
,simple,SRV-7762,Servicios de migración y modernización de aplicaciones legacy a arquitecturas basadas en microservicios,1,Migración,Migración,1,0.00,Servicios > Desarrollo Web y E-Commerce,"servicio,clientum"
,simple,SRV-7778,Servicios de Desarrollo de Aplicaciones Web y Móviles con Blockchain,1,Aplicaciones Con Blockchain Y Criptomonedas,Aplicaciones Con Blockchain Y Criptomonedas,1,0.00,Servicios > Desarrollo Web y E-Commerce,"servicio,clientum"
,simple,SRV-7797,Servicios de desarrollo de aplicaciones con arquitecturas de microservicios,1,Aplicaciones Con Microservicios.,Aplicaciones Con Microservicios.,1,0.00,Servicios > Desarrollo Web y E-Commerce,"servicio,clientum"
,simple,SRV-7803,Diseño y desarrollo de aplicaciones web,1,Diseño Y Desarrollo De Aplicaciones Web Con Microservicios.,Diseño Y Desarrollo De Aplicaciones Web Con Microservicios.,1,0.00,Servicios > Desarrollo Web y E-Commerce,"servicio,clientum"
,simple,SRV-7809,Desarrollo de portales web y aplicaciones,1,Diseño Y Desarrollo De Portales Web Y Aplicaciones.,Diseño Y Desarrollo De Portales Web Y Aplicaciones.,1,0.00,Servicios > Desarrollo Web y E-Commerce,"servicio,clientum"
,simple,SRV-7811,Aplicaciones web y móviles con blockchain,1,Desarrollo De Aplicaciones Web Y Móviles Con Blockchain.,Desarrollo De Aplicaciones Web Y Móviles Con Blockchain.,1,0.00,Servicios > Desarrollo Web y E-Commerce,"servicio,clientum"
,simple,SRV-7815,Migración de aplicaciones legacy,1,Migración De Aplicaciones Legacy A Microservicios.,Migración De Aplicaciones Legacy A Microservicios.,1,0.00,Servicios > Desarrollo Web y E-Commerce,"servicio,clientum"
,simple,SRV-7818,Migración de Sistemas Legacy,1,Migración De Sistemas Legacy,Migración De Sistemas Legacy,1,0.00,Servicios > Desarrollo Web y E-Commerce,"servicio,clientum"
,simple,SRV-7819,Desarrollo de Portales Web,1,Desarrollo De Portales Web,Desarrollo De Portales Web,1,0.00,Servicios > Desarrollo Web y E-Commerce,"servicio,clientum"
,simple,SRV-7827,Consultoría en E-commerce,1,Consultoría En E-Commerce,Consultoría En E-Commerce,1,0.00,Servicios > Desarrollo Web y E-Commerce,"servicio,clientum"
,simple,SRV-7834,Gestión de Contenidos Web,1,Gestión De Contenidos Web,Gestión De Contenidos Web,1,0.00,Servicios > Desarrollo Web y E-Commerce,"servicio,clientum"
,simple,SRV-7841,Diseño y Desarrollo de UI/UX,1,Diseño Y Desarrollo De Ui/Ux,Diseño Y Desarrollo De Ui/Ux,1,0.00,Servicios > Desarrollo Web y E-Commerce,"servicio,clientum"
,simple,SRV-7854,Desarrollo de Aplicaciones a Medida,1,Desarrollo A Medida,Desarrollo A Medida,1,0.00,Servicios > Desarrollo Web y E-Commerce,"servicio,clientum"
,simple,SRV-7855,Desarrollo de Páginas Web,1,Desarrollo Web,Desarrollo Web,1,0.00,Servicios > Desarrollo Web y E-Commerce,"servicio,clientum"
,simple,SRV-7856,¡Crea tu Tienda Online con Desarrollo de E-Commerce y Tiendas en Línea: La Clave para el Éxito Digital!,1,¡Crea tu Tienda Online con Desarrollo de E-Commerce y Tiendas en Línea! La clave para el éxito en el mundo digital.,¡Crea tu Tienda Online con Desarrollo de E-Commerce y Tiendas en Línea! La clave para el éxito en el mundo digital.,1,0.00,Servicios > Desarrollo Web y E-Commerce,"servicio,clientum"
,simple,SRV-7863,Optimización de Sitios Web,1,Optimización Web,Optimización Web,1,0.00,Servicios > Desarrollo Web y E-Commerce,"servicio,clientum"
,simple,SRV-7894,Integración de Plataformas de Pago Avanzadas,1,Integración De Pagos,Integración De Pagos,1,0.00,Servicios > Desarrollo Web y E-Commerce,"servicio,clientum"
,simple,SRV-7898,E-Commerce y Tiendas en Línea,1,Desarrollo De E-Commerce,Desarrollo De E-Commerce,1,0.00,Servicios > Desarrollo Web y E-Commerce,"servicio,clientum"
,simple,SRV-7983,Implementacion Tienda Online Basico,1,Implementación De Tienda Online Básica,Implementación De Tienda Online Básica,1,0.00,Servicios > Desarrollo Web y E-Commerce,"servicio,clientum"
,simple,SRV-7984,Implementacion Tienda Online Minorista,1,Implementación De Tienda Online Minorista,Implementación De Tienda Online Minorista,1,0.00,Servicios > Desarrollo Web y E-Commerce,"servicio,clientum"
,simple,SRV-7985,Implementacion Tienda Online Mayorista,1,Implementación De Tienda Online Mayorista,Implementación De Tienda Online Mayorista,1,0.00,Servicios > Desarrollo Web y E-Commerce,"servicio,clientum"
,simple,SRV-7988,Plan Tienda Online Basico pagado cada 1 mes,1,Plan Mensual Tienda Online Básica,Plan Mensual Tienda Online Básica,1,0.00,Servicios > Desarrollo Web y E-Commerce,"servicio,clientum"
,simple,SRV-7989,Plan Tienda Online Minorista pagado cada 1 mes,1,Plan Mensual Tienda Online Minorista,Plan Mensual Tienda Online Minorista,1,0.00,Servicios > Desarrollo Web y E-Commerce,"servicio,clientum"
,simple,SRV-7990,Plan Tienda Online Mayorista pagado cada 1 mes,1,Plan Mensual Tienda Online Mayorista,Plan Mensual Tienda Online Mayorista,1,0.00,Servicios > Desarrollo Web y E-Commerce,"servicio,clientum"
,simple,SRV-7991,Implementacion Tienda Online Marketplace,1,Implementación Tienda Online Marketplace,Implementación Tienda Online Marketplace,1,0.00,Servicios > Desarrollo Web y E-Commerce,"servicio,clientum"
,simple,SRV-7992,Plan Tienda Online Marketplace pagado cada 1 mes,1,Plan Mensual Tienda Online Marketplace,Plan Mensual Tienda Online Marketplace,1,0.00,Servicios > Desarrollo Web y E-Commerce,"servicio,clientum"
,simple,SRV-8024,Desarrollo de software,1,Desarrollo De Software A Medida.,Desarrollo De Software A Medida.,1,0.00,Servicios > Desarrollo Web y E-Commerce,"servicio,clientum"
,simple,SRV-8045,Desarrollo de sitios web,1,Servicios De Creación Y Optimización De Sitios Web Para Empresas.,Servicios De Creación Y Optimización De Sitios Web Para Empresas.,1,0.00,Servicios > Desarrollo Web y E-Commerce,"servicio,clientum"
,simple,SRV-8046,Soluciones de e-commerce,1,Servicios De Consultoría E Implementación De Soluciones De E-Commerce.,Servicios De Consultoría E Implementación De Soluciones De E-Commerce.,1,0.00,Servicios > Desarrollo Web y E-Commerce,"servicio,clientum"
,simple,SRV-8057,Desarrollo de videojuegos,1,Servicios De Creación De Videojuegos Y Aplicaciones De Entretenimiento Digital.,Servicios De Creación De Videojuegos Y Aplicaciones De Entretenimiento Digital.,1,0.00,Servicios > Desarrollo Web y E-Commerce,"servicio,clientum"
,simple,SRV-8077,Desarrollo de soluciones de comercio electrónico,1,Servicios De Creación De Soluciones De Comercio Electrónico B2C Y B2B Con Funcionalidades Avanzadas.,Servicios De Creación De Soluciones De Comercio Electrónico B2C Y B2B Con Funcionalidades Avanzadas.,1,0.00,Servicios > Desarrollo Web y E-Commerce,"servicio,clientum"
,simple,SRV-8081,Servicios de diseño y desarrollo web,1,Servicios De Construcción Y Mejora De Presencia Web Para Empresas Y Organizaciones.,Servicios De Construcción Y Mejora De Presencia Web Para Empresas Y Organizaciones.,1,0.00,Servicios > Desarrollo Web y E-Commerce,"servicio,clientum"
,simple,SRV-8093,Servicios de desarrollo de sitios web y e-commerce,1,"Servicios De Diseño, Desarrollo Y Mantenimiento De Soluciones Web Y De E-Commerce.","Servicios De Diseño, Desarrollo Y Mantenimiento De Soluciones Web Y De E-Commerce.",1,0.00,Servicios > Desarrollo Web y E-Commerce,"servicio,clientum"
,simple,SRV-8097,Servicios de desarrollo de software a medida,1,"Servicios De Diseño, Desarrollo, Implementación Y Mantenimiento De Aplicaciones A La Medida.","Servicios De Diseño, Desarrollo, Implementación Y Mantenimiento De Aplicaciones A La Medida.",1,0.00,Servicios > Desarrollo Web y E-Commerce,"servicio,clientum"
,simple,SRV-8112,Servicios de implementación de plataformas de comercio electrónico,1,Servicios De Creación Y Despliegue De Tiendas En Línea Y Plataformas De Comercio Digital.,Servicios De Creación Y Despliegue De Tiendas En Línea Y Plataformas De Comercio Digital.,1,0.00,Servicios > Desarrollo Web y E-Commerce,"servicio,clientum"
,simple,SRV-8120,Servicios de diseño y desarrollo de portales web y aplicaciones web,1,"Servicios De Diseño, Codificación Y Despliegue De Soluciones Web A Medida.","Servicios De Diseño, Codificación Y Despliegue De Soluciones Web A Medida.",1,0.00,Servicios > Desarrollo Web y E-Commerce,"servicio,clientum"
,simple,SRV-8129,Servicios de desarrollo de videojuegos y aplicaciones de entretenimiento interactivo,1,"Servicios De Diseño, Desarrollo Y Publicación De Videojuegos Y Aplicaciones De Entretenimiento Innovadoras.","Servicios De Diseño, Desarrollo Y Publicación De Videojuegos Y Aplicaciones De Entretenimiento Innovadoras.",1,0.00,Servicios > Desarrollo Web y E-Commerce,"servicio,clientum"
,simple,SRV-8137,Servicios de implementación de soluciones de gestión de contenidos y portales web,1,"Servicios De Consultoría Y Construcción De Soluciones De Gestión De Contenidos, Diseño Web Y Desarrollo De Aplicaciones Web.","Servicios De Consultoría Y Construcción De Soluciones De Gestión De Contenidos, Diseño Web Y Desarrollo De Aplicaciones Web.",1,0.00,Servicios > Desarrollo Web y E-Commerce,"servicio,clientum"
,simple,SRV-8171,Diseño de sitios web,1,Servicio De Diseño Y Desarrollo De Sitios Web A La Medida.,Servicio De Diseño Y Desarrollo De Sitios Web A La Medida.,1,0.00,Servicios > Desarrollo Web y E-Commerce,"servicio,clientum"
,simple,SRV-8175,Mantenimiento de sitios web,1,Servicio De Mantenimiento Y Soporte Para Sitios Web.,Servicio De Mantenimiento Y Soporte Para Sitios Web.,1,0.00,Servicios > Desarrollo Web y E-Commerce,"servicio,clientum"
,simple,SRV-8188,Desarrollo de tienda online,1,Creación De Tiendas Online Personalizadas.,Creación De Tiendas Online Personalizadas.,1,0.00,Servicios > Desarrollo Web y E-Commerce,"servicio,clientum"
,simple,SRV-8197,Creación de página web,1,Diseño Y Desarrollo De Sitios Web Personalizados.,Diseño Y Desarrollo De Sitios Web Personalizados.,1,0.00,Servicios > Desarrollo Web y E-Commerce,"servicio,clientum"
,simple,SRV-8204,Consultoría de UX,1,Optimización De La Experiencia De Usuario De Productos Digitales.,Optimización De La Experiencia De Usuario De Productos Digitales.,1,0.00,Servicios > Desarrollo Web y E-Commerce,"servicio,clientum"
,simple,SRV-8206,Desarrollo de sitio web,1,Creación De Sitios Web Modernos Y Funcionales Para Mejorar La Presencia Online.,Creación De Sitios Web Modernos Y Funcionales Para Mejorar La Presencia Online.,1,0.00,Servicios > Desarrollo Web y E-Commerce,"servicio,clientum"
,simple,SRV-8213,Diseño de página web,1,Creación De Una Página Web Profesional Y Funcional Para Representar La Marca En Línea.,Creación De Una Página Web Profesional Y Funcional Para Representar La Marca En Línea.,1,0.00,Servicios > Desarrollo Web y E-Commerce,"servicio,clientum"
,simple,SRV-8225,Diseño de páginas web,1,Servicio De Diseño Y Desarrollo De Páginas Web Profesionales.,Servicio De Diseño Y Desarrollo De Páginas Web Profesionales.,1,0.00,Servicios > Desarrollo Web y E-Commerce,"servicio,clientum"
,simple,SRV-8231,Diseño de Tienda Online: Creá tu Plataforma de Ecommerce Personalizada,1,Diseño de Tienda Online: Creá tu Plataforma de Ecommerce Personalizada,Diseño de Tienda Online: Creá tu Plataforma de Ecommerce Personalizada,1,0.00,Servicios > Desarrollo Web y E-Commerce,"servicio,clientum"
,simple,SRV-8233,"Optimización de Tiendas Online: Aumenta el Tráfico, las Ventas y la Satisfacción del Cliente",1,"Optimización de Tiendas Online: Mejora el rendimiento, aumenta las ventas y satisface a tus clientes. Servicio para optimizar y mejorar tiendas online, aumentando el tráfico, las conversiones y el retorno de la inversión","Optimización de Tiendas Online: Mejora el rendimiento, aumenta las ventas y satisface a tus clientes. Servicio para optimizar y mejorar tiendas online, aumentando el tráfico, las conversiones y el retorno de la inversión",1,0.00,Servicios > Desarrollo Web y E-Commerce,"servicio,clientum"
,simple,SRV-8234,Integración de Marketplaces: Expande tu alcance y ventas en línea,1,Servicio de integración y gestión de tiendas en marketplaces,Servicio de integración y gestión de tiendas en marketplaces,1,0.00,Servicios > Desarrollo Web y E-Commerce,"servicio,clientum"
,simple,SRV-8242,Implementación de Tienda Online: Tu Solución Ecommerce Completa para Crecer y Triunfar,1,"Implementación de Tienda Online: Tu solución de e-commerce completa. Creamos tu tienda online desde cero, con diseño personalizado, integración de pasarelas de pago, gestión de inventario y herramientas de marketing. Aum","Implementación de Tienda Online: Tu solución de e-commerce completa. Creamos tu tienda online desde cero, con diseño personalizado, integración de pasarelas de pago, gestión de inventario y herramientas de marketing. Aum",1,0.00,Servicios > Desarrollo Web y E-Commerce,"servicio,clientum"
,simple,SRV-8248,"Creación de Tienda Online: Diseño, Desarrollo y Capacitación para Impulsar tu Negocio Digital",1,"Creación de Tienda Online: Diseño, Desarrollo y Capacitación para tu Negocio Digital. Servicio integral para impulsar tu negocio con diseño personalizado, catálogo completo, pagos seguros, optimización móvil y redes soci","Creación de Tienda Online: Diseño, Desarrollo y Capacitación para tu Negocio Digital. Servicio integral para impulsar tu negocio con diseño personalizado, catálogo completo, pagos seguros, optimización móvil y redes soci",1,0.00,Servicios > Desarrollo Web y E-Commerce,"servicio,clientum"
,simple,SRV-8249,Rediseño de Tienda Online: Optimiza tu E-commerce para Impulsar las Ventas,1,Rediseño de Tienda Online: Optimiza tu E-commerce para Impulsar las Ventas,Rediseño de Tienda Online: Optimiza tu E-commerce para Impulsar las Ventas,1,0.00,Servicios > Desarrollo Web y E-Commerce,"servicio,clientum"
,simple,SRV-8250,Servicio de Suscripciones: Implementa un Modelo de Negocio Recurrente para tu Ecommerce,1,Servicio de implementación de suscripciones para e-commerce que ofrece: Integración perfecta Gestión de suscripciones Personalización Automatización Análisis avanzado Beneficios: Ingresos recurrentes Fidelidad del client,Servicio de implementación de suscripciones para e-commerce que ofrece: Integración perfecta Gestión de suscripciones Personalización Automatización Análisis avanzado Beneficios: Ingresos recurrentes Fidelidad del client,1,0.00,Servicios > Desarrollo Web y E-Commerce,"servicio,clientum"
,simple,SRV-8251,Servicio de Membresías: Implementa un Programa de Fidelización para tu Ecommerce,1,"Servicio de implementación de membresías para e-commerce que permite crear y gestionar niveles de membresía, automatizar procesos, integrarse con plataformas de e-commerce y analizar el rendimiento.","Servicio de implementación de membresías para e-commerce que permite crear y gestionar niveles de membresía, automatizar procesos, integrarse con plataformas de e-commerce y analizar el rendimiento.",1,0.00,Servicios > Desarrollo Web y E-Commerce,"servicio,clientum"
,simple,SRV-8252,"Dropshipping: Solución integral para tu e-commerce: Integración perfecta, automatización y soporte dedicado",1,Dropshipping: Solución integral para tu e-commerce,Dropshipping: Solución integral para tu e-commerce,1,0.00,Servicios > Desarrollo Web y E-Commerce,"servicio,clientum"
,simple,SRV-8253,Tienda Virtual Básica: ¡Crea tu tienda online hoy mismo!,1,Servicio de creación de tienda virtual básica para e-commerce.,Servicio de creación de tienda virtual básica para e-commerce.,1,0.00,Servicios > Desarrollo Web y E-Commerce,"servicio,clientum"
,simple,SRV-8254,"Tienda Virtual Avanzada: Diseño Personalizado, Funcionalidades Robustas y Optimización SEO",1,Servicio de desarrollo de tienda virtual avanzada para e-commerce.,Servicio de desarrollo de tienda virtual avanzada para e-commerce.,1,0.00,Servicios > Desarrollo Web y E-Commerce,"servicio,clientum"
,simple,SRV-8255,Migración de Plataforma: Actualizá tu E-commerce con lo Último,1,Servicio de Migración de Plataforma Ecommerce: Actualiza tu tienda online a una plataforma más potente y escalable para crecer y escalar tu negocio sin problemas.,Servicio de Migración de Plataforma Ecommerce: Actualiza tu tienda online a una plataforma más potente y escalable para crecer y escalar tu negocio sin problemas.,1,0.00,Servicios > Desarrollo Web y E-Commerce,"servicio,clientum"
,simple,SRV-8259,Servicio de Envío y Logística: Integración y Optimización para Ecommerce,1,"Servicio de Envío y Logística para E-commerce: Optimiza tus operaciones, ahorra dinero y mejora la experiencia del cliente.","Servicio de Envío y Logística para E-commerce: Optimiza tus operaciones, ahorra dinero y mejora la experiencia del cliente.",1,0.00,Servicios > Desarrollo Web y E-Commerce,"servicio,clientum"
,simple,SRV-8261,Solución de Pasarela de Pago: Integración y Configuración para Ecommerce,1,Servicio de implementación de pasarela de pago para e-commerce.,Servicio de implementación de pasarela de pago para e-commerce.,1,0.00,Servicios > Desarrollo Web y E-Commerce,"servicio,clientum"
,simple,SRV-8269,Integración de Pasarelas de Pago: Optimiza tu E-commerce con Pagos Seguros y Eficientes,1,Integración de Pasarelas de Pago: ¡Optimiza tu E-commerce con Pagos Seguros y Eficientes!,Integración de Pasarelas de Pago: ¡Optimiza tu E-commerce con Pagos Seguros y Eficientes!,1,0.00,Servicios > Desarrollo Web y E-Commerce,"servicio,clientum"
,simple,SRV-8270,Servicio de Análisis de Datos de Ecommerce: Optimiza tu Tienda Online con Insights Valiosos,1,"Servicio de Análisis de Datos de Ecommerce: Optimiza tu estrategia de negocio online con métricas esenciales, análisis de cohortes, segmentación avanzada y más.","Servicio de Análisis de Datos de Ecommerce: Optimiza tu estrategia de negocio online con métricas esenciales, análisis de cohortes, segmentación avanzada y más.",1,0.00,Servicios > Desarrollo Web y E-Commerce,"servicio,clientum"
,simple,SRV-8271,"Servicio de Optimización de Experiencia de Usuario para Ecommerce: Mejora la UX, Aumenta las Conversiones",1,"Servicio de Optimización de Experiencia de Usuario para E-commerce: Mejora la experiencia de tus clientes, aumenta las conversiones y fideliza a tus usuarios.","Servicio de Optimización de Experiencia de Usuario para E-commerce: Mejora la experiencia de tus clientes, aumenta las conversiones y fideliza a tus usuarios.",1,0.00,Servicios > Desarrollo Web y E-Commerce,"servicio,clientum"
,simple,SRV-8272,"Servicio de Implementación de Comercio Electrónico: Diseño, Desarrollo y Puesta en Marcha de Tiendas Online",1,Servicio de Implementación de Ecommerce: Tu puerta de entrada al éxito online.,Servicio de Implementación de Ecommerce: Tu puerta de entrada al éxito online.,1,0.00,Servicios > Desarrollo Web y E-Commerce,"servicio,clientum"
,simple,SRV-8273,Migración de Plataforma de Ecommerce: Transición Segura y Potenciada,1,Servicio de Migración de Plataforma de Ecommerce: Migrá tu tienda online sin problemas a una plataforma más potente y eficiente.,Servicio de Migración de Plataforma de Ecommerce: Migrá tu tienda online sin problemas a una plataforma más potente y eficiente.,1,0.00,Servicios > Desarrollo Web y E-Commerce,"servicio,clientum"
,simple,SRV-8274,Integración de Ecommerce con Marketplaces: Amplía tu Alcance y Ventas,1,Integración de Ecommerce con Marketplaces: Amplía tu alcance y ventas. Conecta tu tienda online con los principales marketplaces para llegar a más clientes y aumentar tus ventas.,Integración de Ecommerce con Marketplaces: Amplía tu alcance y ventas. Conecta tu tienda online con los principales marketplaces para llegar a más clientes y aumentar tus ventas.,1,0.00,Servicios > Desarrollo Web y E-Commerce,"servicio,clientum"
,simple,SRV-8275,Servicio de Estrategia de Precios y Promociones: Optimiza tus ventas y rentabilidad en el E-commerce,1,Servicio de Estrategia de Precio y Promociones para Ecommerce: Optimiza tus precios y promociones para aumentar ventas y maximizar ingresos.,Servicio de Estrategia de Precio y Promociones para Ecommerce: Optimiza tus precios y promociones para aumentar ventas y maximizar ingresos.,1,0.00,Servicios > Desarrollo Web y E-Commerce,"servicio,clientum"
,simple,SRV-8276,Servicio de Gestión de Contenidos y Copywriting para Ecommerce: Optimiza tu Tienda Online con Contenido Persuasivo y SEO,1,"Servicio de Gestión de Contenidos y Copywriting para Ecommerce. Creamos contenido personalizado, optimizado para SEO, gestionamos redes sociales y analizamos resultados para aumentar ventas, mejorar la experiencia del cl","Servicio de Gestión de Contenidos y Copywriting para Ecommerce. Creamos contenido personalizado, optimizado para SEO, gestionamos redes sociales y analizamos resultados para aumentar ventas, mejorar la experiencia del cl",1,0.00,Servicios > Desarrollo Web y E-Commerce,"servicio,clientum"
,simple,SRV-8279,Servicio de Implementación de Programas de Fidelización: ¡Potencia la Lealtad y las Recompras en tu Ecommerce!,1,Servicio de Implementación de Programas de Fidelización para Ecommerce. Creamos y ejecutamos estrategias personalizadas para fomentar la lealtad del cliente y aumentar las ventas.,Servicio de Implementación de Programas de Fidelización para Ecommerce. Creamos y ejecutamos estrategias personalizadas para fomentar la lealtad del cliente y aumentar las ventas.,1,0.00,Servicios > Desarrollo Web y E-Commerce,"servicio,clientum"
,simple,SRV-8280,Implementación de Herramientas de Analítica y Optimización para Ecommerce: Mejora tu Conversión,1,Implementación de Herramientas de Analítica y Optimización para Ecommerce: Mejora tu Conversión,Implementación de Herramientas de Analítica y Optimización para Ecommerce: Mejora tu Conversión,1,0.00,Servicios > Desarrollo Web y E-Commerce,"servicio,clientum"
,simple,SRV-8283,"Mejora tu Experiencia de Usuario (UX) en Ecommerce: Análisis, Diseño y Optimización para Mayor Conversión",1,"Servicio de Mejora de Experiencia de Usuario (UX) para Ecommerce: análisis exhaustivo, optimización de interfaz de usuario, pruebas de usabilidad, recomendaciones personalizadas, informes detallados.","Servicio de Mejora de Experiencia de Usuario (UX) para Ecommerce: análisis exhaustivo, optimización de interfaz de usuario, pruebas de usabilidad, recomendaciones personalizadas, informes detallados.",1,0.00,Servicios > Desarrollo Web y E-Commerce,"servicio,clientum"
,simple,SRV-8284,Implementación de Sistema de Recomendaciones Personalizadas para Ecommerce: Mejora la Experiencia y Aumenta las Ventas,1,Implementación de Sistema de Recomendaciones Personalizadas para Ecommerce: Mejora la Experiencia de Compra y Aumenta las Ventas,Implementación de Sistema de Recomendaciones Personalizadas para Ecommerce: Mejora la Experiencia de Compra y Aumenta las Ventas,1,0.00,Servicios > Desarrollo Web y E-Commerce,"servicio,clientum"
,simple,SRV-8285,Servicio de Integraciones B2B para E-commerce: Automatiza tus Ventas y Distribución,1,"Servicio de Desarrollo de Integraciones B2B para E-commerce: Conecta tus sistemas, automatiza procesos y mejora la eficiencia de tu negocio.","Servicio de Desarrollo de Integraciones B2B para E-commerce: Conecta tus sistemas, automatiza procesos y mejora la eficiencia de tu negocio.",1,0.00,Servicios > Desarrollo Web y E-Commerce,"servicio,clientum"
,simple,SRV-8286,Migración y Actualización de Plataformas Ecommerce: Optimiza tu Tienda Online,1,"Servicio de Migración y Actualización de Plataforma Ecommerce: Migración segura, actualizaciones personalizadas, integraciones avanzadas y soporte experto para mejorar el rendimiento, las funcionalidades, la seguridad y ","Servicio de Migración y Actualización de Plataforma Ecommerce: Migración segura, actualizaciones personalizadas, integraciones avanzadas y soporte experto para mejorar el rendimiento, las funcionalidades, la seguridad y ",1,0.00,Servicios > Desarrollo Web y E-Commerce,"servicio,clientum"
,simple,SRV-8287,Optimización de Embudos de Conversión para E-commerce: Aumenta tus Ventas y Mejora la Experiencia del Cliente,1,Servicio de Optimización de Funnels de Conversión para Ecommerce: Aumenta tus ventas y mejora la experiencia del cliente.,Servicio de Optimización de Funnels de Conversión para Ecommerce: Aumenta tus ventas y mejora la experiencia del cliente.,1,0.00,Servicios > Desarrollo Web y E-Commerce,"servicio,clientum"
,simple,SRV-8289,Servicio de Desarrollo de Soluciones de Fidelización para Ecommerce: Impulsa la Retención y el Valor del Cliente,1,"Servicio de Desarrollo de Soluciones de Fidelización para Ecommerce: Personalizado, automatizado, integrado y analítico. Aumenta la lealtad del cliente, las ventas y la rentabilidad.","Servicio de Desarrollo de Soluciones de Fidelización para Ecommerce: Personalizado, automatizado, integrado y analítico. Aumenta la lealtad del cliente, las ventas y la rentabilidad.",1,0.00,Servicios > Desarrollo Web y E-Commerce,"servicio,clientum"
,simple,SRV-8293,Integra tu tienda online con Marketplaces: ¡Expande tu alcance y potencia tus ventas!,1,"¡Integra tu tienda online con Marketplaces! Expande tu alcance, potencia tus ventas y llega a más clientes.","¡Integra tu tienda online con Marketplaces! Expande tu alcance, potencia tus ventas y llega a más clientes.",1,0.00,Servicios > Desarrollo Web y E-Commerce,"servicio,clientum"
,simple,SRV-8294,Optimización de Búsqueda Interna: Mejora la Experiencia del Usuario y Aumenta las Conversiones,1,"Optimización de Búsqueda Interna: Mejora la experiencia de búsqueda de tus clientes, aumenta las conversiones y genera mayores ingresos.","Optimización de Búsqueda Interna: Mejora la experiencia de búsqueda de tus clientes, aumenta las conversiones y genera mayores ingresos.",1,0.00,Servicios > Desarrollo Web y E-Commerce,"servicio,clientum"
,simple,SRV-8297,Implementación de Solución de Pagos: Integración Segura y Optimizada para tu E-commerce,1,"Servicio de Implementación de Solución de Pagos para E-commerce: Integración rápida y eficiente de pasarelas de pago, configuración personalizada, soporte técnico experto, seguridad mejorada, análisis y optimización.","Servicio de Implementación de Solución de Pagos para E-commerce: Integración rápida y eficiente de pasarelas de pago, configuración personalizada, soporte técnico experto, seguridad mejorada, análisis y optimización.",1,0.00,Servicios > Desarrollo Web y E-Commerce,"servicio,clientum"
,simple,SRV-8298,Servicio de Desarrollo de Funcionalidad de Recomendación de Productos: Aumenta tus Ventas y Mejora la Experiencia del Usuario,1,"Servicio de Desarrollo de Funcionalidad de Recomendación de Productos para Ecommerce: Mejora la experiencia de compra, aumenta las conversiones y brinda información valiosa.","Servicio de Desarrollo de Funcionalidad de Recomendación de Productos para Ecommerce: Mejora la experiencia de compra, aumenta las conversiones y brinda información valiosa.",1,0.00,Servicios > Desarrollo Web y E-Commerce,"servicio,clientum"
,simple,SRV-8340,Personalización de Experiencia de Usuario,1,Personalización De La Experiencia De Usuario Basada En Datos.,Personalización De La Experiencia De Usuario Basada En Datos.,1,0.00,Servicios > Desarrollo Web y E-Commerce,"servicio,clientum"
,simple,SRV-8342,Tienda Virtual: Tu Solución Integral para el Éxito del Ecommerce,1,Tienda Virtual: Tu portal al éxito en el comercio electrónico,Tienda Virtual: Tu portal al éxito en el comercio electrónico,1,0.00,Servicios > Desarrollo Web y E-Commerce,"servicio,clientum"
,simple,SRV-8343,Integración de Pagos: Soluciones Seguras y Confiables para tu Tienda Virtual,1,Integración de Soluciones de Pago En Línea,Integración de Soluciones de Pago En Línea,1,0.00,Servicios > Desarrollo Web y E-Commerce,"servicio,clientum"
,simple,SRV-8344,Gestión Integral de Inventario y Logística: Automatiza tu E-commerce para el Éxito,1,"Gestión integral de inventario y logística para e-commerce. Optimiza tus operaciones, mejora la experiencia del cliente y logra el éxito a largo plazo.","Gestión integral de inventario y logística para e-commerce. Optimiza tus operaciones, mejora la experiencia del cliente y logra el éxito a largo plazo.",1,0.00,Servicios > Desarrollo Web y E-Commerce,"servicio,clientum"
,simple,SRV-8345,Optimización de Tienda Virtual: Impulsa tu rendimiento y ventas,1,"Optimización de Tienda Virtual: Mejora el rendimiento, aumenta las ventas y maximiza el ROI.","Optimización de Tienda Virtual: Mejora el rendimiento, aumenta las ventas y maximiza el ROI.",1,0.00,Servicios > Desarrollo Web y E-Commerce,"servicio,clientum"
,simple,SRV-8349,Suscripciones y Membresías: Implementa modelos de suscripción y membresía para tu e-commerce,1,Suscripciones y Membresías: Implementación en Ecommerce para Crecimiento Sostenible,Suscripciones y Membresías: Implementación en Ecommerce para Crecimiento Sostenible,1,0.00,Servicios > Desarrollo Web y E-Commerce,"servicio,clientum"
,simple,SRV-8350,Crea tu propio Marketplace: la solución integral para el comercio electrónico,1,Crea tu propio Marketplace: la solución integral para el comercio electrónico,Crea tu propio Marketplace: la solución integral para el comercio electrónico,1,0.00,Servicios > Desarrollo Web y E-Commerce,"servicio,clientum"
,simple,SRV-8352,Diseño de Tienda Virtual: Creá una Experiencia de Compra Online Inolvidable,1,"Diseño de Tienda Virtual: Creá una experiencia de compra online excepcional con una interfaz visual atractiva, optimización para dispositivos móviles, integración de pasarelas de pago, gestión de inventario y análisis av","Diseño de Tienda Virtual: Creá una experiencia de compra online excepcional con una interfaz visual atractiva, optimización para dispositivos móviles, integración de pasarelas de pago, gestión de inventario y análisis av",1,0.00,Servicios > Desarrollo Web y E-Commerce,"servicio,clientum"
,simple,SRV-8355,Migración de Plataforma E-commerce: Mejora tu Tienda Online con una Transferencia Segura y Eficiente,1,Migración de Plataforma Ecommerce: Mejora tu Tienda Online con una Transferencia Segura y Eficiente,Migración de Plataforma Ecommerce: Mejora tu Tienda Online con una Transferencia Segura y Eficiente,1,0.00,Servicios > Desarrollo Web y E-Commerce,"servicio,clientum"
,simple,SRV-8358,Soluciones de Pagos para Ecommerce: Integración Segura y Optimizada,1,Soluciones de Pagos para Ecommerce: Implementación de soluciones de pago para impulsar tu negocio online.,Soluciones de Pagos para Ecommerce: Implementación de soluciones de pago para impulsar tu negocio online.,1,0.00,Servicios > Desarrollo Web y E-Commerce,"servicio,clientum"
,simple,SRV-8359,Gestión de Inventario Ecommerce: Control y Sincronización para tu Tienda Online,1,Gestión de Inventario Ecommerce: Control y Sincronización para tu Tienda Online,Gestión de Inventario Ecommerce: Control y Sincronización para tu Tienda Online,1,0.00,Servicios > Desarrollo Web y E-Commerce,"servicio,clientum"
,simple,SRV-8362,"Servicio de Entrega y Logística para Ecommerce: Integración, Seguimiento y Optimización",1,Servicio de Entrega y Logística para Ecommerce: Solución integral para tu negocio online.,Servicio de Entrega y Logística para Ecommerce: Solución integral para tu negocio online.,1,0.00,Servicios > Desarrollo Web y E-Commerce,"servicio,clientum"
,simple,SRV-8366,Integración con Marketplaces: Expande tu alcance y dispara tus ventas,1,Integración con Marketplaces: Expande tu alcance y aumenta tus ventas,Integración con Marketplaces: Expande tu alcance y aumenta tus ventas,1,0.00,Servicios > Desarrollo Web y E-Commerce,"servicio,clientum"
,simple,SRV-8367,Personaliza tu Ecommerce: Mejora la Experiencia de Compra con Soluciones de Personalización,1,Personaliza tu Ecommerce: Mejora la Experiencia de Compra con Soluciones de Personalización,Personaliza tu Ecommerce: Mejora la Experiencia de Compra con Soluciones de Personalización,1,0.00,Servicios > Desarrollo Web y E-Commerce,"servicio,clientum"
,simple,SRV-8370,Servicios de Pagos para Ecommerce: Soluciones Integrales para tu Tienda Virtual,1,Servicios de Pagos para Ecommerce: La solución integral para tu negocio online,Servicios de Pagos para Ecommerce: La solución integral para tu negocio online,1,0.00,Servicios > Desarrollo Web y E-Commerce,"servicio,clientum"
,simple,SRV-8374,Optimización de Conversión para Ecommerce: Impulsa tus Ventas y Maximiza tus Ingresos,1,Servicios de Optimización de Conversión para Ecommerce: Impulsa tus ventas y maximiza tus ingresos.,Servicios de Optimización de Conversión para Ecommerce: Impulsa tus ventas y maximiza tus ingresos.,1,0.00,Servicios > Desarrollo Web y E-Commerce,"servicio,clientum"
,simple,SRV-8375,Implementación de Marketplace Ecommerce: Integración y Configuración para Potenciar tus Ventas,1,Servicios de implementación de Marketplace para Ecommerce: Integración y configuración para aumentar las ventas.,Servicios de implementación de Marketplace para Ecommerce: Integración y configuración para aumentar las ventas.,1,0.00,Servicios > Desarrollo Web y E-Commerce,"servicio,clientum"
,simple,SRV-8376,Servicios de Logística para Ecommerce: Optimiza tu Cadena de Suministro,1,"Servicios de Logística para Ecommerce: Soluciones integrales para optimizar tus operaciones, reducir costos y mejorar la satisfacción del cliente.","Servicios de Logística para Ecommerce: Soluciones integrales para optimizar tus operaciones, reducir costos y mejorar la satisfacción del cliente.",1,0.00,Servicios > Desarrollo Web y E-Commerce,"servicio,clientum"
,simple,SRV-8377,"Implementación de Realidad Aumentada para Ecommerce: Visualizá, Probá y Experimentá Antes de Comprar",1,"Implementación de Realidad Aumentada para Ecommerce: Visualizá, probá y experimentá antes de comprar.","Implementación de Realidad Aumentada para Ecommerce: Visualizá, probá y experimentá antes de comprar.",1,0.00,Servicios > Desarrollo Web y E-Commerce,"servicio,clientum"
,simple,SRV-8379,Servicios de Suscripción para Ecommerce: Aumenta tus Ingresos y Fideliza Clientes,1,Servicios de Suscripción para Ecommerce: Soluciones para el crecimiento y la fidelización.,Servicios de Suscripción para Ecommerce: Soluciones para el crecimiento y la fidelización.,1,0.00,Servicios > Desarrollo Web y E-Commerce,"servicio,clientum"
,simple,SRV-8380,Integración Omnicanal para Ecommerce: Conecta tu tienda virtual con todos tus canales,1,Integración omnicanal para e-commerce: conecta tu tienda virtual con todos tus canales.,Integración omnicanal para e-commerce: conecta tu tienda virtual con todos tus canales.,1,0.00,Servicios > Desarrollo Web y E-Commerce,"servicio,clientum"
,simple,SRV-8386,Servicios de Internacionalización para Ecommerce: Expande tu Negocio Globalmente,1,Servicios de Internacionalización para Ecommerce: Expande tu negocio globalmente,Servicios de Internacionalización para Ecommerce: Expande tu negocio globalmente,1,0.00,Servicios > Desarrollo Web y E-Commerce,"servicio,clientum"
,simple,SRV-8387,"Integración Multicanal para Ecommerce: Amplía tu Alcance, Optimiza Ventas",1,"Integración Multicanal para Ecommerce: Amplía tu alcance y optimiza tus ventas. Conecta tus canales, centraliza el inventario, unifica el procesamiento de pedidos, rastrea a los clientes y obtén información valiosa.","Integración Multicanal para Ecommerce: Amplía tu alcance y optimiza tus ventas. Conecta tus canales, centraliza el inventario, unifica el procesamiento de pedidos, rastrea a los clientes y obtén información valiosa.",1,0.00,Servicios > Desarrollo Web y E-Commerce,"servicio,clientum"
,simple,SRV-8389,Servicios de Personalización Ecommerce: Mejora la Experiencia de Compra de tus Clientes,1,"Servicios de Personalización Ecommerce: Soluciones para adaptar tu tienda online a las preferencias de cada cliente, aumentando conversiones, mejorando la experiencia y generando mayores ingresos.","Servicios de Personalización Ecommerce: Soluciones para adaptar tu tienda online a las preferencias de cada cliente, aumentando conversiones, mejorando la experiencia y generando mayores ingresos.",1,0.00,Servicios > Desarrollo Web y E-Commerce,"servicio,clientum"
,simple,SRV-8394,Integración de Pasarelas de Pago para Ecommerce: Amplía tus Opciones y Optimiza tus Ventas,1,Integración de Pasarelas de Pago para Ecommerce: Amplía tus opciones de pago y optimiza tus ventas.,Integración de Pasarelas de Pago para Ecommerce: Amplía tus opciones de pago y optimiza tus ventas.,1,0.00,Servicios > Desarrollo Web y E-Commerce,"servicio,clientum"
,simple,SRV-8395,Integración de Sistemas Ecommerce: Automatiza y Optimiza tu Negocio Online,1,Integración de Sistemas Ecommerce: Automatiza y Optimiza tu Negocio Online,Integración de Sistemas Ecommerce: Automatiza y Optimiza tu Negocio Online,1,0.00,Servicios > Desarrollo Web y E-Commerce,"servicio,clientum"
,simple,SRV-8397,Servicios de Personalización Dinámica para Ecommerce: Experiencias de Compra Personalizadas y Relevantes,1,Servicios de Personalización Dinámica para Ecommerce: Experiencias de Compra Personalizadas y Relevantes,Servicios de Personalización Dinámica para Ecommerce: Experiencias de Compra Personalizadas y Relevantes,1,0.00,Servicios > Desarrollo Web y E-Commerce,"servicio,clientum"
,simple,SRV-8399,Servicios de Gestión de Catálogo para Ecommerce: Optimizá tu Tienda Virtual,1,"Servicios de Gestión de Catálogo para Ecommerce: Optimizá tu tienda online con gestión centralizada, atributos personalizados, imágenes de alta calidad e integración con ERP.","Servicios de Gestión de Catálogo para Ecommerce: Optimizá tu tienda online con gestión centralizada, atributos personalizados, imágenes de alta calidad e integración con ERP.",1,0.00,Servicios > Desarrollo Web y E-Commerce,"servicio,clientum"
,simple,SRV-8400,"Gestión de Inventario Eficiente para Ecommerce: Sincronización, Automatización y Control",1,"Gestión eficiente de inventario para e-commerce: sincronización, automatización y control. Optimiza tu cadena de suministro, reduce costos y mejora la satisfacción del cliente.","Gestión eficiente de inventario para e-commerce: sincronización, automatización y control. Optimiza tu cadena de suministro, reduce costos y mejora la satisfacción del cliente.",1,0.00,Servicios > Desarrollo Web y E-Commerce,"servicio,clientum"
,simple,SRV-8401,Servicios de Logística y Distribución para Ecommerce: Soluciones Integrales para Optimizar tu Tienda Virtual,1,"Servicios de Logística y Distribución para Ecommerce: Optimiza tus operaciones, reduce costos y mejora la satisfacción del cliente.","Servicios de Logística y Distribución para Ecommerce: Optimiza tus operaciones, reduce costos y mejora la satisfacción del cliente.",1,0.00,Servicios > Desarrollo Web y E-Commerce,"servicio,clientum"
,simple,SRV-8404,Servicios de Gestión de Contenidos para Ecommerce: Optimizá tu Tienda Virtual para Mayor Conversión,1,"Servicios de Gestión de Contenidos para Ecommerce: Creá, administrá y optimizá el contenido de tu tienda online para mejorar la experiencia del usuario y aumentar las conversiones.","Servicios de Gestión de Contenidos para Ecommerce: Creá, administrá y optimizá el contenido de tu tienda online para mejorar la experiencia del usuario y aumentar las conversiones.",1,0.00,Servicios > Desarrollo Web y E-Commerce,"servicio,clientum"
,simple,SRV-8409,"Servicios de Implementación de Realidad Aumentada para Ecommerce: Visualización 3D, Prueba Virtual, Mayor Conversión",1,"Servicios de Implementación de Realidad Aumentada para Ecommerce: Visualización 3D, prueba virtual, información adicional, interacción gamificada. Mayor conversión, experiencia de cliente mejorada, diferenciación competi","Servicios de Implementación de Realidad Aumentada para Ecommerce: Visualización 3D, prueba virtual, información adicional, interacción gamificada. Mayor conversión, experiencia de cliente mejorada, diferenciación competi",1,0.00,Servicios > Desarrollo Web y E-Commerce,"servicio,clientum"
,simple,SRV-5861,Implementación de Sistema de Gestión de Calidad,1,Implementación De Un Sistema De Gestión De Calidad.,Implementación De Un Sistema De Gestión De Calidad.,1,5000.00,Servicios > ERP y CRM,"servicio,clientum"
,simple,SRV-5867,Implementación de Soluciones de Gestión de la Cadena de Suministro,1,Gestión De La Cadena De Suministro,Gestión De La Cadena De Suministro,1,6500.00,Servicios > ERP y CRM,"servicio,clientum"
,simple,SRV-5873,Implementación de Soluciones de Gestión de Talento y Recursos Humanos,1,Gestión De Talento Y Rrhh.,Gestión De Talento Y Rrhh.,1,5000.00,Servicios > ERP y CRM,"servicio,clientum"
,simple,SRV-5874,Implementación de Soluciones de Gestión de Proyectos y Portafolio,1,Gestión De Proyectos Y Portafolio.,Gestión De Proyectos Y Portafolio.,1,6000.00,Servicios > ERP y CRM,"servicio,clientum"
,simple,SRV-5880,Implementación de Soluciones de Gestión de la Experiencia del Cliente,1,Gestión De La Experiencia Del Cliente,Gestión De La Experiencia Del Cliente,1,6000.00,Servicios > ERP y CRM,"servicio,clientum"
,simple,SRV-5900,Project Management Platforms,1,Gestión De Proyectos,Gestión De Proyectos,1,7000.00,Servicios > ERP y CRM,"servicio,clientum"
,simple,SRV-5914,Optimización de Inventarios,1,Optimización De Inventarios Con Odoo,Optimización De Inventarios Con Odoo,1,5500.00,Servicios > ERP y CRM,"servicio,clientum"
,simple,SRV-5917,Gestión de la cadena de suministro,1,Gestión De La Cadena De Suministro,Gestión De La Cadena De Suministro,1,5500.00,Servicios > ERP y CRM,"servicio,clientum"
,simple,SRV-5923,Gestión de talento y recursos humanos,1,Gestión De Talento Y Recursos Humanos,Gestión De Talento Y Recursos Humanos,1,6000.00,Servicios > ERP y CRM,"servicio,clientum"
,simple,SRV-5924,Gestión de proyectos y portafolio,1,Gestión De Proyectos Y Portafolio.,Gestión De Proyectos Y Portafolio.,1,6500.00,Servicios > ERP y CRM,"servicio,clientum"
,simple,SRV-5930,Gestión de la experiencia del cliente (CX),1,Gestión De La Experiencia Del Cliente,Gestión De La Experiencia Del Cliente,1,6000.00,Servicios > ERP y CRM,"servicio,clientum"
,simple,SRV-5940,Implementación de Soluciones de Gestión de la Experiencia del Cliente (CX),1,Gestión De La Experiencia Del Cliente,Gestión De La Experiencia Del Cliente,1,7000.00,Servicios > ERP y CRM,"servicio,clientum"
,simple,SRV-5943,Implementación de Soluciones de Gestión de Activos y Mantenimiento Predictivo,1,Gestión De Activos Y Mantenimiento Predictivo,Gestión De Activos Y Mantenimiento Predictivo,1,7000.00,Servicios > ERP y CRM,"servicio,clientum"
,simple,SRV-5944,Servicios de Integración de Aplicaciones Empresariales (EAI),1,Integración De Aplicaciones Empresariales,Integración De Aplicaciones Empresariales,1,6000.00,Servicios > ERP y CRM,"servicio,clientum"
,simple,SRV-5946,Implementación de Soluciones de Gestión de la Cadena de Suministro (SCM),1,Gestión De La Cadena De Suministro,Gestión De La Cadena De Suministro,1,7000.00,Servicios > ERP y CRM,"servicio,clientum"
,simple,SRV-5955,Gestión de RRHH,1,Gestión De Rrhh,Gestión De Rrhh,1,0.00,Servicios > ERP y CRM,"servicio,clientum"
,simple,SRV-5960,Gestión de la Experiencia del Empleado (EX),1,Gestión De La Experiencia,Gestión De La Experiencia,1,0.00,Servicios > ERP y CRM,"servicio,clientum"
,simple,SRV-5966,Gestión de la Cadena de Suministro (SCM),1,Gestión De La Cadena De Suministro,Gestión De La Cadena De Suministro,1,0.00,Servicios > ERP y CRM,"servicio,clientum"
,simple,SRV-5974,Implementación de soluciones de gestión de recursos humanos (RRHH) con análisis de datos y machine learning,1,Gestión De Rrhh Con Análisis De Datos,Gestión De Rrhh Con Análisis De Datos,1,16000.00,Servicios > ERP y CRM,"servicio,clientum"
,simple,SRV-5980,Implementación de soluciones de gestión de la experiencia del empleado (EX),1,Gestión De La Experiencia Del Empleado,Gestión De La Experiencia Del Empleado,1,12000.00,Servicios > ERP y CRM,"servicio,clientum"
,simple,SRV-5986,Implementación de soluciones de gestión de la cadena de suministro (SCM) con analítica avanzada,1,Gestión De Cadena De Suministro Con Analítica Avanzada,Gestión De Cadena De Suministro Con Analítica Avanzada,1,18000.00,Servicios > ERP y CRM,"servicio,clientum"
,simple,SRV-5991,Implementación de soluciones de gestión de proyectos y portafolio con analítica y automatización,1,Gestión De Proyectos Con Analítica Y Automatización,Gestión De Proyectos Con Analítica Y Automatización,1,16000.00,Servicios > ERP y CRM,"servicio,clientum"
,simple,SRV-5994,Consultoría en gestión de la experiencia del cliente (CX) y optimización de procesos centrados en el usuario,1,Consultoría,Consultoría,1,10000.00,Servicios > ERP y CRM,"servicio,clientum"
,simple,SRV-6006,Implementación de soluciones de gestión de la cadena de suministro (SCM) con inteligencia artificial y analítica predictiva,1,Gestión De Cadena De Suministro,Gestión De Cadena De Suministro,1,22000.00,Servicios > ERP y CRM,"servicio,clientum"
,simple,SRV-6017,Gestión de Proyectos,1,Gestión De Proyectos,Gestión De Proyectos,1,0.00,Servicios > ERP y CRM,"servicio,clientum"
,simple,SRV-6020,Consultoría CX,1,Experiencia Del Cliente,Experiencia Del Cliente,1,0.00,Servicios > ERP y CRM,"servicio,clientum"
,simple,SRV-6033,Consultoría en Gestión de la Experiencia del Cliente (CX),1,Optimización De La Experiencia Del Cliente,Optimización De La Experiencia Del Cliente,1,9000.00,Servicios > ERP y CRM,"servicio,clientum"
,simple,SRV-6046,Gestión de activos,1,Gestión De Activos,Gestión De Activos,1,0.00,Servicios > ERP y CRM,"servicio,clientum"
,simple,SRV-6047,Integración de aplicaciones,1,Eai,Eai,1,0.00,Servicios > ERP y CRM,"servicio,clientum"
,simple,SRV-6052,Gestión de recursos humanos,1,Gestión De Rrhh,Gestión De Rrhh,1,0.00,Servicios > ERP y CRM,"servicio,clientum"
,simple,SRV-6054,"Gestión de la experiencia del empleado: Mejora el compromiso, la productividad y la retención",1,"Gestión de la experiencia del empleado: mejora el compromiso, la productividad y la retención","Gestión de la experiencia del empleado: mejora el compromiso, la productividad y la retención",1,0.00,Servicios > ERP y CRM,"servicio,clientum"
,simple,SRV-6055,Personalización de Experiencia del Cliente,1,Personalización De Ofertas Y Comunicación.,Personalización De Ofertas Y Comunicación.,1,3000.00,Servicios > ERP y CRM,"servicio,clientum"
,simple,SRV-6058,Optimización de Procesos de Facturación y Pagos,1,Facturación Y Pagos Automatizados.,Facturación Y Pagos Automatizados.,1,3000.00,Servicios > ERP y CRM,"servicio,clientum"
,simple,SRV-6060,Gestión Inteligente de Inventarios y Abastecimiento,1,Gestión Y Reabastecimiento De Inventarios.,Gestión Y Reabastecimiento De Inventarios.,1,5000.00,Servicios > ERP y CRM,"servicio,clientum"
,simple,SRV-6066,Facturación Electrónica,1,Automatización De Facturación,Automatización De Facturación,1,0.00,Servicios > ERP y CRM,"servicio,clientum"
,simple,SRV-6068,Gestión de Inventarios,1,Automatización De Inventarios,Automatización De Inventarios,1,0.00,Servicios > ERP y CRM,"servicio,clientum"
,simple,SRV-6071,Mantenimiento Predictivo,1,Gestión De Activos,Gestión De Activos,1,0.00,Servicios > ERP y CRM,"servicio,clientum"
,simple,SRV-6074,Implementación de soluciones de gestión de recursos humanos (RRHH),1,Soluciones De Rrhh Con Análisis De Datos Y Machine Learning.,Soluciones De Rrhh Con Análisis De Datos Y Machine Learning.,1,3000.00,Servicios > ERP y CRM,"servicio,clientum"
,simple,SRV-6099,Integración de Sistemas ERP,1,Integración De Erp,Integración De Erp,1,6500.00,Servicios > ERP y CRM,"servicio,clientum"
,simple,SRV-6102,Implementación de CRM,1,Implementación De Crm,Implementación De Crm,1,0.00,Servicios > ERP y CRM,"servicio,clientum"
,simple,SRV-6118,Gestión de Talento y RRHH,1,Gestión De Talento Y Rrhh.,Gestión De Talento Y Rrhh.,1,7000.00,Servicios > ERP y CRM,"servicio,clientum"
,simple,SRV-6119,Gestión de la Producción,1,Supervisión De Producción,Supervisión De Producción,1,6000.00,Servicios > ERP y CRM,"servicio,clientum"
,simple,SRV-6120,Gestión de Ventas,1,Gestión De Ventas,Gestión De Ventas,1,4500.00,Servicios > ERP y CRM,"servicio,clientum"
,simple,SRV-6121,Gestión de Compras,1,Gestión De Compras,Gestión De Compras,1,4200.00,Servicios > ERP y CRM,"servicio,clientum"
,simple,SRV-6122,Gestión de Proveedores,1,Gestión De Proveedores,Gestión De Proveedores,1,4100.00,Servicios > ERP y CRM,"servicio,clientum"
,simple,SRV-6123,Gestión de Servicios,1,Gestión De Servicios,Gestión De Servicios,1,4000.00,Servicios > ERP y CRM,"servicio,clientum"
,simple,SRV-6124,Gestión de Documentos,1,Gestión De Documentos,Gestión De Documentos,1,4200.00,Servicios > ERP y CRM,"servicio,clientum"
,simple,SRV-6126,Gestión de Calidad,1,Gestión De Calidad,Gestión De Calidad,1,4300.00,Servicios > ERP y CRM,"servicio,clientum"
,simple,SRV-6127,Gestión de Mantenimiento,1,Gestión De Mantenimiento,Gestión De Mantenimiento,1,4400.00,Servicios > ERP y CRM,"servicio,clientum"
,simple,SRV-6141,Seguimiento de Pedidos,1,,,1,0.00,Servicios > ERP y CRM,"servicio,clientum"
,simple,SRV-6142,Gestión de Ventas y Clientes,1,Seguimiento Y Gestión De Ventas Y Clientes.,Seguimiento Y Gestión De Ventas Y Clientes.,1,400.00,Servicios > ERP y CRM,"servicio,clientum"
,simple,SRV-6147,Integración de Dolibarr y WooCommerce para la Gestión de Pedidos,1,Integración Erp Y Ecommerce.,Integración Erp Y Ecommerce.,1,2000.00,Servicios > ERP y CRM,"servicio,clientum"
,simple,SRV-6168,Gestión Inteligente de Inventarios y Logística,1,Gestión De Inventarios Y Logística,Gestión De Inventarios Y Logística,1,6000.00,Servicios > ERP y CRM,"servicio,clientum"
,simple,SRV-6198,Optimización de Recursos Humanos,1,Optimización De Rrhh,Optimización De Rrhh,1,230.00,Servicios > ERP y CRM,"servicio,clientum"
,simple,SRV-6201,Optimización de Operaciones Logísticas,1,Optimización De Logística,Optimización De Logística,1,240.00,Servicios > ERP y CRM,"servicio,clientum"
,simple,SRV-6204,Optimización de Estrategias de Ventas,1,Optimización De Ventas,Optimización De Ventas,1,250.00,Servicios > ERP y CRM,"servicio,clientum"
,simple,SRV-6207,Optimización de Estrategias de Recursos,1,Optimización De Recursos,Optimización De Recursos,1,250.00,Servicios > ERP y CRM,"servicio,clientum"
,simple,SRV-6209,Optimización de Logística y Cadena de Suministro,1,Optimización De Logística,Optimización De Logística,1,260.00,Servicios > ERP y CRM,"servicio,clientum"
,simple,SRV-6211,Optimización de Estrategias de Producción,1,Optimización De Producción,Optimización De Producción,1,270.00,Servicios > ERP y CRM,"servicio,clientum"
,simple,SRV-6212,Optimización de Estrategias de Compras,1,Optimización De Compras,Optimización De Compras,1,240.00,Servicios > ERP y CRM,"servicio,clientum"
,simple,SRV-6225,Plataforma de Gestión de Flotas,1,Gestión De Flotas De Vehículos,Gestión De Flotas De Vehículos,1,2000.00,Servicios > ERP y CRM,"servicio,clientum"
,simple,SRV-6226,Plataforma de Administración de Propiedades,1,Gestión De Propiedades Inmobiliarias,Gestión De Propiedades Inmobiliarias,1,1800.00,Servicios > ERP y CRM,"servicio,clientum"
,simple,SRV-6228,Software de Gestión de Proyectos de Construcción,1,Gestión De Proyectos De Construcción,Gestión De Proyectos De Construcción,1,2500.00,Servicios > ERP y CRM,"servicio,clientum"
,simple,SRV-6231,Plataforma de Gestión de Documentos,1,Gestión De Documentos,Gestión De Documentos,1,1600.00,Servicios > ERP y CRM,"servicio,clientum"
,simple,SRV-6234,Plataforma de Programación de Citas,1,Programación Fácil De Citas,Programación Fácil De Citas,1,200.00,Servicios > ERP y CRM,"servicio,clientum"
,simple,SRV-6235,Plataforma de Gestión de Franquicias,1,Administración De Franquicias,Administración De Franquicias,1,500.00,Servicios > ERP y CRM,"servicio,clientum"
,simple,SRV-6238,Plataforma de Gestión de Proyectos de TI,1,Gestión De Proyectos De Ti,Gestión De Proyectos De Ti,1,600.00,Servicios > ERP y CRM,"servicio,clientum"
,simple,SRV-6239,Plataforma de Gestión de Flotas de Entrega,1,Gestión Eficiente De Flotas De Entrega,Gestión Eficiente De Flotas De Entrega,1,450.00,Servicios > ERP y CRM,"servicio,clientum"
,simple,SRV-6240,Plataforma de Gestión de Recursos,1,Administración De Recursos,Administración De Recursos,1,550.00,Servicios > ERP y CRM,"servicio,clientum"
,simple,SRV-6242,Plataforma de Gestión de Almacenes,1,Gestión De Inventarios,Gestión De Inventarios,1,400.00,Servicios > ERP y CRM,"servicio,clientum"
,simple,SRV-6243,Plataforma de Gestión de Asociaciones,1,Gestión De Asociaciones,Gestión De Asociaciones,1,350.00,Servicios > ERP y CRM,"servicio,clientum"
,simple,SRV-6244,Plataforma de Facturación y Pagos,1,Automatización De Facturación Y Pagos,Automatización De Facturación Y Pagos,1,300.00,Servicios > ERP y CRM,"servicio,clientum"
,simple,SRV-6251,Plataforma de Gestión de Relaciones con Clientes y Proveedores,1,Gestión De Relaciones Con Clientes Y Proveedores,Gestión De Relaciones Con Clientes Y Proveedores,1,350.00,Servicios > ERP y CRM,"servicio,clientum"
,simple,SRV-6252,Plataforma de Gestión de Relaciones con Empleados,1,Gestión De Relaciones Con Empleados,Gestión De Relaciones Con Empleados,1,690.00,Servicios > ERP y CRM,"servicio,clientum"
,simple,SRV-6253,Plataforma de Gestión de Relaciones con Stakeholders,1,Gestión De Relaciones Con Stakeholders,Gestión De Relaciones Con Stakeholders,1,1090.00,Servicios > ERP y CRM,"servicio,clientum"
,simple,SRV-6254,Plataforma de Gestión de Relaciones Empresariales,1,Gestión De Relaciones Empresariales,Gestión De Relaciones Empresariales,1,990.00,Servicios > ERP y CRM,"servicio,clientum"
,simple,SRV-6255,Plataforma de Gestión de Relaciones Comerciales,1,Gestión De Relaciones Comerciales,Gestión De Relaciones Comerciales,1,570.00,Servicios > ERP y CRM,"servicio,clientum"
,simple,SRV-6256,Plataforma de Gestión de Relaciones con Clientes,1,Gestión De Relaciones Con Clientes,Gestión De Relaciones Con Clientes,1,740.00,Servicios > ERP y CRM,"servicio,clientum"
,simple,SRV-6257,Plataforma de Gestión de Relaciones con Proveedores,1,Gestión De Relaciones Con Proveedores,Gestión De Relaciones Con Proveedores,1,480.00,Servicios > ERP y CRM,"servicio,clientum"
,simple,SRV-6258,Plataforma de Optimización de Relaciones con Clientes,1,Optimización De Relaciones Con Clientes,Optimización De Relaciones Con Clientes,1,1250.00,Servicios > ERP y CRM,"servicio,clientum"
,simple,SRV-6297,Gestión del Talento con IA,1,Solución De Gestión Del Talento Basada En Ia,Solución De Gestión Del Talento Basada En Ia,1,199.00,Servicios > ERP y CRM,"servicio,clientum"
,simple,SRV-6317,Contabilidad y finanzas,1,Servicios De Contabilidad Y Finanzas Para Empresas.,Servicios De Contabilidad Y Finanzas Para Empresas.,1,1500.00,Servicios > ERP y CRM,"servicio,clientum"
,simple,SRV-6318,Recursos humanos,1,Servicios De Gestión De Recursos Humanos.,Servicios De Gestión De Recursos Humanos.,1,1200.00,Servicios > ERP y CRM,"servicio,clientum"
,simple,SRV-6328,Implementación de ERP,1,Servicios De Consultoría E Implementación De Soluciones Erp.,Servicios De Consultoría E Implementación De Soluciones Erp.,1,10000.00,Servicios > ERP y CRM,"servicio,clientum"
,simple,SRV-6337,Evaluación de desempeño,1,Servicios De Evaluación Y Análisis Del Desempeño Del Personal.,Servicios De Evaluación Y Análisis Del Desempeño Del Personal.,1,800.00,Servicios > ERP y CRM,"servicio,clientum"
,simple,SRV-6341,Servicios de contabilidad y finanzas,1,"Servicios De Contabilidad, Finanzas Y Asesoría Fiscal Para Empresas.","Servicios De Contabilidad, Finanzas Y Asesoría Fiscal Para Empresas.",1,10000.00,Servicios > ERP y CRM,"servicio,clientum"
,simple,SRV-6343,Servicios de gestión de talento,1,Servicios Integrales De Gestión Y Desarrollo Del Talento Dentro De Las Organizaciones.,Servicios Integrales De Gestión Y Desarrollo Del Talento Dentro De Las Organizaciones.,1,15000.00,Servicios > ERP y CRM,"servicio,clientum"
,simple,SRV-6362,Desarrollo de soluciones de gestión documental,1,Servicios De Creación De Soluciones De Gestión Documental Y Archivo Electrónico De Información.,Servicios De Creación De Soluciones De Gestión Documental Y Archivo Electrónico De Información.,1,16000.00,Servicios > ERP y CRM,"servicio,clientum"
,simple,SRV-6384,"Desarrollo de soluciones de gestión empresarial (ERP, CRM, etc.)",1,Servicios De Creación Y Personalización De Soluciones De Gestión Empresarial Integradas.,Servicios De Creación Y Personalización De Soluciones De Gestión Empresarial Integradas.,1,25000.00,Servicios > ERP y CRM,"servicio,clientum"
,simple,SRV-6427,Servicios de implementación de soluciones de gestión empresarial (ERP),1,Servicios De Consultoría Y Despliegue De Soluciones De Gestión Integral De Procesos Y Recursos De Negocio.,Servicios De Consultoría Y Despliegue De Soluciones De Gestión Integral De Procesos Y Recursos De Negocio.,1,35000.00,Servicios > ERP y CRM,"servicio,clientum"
,simple,SRV-6429,Servicios de implementación de soluciones de gestión de la relación con el cliente (CRM),1,"Servicios De Consultoría Y Despliegue De Soluciones De Gestión Integral De Relaciones Con Clientes, Ventas Y Servicio Al Cliente.","Servicios De Consultoría Y Despliegue De Soluciones De Gestión Integral De Relaciones Con Clientes, Ventas Y Servicio Al Cliente.",1,30000.00,Servicios > ERP y CRM,"servicio,clientum"
,simple,SRV-6436,Servicios de desarrollo de aplicaciones de gestión de la cadena de suministro,1,"Servicios De Consultoría Y Construcción De Aplicaciones Para Optimizar, Automatizar Y Hacer Más Eficiente La Cadena De Suministro.","Servicios De Consultoría Y Construcción De Aplicaciones Para Optimizar, Automatizar Y Hacer Más Eficiente La Cadena De Suministro.",1,28000.00,Servicios > ERP y CRM,"servicio,clientum"
,simple,SRV-6541,Integración ERP: Sincroniza tu tienda online y ERP para una gestión eficiente,1,Servicio de integración entre tienda online y ERP.,Servicio de integración entre tienda online y ERP.,1,5000.00,Servicios > ERP y CRM,"servicio,clientum"
,simple,SRV-6597,Implementación de ERP Odoo,1,Implementación Del Erp Odoo.,Implementación Del Erp Odoo.,1,25000.00,Servicios > ERP y CRM,"servicio,clientum"
,simple,SRV-6598,Desarrollo de Módulos Personalizados para ERP Odoo,1,Desarrollo De Módulos Personalizados Para Erp Odoo.,Desarrollo De Módulos Personalizados Para Erp Odoo.,1,12000.00,Servicios > ERP y CRM,"servicio,clientum"
,simple,SRV-6599,Migración de ERP SAP a Odoo,1,Migración De Erp Sap A Odoo.,Migración De Erp Sap A Odoo.,1,35000.00,Servicios > ERP y CRM,"servicio,clientum"
,simple,SRV-6600,Implementación de ERP Microsoft Dynamics 365,1,Implementación Del Erp Microsoft Dynamics 365.,Implementación Del Erp Microsoft Dynamics 365.,1,45000.00,Servicios > ERP y CRM,"servicio,clientum"
,simple,SRV-6601,Desarrollo de Soluciones Personalizadas para ERP Microsoft Dynamics 365,1,Desarrollo De Soluciones Personalizadas Para Erp Microsoft Dynamics 365.,Desarrollo De Soluciones Personalizadas Para Erp Microsoft Dynamics 365.,1,30000.00,Servicios > ERP y CRM,"servicio,clientum"
,simple,SRV-6602,Actualización de ERP SAP a Última Versión,1,Actualización De Erp Sap A Última Versión.,Actualización De Erp Sap A Última Versión.,1,60000.00,Servicios > ERP y CRM,"servicio,clientum"
,simple,SRV-6603,Integración de ERP SAP con Herramientas de BI,1,Integración De Erp Sap Con Herramientas De Bi.,Integración De Erp Sap Con Herramientas De Bi.,1,35000.00,Servicios > ERP y CRM,"servicio,clientum"
,simple,SRV-6604,Servicio de Soporte y Mantenimiento de ERP Microsoft Dynamics 365,1,Soporte Y Mantenimiento De Erp Microsoft Dynamics 365.,Soporte Y Mantenimiento De Erp Microsoft Dynamics 365.,1,8000.00,Servicios > ERP y CRM,"servicio,clientum"
,simple,SRV-6606,Migración de ERP SAP a ERP Microsoft Dynamics 365,1,Migración De Erp Sap A Erp Microsoft Dynamics 365.,Migración De Erp Sap A Erp Microsoft Dynamics 365.,1,55000.00,Servicios > ERP y CRM,"servicio,clientum"
,simple,SRV-6607,Implementación de ERP Oracle e-Business Suite,1,Implementación Del Erp Oracle E-Business Suite.,Implementación Del Erp Oracle E-Business Suite.,1,50000.00,Servicios > ERP y CRM,"servicio,clientum"
,simple,SRV-6608,Desarrollo de Soluciones Personalizadas para ERP Odoo,1,Desarrollo De Soluciones Personalizadas Para Erp Odoo.,Desarrollo De Soluciones Personalizadas Para Erp Odoo.,1,25000.00,Servicios > ERP y CRM,"servicio,clientum"
,simple,SRV-6655,Integración ERP: Sincroniza tu tienda online con tu sistema de gestión empresarial,1,Integración de la tienda en línea con el ERP de la empresa.,Integración de la tienda en línea con el ERP de la empresa.,1,2000.00,Servicios > ERP y CRM,"servicio,clientum"
,simple,SRV-6694,Servicios de Integración de Sistemas Ecommerce,1,Servicios De Integración De Sistemas Para Ecommerce.,Servicios De Integración De Sistemas Para Ecommerce.,1,1500.00,Servicios > ERP y CRM,"servicio,clientum"
,simple,SRV-6702,Servicios de Integración de ERP Ecommerce,1,Integración De Erp Para Ecommerce.,Integración De Erp Para Ecommerce.,1,3000.00,Servicios > ERP y CRM,"servicio,clientum"
,simple,SRV-6709,Servicios de Implementación de ERP,1,Servicios De Implementación De Sistemas Erp.,Servicios De Implementación De Sistemas Erp.,1,20000.00,Servicios > ERP y CRM,"servicio,clientum"
,simple,SRV-6710,Servicios de Integración de Módulos ERP,1,Servicios De Integración De Módulos A Sistemas Erp.,Servicios De Integración De Módulos A Sistemas Erp.,1,5000.00,Servicios > ERP y CRM,"servicio,clientum"
,simple,SRV-6711,Servicios de Migración de Datos a ERP,1,Servicios De Migración De Datos A Sistemas Erp.,Servicios De Migración De Datos A Sistemas Erp.,1,3000.00,Servicios > ERP y CRM,"servicio,clientum"
,simple,SRV-6712,Servicios de Personalización de ERP,1,Servicios De Personalización De Sistemas Erp.,Servicios De Personalización De Sistemas Erp.,1,10000.00,Servicios > ERP y CRM,"servicio,clientum"
,simple,SRV-6714,Servicios de Soporte y Mantenimiento de ERP,1,Servicios De Soporte Y Mantenimiento De Sistemas Erp.,Servicios De Soporte Y Mantenimiento De Sistemas Erp.,1,2000.00,Servicios > ERP y CRM,"servicio,clientum"
,simple,SRV-6715,Servicios de Auditoría y Optimización de ERP,1,Servicios De Auditoría Y Optimización De Sistemas Erp.,Servicios De Auditoría Y Optimización De Sistemas Erp.,1,5000.00,Servicios > ERP y CRM,"servicio,clientum"
,simple,SRV-6716,Servicios de Desarrollo de Extensiones ERP,1,Servicios De Desarrollo De Extensiones Y Complementos Para Sistemas Erp.,Servicios De Desarrollo De Extensiones Y Complementos Para Sistemas Erp.,1,10000.00,Servicios > ERP y CRM,"servicio,clientum"
,simple,SRV-6717,Servicios de Certificación y Validación de ERP,1,Servicios De Certificación Y Validación De Sistemas Erp.,Servicios De Certificación Y Validación De Sistemas Erp.,1,5000.00,Servicios > ERP y CRM,"servicio,clientum"
,simple,SRV-6718,Servicios de Migración de ERP,1,Servicios De Migración De Sistemas Erp.,Servicios De Migración De Sistemas Erp.,1,20000.00,Servicios > ERP y CRM,"servicio,clientum"
,simple,SRV-6720,Servicios de Consultoría Estratégica en ERP,1,Servicios De Consultoría Estratégica En Sistemas Erp.,Servicios De Consultoría Estratégica En Sistemas Erp.,1,10000.00,Servicios > ERP y CRM,"servicio,clientum"
,simple,SRV-6722,Servicios de Integración de ERP con otras Aplicaciones,1,Servicios De Integración De Sistemas Erp Con Otras Aplicaciones.,Servicios De Integración De Sistemas Erp Con Otras Aplicaciones.,1,10000.00,Servicios > ERP y CRM,"servicio,clientum"
,simple,SRV-6739,Implementación ERP,1,Implementación Completa De Erp.,Implementación Completa De Erp.,1,1500.00,Servicios > ERP y CRM,"servicio,clientum"
,simple,SRV-6742,Asesoramiento en Transformación Digital,1,Transformación Digital,Transformación Digital,1,3500.00,Servicios > ERP y CRM,"servicio,clientum"
,simple,SRV-6744,Asesoría en Cumplimiento Normativo,1,Cumplimiento Normativo.,Cumplimiento Normativo.,1,3000.00,Servicios > ERP y CRM,"servicio,clientum"
,simple,SRV-6745,Implementación de Políticas de Cumplimiento,1,Políticas De Cumplimiento.,Políticas De Cumplimiento.,1,2500.00,Servicios > ERP y CRM,"servicio,clientum"
,simple,SRV-6746,Asesoría en Transformación Digital,1,Transformación Digital,Transformación Digital,1,5000.00,Servicios > ERP y CRM,"servicio,clientum"
,simple,SRV-6747,Consultoría En Optimización De Procesos,1,Optimización De Procesos.,Optimización De Procesos.,1,2500.00,Servicios > ERP y CRM,"servicio,clientum"
,simple,SRV-6755,Implementación de CRM Avanzado,1,Crm Avanzado,Crm Avanzado,1,8000.00,Servicios > ERP y CRM,"servicio,clientum"
,simple,SRV-6757,Asesoría en Transformación Digital y Organizacional,1,Asesoría En Transformación Digital Y Organizacional,Asesoría En Transformación Digital Y Organizacional,1,12000.00,Servicios > ERP y CRM,"servicio,clientum"
,simple,SRV-6763,Desarrollo de Estrategias de Transformación Digital,1,Estrategias De Transformación Digital,Estrategias De Transformación Digital,1,10000.00,Servicios > ERP y CRM,"servicio,clientum"
,simple,SRV-6764,Consultoría en Innovación Tecnológica,1,Innovación Tecnológica,Innovación Tecnológica,1,9000.00,Servicios > ERP y CRM,"servicio,clientum"
,simple,SRV-6770,Consultoría en Transformación Digital Asistida,1,Transformación Digital Asistida,Transformación Digital Asistida,1,7500.00,Servicios > ERP y CRM,"servicio,clientum"
,simple,SRV-6772,Consultoría en Transformación Digital y Desarrollo Digital,1,Transformación Digital Y Desarrollo Digital,Transformación Digital Y Desarrollo Digital,1,8500.00,Servicios > ERP y CRM,"servicio,clientum"
,simple,SRV-6773,Consultoría en Transformación Organizacional y Desarrollo Digital,1,Transformación Organizacional Y Digital,Transformación Organizacional Y Digital,1,9000.00,Servicios > ERP y CRM,"servicio,clientum"
,simple,SRV-6777,Transformación Digital Asistida,1,Transformación Digital,Transformación Digital,1,5000.00,Servicios > ERP y CRM,"servicio,clientum"
,simple,SRV-6804,Mantenimiento de Sistemas IT,1,Mantenimiento It,Mantenimiento It,1,7000.00,Servicios > ERP y CRM,"servicio,clientum"
,simple,SRV-6834,Código de contabilidad (compra de importación),1,Contabilidad De Importación.,Contabilidad De Importación.,1,500.00,Servicios > ERP y CRM,"servicio,clientum"
,simple,SRV-6836,Mantenimiento de Infraestructura TI,1,Mantenimiento De Infraestructura Ti,Mantenimiento De Infraestructura Ti,1,2000.00,Servicios > ERP y CRM,"servicio,clientum"
,simple,SRV-6838,Mantenimiento de Sistemas de Gestión Empresarial,1,Mantenimiento De Sistemas Erp,Mantenimiento De Sistemas Erp,1,3000.00,Servicios > ERP y CRM,"servicio,clientum"
,simple,SRV-6841,Mantenimiento de Sistema de Gestión de Calidad,1,Mantenimiento De Calidad,Mantenimiento De Calidad,1,2500.00,Servicios > ERP y CRM,"servicio,clientum"
,simple,SRV-6852,ERP y CRM,1,,,1,15.00,Servicios > ERP y CRM,"servicio,clientum"
,simple,SRV-6869,Implementación de software ERP,1,,,1,1.00,Servicios > ERP y CRM,"servicio,clientum"
,simple,SRV-6870,Soluciones CRM,1,,,1,1.00,Servicios > ERP y CRM,"servicio,clientum"
,simple,SRV-6873,Integración ERP y CRM,1,Integración De Erp Con Crm.,Integración De Erp Con Crm.,1,1500.00,Servicios > ERP y CRM,"servicio,clientum"
,simple,SRV-6874,ERP para Minoristas,1,Erp Para Sector Minorista.,Erp Para Sector Minorista.,1,3200.00,Servicios > ERP y CRM,"servicio,clientum"
,simple,SRV-6875,CRM para Minoristas,1,Crm Especializado En Minoristas.,Crm Especializado En Minoristas.,1,2800.00,Servicios > ERP y CRM,"servicio,clientum"
,simple,SRV-6876,Integración ERP y CRM para Minoristas,1,Integración Erp Y Crm Para Minoristas.,Integración Erp Y Crm Para Minoristas.,1,1600.00,Servicios > ERP y CRM,"servicio,clientum"
,simple,SRV-6877,ERP para Manufactura,1,Erp Para Manufactura.,Erp Para Manufactura.,1,3500.00,Servicios > ERP y CRM,"servicio,clientum"
,simple,SRV-6878,CRM para Manufactura,1,Crm Especializado En Manufactura.,Crm Especializado En Manufactura.,1,3000.00,Servicios > ERP y CRM,"servicio,clientum"
,simple,SRV-6879,Integración ERP y CRM para Manufactura,1,Integración Erp Y Crm Para Manufactura.,Integración Erp Y Crm Para Manufactura.,1,1800.00,Servicios > ERP y CRM,"servicio,clientum"
,simple,SRV-6880,ERP para Agroindustria,1,Erp Para Agroindustria.,Erp Para Agroindustria.,1,3300.00,Servicios > ERP y CRM,"servicio,clientum"
,simple,SRV-6881,CRM para Agroindustria,1,Crm Especializado En Agroindustria.,Crm Especializado En Agroindustria.,1,2900.00,Servicios > ERP y CRM,"servicio,clientum"
,simple,SRV-6882,Integración ERP y CRM para Agroindustria,1,Integración Erp Y Crm Para Agroindustria.,Integración Erp Y Crm Para Agroindustria.,1,1700.00,Servicios > ERP y CRM,"servicio,clientum"
,simple,SRV-6883,ERP para Distribuidores y Mayoristas,1,Erp Para Distribuidores Y Mayoristas.,Erp Para Distribuidores Y Mayoristas.,1,3400.00,Servicios > ERP y CRM,"servicio,clientum"
,simple,SRV-6884,CRM para Distribuidores y Mayoristas,1,Crm Especializado En Distribuidores.,Crm Especializado En Distribuidores.,1,3100.00,Servicios > ERP y CRM,"servicio,clientum"
,simple,SRV-6885,Integración ERP y CRM para Distribuidores,1,Integración Erp Y Crm Para Distribuidores.,Integración Erp Y Crm Para Distribuidores.,1,1900.00,Servicios > ERP y CRM,"servicio,clientum"
,simple,SRV-6886,ERP para Servicios,1,Erp Para Servicios.,Erp Para Servicios.,1,3200.00,Servicios > ERP y CRM,"servicio,clientum"
,simple,SRV-6887,CRM para Servicios,1,Crm Especializado En Servicios.,Crm Especializado En Servicios.,1,2800.00,Servicios > ERP y CRM,"servicio,clientum"
,simple,SRV-6888,Integración ERP y CRM para Servicios,1,Integración Erp Y Crm Para Servicios.,Integración Erp Y Crm Para Servicios.,1,1700.00,Servicios > ERP y CRM,"servicio,clientum"
,simple,SRV-6889,ERP para Minoristas (B2C),1,Erp B2C Para Minoristas.,Erp B2C Para Minoristas.,1,3300.00,Servicios > ERP y CRM,"servicio,clientum"
,simple,SRV-6890,CRM para Minoristas (B2C),1,Crm B2C Para Minoristas.,Crm B2C Para Minoristas.,1,2900.00,Servicios > ERP y CRM,"servicio,clientum"
,simple,SRV-6891,Integración ERP y CRM para Minoristas (B2C),1,Integración Erp Y Crm B2C Para Minoristas.,Integración Erp Y Crm B2C Para Minoristas.,1,1800.00,Servicios > ERP y CRM,"servicio,clientum"
,simple,SRV-6892,ERP para Mayoristas (B2B),1,Erp B2B Para Mayoristas.,Erp B2B Para Mayoristas.,1,3500.00,Servicios > ERP y CRM,"servicio,clientum"
,simple,SRV-6893,CRM para Mayoristas (B2B),1,Crm B2B Para Mayoristas.,Crm B2B Para Mayoristas.,1,3200.00,Servicios > ERP y CRM,"servicio,clientum"
,simple,SRV-6894,Integración ERP y CRM para Mayoristas (B2B),1,Integración Erp Y Crm B2B Para Mayoristas.,Integración Erp Y Crm B2B Para Mayoristas.,1,2000.00,Servicios > ERP y CRM,"servicio,clientum"
,simple,SRV-6927,Desarrollo de software personalizado,1,Desarrollo De Software,Desarrollo De Software,1,7000.00,Servicios > ERP y CRM,"servicio,clientum"
,simple,SRV-6942,Desarrollo de Soluciones Personalizadas de CRM,1,Soluciones Personalizadas Crm,Soluciones Personalizadas Crm,1,7000.00,Servicios > ERP y CRM,"servicio,clientum"
,simple,SRV-6945,Implementación de Soluciones de CRM,1,Soluciones De Crm,Soluciones De Crm,1,6000.00,Servicios > ERP y CRM,"servicio,clientum"
,simple,SRV-6953,Asistencia en la Implementación de Suscripciones en Ecommerce,1,Suscripciones En Ecommerce,Suscripciones En Ecommerce,1,3000.00,Servicios > ERP y CRM,"servicio,clientum"
,simple,SRV-6958,Soluciones de TI,1,Infraestructura Ti,Infraestructura Ti,1,1100.00,Servicios > ERP y CRM,"servicio,clientum"
,simple,SRV-6976,Actualización De Versión CRM,1,Actualización Crm,Actualización Crm,1,1500.00,Servicios > ERP y CRM,"servicio,clientum"
,simple,SRV-6982,Soporte Técnico ERP,1,Soporte Técnico Erp,Soporte Técnico Erp,1,600.00,Servicios > ERP y CRM,"servicio,clientum"
,simple,SRV-6983,Soporte Técnico CRM,1,Soporte Técnico Crm,Soporte Técnico Crm,1,400.00,Servicios > ERP y CRM,"servicio,clientum"
,simple,SRV-6985,Soporte para Integración de Sistemas,1,Integración De Sistemas,Integración De Sistemas,1,3500.00,Servicios > ERP y CRM,"servicio,clientum"
,simple,SRV-6986,Soporte Técnico para ERP de Producción,1,Soporte Erp Producción,Soporte Erp Producción,1,3500.00,Servicios > ERP y CRM,"servicio,clientum"
,simple,SRV-6991,Soporte Técnico Continuo para ERP y CRM,1,Soporte Técnico Continuo.,Soporte Técnico Continuo.,1,5000.00,Servicios > ERP y CRM,"servicio,clientum"
,simple,SRV-6998,Soporte a Usuarios Clave CRM,1,Soporte Crm,Soporte Crm,1,3000.00,Servicios > ERP y CRM,"servicio,clientum"
,simple,SRV-6999,Soporte a Usuarios Clave ERP,1,Soporte Erp,Soporte Erp,1,3500.00,Servicios > ERP y CRM,"servicio,clientum"
,simple,SRV-7005,Soporte Avanzado ERP,1,Soporte Avanzado Erp,Soporte Avanzado Erp,1,5000.00,Servicios > ERP y CRM,"servicio,clientum"
,simple,SRV-7015,Support for CRM,1,Soporte Crm,Soporte Crm,1,1200.00,Servicios > ERP y CRM,"servicio,clientum"
,simple,SRV-7016,Support for ERP,1,Soporte Erp,Soporte Erp,1,1500.00,Servicios > ERP y CRM,"servicio,clientum"
,simple,SRV-7403,Consultoría Inicial para Distribuidores y Mayoristas,1,,,1,800.00,Servicios > ERP y CRM,"servicio,clientum"
,simple,SRV-7404,Implementación de Soluciones de Gestión para Distribuidores y Mayoristas,1,,,1,1000.00,Servicios > ERP y CRM,"servicio,clientum"
,simple,SRV-7405,Personalización de Plataforma para Distribuidores y Mayoristas,1,,,1,450.00,Servicios > ERP y CRM,"servicio,clientum"
,simple,SRV-7406,Consultoría Avanzada para Distribuidores y Mayoristas,1,,,1,1400.00,Servicios > ERP y CRM,"servicio,clientum"
,simple,SRV-7407,Implementación Completa y Mantenimiento para Distribuidores y Mayoristas,1,,,1,2200.00,Servicios > ERP y CRM,"servicio,clientum"
,simple,SRV-7408,Consultoría Inicial para Servicios,1,,,1,750.00,Servicios > ERP y CRM,"servicio,clientum"
,simple,SRV-7409,Implementación de Gestión de Servicios,1,,,1,850.00,Servicios > ERP y CRM,"servicio,clientum"
,simple,SRV-7410,Personalización y Capacitación para Servicios,1,,,1,500.00,Servicios > ERP y CRM,"servicio,clientum"
,simple,SRV-7411,Consultoría y Mantenimiento Completo para Servicios,1,,,1,2000.00,Servicios > ERP y CRM,"servicio,clientum"
,simple,SRV-7413,Sistema POS Integrado,1,,,1,0.00,Servicios > ERP y CRM,"servicio,clientum"
,simple,SRV-7414,Gestión de Inventarios,1,,,1,0.00,Servicios > ERP y CRM,"servicio,clientum"
,simple,SRV-7415,Fidelización de Clientes,1,,,1,0.00,Servicios > ERP y CRM,"servicio,clientum"
,simple,SRV-7418,Planificación de Producción,1,,,1,0.00,Servicios > ERP y CRM,"servicio,clientum"
,simple,SRV-7419,Gestión de Órdenes de Trabajo,1,,,1,0.00,Servicios > ERP y CRM,"servicio,clientum"
,simple,SRV-7420,Mantenimiento Preventivo y Correctivo,1,,,1,0.00,Servicios > ERP y CRM,"servicio,clientum"
,simple,SRV-7421,Seguimiento de la Cadena de Suministro,1,,,1,0.00,Servicios > ERP y CRM,"servicio,clientum"
,simple,SRV-7424,Control de Calidad,1,,,1,0.00,Servicios > ERP y CRM,"servicio,clientum"
,simple,SRV-7425,Administración de Recursos,1,,,1,0.00,Servicios > ERP y CRM,"servicio,clientum"
,simple,SRV-7426,Logística y Distribución,1,,,1,0.00,Servicios > ERP y CRM,"servicio,clientum"
,simple,SRV-7428,Gestión de Inventarios Mayoristas,1,,,1,0.00,Servicios > ERP y CRM,"servicio,clientum"
,simple,SRV-7429,Control de Pedidos,1,,,1,0.00,Servicios > ERP y CRM,"servicio,clientum"
,simple,SRV-7430,Logística de Distribución,1,,,1,0.00,Servicios > ERP y CRM,"servicio,clientum"
,simple,SRV-7431,Gestión de Proveedores,1,,,1,0.00,Servicios > ERP y CRM,"servicio,clientum"
,simple,SRV-7433,Gestión de Proyectos,1,,,1,0.00,Servicios > ERP y CRM,"servicio,clientum"
,simple,SRV-7434,Administración de Clientes,1,,,1,0.00,Servicios > ERP y CRM,"servicio,clientum"
,simple,SRV-7435,Facturación de Servicios,1,,,1,0.00,Servicios > ERP y CRM,"servicio,clientum"
,simple,SRV-7436,Seguimiento de Tiempos y Costos,1,,,1,0.00,Servicios > ERP y CRM,"servicio,clientum"
,simple,SRV-7438,Control de Calidad de Productos,1,,,1,0.00,Servicios > ERP y CRM,"servicio,clientum"
,simple,SRV-7458,Mantenimiento Adicional: Protege tu inversión y alarga la vida útil de tus equipos,1,,,1,0.00,Servicios > ERP y CRM,"servicio,clientum"
,simple,SRV-7461,Migración de Datos: Transfiere tus datos de forma segura y eficiente,1,Servicio de Migración de Datos: Tu aliado para una transición digital sin contratiempos,Servicio de Migración de Datos: Tu aliado para una transición digital sin contratiempos,1,0.00,Servicios > ERP y CRM,"servicio,clientum"
,simple,SRV-7471,$1000: La solución integral para tus necesidades financieras,1,1.000 pesos: un billete con historia y valor,1.000 pesos: un billete con historia y valor,1,8000.00,Servicios > ERP y CRM,"servicio,clientum"
,simple,SRV-7495,Plan Básico PYME: Solución integral para el crecimiento de tu negocio,1,"Plan Básico PYME: La solución integral para el crecimiento de tu negocio Cuenta corriente, tarjeta de débito, banca móvil y online, atención al cliente dedicada.","Plan Básico PYME: La solución integral para el crecimiento de tu negocio Cuenta corriente, tarjeta de débito, banca móvil y online, atención al cliente dedicada.",1,0.00,Servicios > ERP y CRM,"servicio,clientum"
,simple,SRV-7496,Implementación de ERP y CRM para pymes: Optimiza tus procesos y crece,1,Implementación básica de ERP y CRM para pymes: la solución integral para el crecimiento empresarial,Implementación básica de ERP y CRM para pymes: la solución integral para el crecimiento empresarial,1,0.00,Servicios > ERP y CRM,"servicio,clientum"
,simple,SRV-7497,5 usuarios: la solución perfecta para equipos pequeños y medianos,1,5 Usuarios: La solución integral para la gestión de equipos,5 Usuarios: La solución integral para la gestión de equipos,1,100.00,Servicios > ERP y CRM,"servicio,clientum"
,simple,SRV-7498,¡Gestiona tu negocio como un experto con nuestro software integral!,1,"Gestión Financiera, de Ventas e Inventarios Solución integral para optimizar tus finanzas, ventas e inventarios. Beneficios: Mayor eficiencia Mejor toma de decisiones Reducción de costos Mayor satisfacción del cliente","Gestión Financiera, de Ventas e Inventarios Solución integral para optimizar tus finanzas, ventas e inventarios. Beneficios: Mayor eficiencia Mejor toma de decisiones Reducción de costos Mayor satisfacción del cliente",1,0.00,Servicios > ERP y CRM,"servicio,clientum"
,simple,SRV-7506,Implementación ERP Básica: Optimiza tus procesos y mejora la eficiencia,1,Implementación Básica ERP: La solución integral para la gestión empresarial,Implementación Básica ERP: La solución integral para la gestión empresarial,1,0.00,Servicios > ERP y CRM,"servicio,clientum"
,simple,SRV-7507,Integración de CRM: Conecta tus sistemas y optimiza tu negocio,1,Integración de CRM: la clave para una gestión de relaciones con el cliente excepcional,Integración de CRM: la clave para una gestión de relaciones con el cliente excepcional,1,0.00,Servicios > ERP y CRM,"servicio,clientum"
,simple,SRV-7512,Integración de Módulos Adicionales: Amplía las Funcionalidades de Tu Sistema,1,"Integración de Módulos Adicionales: Optimiza tus operaciones con conectividad perfecta, automatización de procesos y personalización flexible.","Integración de Módulos Adicionales: Optimiza tus operaciones con conectividad perfecta, automatización de procesos y personalización flexible.",1,0.00,Servicios > ERP y CRM,"servicio,clientum"
,simple,SRV-7515,Gestión de Proyectos Adicionales: Optimiza tus proyectos con herramientas avanzadas,1,"Gestión de Proyectos Adicionales: La clave para gestionar proyectos adicionales de forma eficiente, priorizarlos y asignar recursos para cumplir con los plazos y entregar resultados de calidad.","Gestión de Proyectos Adicionales: La clave para gestionar proyectos adicionales de forma eficiente, priorizarlos y asignar recursos para cumplir con los plazos y entregar resultados de calidad.",1,0.00,Servicios > ERP y CRM,"servicio,clientum"
,simple,SRV-7518,Adaptación a Cambios Regulatorios: Mantente al día con las últimas normativas,1,Adaptación a Cambios Regulatorios: Navegando el panorama regulatorio en constante evolución,Adaptación a Cambios Regulatorios: Navegando el panorama regulatorio en constante evolución,1,0.00,Servicios > ERP y CRM,"servicio,clientum"
,simple,SRV-7521,Evaluación Inicial de Sistemas: Diagnóstico y Optimización para un Rendimiento Óptimo,1,"Evaluación Inicial de Sistemas: Solución integral para optimizar tus operaciones de TI, identificando áreas de mejora y brindando recomendaciones personalizadas.","Evaluación Inicial de Sistemas: Solución integral para optimizar tus operaciones de TI, identificando áreas de mejora y brindando recomendaciones personalizadas.",1,600.00,Servicios > ERP y CRM,"servicio,clientum"
,simple,SRV-7522,Configuración de Usuarios: Gestiona tus usuarios de forma fácil y eficiente,1,Configuración de Usuarios: La clave para una experiencia de usuario personalizada,Configuración de Usuarios: La clave para una experiencia de usuario personalizada,1,300.00,Servicios > ERP y CRM,"servicio,clientum"
,simple,SRV-7523,Integración de Datos: Conecta y Unifica Tus Datos para Decisiones Informadas,1,Integración de Datos: La clave para desbloquear el valor de tus datos,Integración de Datos: La clave para desbloquear el valor de tus datos,1,1000.00,Servicios > ERP y CRM,"servicio,clientum"
,simple,SRV-7531,Integración con Plataformas de Terceros: Conecta tu Negocio con el Mundo,1,Integración con Plataformas de Terceros: Conecta tu negocio con el mundo,Integración con Plataformas de Terceros: Conecta tu negocio con el mundo,1,1000.00,Servicios > ERP y CRM,"servicio,clientum"
,simple,SRV-7533,Análisis de Desempeño del Sistema: Optimiza el Rendimiento y la Eficiencia,1,"Análisis de Desempeño del Sistema: Optimiza el rendimiento para el éxito. Monitorea en tiempo real, analiza tendencias, diagnostica problemas y genera informes personalizados para mejorar el rendimiento, reducir costos, ","Análisis de Desempeño del Sistema: Optimiza el rendimiento para el éxito. Monitorea en tiempo real, analiza tendencias, diagnostica problemas y genera informes personalizados para mejorar el rendimiento, reducir costos, ",1,500.00,Servicios > ERP y CRM,"servicio,clientum"
,simple,SRV-7536,Implementación Básica: La solución integral para tu negocio,1,"Implementación Básica: la base para el éxito de tu negocio. Optimiza procesos, reduce costos, mejora la calidad y la satisfacción del cliente, y obtiene una ventaja competitiva.","Implementación Básica: la base para el éxito de tu negocio. Optimiza procesos, reduce costos, mejora la calidad y la satisfacción del cliente, y obtiene una ventaja competitiva.",1,2500.00,Servicios > ERP y CRM,"servicio,clientum"
,simple,SRV-7538,Mantenimiento Anual Básico: Protege tu inversión y optimiza el rendimiento de tu equipo,1,Mantenimiento Anual Básico: La tranquilidad de un hogar protegido,Mantenimiento Anual Básico: La tranquilidad de un hogar protegido,1,600.00,Servicios > ERP y CRM,"servicio,clientum"
,simple,SRV-7540,Módulo CRM Básico: Gestioná tus clientes de forma eficiente,1,Módulo CRM Básico: Gestioná tus clientes de forma eficiente,Módulo CRM Básico: Gestioná tus clientes de forma eficiente,1,500.00,Servicios > ERP y CRM,"servicio,clientum"
,simple,SRV-7541,Licencia de Usuario (x10): ¡Ampliá tu alcance y potenciá tu negocio!,1,Licencia de Usuario (x10): ¡Amplía tu alcance y potencia tu negocio!,Licencia de Usuario (x10): ¡Amplía tu alcance y potencia tu negocio!,1,600.00,Servicios > ERP y CRM,"servicio,clientum"
,simple,SRV-7542,"Integración Básica: Conecta tus sistemas, automatiza procesos y optimiza tu negocio",1,Integración Básica: Conecta tus sistemas y automatiza procesos,Integración Básica: Conecta tus sistemas y automatiza procesos,1,800.00,Servicios > ERP y CRM,"servicio,clientum"
,simple,SRV-7545,"Gestión Avanzada de Datos: Centraliza, Analiza y Automatiza tus Procesos para el Éxito Empresarial",1,"Gestión Avanzada de Datos: Centraliza, estandariza, procesa, analiza y visualiza datos para mejorar la toma de decisiones, la eficiencia y la ventaja competitiva.","Gestión Avanzada de Datos: Centraliza, estandariza, procesa, analiza y visualiza datos para mejorar la toma de decisiones, la eficiencia y la ventaja competitiva.",1,0.00,Servicios > ERP y CRM,"servicio,clientum"
,simple,SRV-7550,Integración con Terceros: Conecta tu negocio con el mundo,1,Integración con Terceros: Conecta tu ecosistema digital sin problemas,Integración con Terceros: Conecta tu ecosistema digital sin problemas,1,800.00,Servicios > ERP y CRM,"servicio,clientum"
,simple,SRV-7553,Plan de Contingencia: Guía esencial para la preparación ante emergencias,1,Plan de Contingencia: Tu escudo ante lo inesperado,Plan de Contingencia: Tu escudo ante lo inesperado,1,600.00,Servicios > ERP y CRM,"servicio,clientum"
,simple,SRV-7562,Módulo de mantenimiento para Dolibarr,1,Mantenimiento Para Dolibarr,Mantenimiento Para Dolibarr,1,300.00,Servicios > ERP y CRM,"servicio,clientum"
,simple,SRV-7565,Sistema de gestión de inventarios,1,Gestión De Inventarios,Gestión De Inventarios,1,2500.00,Servicios > ERP y CRM,"servicio,clientum"
,simple,SRV-7567,Supervisión de procesos de producción,1,Supervisión De Producción,Supervisión De Producción,1,5000.00,Servicios > ERP y CRM,"servicio,clientum"
,simple,SRV-7568,Optimización de experiencia del cliente,1,Optimización De Experiencia,Optimización De Experiencia,1,3500.00,Servicios > ERP y CRM,"servicio,clientum"
,simple,SRV-7572,Software ERP,1,Software De Gestión Empresarial,Software De Gestión Empresarial,1,500.00,Servicios > ERP y CRM,"servicio,clientum"
,simple,SRV-7577,Paquete de implementación de solución ERP,1,Implementación Erp,Implementación Erp,1,1000.00,Servicios > ERP y CRM,"servicio,clientum"
,simple,SRV-7580,Mantenimiento y soporte técnico para ERP,1,Soporte Técnico Erp,Soporte Técnico Erp,1,400.00,Servicios > ERP y CRM,"servicio,clientum"
,simple,SRV-7589,Implementación de sistemas de gestión de calidad,1,Gestión De Calidad,Gestión De Calidad,1,1200.00,Servicios > ERP y CRM,"servicio,clientum"
,simple,SRV-7590,Implementación de soluciones CRM,1,Soluciones Crm,Soluciones Crm,1,800.00,Servicios > ERP y CRM,"servicio,clientum"
,simple,SRV-7591,Implementación de sistemas de gestión de recursos humanos,1,Sistemas De Gestión De Rr.Hh.,Sistemas De Gestión De Rr.Hh.,1,900.00,Servicios > ERP y CRM,"servicio,clientum"
,simple,SRV-7598,Implementación de soluciones de gestión documental,1,Soluciones De Gestión Documental,Soluciones De Gestión Documental,1,1000.00,Servicios > ERP y CRM,"servicio,clientum"
,simple,SRV-7600,Auditoría de sistemas,1,Auditoría De Sistemas,Auditoría De Sistemas,1,1200.00,Servicios > ERP y CRM,"servicio,clientum"
,simple,SRV-7604,Implementación de soluciones de gestión de inventarios,1,Soluciones De Gestión De Inventarios,Soluciones De Gestión De Inventarios,1,900.00,Servicios > ERP y CRM,"servicio,clientum"
,simple,SRV-7609,Implementación de sistemas de gestión de transporte,1,Sistemas De Gestión De Transporte,Sistemas De Gestión De Transporte,1,1100.00,Servicios > ERP y CRM,"servicio,clientum"
,simple,SRV-7613,Implementación de sistemas de gestión financiera,1,Sistemas De Gestión Financiera,Sistemas De Gestión Financiera,1,1200.00,Servicios > ERP y CRM,"servicio,clientum"
,simple,SRV-7614,Consultoría en gestión de recursos humanos,1,Consultoría En Rrhh,Consultoría En Rrhh,1,900.00,Servicios > ERP y CRM,"servicio,clientum"
,simple,SRV-7615,Consultoría en experiencia del cliente,1,Consultoría En Experiencia Del Cliente,Consultoría En Experiencia Del Cliente,1,700.00,Servicios > ERP y CRM,"servicio,clientum"
,simple,SRV-7616,Implementación de soluciones de logística,1,Soluciones De Logística,Soluciones De Logística,1,1100.00,Servicios > ERP y CRM,"servicio,clientum"
,simple,SRV-7618,Implementación de soluciones de gestión de ventas,1,Soluciones De Gestión De Ventas,Soluciones De Gestión De Ventas,1,1500.00,Servicios > ERP y CRM,"servicio,clientum"
,simple,SRV-7620,Implementación de sistemas de gestión de compras,1,Sistemas De Gestión De Compras,Sistemas De Gestión De Compras,1,1200.00,Servicios > ERP y CRM,"servicio,clientum"
,simple,SRV-7625,Implementación de soluciones de gestión de riesgos,1,Soluciones De Gestión De Riesgos,Soluciones De Gestión De Riesgos,1,1400.00,Servicios > ERP y CRM,"servicio,clientum"
,simple,SRV-7629,Implementación de soluciones de gestión del conocimiento,1,Soluciones De Gestión Del Conocimiento,Soluciones De Gestión Del Conocimiento,1,1400.00,Servicios > ERP y CRM,"servicio,clientum"
,simple,SRV-7631,Implementación de soluciones de gestión de mantenimiento,1,Soluciones De Gestión De Mantenimiento,Soluciones De Gestión De Mantenimiento,1,1200.00,Servicios > ERP y CRM,"servicio,clientum"
,simple,SRV-7632,Implementación de soluciones de gestión de operaciones,1,Soluciones De Gestión De Operaciones,Soluciones De Gestión De Operaciones,1,1400.00,Servicios > ERP y CRM,"servicio,clientum"
,simple,SRV-7635,Implementación de soluciones de gestión de recursos empresariales (ERP),1,Soluciones De Gestión Erp,Soluciones De Gestión Erp,1,1800.00,Servicios > ERP y CRM,"servicio,clientum"
,simple,SRV-7637,Implementación de soluciones de gestión de la calidad total,1,Soluciones De Gestión De La Calidad Total,Soluciones De Gestión De La Calidad Total,1,1500.00,Servicios > ERP y CRM,"servicio,clientum"
,simple,SRV-7639,Implementación de soluciones de gestión ambiental,1,Soluciones De Gestión Ambiental,Soluciones De Gestión Ambiental,1,1400.00,Servicios > ERP y CRM,"servicio,clientum"
,simple,SRV-7640,Desarrollo de soluciones de gestión de relaciones con proveedores,1,Soluciones De Gestión De Proveedores,Soluciones De Gestión De Proveedores,1,1300.00,Servicios > ERP y CRM,"servicio,clientum"
,simple,SRV-7642,Implementación de Soluciones de Gestión de Activos Intangibles: Optimiza y Protege tus Recursos Valiosos,1,Implementación de Soluciones de Gestión de Activos Intangibles: Optimiza y protege tus recursos valiosos,Implementación de Soluciones de Gestión de Activos Intangibles: Optimiza y protege tus recursos valiosos,1,1500.00,Servicios > ERP y CRM,"servicio,clientum"
,simple,SRV-7643,Implementación de Sistema de Gestión de Calidad,1,Implementación De Un Sistema De Gestión De Calidad.,Implementación De Un Sistema De Gestión De Calidad.,1,0.00,Servicios > ERP y CRM,"servicio,clientum"
,simple,SRV-7649,Implementación de Soluciones de Gestión de la Cadena de Suministro,1,Gestión De La Cadena De Suministro,Gestión De La Cadena De Suministro,1,0.00,Servicios > ERP y CRM,"servicio,clientum"
,simple,SRV-7655,Implementación de Soluciones de Gestión de Talento y Recursos Humanos,1,Gestión De Talento Y Rrhh.,Gestión De Talento Y Rrhh.,1,0.00,Servicios > ERP y CRM,"servicio,clientum"
,simple,SRV-7656,Implementación de Soluciones de Gestión de Proyectos y Portafolio,1,Gestión De Proyectos Y Portafolio.,Gestión De Proyectos Y Portafolio.,1,0.00,Servicios > ERP y CRM,"servicio,clientum"
,simple,SRV-7682,Project Management Platforms,1,Gestión De Proyectos,Gestión De Proyectos,1,0.00,Servicios > ERP y CRM,"servicio,clientum"
,simple,SRV-7696,Optimización de Inventarios,1,Optimización De Inventarios Con Odoo,Optimización De Inventarios Con Odoo,1,0.00,Servicios > ERP y CRM,"servicio,clientum"
,simple,SRV-7699,Gestión de la cadena de suministro,1,Gestión De La Cadena De Suministro,Gestión De La Cadena De Suministro,1,0.00,Servicios > ERP y CRM,"servicio,clientum"
,simple,SRV-7705,Gestión de talento y recursos humanos,1,Gestión De Talento Y Recursos Humanos,Gestión De Talento Y Recursos Humanos,1,0.00,Servicios > ERP y CRM,"servicio,clientum"
,simple,SRV-7706,Gestión de proyectos y portafolio,1,Gestión De Proyectos Y Portafolio.,Gestión De Proyectos Y Portafolio.,1,0.00,Servicios > ERP y CRM,"servicio,clientum"
,simple,SRV-7717,Gestión de riesgos empresariales,1,Gestión De Riesgos Empresariales,Gestión De Riesgos Empresariales,1,0.00,Servicios > ERP y CRM,"servicio,clientum"
,simple,SRV-7725,Implementación de Soluciones de Gestión de Activos y Mantenimiento Predictivo,1,Gestión De Activos Y Mantenimiento Predictivo,Gestión De Activos Y Mantenimiento Predictivo,1,0.00,Servicios > ERP y CRM,"servicio,clientum"
,simple,SRV-7726,Servicios de Integración de Aplicaciones Empresariales (EAI),1,Integración De Aplicaciones Empresariales,Integración De Aplicaciones Empresariales,1,0.00,Servicios > ERP y CRM,"servicio,clientum"
,simple,SRV-7728,Implementación de Soluciones de Gestión de la Cadena de Suministro (SCM),1,Gestión De La Cadena De Suministro,Gestión De La Cadena De Suministro,1,0.00,Servicios > ERP y CRM,"servicio,clientum"
,simple,SRV-7737,Implementación de soluciones de gestión de recursos humanos (RRHH) con análisis de datos y machine learning,1,Gestión De Rrhh Con Análisis De Datos,Gestión De Rrhh Con Análisis De Datos,1,0.00,Servicios > ERP y CRM,"servicio,clientum"
,simple,SRV-7743,Implementación de soluciones de gestión de la experiencia del empleado (EX),1,Gestión De La Experiencia Del Empleado,Gestión De La Experiencia Del Empleado,1,0.00,Servicios > ERP y CRM,"servicio,clientum"
,simple,SRV-7749,Implementación de soluciones de gestión de la cadena de suministro (SCM) con analítica avanzada,1,Gestión De Cadena De Suministro Con Analítica Avanzada,Gestión De Cadena De Suministro Con Analítica Avanzada,1,0.00,Servicios > ERP y CRM,"servicio,clientum"
,simple,SRV-7754,Implementación de soluciones de gestión de proyectos y portafolio con analítica y automatización,1,Gestión De Proyectos Con Analítica Y Automatización,Gestión De Proyectos Con Analítica Y Automatización,1,0.00,Servicios > ERP y CRM,"servicio,clientum"
,simple,SRV-7769,Implementación de soluciones de gestión de la cadena de suministro (SCM) con inteligencia artificial y analítica predictiva,1,Gestión De Cadena De Suministro,Gestión De Cadena De Suministro,1,0.00,Servicios > ERP y CRM,"servicio,clientum"
,simple,SRV-7793,Optimización de Procesos de Facturación y Pagos,1,Facturación Y Pagos Automatizados.,Facturación Y Pagos Automatizados.,1,0.00,Servicios > ERP y CRM,"servicio,clientum"
,simple,SRV-7795,Gestión Inteligente de Inventarios y Abastecimiento,1,Gestión Y Reabastecimiento De Inventarios.,Gestión Y Reabastecimiento De Inventarios.,1,0.00,Servicios > ERP y CRM,"servicio,clientum"
,simple,SRV-7798,Implementación de soluciones de gestión de recursos humanos (RRHH),1,Soluciones De Rrhh Con Análisis De Datos Y Machine Learning.,Soluciones De Rrhh Con Análisis De Datos Y Machine Learning.,1,0.00,Servicios > ERP y CRM,"servicio,clientum"
,simple,SRV-7823,Integración de Sistemas ERP,1,Integración De Erp,Integración De Erp,1,0.00,Servicios > ERP y CRM,"servicio,clientum"
,simple,SRV-7824,Consultoría en Gestión de Proyectos,1,Consultoría En Proyectos,Consultoría En Proyectos,1,0.00,Servicios > ERP y CRM,"servicio,clientum"
,simple,SRV-7826,Implementación de CRM,1,Implementación De Crm,Implementación De Crm,1,0.00,Servicios > ERP y CRM,"servicio,clientum"
,simple,SRV-7842,Gestión de Talento y RRHH,1,Gestión De Talento Y Rrhh.,Gestión De Talento Y Rrhh.,1,0.00,Servicios > ERP y CRM,"servicio,clientum"
,simple,SRV-7843,Gestión de la Producción,1,Supervisión De Producción,Supervisión De Producción,1,0.00,Servicios > ERP y CRM,"servicio,clientum"
,simple,SRV-7844,Gestión de Ventas,1,Gestión De Ventas,Gestión De Ventas,1,0.00,Servicios > ERP y CRM,"servicio,clientum"
,simple,SRV-7845,Gestión de Compras,1,Gestión De Compras,Gestión De Compras,1,0.00,Servicios > ERP y CRM,"servicio,clientum"
,simple,SRV-7846,Gestión de Proveedores,1,Gestión De Proveedores,Gestión De Proveedores,1,0.00,Servicios > ERP y CRM,"servicio,clientum"
,simple,SRV-7847,Gestión de Servicios,1,Gestión De Servicios,Gestión De Servicios,1,0.00,Servicios > ERP y CRM,"servicio,clientum"
,simple,SRV-7848,Gestión de Documentos,1,Gestión De Documentos,Gestión De Documentos,1,0.00,Servicios > ERP y CRM,"servicio,clientum"
,simple,SRV-7850,Gestión de Calidad,1,Gestión De Calidad,Gestión De Calidad,1,0.00,Servicios > ERP y CRM,"servicio,clientum"
,simple,SRV-7851,Gestión de Mantenimiento,1,Gestión De Mantenimiento,Gestión De Mantenimiento,1,0.00,Servicios > ERP y CRM,"servicio,clientum"
,simple,SRV-7865,Seguimiento de Pedidos: ¡Monitoreá tus envíos en tiempo real y disfrutá de compras sin preocupaciones!,1,Seguimiento de Pedidos: ¡Monitoreá tus envíos en tiempo real!,Seguimiento de Pedidos: ¡Monitoreá tus envíos en tiempo real!,1,0.00,Servicios > ERP y CRM,"servicio,clientum"
,simple,SRV-7866,Gestión de Ventas y Clientes,1,Seguimiento Y Gestión De Ventas Y Clientes.,Seguimiento Y Gestión De Ventas Y Clientes.,1,0.00,Servicios > ERP y CRM,"servicio,clientum"
,simple,SRV-7871,Integración de Dolibarr y WooCommerce para la Gestión de Pedidos,1,Integración Erp Y Ecommerce.,Integración Erp Y Ecommerce.,1,0.00,Servicios > ERP y CRM,"servicio,clientum"
,simple,SRV-7892,Gestión Inteligente de Inventarios y Logística,1,Gestión De Inventarios Y Logística,Gestión De Inventarios Y Logística,1,0.00,Servicios > ERP y CRM,"servicio,clientum"
,simple,SRV-7922,Optimización de Recursos Humanos,1,Optimización De Rrhh,Optimización De Rrhh,1,0.00,Servicios > ERP y CRM,"servicio,clientum"
,simple,SRV-7925,Optimización de Operaciones Logísticas,1,Optimización De Logística,Optimización De Logística,1,0.00,Servicios > ERP y CRM,"servicio,clientum"
,simple,SRV-7928,Optimización de Estrategias de Ventas,1,Optimización De Ventas,Optimización De Ventas,1,0.00,Servicios > ERP y CRM,"servicio,clientum"
,simple,SRV-7933,Optimización de Logística y Cadena de Suministro,1,Optimización De Logística,Optimización De Logística,1,0.00,Servicios > ERP y CRM,"servicio,clientum"
,simple,SRV-7935,Optimización de Estrategias de Producción,1,Optimización De Producción,Optimización De Producción,1,0.00,Servicios > ERP y CRM,"servicio,clientum"
,simple,SRV-7936,Optimización de Estrategias de Compras,1,Optimización De Compras,Optimización De Compras,1,0.00,Servicios > ERP y CRM,"servicio,clientum"
,simple,SRV-7949,Plataforma de Gestión de Flotas,1,Gestión De Flotas De Vehículos,Gestión De Flotas De Vehículos,1,0.00,Servicios > ERP y CRM,"servicio,clientum"
,simple,SRV-7950,Plataforma de Administración de Propiedades,1,Gestión De Propiedades Inmobiliarias,Gestión De Propiedades Inmobiliarias,1,0.00,Servicios > ERP y CRM,"servicio,clientum"
,simple,SRV-7952,Software de Gestión de Proyectos de Construcción,1,Gestión De Proyectos De Construcción,Gestión De Proyectos De Construcción,1,0.00,Servicios > ERP y CRM,"servicio,clientum"
,simple,SRV-7955,Plataforma de Gestión de Documentos,1,Gestión De Documentos,Gestión De Documentos,1,0.00,Servicios > ERP y CRM,"servicio,clientum"
,simple,SRV-7958,Plataforma de Programación de Citas,1,Programación Fácil De Citas,Programación Fácil De Citas,1,0.00,Servicios > ERP y CRM,"servicio,clientum"
,simple,SRV-7959,Plataforma de Gestión de Franquicias,1,Administración De Franquicias,Administración De Franquicias,1,0.00,Servicios > ERP y CRM,"servicio,clientum"
,simple,SRV-7962,Plataforma de Gestión de Proyectos de TI,1,Gestión De Proyectos De Ti,Gestión De Proyectos De Ti,1,0.00,Servicios > ERP y CRM,"servicio,clientum"
,simple,SRV-7963,Plataforma de Gestión de Flotas de Entrega,1,Gestión Eficiente De Flotas De Entrega,Gestión Eficiente De Flotas De Entrega,1,0.00,Servicios > ERP y CRM,"servicio,clientum"
,simple,SRV-7964,Plataforma de Gestión de Recursos,1,Administración De Recursos,Administración De Recursos,1,0.00,Servicios > ERP y CRM,"servicio,clientum"
,simple,SRV-7966,Plataforma de Gestión de Almacenes,1,Gestión De Inventarios,Gestión De Inventarios,1,0.00,Servicios > ERP y CRM,"servicio,clientum"
,simple,SRV-7967,Plataforma de Gestión de Asociaciones,1,Gestión De Asociaciones,Gestión De Asociaciones,1,0.00,Servicios > ERP y CRM,"servicio,clientum"
,simple,SRV-7968,Plataforma de Facturación y Pagos,1,Automatización De Facturación Y Pagos,Automatización De Facturación Y Pagos,1,0.00,Servicios > ERP y CRM,"servicio,clientum"
,simple,SRV-7975,Plataforma de Gestión de Relaciones con Clientes y Proveedores,1,Gestión De Relaciones Con Clientes Y Proveedores,Gestión De Relaciones Con Clientes Y Proveedores,1,0.00,Servicios > ERP y CRM,"servicio,clientum"
,simple,SRV-7976,Plataforma de Gestión de Relaciones con Empleados,1,Gestión De Relaciones Con Empleados,Gestión De Relaciones Con Empleados,1,0.00,Servicios > ERP y CRM,"servicio,clientum"
,simple,SRV-7977,Plataforma de Gestión de Relaciones con Stakeholders,1,Gestión De Relaciones Con Stakeholders,Gestión De Relaciones Con Stakeholders,1,0.00,Servicios > ERP y CRM,"servicio,clientum"
,simple,SRV-7978,Plataforma de Gestión de Relaciones Empresariales,1,Gestión De Relaciones Empresariales,Gestión De Relaciones Empresariales,1,0.00,Servicios > ERP y CRM,"servicio,clientum"
,simple,SRV-7979,Plataforma de Gestión de Relaciones Comerciales,1,Gestión De Relaciones Comerciales,Gestión De Relaciones Comerciales,1,0.00,Servicios > ERP y CRM,"servicio,clientum"
,simple,SRV-7980,Plataforma de Gestión de Relaciones con Clientes,1,Gestión De Relaciones Con Clientes,Gestión De Relaciones Con Clientes,1,0.00,Servicios > ERP y CRM,"servicio,clientum"
,simple,SRV-7981,Plataforma de Gestión de Relaciones con Proveedores,1,Gestión De Relaciones Con Proveedores,Gestión De Relaciones Con Proveedores,1,0.00,Servicios > ERP y CRM,"servicio,clientum"
,simple,SRV-7982,Plataforma de Optimización de Relaciones con Clientes,1,Optimización De Relaciones Con Clientes,Optimización De Relaciones Con Clientes,1,0.00,Servicios > ERP y CRM,"servicio,clientum"
,simple,SRV-8010,Gestión del Talento con IA,1,Solución De Gestión Del Talento Basada En Ia,Solución De Gestión Del Talento Basada En Ia,1,0.00,Servicios > ERP y CRM,"servicio,clientum"
,simple,SRV-8028,Contabilidad y finanzas,1,Servicios De Contabilidad Y Finanzas Para Empresas.,Servicios De Contabilidad Y Finanzas Para Empresas.,1,0.00,Servicios > ERP y CRM,"servicio,clientum"
,simple,SRV-8029,Recursos humanos,1,Servicios De Gestión De Recursos Humanos.,Servicios De Gestión De Recursos Humanos.,1,0.00,Servicios > ERP y CRM,"servicio,clientum"
,simple,SRV-8039,Implementación de ERP,1,Servicios De Consultoría E Implementación De Soluciones Erp.,Servicios De Consultoría E Implementación De Soluciones Erp.,1,0.00,Servicios > ERP y CRM,"servicio,clientum"
,simple,SRV-8048,Evaluación de desempeño,1,Servicios De Evaluación Y Análisis Del Desempeño Del Personal.,Servicios De Evaluación Y Análisis Del Desempeño Del Personal.,1,0.00,Servicios > ERP y CRM,"servicio,clientum"
,simple,SRV-8052,Servicios de contabilidad y finanzas,1,"Servicios De Contabilidad, Finanzas Y Asesoría Fiscal Para Empresas.","Servicios De Contabilidad, Finanzas Y Asesoría Fiscal Para Empresas.",1,0.00,Servicios > ERP y CRM,"servicio,clientum"
,simple,SRV-8054,Servicios de gestión de talento,1,Servicios Integrales De Gestión Y Desarrollo Del Talento Dentro De Las Organizaciones.,Servicios Integrales De Gestión Y Desarrollo Del Talento Dentro De Las Organizaciones.,1,0.00,Servicios > ERP y CRM,"servicio,clientum"
,simple,SRV-8062,Servicios de gestión de proyectos,1,Servicios Integrales De Gestión Y Dirección De Proyectos Empresariales.,Servicios Integrales De Gestión Y Dirección De Proyectos Empresariales.,1,0.00,Servicios > ERP y CRM,"servicio,clientum"
,simple,SRV-8073,Desarrollo de soluciones de gestión documental,1,Servicios De Creación De Soluciones De Gestión Documental Y Archivo Electrónico De Información.,Servicios De Creación De Soluciones De Gestión Documental Y Archivo Electrónico De Información.,1,0.00,Servicios > ERP y CRM,"servicio,clientum"
,simple,SRV-8083,Servicios de gestión de proyectos de TI,1,Servicios De Consultoría Y Liderazgo En La Gestión De Iniciativas Y Proyectos De Ti.,Servicios De Consultoría Y Liderazgo En La Gestión De Iniciativas Y Proyectos De Ti.,1,0.00,Servicios > ERP y CRM,"servicio,clientum"
,simple,SRV-8095,"Desarrollo de soluciones de gestión empresarial (ERP, CRM, etc.)",1,Servicios De Creación Y Personalización De Soluciones De Gestión Empresarial Integradas.,Servicios De Creación Y Personalización De Soluciones De Gestión Empresarial Integradas.,1,0.00,Servicios > ERP y CRM,"servicio,clientum"
,simple,SRV-8121,Servicios de gestión de proyectos y transformación ágil,1,Servicios De Consultoría Y Acompañamiento En La Gestión De Proyectos De Cambio Y Mejora Continua.,Servicios De Consultoría Y Acompañamiento En La Gestión De Proyectos De Cambio Y Mejora Continua.,1,0.00,Servicios > ERP y CRM,"servicio,clientum"
,simple,SRV-8138,Servicios de implementación de soluciones de gestión empresarial (ERP),1,Servicios De Consultoría Y Despliegue De Soluciones De Gestión Integral De Procesos Y Recursos De Negocio.,Servicios De Consultoría Y Despliegue De Soluciones De Gestión Integral De Procesos Y Recursos De Negocio.,1,0.00,Servicios > ERP y CRM,"servicio,clientum"
,simple,SRV-8140,Servicios de implementación de soluciones de gestión de la relación con el cliente (CRM),1,"Servicios De Consultoría Y Despliegue De Soluciones De Gestión Integral De Relaciones Con Clientes, Ventas Y Servicio Al Cliente.","Servicios De Consultoría Y Despliegue De Soluciones De Gestión Integral De Relaciones Con Clientes, Ventas Y Servicio Al Cliente.",1,0.00,Servicios > ERP y CRM,"servicio,clientum"
,simple,SRV-8147,Servicios de desarrollo de aplicaciones de gestión de la cadena de suministro,1,"Servicios De Consultoría Y Construcción De Aplicaciones Para Optimizar, Automatizar Y Hacer Más Eficiente La Cadena De Suministro.","Servicios De Consultoría Y Construcción De Aplicaciones Para Optimizar, Automatizar Y Hacer Más Eficiente La Cadena De Suministro.",1,0.00,Servicios > ERP y CRM,"servicio,clientum"
,simple,SRV-8243,Integración ERP: Sincroniza tu tienda online y ERP para una gestión eficiente,1,Integración ERP: Sincroniza tu tienda online y ERP para una gestión eficiente,Integración ERP: Sincroniza tu tienda online y ERP para una gestión eficiente,1,0.00,Servicios > ERP y CRM,"servicio,clientum"
,simple,SRV-8268,Servicio de Gestión de Inventario y Logística: Optimiza tu Ecommerce,1,"Servicio de Gestión de Inventario y Logística para E-commerce: Optimiza tus operaciones, reduce costos y mejora la satisfacción del cliente.","Servicio de Gestión de Inventario y Logística para E-commerce: Optimiza tus operaciones, reduce costos y mejora la satisfacción del cliente.",1,0.00,Servicios > ERP y CRM,"servicio,clientum"
,simple,SRV-8299,Implementación de ERP Odoo,1,Implementación Del Erp Odoo.,Implementación Del Erp Odoo.,1,0.00,Servicios > ERP y CRM,"servicio,clientum"
,simple,SRV-8300,Desarrollo de Módulos Personalizados para ERP Odoo,1,Desarrollo De Módulos Personalizados Para Erp Odoo.,Desarrollo De Módulos Personalizados Para Erp Odoo.,1,0.00,Servicios > ERP y CRM,"servicio,clientum"
,simple,SRV-8301,Migración de ERP SAP a Odoo,1,Migración De Erp Sap A Odoo.,Migración De Erp Sap A Odoo.,1,0.00,Servicios > ERP y CRM,"servicio,clientum"
,simple,SRV-8302,Implementación de ERP Microsoft Dynamics 365,1,Implementación Del Erp Microsoft Dynamics 365.,Implementación Del Erp Microsoft Dynamics 365.,1,0.00,Servicios > ERP y CRM,"servicio,clientum"
,simple,SRV-8303,Desarrollo de Soluciones Personalizadas para ERP Microsoft Dynamics 365,1,Desarrollo De Soluciones Personalizadas Para Erp Microsoft Dynamics 365.,Desarrollo De Soluciones Personalizadas Para Erp Microsoft Dynamics 365.,1,0.00,Servicios > ERP y CRM,"servicio,clientum"
,simple,SRV-8304,Actualización de ERP SAP a Última Versión,1,Actualización De Erp Sap A Última Versión.,Actualización De Erp Sap A Última Versión.,1,0.00,Servicios > ERP y CRM,"servicio,clientum"
,simple,SRV-8305,Integración de ERP SAP con Herramientas de BI,1,Integración De Erp Sap Con Herramientas De Bi.,Integración De Erp Sap Con Herramientas De Bi.,1,0.00,Servicios > ERP y CRM,"servicio,clientum"
,simple,SRV-8306,Servicio de Soporte y Mantenimiento de ERP Microsoft Dynamics 365,1,Soporte Y Mantenimiento De Erp Microsoft Dynamics 365.,Soporte Y Mantenimiento De Erp Microsoft Dynamics 365.,1,0.00,Servicios > ERP y CRM,"servicio,clientum"
,simple,SRV-8308,Migración de ERP SAP a ERP Microsoft Dynamics 365,1,Migración De Erp Sap A Erp Microsoft Dynamics 365.,Migración De Erp Sap A Erp Microsoft Dynamics 365.,1,0.00,Servicios > ERP y CRM,"servicio,clientum"
,simple,SRV-8309,Implementación de ERP Oracle e-Business Suite,1,Implementación Del Erp Oracle E-Business Suite.,Implementación Del Erp Oracle E-Business Suite.,1,0.00,Servicios > ERP y CRM,"servicio,clientum"
,simple,SRV-8310,Desarrollo de Soluciones Personalizadas para ERP Odoo,1,Desarrollo De Soluciones Personalizadas Para Erp Odoo.,Desarrollo De Soluciones Personalizadas Para Erp Odoo.,1,0.00,Servicios > ERP y CRM,"servicio,clientum"
,simple,SRV-8356,Integración ERP: Sincroniza tu tienda online con tu sistema de gestión,1,Integración ERP: Sincroniza tu tienda online con tu sistema de gestión empresarial,Integración ERP: Sincroniza tu tienda online con tu sistema de gestión empresarial,1,0.00,Servicios > ERP y CRM,"servicio,clientum"
,simple,SRV-8403,Integración ERP para Ecommerce: Sincroniza y Automatiza tus Procesos,1,Integración ERP para Ecommerce: Sincroniza y Automatiza tus Procesos,Integración ERP para Ecommerce: Sincroniza y Automatiza tus Procesos,1,0.00,Servicios > ERP y CRM,"servicio,clientum"
,simple,SRV-8410,Implementación de ERP: Soluciones personalizadas para optimizar tu gestión empresarial,1,Servicios de Implementación de Sistemas Erp,Servicios de Implementación de Sistemas Erp,1,0.00,Servicios > ERP y CRM,"servicio,clientum"
,simple,SRV-8411,Integración de Módulos ERP: Amplía las Funcionalidades de tu Sistema,1,Servicios de Integración de Módulos ERP: Conectando sistemas para optimizar operaciones y lograr el éxito empresarial.,Servicios de Integración de Módulos ERP: Conectando sistemas para optimizar operaciones y lograr el éxito empresarial.,1,0.00,Servicios > ERP y CRM,"servicio,clientum"
,simple,SRV-8412,Migración de Datos a ERP: Integración Segura y Eficiente,1,Servicios de Migración de Datos a Sistemas ERP,Servicios de Migración de Datos a Sistemas ERP,1,0.00,Servicios > ERP y CRM,"servicio,clientum"
,simple,SRV-8413,Servicios de Personalización de ERP: Adapta tu Sistema a tus Necesidades Específicas,1,Servicios de Personalización de Sistemas Erp,Servicios de Personalización de Sistemas Erp,1,0.00,Servicios > ERP y CRM,"servicio,clientum"
,simple,SRV-8415,Soporte y Mantenimiento de ERP: Optimiza tu Sistema para un Máximo Rendimiento,1,Servicios de Soporte y Mantenimiento de Sistemas Erp,Servicios de Soporte y Mantenimiento de Sistemas Erp,1,0.00,Servicios > ERP y CRM,"servicio,clientum"
,simple,SRV-8416,"Auditoría y Optimización de ERP: Mejora de Procesos, Seguridad y Rendimiento",1,Servicios de Auditoría y Optimización de Sistemas Erp,Servicios de Auditoría y Optimización de Sistemas Erp,1,0.00,Servicios > ERP y CRM,"servicio,clientum"
,simple,SRV-8417,"Servicios de Desarrollo de Extensiones ERP: Personalización, Integración y Automatización para Optimizar tu ERP",1,Servicios de Desarrollo de Extensiones y Complementos para Sistemas ERP,Servicios de Desarrollo de Extensiones y Complementos para Sistemas ERP,1,0.00,Servicios > ERP y CRM,"servicio,clientum"
,simple,SRV-8418,Servicios de Certificación y Validación de ERP: Garantía de Cumplimiento y Eficiencia,1,Servicios de Certificación y Validación de Sistemas Erp.,Servicios de Certificación y Validación de Sistemas Erp.,1,0.00,Servicios > ERP y CRM,"servicio,clientum"
,simple,SRV-8419,Servicios de Migración de ERP: La clave para una transformación empresarial sin problemas,1,Servicios de Migración de Sistemas ERP: La clave para una transformación empresarial sin problemas,Servicios de Migración de Sistemas ERP: La clave para una transformación empresarial sin problemas,1,0.00,Servicios > ERP y CRM,"servicio,clientum"
,simple,SRV-8421,Servicios de Consultoría Estratégica en ERP: Optimiza tu Negocio con Soluciones Personalizadas,1,Servicios de Consultoría Estratégica en Sistemas ERP,Servicios de Consultoría Estratégica en Sistemas ERP,1,0.00,Servicios > ERP y CRM,"servicio,clientum"
,simple,SRV-8423,Integración ERP: Automatiza tu gestión empresarial conectando tus aplicaciones,1,Servicios de Integración de Sistemas ERP con Otras Aplicaciones,Servicios de Integración de Sistemas ERP con Otras Aplicaciones,1,0.00,Servicios > ERP y CRM,"servicio,clientum"
,simple,SRV-5898,Online Learning Platforms,1,Plataformas De Aprendizaje En Línea,Plataformas De Aprendizaje En Línea,1,8000.00,Servicios > Formación y Capacitación,"servicio,clientum"
,simple,SRV-5903,Technology Training,1,Formación Tecnológica,Formación Tecnológica,1,3000.00,Servicios > Formación y Capacitación,"servicio,clientum"
,simple,SRV-6000,Consultoría en transformación organizacional y desarrollo de habilidades digitales para el personal,1,Consultoría,Consultoría,1,18000.00,Servicios > Formación y Capacitación,"servicio,clientum"
,simple,SRV-6007,Consultoría en transformación organizacional y desarrollo de capacidades digitales para el personal,1,Consultoría,Consultoría,1,18000.00,Servicios > Formación y Capacitación,"servicio,clientum"
,simple,SRV-6098,Capacitación en Ciberseguridad,1,Capacitación En Ciberseguridad,Capacitación En Ciberseguridad,1,2000.00,Servicios > Formación y Capacitación,"servicio,clientum"
,simple,SRV-6100,Consultoría en Gestión de Proyectos,1,Consultoría En Proyectos,Consultoría En Proyectos,1,4800.00,Servicios > Formación y Capacitación,"servicio,clientum"
,simple,SRV-6109,Gestión de Proyectos Ágiles,1,Gestión De Proyectos Ágiles,Gestión De Proyectos Ágiles,1,5000.00,Servicios > Formación y Capacitación,"servicio,clientum"
,simple,SRV-6136,Capacitación y Entrenamiento en Herramientas Digitales,1,Capacitación Digital,Capacitación Digital,1,4600.00,Servicios > Formación y Capacitación,"servicio,clientum"
,simple,SRV-6156,Consultoría en Estrategia de TI,1,Estrategia De Ti,Estrategia De Ti,1,3500.00,Servicios > Formación y Capacitación,"servicio,clientum"
,simple,SRV-6175,Formación y Capacitación Digital,1,Capacitación En Transformación Digital,Capacitación En Transformación Digital,1,3000.00,Servicios > Formación y Capacitación,"servicio,clientum"
,simple,SRV-6176,Gestión de Proyectos Digitales,1,Gestión De Proyectos Digitales,Gestión De Proyectos Digitales,1,4500.00,Servicios > Formación y Capacitación,"servicio,clientum"
,simple,SRV-6215,Capacitación en Herramientas Digitales,1,Formación En Herramientas Digitales,Formación En Herramientas Digitales,1,800.00,Servicios > Formación y Capacitación,"servicio,clientum"
,simple,SRV-6246,Plataforma de Aprendizaje en Línea,1,Cursos Y Recursos Educativos En Línea,Cursos Y Recursos Educativos En Línea,1,400.00,Servicios > Formación y Capacitación,"servicio,clientum"
,simple,SRV-6294,Gestión de Proyectos Ágiles con IA,1,Solución De Gestión De Proyectos Ágiles Con Ia,Solución De Gestión De Proyectos Ágiles Con Ia,1,149.00,Servicios > Formación y Capacitación,"servicio,clientum"
,simple,SRV-6308,Capacitación y formación,1,Capacitación Y Formación De Usuarios.,Capacitación Y Formación De Usuarios.,1,75.00,Servicios > Formación y Capacitación,"servicio,clientum"
,simple,SRV-6322,Capacitación empresarial,1,Servicios De Capacitación Y Entrenamiento Corporativo.,Servicios De Capacitación Y Entrenamiento Corporativo.,1,500.00,Servicios > Formación y Capacitación,"servicio,clientum"
,simple,SRV-6336,Capacitación en habilidades blandas,1,Servicios De Capacitación En Competencias Blandas Para Profesionales.,Servicios De Capacitación En Competencias Blandas Para Profesionales.,1,600.00,Servicios > Formación y Capacitación,"servicio,clientum"
,simple,SRV-6339,Capacitación en transformación digital,1,Servicios De Capacitación En Habilidades Y Competencias Para La Transformación Digital.,Servicios De Capacitación En Habilidades Y Competencias Para La Transformación Digital.,1,800.00,Servicios > Formación y Capacitación,"servicio,clientum"
,simple,SRV-6349,Servicios de capacitación,1,Servicios De Capacitación Y Entrenamiento Para El Desarrollo De Competencias Del Personal.,Servicios De Capacitación Y Entrenamiento Para El Desarrollo De Competencias Del Personal.,1,1500.00,Servicios > Formación y Capacitación,"servicio,clientum"
,simple,SRV-6397,Servicios de capacitación y formación en tecnologías digitales,1,Servicios De Capacitación Y Formación En Competencias Y Soluciones Tecnológicas Avanzadas.,Servicios De Capacitación Y Formación En Competencias Y Soluciones Tecnológicas Avanzadas.,1,5000.00,Servicios > Formación y Capacitación,"servicio,clientum"
,simple,SRV-6407,Servicios de capacitación y entrenamiento en tecnologías digitales,1,"Servicios De Capacitación Especializada En Herramientas, Técnicas Y Tendencias Tecnológicas.","Servicios De Capacitación Especializada En Herramientas, Técnicas Y Tendencias Tecnológicas.",1,12000.00,Servicios > Formación y Capacitación,"servicio,clientum"
,simple,SRV-6470,Formación en idiomas,1,Cursos De Idiomas Con Metodología Efectiva.,Cursos De Idiomas Con Metodología Efectiva.,1,400.00,Servicios > Formación y Capacitación,"servicio,clientum"
,simple,SRV-6472,Taller de emprendimiento,1,Taller Práctico De Capacitación En Emprendimiento.,Taller Práctico De Capacitación En Emprendimiento.,1,600.00,Servicios > Formación y Capacitación,"servicio,clientum"
,simple,SRV-6490,Capacitación en habilidades digitales,1,Programa De Capacitación En Competencias Digitales.,Programa De Capacitación En Competencias Digitales.,1,400.00,Servicios > Formación y Capacitación,"servicio,clientum"
,simple,SRV-6522,Cursos de idiomas online,1,Cursos De Aprendizaje De Idiomas A Distancia A Través De Una Plataforma Online.,Cursos De Aprendizaje De Idiomas A Distancia A Través De Una Plataforma Online.,1,30.00,Servicios > Formación y Capacitación,"servicio,clientum"
,simple,SRV-6605,Capacitación en Procesos de Negocio para ERP Odoo,1,Capacitación En Procesos De Negocio Para Erp Odoo.,Capacitación En Procesos De Negocio Para Erp Odoo.,1,3000.00,Servicios > Formación y Capacitación,"servicio,clientum"
,simple,SRV-6713,Servicios de Capacitación en ERP,1,Servicios De Capacitación En El Uso De Sistemas Erp.,Servicios De Capacitación En El Uso De Sistemas Erp.,1,1000.00,Servicios > Formación y Capacitación,"servicio,clientum"
,simple,SRV-6721,Servicios de Capacitación y Entrenamiento en ERP,1,Servicios De Capacitación Y Entrenamiento En Sistemas Erp.,Servicios De Capacitación Y Entrenamiento En Sistemas Erp.,1,1000.00,Servicios > Formación y Capacitación,"servicio,clientum"
,simple,SRV-6778,Formación y Capacitación,1,,,1,1.20,Servicios > Formación y Capacitación,"servicio,clientum"
,simple,SRV-6779,Cursos en Tecnologías Digitales,1,Cursos De Formación En Tecnologías Digitales.,Cursos De Formación En Tecnologías Digitales.,1,1800.00,Servicios > Formación y Capacitación,"servicio,clientum"
,simple,SRV-6780,Talleres de Capacitación en Gestión,1,Talleres De Capacitación En Gestión.,Talleres De Capacitación En Gestión.,1,1500.00,Servicios > Formación y Capacitación,"servicio,clientum"
,simple,SRV-6781,Cursos de Formación en TI,1,Cursos En Tecnologías De La Información.,Cursos En Tecnologías De La Información.,1,1000.00,Servicios > Formación y Capacitación,"servicio,clientum"
,simple,SRV-6782,Capacitación en Herramientas de Gestión,1,Capacitación En Herramientas De Gestión.,Capacitación En Herramientas De Gestión.,1,800.00,Servicios > Formación y Capacitación,"servicio,clientum"
,simple,SRV-6783,Desarrollo De Competencias Digitales,1,Desarrollo De Competencias Digitales.,Desarrollo De Competencias Digitales.,1,1500.00,Servicios > Formación y Capacitación,"servicio,clientum"
,simple,SRV-6784,Cursos de Formación en Tecnologías Digitales,1,Formación En Tecnologías Digitales.,Formación En Tecnologías Digitales.,1,1500.00,Servicios > Formación y Capacitación,"servicio,clientum"
,simple,SRV-6785,Talleres de Capacitación en Herramientas de Gestión,1,Capacitación En Herramientas De Gestión.,Capacitación En Herramientas De Gestión.,1,800.00,Servicios > Formación y Capacitación,"servicio,clientum"
,simple,SRV-6786,Programas de Capacitación para Empresas,1,Capacitación Para Empresas.,Capacitación Para Empresas.,1,4000.00,Servicios > Formación y Capacitación,"servicio,clientum"
,simple,SRV-6787,Talleres y Seminarios sobre Nuevas Tecnologías,1,Talleres Sobre Nuevas Tecnologías.,Talleres Sobre Nuevas Tecnologías.,1,2000.00,Servicios > Formación y Capacitación,"servicio,clientum"
,simple,SRV-6788,Programas De Capacitación En Herramientas De Gestión,1,Capacitación En Herramientas De Gestión.,Capacitación En Herramientas De Gestión.,1,2800.00,Servicios > Formación y Capacitación,"servicio,clientum"
,simple,SRV-6789,Desarrollo de Competencias Digitales para Equipos,1,Competencias Digitales Para Equipos.,Competencias Digitales Para Equipos.,1,3500.00,Servicios > Formación y Capacitación,"servicio,clientum"
,simple,SRV-6790,Capacitación en Marketing Digital,1,Capacitación En Marketing Digital,Capacitación En Marketing Digital,1,2500.00,Servicios > Formación y Capacitación,"servicio,clientum"
,simple,SRV-6791,Capacitación en Desarrollo Web,1,Capacitación En Desarrollo Web,Capacitación En Desarrollo Web,1,2000.00,Servicios > Formación y Capacitación,"servicio,clientum"
,simple,SRV-6792,Capacitación en Uso de CRM,1,Capacitación En Crm,Capacitación En Crm,1,2500.00,Servicios > Formación y Capacitación,"servicio,clientum"
,simple,SRV-6793,Capacitación en Análisis de Datos,1,Capacitación En Análisis De Datos,Capacitación En Análisis De Datos,1,3000.00,Servicios > Formación y Capacitación,"servicio,clientum"
,simple,SRV-6794,Formación en Gestión de Proyectos,1,Gestión De Proyectos,Gestión De Proyectos,1,3500.00,Servicios > Formación y Capacitación,"servicio,clientum"
,simple,SRV-6795,Formación en UX/UI Design,1,Formación En Ux/Ui Design,Formación En Ux/Ui Design,1,3500.00,Servicios > Formación y Capacitación,"servicio,clientum"
,simple,SRV-6796,Capacitación en Herramientas de Análisis de Datos,1,Capacitación En Análisis De Datos,Capacitación En Análisis De Datos,1,3000.00,Servicios > Formación y Capacitación,"servicio,clientum"
,simple,SRV-6797,Formación en Tecnología Avanzada,1,Formación En Tecnología Avanzada,Formación En Tecnología Avanzada,1,4000.00,Servicios > Formación y Capacitación,"servicio,clientum"
,simple,SRV-6798,Talleres y Seminarios,1,Talleres Y Seminarios,Talleres Y Seminarios,1,3000.00,Servicios > Formación y Capacitación,"servicio,clientum"
,simple,SRV-6799,Taller de Formación en Transformación Digital,1,Taller Transformación Digital,Taller Transformación Digital,1,1500.00,Servicios > Formación y Capacitación,"servicio,clientum"
,simple,SRV-6800,Taller de Innovación en Tecnología,1,Taller Innovación Tecnológica,Taller Innovación Tecnológica,1,1800.00,Servicios > Formación y Capacitación,"servicio,clientum"
,simple,SRV-6801,Workshops and Seminars,1,Talleres Y Seminarios,Talleres Y Seminarios,1,800.00,Servicios > Formación y Capacitación,"servicio,clientum"
,simple,SRV-6840,Mantenimiento de Plataformas de E-Learning,1,Mantenimiento De E-Learning,Mantenimiento De E-Learning,1,2200.00,Servicios > Formación y Capacitación,"servicio,clientum"
,simple,SRV-6929,Plataforma E-Learning,1,Plataforma De E-Learning,Plataforma De E-Learning,1,3000.00,Servicios > Formación y Capacitación,"servicio,clientum"
,simple,SRV-6937,Implementación de Plataforma de E-Learning,1,Plataforma De E-Learning,Plataforma De E-Learning,1,9000.00,Servicios > Formación y Capacitación,"servicio,clientum"
,simple,SRV-7454,Capacitación en Uso de CMS,1,,,1,0.00,Servicios > Formación y Capacitación,"servicio,clientum"
,simple,SRV-7469,Capacitación básica en CMS: Domina los fundamentos para gestionar tu sitio web,1,Capacitación básica en CMS: domina el arte de gestionar tu sitio web,Capacitación básica en CMS: domina el arte de gestionar tu sitio web,1,0.00,Servicios > Formación y Capacitación,"servicio,clientum"
,simple,SRV-7478,Capacitación Inicial en CMS: Domina la Gestión de Contenidos para tu Sitio Web,1,Capacitación Inicial en CMS: La puerta de entrada a la gestión de contenidos,Capacitación Inicial en CMS: La puerta de entrada a la gestión de contenidos,1,0.00,Servicios > Formación y Capacitación,"servicio,clientum"
,simple,SRV-7483,Capacitación Avanzada en E-Commerce: Domina las Estrategias y Herramientas para Impulsar tu Negocio Online,1,Capacitación Avanzada en E-Commerce: Impulsa tu Negocio Online,Capacitación Avanzada en E-Commerce: Impulsa tu Negocio Online,1,0.00,Servicios > Formación y Capacitación,"servicio,clientum"
,simple,SRV-7488,Capacitación Integral en Gestión Web: Domina el Arte de Crear y Administrar Sitios Web Exitosos,1,"Capacitación integral en gestión web para crear y administrar sitios web profesionales, impulsar el crecimiento digital y desarrollar habilidades valiosas.","Capacitación integral en gestión web para crear y administrar sitios web profesionales, impulsar el crecimiento digital y desarrollar habilidades valiosas.",1,0.00,Servicios > Formación y Capacitación,"servicio,clientum"
,simple,SRV-7493,Capacitación Integral en E-Commerce: Domina el Comercio Electrónico y Potencia tu Negocio,1,Capacitación Integral en E-Commerce: Tu puerta de entrada al éxito en el comercio electrónico.,Capacitación Integral en E-Commerce: Tu puerta de entrada al éxito en el comercio electrónico.,1,0.00,Servicios > Formación y Capacitación,"servicio,clientum"
,simple,SRV-7500,Capacitación básica: el primer paso para tu éxito profesional,1,"Capacitación Básica: La clave para el éxito profesional. Cursos en línea y presenciales, instructores expertos, material interactivo y certificación reconocida. Mejora tus habilidades, avanza en tu carrera, gana confianz","Capacitación Básica: La clave para el éxito profesional. Cursos en línea y presenciales, instructores expertos, material interactivo y certificación reconocida. Mejora tus habilidades, avanza en tu carrera, gana confianz",1,0.00,Servicios > Formación y Capacitación,"servicio,clientum"
,simple,SRV-7508,Capacitación Inicial: ¡Adquirí las habilidades esenciales para el éxito!,1,"Capacitación Inicial: tu puerta de entrada al mundo del éxito profesional. Cursos prácticos, instructores expertos, aprendizaje flexible y certificación reconocida para mejorar tus habilidades, avanzar en tu carrera y am","Capacitación Inicial: tu puerta de entrada al mundo del éxito profesional. Cursos prácticos, instructores expertos, aprendizaje flexible y certificación reconocida para mejorar tus habilidades, avanzar en tu carrera y am",1,0.00,Servicios > Formación y Capacitación,"servicio,clientum"
,simple,SRV-7511,Capacitación Avanzada: Dominá las últimas tendencias y llevá tu carrera al siguiente nivel,1,"Capacitación Avanzada: La clave para el éxito profesional. Cursos especializados, instructores expertos, aprendizaje práctico, certificaciones reconocidas y flexibilidad para mejorar habilidades, ampliar conocimientos, a","Capacitación Avanzada: La clave para el éxito profesional. Cursos especializados, instructores expertos, aprendizaje práctico, certificaciones reconocidas y flexibilidad para mejorar habilidades, ampliar conocimientos, a",1,0.00,Servicios > Formación y Capacitación,"servicio,clientum"
,simple,SRV-7520,Capacitación en Nuevas Funcionalidades: ¡Mejora tus habilidades y lleva tu negocio al siguiente nivel!,1,Capacitación en Nuevas Funcionalidades: Impulsa tu Negocio al Siguiente Nivel,Capacitación en Nuevas Funcionalidades: Impulsa tu Negocio al Siguiente Nivel,1,0.00,Servicios > Formación y Capacitación,"servicio,clientum"
,simple,SRV-7524,Formación de Usuarios Avanzada: Domina tus habilidades y lleva tu productividad al siguiente nivel,1,Capacitación de Usuarios Avanzada: Domina tus herramientas y potencia tu productividad,Capacitación de Usuarios Avanzada: Domina tus herramientas y potencia tu productividad,1,800.00,Servicios > Formación y Capacitación,"servicio,clientum"
,simple,SRV-7539,Capacitación Inicial: ¡Adquirí las habilidades esenciales para triunfar!,1,"Capacitación Inicial: ¡Tu puerta de entrada al mundo del éxito profesional! Cursos prácticos, instructores expertos, aprendizaje flexible y certificación reconocida para mejorar tus habilidades, avanzar en tu carrera y a","Capacitación Inicial: ¡Tu puerta de entrada al mundo del éxito profesional! Cursos prácticos, instructores expertos, aprendizaje flexible y certificación reconocida para mejorar tus habilidades, avanzar en tu carrera y a",1,1000.00,Servicios > Formación y Capacitación,"servicio,clientum"
,simple,SRV-7587,Implementación de soluciones de e-Learning,1,Soluciones De E-Learning,Soluciones De E-Learning,1,800.00,Servicios > Formación y Capacitación,"servicio,clientum"
,simple,SRV-7612,Capacitación en gestión de proyectos,1,Capacitación En Gestión De Proyectos,Capacitación En Gestión De Proyectos,1,800.00,Servicios > Formación y Capacitación,"servicio,clientum"
,simple,SRV-7619,Capacitación en analítica de datos,1,Capacitación En Analítica De Datos,Capacitación En Analítica De Datos,1,600.00,Servicios > Formación y Capacitación,"servicio,clientum"
,simple,SRV-7627,Capacitación en inteligencia artificial,1,Capacitación En Ia,Capacitación En Ia,1,800.00,Servicios > Formación y Capacitación,"servicio,clientum"
,simple,SRV-7636,Capacitación en liderazgo y gestión de equipos,1,Capacitación En Liderazgo,Capacitación En Liderazgo,1,900.00,Servicios > Formación y Capacitación,"servicio,clientum"
,simple,SRV-7680,Online Learning Platforms,1,Plataformas De Aprendizaje En Línea,Plataformas De Aprendizaje En Línea,1,0.00,Servicios > Formación y Capacitación,"servicio,clientum"
,simple,SRV-7685,Technology Training,1,Formación Tecnológica,Formación Tecnológica,1,0.00,Servicios > Formación y Capacitación,"servicio,clientum"
,simple,SRV-7742,Consultoría en transformación organizacional y desarrollo de capacidades digitales,1,Transformación Organizacional Y Capacidades Digitales,Transformación Organizacional Y Capacidades Digitales,1,0.00,Servicios > Formación y Capacitación,"servicio,clientum"
,simple,SRV-7763,Consultoría en transformación organizacional y desarrollo de habilidades digitales para el personal,1,Consultoría,Consultoría,1,0.00,Servicios > Formación y Capacitación,"servicio,clientum"
,simple,SRV-7770,Consultoría en transformación organizacional y desarrollo de capacidades digitales para el personal,1,Consultoría,Consultoría,1,0.00,Servicios > Formación y Capacitación,"servicio,clientum"
,simple,SRV-7783,Consultoría en Transformación Organizacional,1,Transformación Organizacional Y Habilidades Digitales,Transformación Organizacional Y Habilidades Digitales,1,0.00,Servicios > Formación y Capacitación,"servicio,clientum"
,simple,SRV-7802,Transformación organizacional y desarrollo digital,1,Transformación Organizacional Y Desarrollo Digital.,Transformación Organizacional Y Desarrollo Digital.,1,0.00,Servicios > Formación y Capacitación,"servicio,clientum"
,simple,SRV-7822,Capacitación en Ciberseguridad,1,Capacitación En Ciberseguridad,Capacitación En Ciberseguridad,1,0.00,Servicios > Formación y Capacitación,"servicio,clientum"
,simple,SRV-7833,Gestión de Proyectos Ágiles,1,Gestión De Proyectos Ágiles,Gestión De Proyectos Ágiles,1,0.00,Servicios > Formación y Capacitación,"servicio,clientum"
,simple,SRV-7860,Capacitación y Entrenamiento en Herramientas Digitales,1,Capacitación Digital,Capacitación Digital,1,0.00,Servicios > Formación y Capacitación,"servicio,clientum"
,simple,SRV-7880,Consultoría en Estrategia de TI,1,Estrategia De Ti,Estrategia De Ti,1,0.00,Servicios > Formación y Capacitación,"servicio,clientum"
,simple,SRV-7899,Formación y Capacitación Digital,1,Capacitación En Transformación Digital,Capacitación En Transformación Digital,1,0.00,Servicios > Formación y Capacitación,"servicio,clientum"
,simple,SRV-7900,Gestión de Proyectos Digitales,1,Gestión De Proyectos Digitales,Gestión De Proyectos Digitales,1,0.00,Servicios > Formación y Capacitación,"servicio,clientum"
,simple,SRV-7939,Capacitación en Herramientas Digitales,1,Formación En Herramientas Digitales,Formación En Herramientas Digitales,1,0.00,Servicios > Formación y Capacitación,"servicio,clientum"
,simple,SRV-7970,Plataforma de Aprendizaje en Línea,1,Cursos Y Recursos Educativos En Línea,Cursos Y Recursos Educativos En Línea,1,0.00,Servicios > Formación y Capacitación,"servicio,clientum"
,simple,SRV-8007,Gestión de Proyectos Ágiles con IA,1,Solución De Gestión De Proyectos Ágiles Con Ia,Solución De Gestión De Proyectos Ágiles Con Ia,1,0.00,Servicios > Formación y Capacitación,"servicio,clientum"
,simple,SRV-8018,Consultoría especializada,1,Consultoría De Expertos En Áreas Especializadas.,Consultoría De Expertos En Áreas Especializadas.,1,0.00,Servicios > Formación y Capacitación,"servicio,clientum"
,simple,SRV-8019,Capacitación y formación,1,Capacitación Y Formación De Usuarios.,Capacitación Y Formación De Usuarios.,1,0.00,Servicios > Formación y Capacitación,"servicio,clientum"
,simple,SRV-8030,Planificación estratégica,1,Consultoría En Planificación Estratégica Para Empresas.,Consultoría En Planificación Estratégica Para Empresas.,1,0.00,Servicios > Formación y Capacitación,"servicio,clientum"
,simple,SRV-8031,Consultoría legal,1,Servicios De Consultoría Y Asesoría Legal Para Empresas.,Servicios De Consultoría Y Asesoría Legal Para Empresas.,1,0.00,Servicios > Formación y Capacitación,"servicio,clientum"
,simple,SRV-8032,Traducción e interpretación,1,Servicios De Traducción E Interpretación Multilingüe.,Servicios De Traducción E Interpretación Multilingüe.,1,0.00,Servicios > Formación y Capacitación,"servicio,clientum"
,simple,SRV-8033,Capacitación empresarial,1,Servicios De Capacitación Y Entrenamiento Corporativo.,Servicios De Capacitación Y Entrenamiento Corporativo.,1,0.00,Servicios > Formación y Capacitación,"servicio,clientum"
,simple,SRV-8047,Capacitación en habilidades blandas,1,Servicios De Capacitación En Competencias Blandas Para Profesionales.,Servicios De Capacitación En Competencias Blandas Para Profesionales.,1,0.00,Servicios > Formación y Capacitación,"servicio,clientum"
,simple,SRV-8050,Capacitación en transformación digital,1,Servicios De Capacitación En Habilidades Y Competencias Para La Transformación Digital.,Servicios De Capacitación En Habilidades Y Competencias Para La Transformación Digital.,1,0.00,Servicios > Formación y Capacitación,"servicio,clientum"
,simple,SRV-8060,Servicios de capacitación,1,Servicios De Capacitación Y Entrenamiento Para El Desarrollo De Competencias Del Personal.,Servicios De Capacitación Y Entrenamiento Para El Desarrollo De Competencias Del Personal.,1,0.00,Servicios > Formación y Capacitación,"servicio,clientum"
,simple,SRV-8108,Servicios de capacitación y formación en tecnologías digitales,1,Servicios De Capacitación Y Formación En Competencias Y Soluciones Tecnológicas Avanzadas.,Servicios De Capacitación Y Formación En Competencias Y Soluciones Tecnológicas Avanzadas.,1,0.00,Servicios > Formación y Capacitación,"servicio,clientum"
,simple,SRV-8118,Servicios de capacitación y entrenamiento en tecnologías digitales,1,"Servicios De Capacitación Especializada En Herramientas, Técnicas Y Tendencias Tecnológicas.","Servicios De Capacitación Especializada En Herramientas, Técnicas Y Tendencias Tecnológicas.",1,0.00,Servicios > Formación y Capacitación,"servicio,clientum"
,simple,SRV-8180,Formación en idiomas,1,Cursos De Idiomas Con Metodología Efectiva.,Cursos De Idiomas Con Metodología Efectiva.,1,0.00,Servicios > Formación y Capacitación,"servicio,clientum"
,simple,SRV-8182,Taller de emprendimiento,1,Taller Práctico De Capacitación En Emprendimiento.,Taller Práctico De Capacitación En Emprendimiento.,1,0.00,Servicios > Formación y Capacitación,"servicio,clientum"
,simple,SRV-8192,Capacitación en habilidades digitales,1,Programa De Capacitación En Competencias Digitales.,Programa De Capacitación En Competencias Digitales.,1,0.00,Servicios > Formación y Capacitación,"servicio,clientum"
,simple,SRV-8224,Cursos de idiomas online,1,Cursos De Aprendizaje De Idiomas A Distancia A Través De Una Plataforma Online.,Cursos De Aprendizaje De Idiomas A Distancia A Través De Una Plataforma Online.,1,0.00,Servicios > Formación y Capacitación,"servicio,clientum"
,simple,SRV-8307,Capacitación en Procesos de Negocio para ERP Odoo,1,Capacitación En Procesos De Negocio Para Erp Odoo.,Capacitación En Procesos De Negocio Para Erp Odoo.,1,0.00,Servicios > Formación y Capacitación,"servicio,clientum"
,simple,SRV-8414,Capacitación en ERP: Optimiza tus procesos empresariales con nuestros programas personalizados,1,Servicios de Capacitación en el Uso de Sistemas ERP,Servicios de Capacitación en el Uso de Sistemas ERP,1,0.00,Servicios > Formación y Capacitación,"servicio,clientum"
,simple,SRV-8422,Capacitación y Entrenamiento en ERP: Maximiza la Adopción y Aprovechamiento de tu Sistema,1,Servicios de Capacitación y Entrenamiento en Sistemas Erp,Servicios de Capacitación y Entrenamiento en Sistemas Erp,1,0.00,Servicios > Formación y Capacitación,"servicio,clientum"
,simple,SRV-5881,SEO Basic Package,1,Seo Básico,Seo Básico,1,2000.00,Servicios > Marketing Digital,"servicio,clientum"
,simple,SRV-5884,Advanced SEO Package,1,Seo Avanzado,Seo Avanzado,1,4000.00,Servicios > Marketing Digital,"servicio,clientum"
,simple,SRV-5887,Social Media Management,1,Gestión De Redes Sociales,Gestión De Redes Sociales,1,3500.00,Servicios > Marketing Digital,"servicio,clientum"
,simple,SRV-5890,Email Marketing Campaign,1,Campañas De Email Marketing,Campañas De Email Marketing,1,2000.00,Servicios > Marketing Digital,"servicio,clientum"
,simple,SRV-5894,Graphic Design Services,1,Diseño Gráfico Personalizado,Diseño Gráfico Personalizado,1,3000.00,Servicios > Marketing Digital,"servicio,clientum"
,simple,SRV-5895,Content Creation and Management,1,Gestión De Contenido,Gestión De Contenido,1,4000.00,Servicios > Marketing Digital,"servicio,clientum"
,simple,SRV-5896,Keyword Optimization for SEO,1,Optimización De Palabras Clave,Optimización De Palabras Clave,1,1500.00,Servicios > Marketing Digital,"servicio,clientum"
,simple,SRV-5897,Automated Email Marketing,1,Email Marketing Automatizado,Email Marketing Automatizado,1,2500.00,Servicios > Marketing Digital,"servicio,clientum"
,simple,SRV-5911,Integración en Estrategias de Marketing,1,Integración De Marketing Con Herramientas Open Source,Integración De Marketing Con Herramientas Open Source,1,4000.00,Servicios > Marketing Digital,"servicio,clientum"
,simple,SRV-5953,Automatización de Marketing,1,Automatización De Marketing,Automatización De Marketing,1,0.00,Servicios > Marketing Digital,"servicio,clientum"
,simple,SRV-5971,Implementación de soluciones de automatización de marketing,1,Automatización De Marketing,Automatización De Marketing,1,9000.00,Servicios > Marketing Digital,"servicio,clientum"
,simple,SRV-5998,Implementación de soluciones de automatización de marketing y personalización de campañas a escala,1,Marketing,Marketing,1,8000.00,Servicios > Marketing Digital,"servicio,clientum"
,simple,SRV-6057,Segmentación Avanzada para Estrategias de Marketing,1,Segmentación De Audiencias Y Personalización De Contenido.,Segmentación De Audiencias Y Personalización De Contenido.,1,4500.00,Servicios > Marketing Digital,"servicio,clientum"
,simple,SRV-6065,Marketing Digital,1,Segmentación De Mercado,Segmentación De Mercado,1,0.00,Servicios > Marketing Digital,"servicio,clientum"
,simple,SRV-6101,Servicios de Marketing Digital,1,Marketing Digital,Marketing Digital,1,3500.00,Servicios > Marketing Digital,"servicio,clientum"
,simple,SRV-6133,SEO (Optimización de Motores de Búsqueda),1,Optimización Seo,Optimización Seo,1,4500.00,Servicios > Marketing Digital,"servicio,clientum"
,simple,SRV-6134,Generación de Contenido Personalizado y Relevante,1,Creación De Contenido,Creación De Contenido,1,4200.00,Servicios > Marketing Digital,"servicio,clientum"
,simple,SRV-6158,Automatización de Campañas de Marketing,1,Automatización De Marketing,Automatización De Marketing,1,8000.00,Servicios > Marketing Digital,"servicio,clientum"
,simple,SRV-6159,Optimización de Procesos de Ventas y Generación de Leads,1,Optimización De Ventas,Optimización De Ventas,1,7000.00,Servicios > Marketing Digital,"servicio,clientum"
,simple,SRV-6164,Personalización de Experiencias en Tiempo Real,1,Personalización En Tiempo Real,Personalización En Tiempo Real,1,7000.00,Servicios > Marketing Digital,"servicio,clientum"
,simple,SRV-6169,Recomendaciones de Productos Personalizadas,1,Recomendaciones Personalizadas,Recomendaciones Personalizadas,1,4500.00,Servicios > Marketing Digital,"servicio,clientum"
,simple,SRV-6172,Diseño de Identidad Corporativa,1,Diseño De Identidad Corporativa,Diseño De Identidad Corporativa,1,3500.00,Servicios > Marketing Digital,"servicio,clientum"
,simple,SRV-6173,Gestión de Redes Sociales,1,Gestión De Redes Sociales,Gestión De Redes Sociales,1,2500.00,Servicios > Marketing Digital,"servicio,clientum"
,simple,SRV-6178,Generación de Contenido Personalizado,1,Generación De Contenido Personalizado,Generación De Contenido Personalizado,1,3500.00,Servicios > Marketing Digital,"servicio,clientum"
,simple,SRV-6180,Algoritmos de Marketing Digital,1,Optimización De Marketing Con Ia,Optimización De Marketing Con Ia,1,100.00,Servicios > Marketing Digital,"servicio,clientum"
,simple,SRV-6184,Análisis De Datos De Marketing,1,Análisis De Marketing Con Ia,Análisis De Marketing Con Ia,1,220.00,Servicios > Marketing Digital,"servicio,clientum"
,simple,SRV-6186,Email Marketing con IA,1,Automatización De Email Marketing,Automatización De Email Marketing,1,150.00,Servicios > Marketing Digital,"servicio,clientum"
,simple,SRV-6187,Gestión de Redes Sociales con IA,1,Gestión De Redes Sociales,Gestión De Redes Sociales,1,180.00,Servicios > Marketing Digital,"servicio,clientum"
,simple,SRV-6189,Plataforma de Email Marketing con IA,1,Email Marketing Con Ia,Email Marketing Con Ia,1,200.00,Servicios > Marketing Digital,"servicio,clientum"
,simple,SRV-6191,Plataforma de Marketing Digital con IA,1,Marketing Digital Automatizado,Marketing Digital Automatizado,1,250.00,Servicios > Marketing Digital,"servicio,clientum"
,simple,SRV-6192,Optimización de Contenido con IA,1,Optimización De Contenido Con Ia,Optimización De Contenido Con Ia,1,180.00,Servicios > Marketing Digital,"servicio,clientum"
,simple,SRV-6196,Optimización de Contenido SEO,1,Optimización Seo,Optimización Seo,1,200.00,Servicios > Marketing Digital,"servicio,clientum"
,simple,SRV-6197,Generación Automática de Contenido,1,Generación De Contenido Automático,Generación De Contenido Automático,1,220.00,Servicios > Marketing Digital,"servicio,clientum"
,simple,SRV-6199,Optimización de Estrategias de Marketing,1,Optimización De Marketing,Optimización De Marketing,1,260.00,Servicios > Marketing Digital,"servicio,clientum"
,simple,SRV-6210,Optimización de Estrategias Digitales,1,Optimización Digital,Optimización Digital,1,250.00,Servicios > Marketing Digital,"servicio,clientum"
,simple,SRV-6224,Plataforma de Gestión de Campañas Publicitarias,1,Gestión De Campañas Publicitarias,Gestión De Campañas Publicitarias,1,1500.00,Servicios > Marketing Digital,"servicio,clientum"
,simple,SRV-6229,Plataforma de Gestión de Afiliados,1,Gestión De Programas De Afiliados,Gestión De Programas De Afiliados,1,1300.00,Servicios > Marketing Digital,"servicio,clientum"
,simple,SRV-6236,Plataforma de Marketing de Contenidos,1,Optimización De Marketing De Contenidos,Optimización De Marketing De Contenidos,1,450.00,Servicios > Marketing Digital,"servicio,clientum"
,simple,SRV-6241,Plataforma de Gestión de Redes Sociales,1,Gestión De Redes Sociales,Gestión De Redes Sociales,1,300.00,Servicios > Marketing Digital,"servicio,clientum"
,simple,SRV-6250,Plataforma de Automatización de Tareas de Marketing,1,Automatización De Tareas De Marketing,Automatización De Tareas De Marketing,1,400.00,Servicios > Marketing Digital,"servicio,clientum"
,simple,SRV-6263,Gestion de Anuncios Facebook (no incluye monto de pauta),1,Gestión De Anuncios Facebook,Gestión De Anuncios Facebook,1,0.00,Servicios > Marketing Digital,"servicio,clientum"
,simple,SRV-6264,Gestion de Anuncios y Creacion de contenido basico Facebook entre 1 y 5 posteos (no incluye monto de pauta),1,Gestión De Anuncios Y Creación De Contenido Básico Facebook,Gestión De Anuncios Y Creación De Contenido Básico Facebook,1,299.00,Servicios > Marketing Digital,"servicio,clientum"
,simple,SRV-6265,Gestion de Anuncios Facebook con contenido nivel intermedio entre 5 y 10 posteos (no incluye monto de pauta),1,Gestión De Anuncios Facebook Con Contenido Intermedio,Gestión De Anuncios Facebook Con Contenido Intermedio,1,499.00,Servicios > Marketing Digital,"servicio,clientum"
,simple,SRV-6273,Video spot publicitario baja complejidad,1,Video Spot Publicitario Básico,Video Spot Publicitario Básico,1,0.00,Servicios > Marketing Digital,"servicio,clientum"
,simple,SRV-6280,Plataformas para Automatización de Marketing,1,Plataforma De Automatización De Marketing Con Ia,Plataforma De Automatización De Marketing Con Ia,1,149.00,Servicios > Marketing Digital,"servicio,clientum"
,simple,SRV-6282,Gestión de Campañas de Marketing con IA,1,Plataforma De Gestión De Campañas De Marketing Con Ia,Plataforma De Gestión De Campañas De Marketing Con Ia,1,249.00,Servicios > Marketing Digital,"servicio,clientum"
,simple,SRV-6283,Lead Scoring con IA,1,Solución De Lead Scoring Basada En Ia,Solución De Lead Scoring Basada En Ia,1,99.00,Servicios > Marketing Digital,"servicio,clientum"
,simple,SRV-6284,Análisis de Atribución de Marketing con IA,1,Solución De Análisis De Atribución De Marketing Con Ia,Solución De Análisis De Atribución De Marketing Con Ia,1,199.00,Servicios > Marketing Digital,"servicio,clientum"
,simple,SRV-6302,Facilita la ideación y generación de contenidos,1,Herramienta De Generación De Contenidos,Herramienta De Generación De Contenidos,1,40.00,Servicios > Marketing Digital,"servicio,clientum"
,simple,SRV-6314,Diseño gráfico,1,Diseño Gráfico Y Branding.,Diseño Gráfico Y Branding.,1,1000.00,Servicios > Marketing Digital,"servicio,clientum"
,simple,SRV-6329,Diseño gráfico y branding,1,Servicios De Diseño Gráfico Y Desarrollo De Marca.,Servicios De Diseño Gráfico Y Desarrollo De Marca.,1,3000.00,Servicios > Marketing Digital,"servicio,clientum"
,simple,SRV-6330,Producción de contenido audiovisual,1,Servicios De Producción De Contenido Audiovisual Para Marketing Y Comunicación.,Servicios De Producción De Contenido Audiovisual Para Marketing Y Comunicación.,1,4500.00,Servicios > Marketing Digital,"servicio,clientum"
,simple,SRV-6331,Consultoría en marketing digital,1,Servicios De Consultoría En Estrategia Y Ejecución De Marketing Digital.,Servicios De Consultoría En Estrategia Y Ejecución De Marketing Digital.,1,3500.00,Servicios > Marketing Digital,"servicio,clientum"
,simple,SRV-6332,Campaña de publicidad,1,"Servicios De Planificación, Creación Y Ejecución De Campañas Publicitarias.","Servicios De Planificación, Creación Y Ejecución De Campañas Publicitarias.",1,6000.00,Servicios > Marketing Digital,"servicio,clientum"
,simple,SRV-6345,Servicios de diseño gráfico,1,"Servicios De Creación De Diseños Gráficos, Piezas De Publicidad Y Materiales Corporativos.","Servicios De Creación De Diseños Gráficos, Piezas De Publicidad Y Materiales Corporativos.",1,3000.00,Servicios > Marketing Digital,"servicio,clientum"
,simple,SRV-6391,Servicios de diseño gráfico y multimedia,1,"Servicios De Diseño Y Producción De Material Gráfico, Audiovisual Y Multimedia.","Servicios De Diseño Y Producción De Material Gráfico, Audiovisual Y Multimedia.",1,8000.00,Servicios > Marketing Digital,"servicio,clientum"
,simple,SRV-6454,Creación de presentaciones,1,Servicio De Diseño De Presentaciones Profesionales.,Servicio De Diseño De Presentaciones Profesionales.,1,70.00,Servicios > Marketing Digital,"servicio,clientum"
,simple,SRV-6457,Edición de videos,1,Servicio Completo De Edición Profesional De Videos.,Servicio Completo De Edición Profesional De Videos.,1,250.00,Servicios > Marketing Digital,"servicio,clientum"
,simple,SRV-6458,Diseño de logotipos,1,Servicio De Diseño Profesional De Logotipos.,Servicio De Diseño Profesional De Logotipos.,1,150.00,Servicios > Marketing Digital,"servicio,clientum"
,simple,SRV-6459,Diseño de material promocional,1,Servicio De Diseño De Material Promocional.,Servicio De Diseño De Material Promocional.,1,300.00,Servicios > Marketing Digital,"servicio,clientum"
,simple,SRV-6462,Campañas de marketing digital,1,Servicio Integral De Campañas De Marketing Digital.,Servicio Integral De Campañas De Marketing Digital.,1,500.00,Servicios > Marketing Digital,"servicio,clientum"
,simple,SRV-6463,Optimización Seo,1,Servicio De Optimización De Seo Para Posicionamiento Web.,Servicio De Optimización De Seo Para Posicionamiento Web.,1,500.00,Servicios > Marketing Digital,"servicio,clientum"
,simple,SRV-6464,Consultoría de marketing digital,1,Servicio De Consultoría Integral En Marketing Digital.,Servicio De Consultoría Integral En Marketing Digital.,1,1500.00,Servicios > Marketing Digital,"servicio,clientum"
,simple,SRV-6466,Fotografía profesional,1,Servicio De Fotografía Profesional A Medida.,Servicio De Fotografía Profesional A Medida.,1,500.00,Servicios > Marketing Digital,"servicio,clientum"
,simple,SRV-6467,Producción de video,1,Servicio De Producción De Videos Profesionales.,Servicio De Producción De Videos Profesionales.,1,1000.00,Servicios > Marketing Digital,"servicio,clientum"
,simple,SRV-6475,Servicio de SEO,1,Servicio De Optimización Seo Para Mejorar El Posicionamiento Web.,Servicio De Optimización Seo Para Mejorar El Posicionamiento Web.,1,1200.00,Servicios > Marketing Digital,"servicio,clientum"
,simple,SRV-6476,Campaña de email marketing,1,Servicio De Email Marketing Para Campañas Efectivas.,Servicio De Email Marketing Para Campañas Efectivas.,1,500.00,Servicios > Marketing Digital,"servicio,clientum"
,simple,SRV-6477,Fotografía de producto,1,Servicio De Fotografía De Productos Para Catálogos Y Ecommerce.,Servicio De Fotografía De Productos Para Catálogos Y Ecommerce.,1,300.00,Servicios > Marketing Digital,"servicio,clientum"
,simple,SRV-6488,Producción de video corporativo,1,Producción De Videos Corporativos Y De Marca.,Producción De Videos Corporativos Y De Marca.,1,2000.00,Servicios > Marketing Digital,"servicio,clientum"
,simple,SRV-6491,Diseño de logotipo,1,Creación De Logotipos Y Marcas.,Creación De Logotipos Y Marcas.,1,500.00,Servicios > Marketing Digital,"servicio,clientum"
,simple,SRV-6492,Campaña de publicidad en redes sociales,1,Publicidad En Redes Sociales Para Impulsar Marcas Y Productos.,Publicidad En Redes Sociales Para Impulsar Marcas Y Productos.,1,1200.00,Servicios > Marketing Digital,"servicio,clientum"
,simple,SRV-6493,Auditoría de SEO,1,Evaluación Y Optimización Del Posicionamiento En Buscadores.,Evaluación Y Optimización Del Posicionamiento En Buscadores.,1,800.00,Servicios > Marketing Digital,"servicio,clientum"
,simple,SRV-6496,Redacción de contenidos,1,Redacción De Contenidos Persuasivos Y De Calidad.,Redacción De Contenidos Persuasivos Y De Calidad.,1,600.00,Servicios > Marketing Digital,"servicio,clientum"
,simple,SRV-6497,Diseño de folleto,1,Diseño De Piezas Gráficas Impresas Para Marketing.,Diseño De Piezas Gráficas Impresas Para Marketing.,1,300.00,Servicios > Marketing Digital,"servicio,clientum"
,simple,SRV-6498,Diseño de infografía,1,Diseño De Piezas Visuales Informativas Y De Alto Impacto.,Diseño De Piezas Visuales Informativas Y De Alto Impacto.,1,400.00,Servicios > Marketing Digital,"servicio,clientum"
,simple,SRV-6499,Video promocional,1,"Creación De Contenido Audiovisual Para Promocionar Una Marca, Producto O Servicio.","Creación De Contenido Audiovisual Para Promocionar Una Marca, Producto O Servicio.",1,800.00,Servicios > Marketing Digital,"servicio,clientum"
,simple,SRV-6500,Diseño de presentación,1,Desarrollo De Presentaciones Empresariales Cautivadoras.,Desarrollo De Presentaciones Empresariales Cautivadoras.,1,400.00,Servicios > Marketing Digital,"servicio,clientum"
,simple,SRV-6501,Estrategia de redes sociales,1,Planificación Y Gestión De La Estrategia De Redes Sociales De Una Empresa.,Planificación Y Gestión De La Estrategia De Redes Sociales De Una Empresa.,1,1800.00,Servicios > Marketing Digital,"servicio,clientum"
,simple,SRV-6503,Creación de contenido,1,Desarrollo De Contenidos Estratégicos Para Atraer Y Fidelizar A La Audiencia.,Desarrollo De Contenidos Estratégicos Para Atraer Y Fidelizar A La Audiencia.,1,1200.00,Servicios > Marketing Digital,"servicio,clientum"
,simple,SRV-6505,Campaña de social media,1,Ejecución De Campañas De Social Media Para Aumentar La Visibilidad Y Interacción De La Marca.,Ejecución De Campañas De Social Media Para Aumentar La Visibilidad Y Interacción De La Marca.,1,2500.00,Servicios > Marketing Digital,"servicio,clientum"
,simple,SRV-6506,Diseño de identidad de marca,1,Diseño De La Identidad Visual De Una Marca Para Fortalecer Su Posicionamiento.,Diseño De La Identidad Visual De Una Marca Para Fortalecer Su Posicionamiento.,1,1800.00,Servicios > Marketing Digital,"servicio,clientum"
,simple,SRV-6507,Estrategia de SEO,1,Optimización Del Posicionamiento Web Orgánico Para Aumentar La Visibilidad Y Tráfico.,Optimización Del Posicionamiento Web Orgánico Para Aumentar La Visibilidad Y Tráfico.,1,2000.00,Servicios > Marketing Digital,"servicio,clientum"
,simple,SRV-6508,Animación 2D,1,Producción De Animaciones 2D Para Comunicar Mensajes De Marca De Manera Creativa.,Producción De Animaciones 2D Para Comunicar Mensajes De Marca De Manera Creativa.,1,1000.00,Servicios > Marketing Digital,"servicio,clientum"
,simple,SRV-6510,Diseño de empaques,1,Diseño De Empaques Y Etiquetas Para Resaltar La Presencia De Los Productos En El Mercado.,Diseño De Empaques Y Etiquetas Para Resaltar La Presencia De Los Productos En El Mercado.,1,800.00,Servicios > Marketing Digital,"servicio,clientum"
,simple,SRV-6512,Posicionamiento SEO,1,Mejora Del Posicionamiento Web Orgánico A Través De Estrategias De Seo.,Mejora Del Posicionamiento Web Orgánico A Través De Estrategias De Seo.,1,1500.00,Servicios > Marketing Digital,"servicio,clientum"
,simple,SRV-6513,Producción de podcast,1,Creación De Un Programa De Podcast Para Ofrecer Contenido De Valor A Los Oyentes.,Creación De Un Programa De Podcast Para Ofrecer Contenido De Valor A Los Oyentes.,1,1800.00,Servicios > Marketing Digital,"servicio,clientum"
,simple,SRV-6514,Campaña de publicidad display,1,Implementación De Campañas De Publicidad Display Para Generar Visibilidad Y Tráfico Web.,Implementación De Campañas De Publicidad Display Para Generar Visibilidad Y Tráfico Web.,1,2000.00,Servicios > Marketing Digital,"servicio,clientum"
,simple,SRV-6515,Filmación de video corporativo,1,"Producción De Videos Corporativos Para Fines De Comunicación, Marketing Y Promoción.","Producción De Videos Corporativos Para Fines De Comunicación, Marketing Y Promoción.",1,3000.00,Servicios > Marketing Digital,"servicio,clientum"
,simple,SRV-6524,Diseño de material impreso,1,Servicio De Diseño De Material Impreso Corporativo Y De Marketing.,Servicio De Diseño De Material Impreso Corporativo Y De Marketing.,1,800.00,Servicios > Marketing Digital,"servicio,clientum"
,simple,SRV-6525,Animación 3D,1,Servicio De Producción De Animaciones 3D Fílmicas Y Para Medios Interactivos.,Servicio De Producción De Animaciones 3D Fílmicas Y Para Medios Interactivos.,1,3500.00,Servicios > Marketing Digital,"servicio,clientum"
,simple,SRV-6526,Edición de video,1,Servicio De Post-Producción De Videos Corporativos Y De Marketing.,Servicio De Post-Producción De Videos Corporativos Y De Marketing.,1,1200.00,Servicios > Marketing Digital,"servicio,clientum"
,simple,SRV-6527,Retoque fotográfico,1,Servicio De Retoque Y Edición Avanzada De Fotografías.,Servicio De Retoque Y Edición Avanzada De Fotografías.,1,400.00,Servicios > Marketing Digital,"servicio,clientum"
,simple,SRV-6528,Copywriting,1,Servicio De Creación De Contenido Publicitario Y De Marketing.,Servicio De Creación De Contenido Publicitario Y De Marketing.,1,800.00,Servicios > Marketing Digital,"servicio,clientum"
,simple,SRV-6533,Campaña de Google Ads: Impulsa tu negocio con publicidad efectiva en Google,1,Campaña de Google Ads: Impulsa tu negocio a nuevas alturas,Campaña de Google Ads: Impulsa tu negocio a nuevas alturas,1,1200.00,Servicios > Marketing Digital,"servicio,clientum"
,simple,SRV-6534,"Campaña de Facebook Ads: Diseña, implementa y gestiona tu publicidad en Facebook",1,"Servicio de publicidad en Facebook Ads para llegar a tu público objetivo, generar clientes potenciales y aumentar las ventas.","Servicio de publicidad en Facebook Ads para llegar a tu público objetivo, generar clientes potenciales y aumentar las ventas.",1,1000.00,Servicios > Marketing Digital,"servicio,clientum"
,simple,SRV-6535,Campaña de Remarketing: Recupera clientes potenciales y aumenta tus ventas,1,Servicio de Campaña de Remarketing para Ecommerce,Servicio de Campaña de Remarketing para Ecommerce,1,900.00,Servicios > Marketing Digital,"servicio,clientum"
,simple,SRV-6537,Diseño de imagen de marca,1,Servicio De Diseño De Imagen De Marca Completa.,Servicio De Diseño De Imagen De Marca Completa.,1,800.00,Servicios > Marketing Digital,"servicio,clientum"
,simple,SRV-6538,Diseño de empaquetado,1,Servicio De Diseño De Empaquetado Para Ecommerce.,Servicio De Diseño De Empaquetado Para Ecommerce.,1,1000.00,Servicios > Marketing Digital,"servicio,clientum"
,simple,SRV-6539,Análisis SEO: Auditoría y Optimización para tu E-commerce,1,Servicio de análisis y auditoría SEO para e-commerce.,Servicio de análisis y auditoría SEO para e-commerce.,1,800.00,Servicios > Marketing Digital,"servicio,clientum"
,simple,SRV-6542,Estrategia de Email Marketing para Ecommerce: Diseña y Automatiza tus Campañas,1,Servicio de Estrategia de Email Marketing para Ecommerce,Servicio de Estrategia de Email Marketing para Ecommerce,1,1500.00,Servicios > Marketing Digital,"servicio,clientum"
,simple,SRV-6545,Optimización SEO para Ecommerce: Mejora tu Posicionamiento y Tráfico,1,"Servicio de optimización SEO para e-commerce que mejora la visibilidad, atrae tráfico calificado, aumenta las conversiones y genera un retorno de la inversión.","Servicio de optimización SEO para e-commerce que mejora la visibilidad, atrae tráfico calificado, aumenta las conversiones y genera un retorno de la inversión.",1,2500.00,Servicios > Marketing Digital,"servicio,clientum"
,simple,SRV-6555,Servicio de SEO Ecommerce,1,Servicio De Optimización Seo Para Ecommerce.,Servicio De Optimización Seo Para Ecommerce.,1,2500.00,Servicios > Marketing Digital,"servicio,clientum"
,simple,SRV-6556,Servicio de Publicidad Paid,1,Servicio De Publicidad De Pago (Paid Advertising) Para Ecommerce.,Servicio De Publicidad De Pago (Paid Advertising) Para Ecommerce.,1,3000.00,Servicios > Marketing Digital,"servicio,clientum"
,simple,SRV-6561,Servicio de Gestión de Contenidos,1,Servicio De Gestión De Contenidos Para Ecommerce.,Servicio De Gestión De Contenidos Para Ecommerce.,1,2500.00,Servicios > Marketing Digital,"servicio,clientum"
,simple,SRV-6562,Servicio de Optimización SEO,1,Servicio De Optimización Seo Para Ecommerce.,Servicio De Optimización Seo Para Ecommerce.,1,3500.00,Servicios > Marketing Digital,"servicio,clientum"
,simple,SRV-6563,Servicio de Gestión de Redes Sociales,1,Servicio De Gestión De Redes Sociales Para Ecommerce.,Servicio De Gestión De Redes Sociales Para Ecommerce.,1,2200.00,Servicios > Marketing Digital,"servicio,clientum"
,simple,SRV-6564,"Servicio de Email Marketing para Ecommerce: Segmentación, Diseño, Contenido, Monitoreo y Optimización",1,Servicio de Email Marketing para Ecommerce: Tu aliado para conectar con tus clientes,Servicio de Email Marketing para Ecommerce: Tu aliado para conectar con tus clientes,1,1800.00,Servicios > Marketing Digital,"servicio,clientum"
,simple,SRV-6565,Servicio de Publicidad Digital,1,Servicio De Publicidad Digital Para Ecommerce.,Servicio De Publicidad Digital Para Ecommerce.,1,4000.00,Servicios > Marketing Digital,"servicio,clientum"
,simple,SRV-6574,Servicio de Gestión de Contenidos y Copywriting,1,Servicio De Gestión De Contenidos Y Copywriting Para Ecommerce.,Servicio De Gestión De Contenidos Y Copywriting Para Ecommerce.,1,2000.00,Servicios > Marketing Digital,"servicio,clientum"
,simple,SRV-6575,Servicio de Gestión de Campañas de Publicidad Digital,1,Servicio De Gestión De Campañas De Publicidad Digital Para Ecommerce.,Servicio De Gestión De Campañas De Publicidad Digital Para Ecommerce.,1,4000.00,Servicios > Marketing Digital,"servicio,clientum"
,simple,SRV-6576,Servicio de Gestión de Redes Sociales para Ecommerce,1,Servicio De Gestión De Redes Sociales Para Ecommerce.,Servicio De Gestión De Redes Sociales Para Ecommerce.,1,3000.00,Servicios > Marketing Digital,"servicio,clientum"
,simple,SRV-6586,Servicio de Gestión de Publicidad en Redes Sociales,1,Servicio De Gestión De Publicidad En Redes Sociales Para Ecommerce.,Servicio De Gestión De Publicidad En Redes Sociales Para Ecommerce.,1,3500.00,Servicios > Marketing Digital,"servicio,clientum"
,simple,SRV-6589,Servicio de Implementación de Estrategia de Email Marketing,1,Servicio De Implementación De Estrategia De Email Marketing Para Ecommerce.,Servicio De Implementación De Estrategia De Email Marketing Para Ecommerce.,1,5000.00,Servicios > Marketing Digital,"servicio,clientum"
,simple,SRV-6593,Servicio de Desarrollo de Programa de Afiliación: Aumenta el Tráfico y las Ventas de tu Ecommerce,1,Servicio de Desarrollo de Programa de Afiliación para E-commerce: Impulsa tu negocio online con alianzas estratégicas.,Servicio de Desarrollo de Programa de Afiliación para E-commerce: Impulsa tu negocio online con alianzas estratégicas.,1,5000.00,Servicios > Marketing Digital,"servicio,clientum"
,simple,SRV-6636,Marketing Digital con IA,1,Optimización De Estrategias De Marketing Digital Con Ia.,Optimización De Estrategias De Marketing Digital Con Ia.,1,1000.00,Servicios > Marketing Digital,"servicio,clientum"
,simple,SRV-6646,Publicidad en Plataformas de Ecommerce,1,Publicidad Y Promoción En Plataformas De Comercio Electrónico.,Publicidad Y Promoción En Plataformas De Comercio Electrónico.,1,1000.00,Servicios > Marketing Digital,"servicio,clientum"
,simple,SRV-6659,Optimización SEO para Ecommerce: Mejora tu visibilidad y posicionamiento en línea,1,Optimización SEO para Tiendas Virtuales: Impulsa tu tienda virtual al éxito,Optimización SEO para Tiendas Virtuales: Impulsa tu tienda virtual al éxito,1,1000.00,Servicios > Marketing Digital,"servicio,clientum"
,simple,SRV-6660,Campañas de Marketing para Ecommerce: Atrae y Fideliza Clientes en Línea,1,Campañas de Marketing para Ecommerce: Impulsa tu Negocio Online,Campañas de Marketing para Ecommerce: Impulsa tu Negocio Online,1,1500.00,Servicios > Marketing Digital,"servicio,clientum"
,simple,SRV-6664,Desarrollo de Contenido para Ecommerce: Mejora el Engagement y la Experiencia del Cliente,1,Generación De Contenido Para Tiendas Virtuales,Generación De Contenido Para Tiendas Virtuales,1,1000.00,Servicios > Marketing Digital,"servicio,clientum"
,simple,SRV-6671,Estrategia de Marketing Digital para Ecommerce: Impulsa tu Tienda Virtual,1,Servicios de Estrategia de Marketing Digital para Ecommerce,Servicios de Estrategia de Marketing Digital para Ecommerce,1,2000.00,Servicios > Marketing Digital,"servicio,clientum"
,simple,SRV-6682,Servicios de Publicidad Ecommerce,1,Soluciones De Publicidad Digital Para Ecommerce.,Soluciones De Publicidad Digital Para Ecommerce.,1,1200.00,Servicios > Marketing Digital,"servicio,clientum"
,simple,SRV-6689,Servicios de Optimización SEO Ecommerce,1,Servicios De Optimización Seo Para Ecommerce.,Servicios De Optimización Seo Para Ecommerce.,1,1500.00,Servicios > Marketing Digital,"servicio,clientum"
,simple,SRV-6697,Servicios de Marketing Multicanal Ecommerce,1,Servicios De Marketing Multicanal Para Ecommerce.,Servicios De Marketing Multicanal Para Ecommerce.,1,3000.00,Servicios > Marketing Digital,"servicio,clientum"
,simple,SRV-6703,Servicios de Gestión de Contenidos Ecommerce,1,Servicios De Gestión De Contenidos Para Ecommerce.,Servicios De Gestión De Contenidos Para Ecommerce.,1,1500.00,Servicios > Marketing Digital,"servicio,clientum"
,simple,SRV-6705,Servicios de Implementación de Cupones y Promociones Ecommerce,1,Servicios De Implementación De Cupones Y Promociones Para Ecommerce.,Servicios De Implementación De Cupones Y Promociones Para Ecommerce.,1,1200.00,Servicios > Marketing Digital,"servicio,clientum"
,simple,SRV-6706,Servicios de Automatización de Marketing Ecommerce,1,Servicios De Automatización De Marketing Para Ecommerce.,Servicios De Automatización De Marketing Para Ecommerce.,1,2000.00,Servicios > Marketing Digital,"servicio,clientum"
,simple,SRV-6743,Desarrollo De Estrategias Digitales,1,Estrategias Digitales Personalizadas.,Estrategias Digitales Personalizadas.,1,2200.00,Servicios > Marketing Digital,"servicio,clientum"
,simple,SRV-6750,Auditoría SEO,1,Auditoría De Seo,Auditoría De Seo,1,800.00,Servicios > Marketing Digital,"servicio,clientum"
,simple,SRV-6759,Desarrollo de Estrategias de Marketing Digital,1,Estrategias De Marketing Digital,Estrategias De Marketing Digital,1,4000.00,Servicios > Marketing Digital,"servicio,clientum"
,simple,SRV-6766,Consultoría en Estrategias de Marketing Digital,1,Estrategias De Marketing Digital,Estrategias De Marketing Digital,1,5500.00,Servicios > Marketing Digital,"servicio,clientum"
,simple,SRV-6806,Optimización SEO Básico,1,Optimización Seo Básica.,Optimización Seo Básica.,1,150.00,Servicios > Marketing Digital,"servicio,clientum"
,simple,SRV-6807,Estrategias de Marketing Digital,1,Estrategias De Marketing Digital,Estrategias De Marketing Digital,1,3200.00,Servicios > Marketing Digital,"servicio,clientum"
,simple,SRV-6808,Optimización SEO y SEM,1,Optimización Seo Y Sem.,Optimización Seo Y Sem.,1,2500.00,Servicios > Marketing Digital,"servicio,clientum"
,simple,SRV-6809,Campañas SEM,1,Publicidad En Motores De Búsqueda.,Publicidad En Motores De Búsqueda.,1,1500.00,Servicios > Marketing Digital,"servicio,clientum"
,simple,SRV-6810,Campañas de Email Marketing,1,Marketing Por Correo Electrónico.,Marketing Por Correo Electrónico.,1,800.00,Servicios > Marketing Digital,"servicio,clientum"
,simple,SRV-6811,Estrategias de SEO,1,Estrategias De Optimización En Buscadores.,Estrategias De Optimización En Buscadores.,1,2500.00,Servicios > Marketing Digital,"servicio,clientum"
,simple,SRV-6812,Campañas de SEM,1,Gestión De Campañas En Motores De Búsqueda.,Gestión De Campañas En Motores De Búsqueda.,1,3000.00,Servicios > Marketing Digital,"servicio,clientum"
,simple,SRV-6813,Generación De Leads,1,Generación Y Automatización De Leads.,Generación Y Automatización De Leads.,1,2500.00,Servicios > Marketing Digital,"servicio,clientum"
,simple,SRV-6814,Campañas en Redes Sociales,1,Campañas En Redes Sociales.,Campañas En Redes Sociales.,1,1200.00,Servicios > Marketing Digital,"servicio,clientum"
,simple,SRV-6815,Estrategias de SEO y SEM,1,Estrategias De Seo Y Sem.,Estrategias De Seo Y Sem.,1,2500.00,Servicios > Marketing Digital,"servicio,clientum"
,simple,SRV-6816,Generación de Leads y Automatización de Marketing,1,Generación De Leads.,Generación De Leads.,1,3000.00,Servicios > Marketing Digital,"servicio,clientum"
,simple,SRV-6817,Campañas de Google Ads,1,Campañas De Google Ads,Campañas De Google Ads,1,500.00,Servicios > Marketing Digital,"servicio,clientum"
,simple,SRV-6818,Producción de Videos Promocionales,1,Producción De Videos Promocionales,Producción De Videos Promocionales,1,1200.00,Servicios > Marketing Digital,"servicio,clientum"
,simple,SRV-6819,Campañas de Redes Sociales,1,Campañas En Redes Sociales.,Campañas En Redes Sociales.,1,350.00,Servicios > Marketing Digital,"servicio,clientum"
,simple,SRV-6820,Creación de Video Spot Publicitario,1,Video Spot Publicitario,Video Spot Publicitario,1,2000.00,Servicios > Marketing Digital,"servicio,clientum"
,simple,SRV-6821,Video Spot Publicitario Básico,1,Video Spot Básico,Video Spot Básico,1,1000.00,Servicios > Marketing Digital,"servicio,clientum"
,simple,SRV-6847,Video Promotional,1,Video Promocional,Video Promocional,1,1000.00,Servicios > Marketing Digital,"servicio,clientum"
,simple,SRV-7459,Informe de Optimización SEO: Mejora tu Posicionamiento en Buscadores,1,"Informe de Optimización SEO: La clave para el éxito en línea. Análisis exhaustivo, recomendaciones personalizadas y seguimiento de resultados para mejorar la visibilidad, el tráfico y las conversiones.","Informe de Optimización SEO: La clave para el éxito en línea. Análisis exhaustivo, recomendaciones personalizadas y seguimiento de resultados para mejorar la visibilidad, el tráfico y las conversiones.",1,0.00,Servicios > Marketing Digital,"servicio,clientum"
,simple,SRV-7468,SEO básico: Optimiza tu sitio web para los motores de búsqueda,1,SEO básico: la clave para mejorar la visibilidad de tu sitio web,SEO básico: la clave para mejorar la visibilidad de tu sitio web,1,0.00,Servicios > Marketing Digital,"servicio,clientum"
,simple,SRV-7477,Optimización SEO Básica: Mejora el posicionamiento de tu sitio web,1,Optimización SEO Básica: Impulsa tu presencia online y alcanza nuevas cotas.,Optimización SEO Básica: Impulsa tu presencia online y alcanza nuevas cotas.,1,0.00,Servicios > Marketing Digital,"servicio,clientum"
,simple,SRV-7482,Optimización SEO Avanzada: Mejora el posicionamiento de tu sitio web,1,Optimización SEO Avanzada: Impulsa tu presencia en línea y domina los resultados de búsqueda,Optimización SEO Avanzada: Impulsa tu presencia en línea y domina los resultados de búsqueda,1,0.00,Servicios > Marketing Digital,"servicio,clientum"
,simple,SRV-7487,Optimización SEO Completa: Mejora tu visibilidad online y aumenta tus ventas,1,"Optimización SEO Completa: La clave para el éxito en línea. Mejora tu visibilidad, atrae tráfico calificado y aumenta las conversiones con nuestra solución integral de SEO.","Optimización SEO Completa: La clave para el éxito en línea. Mejora tu visibilidad, atrae tráfico calificado y aumenta las conversiones con nuestra solución integral de SEO.",1,0.00,Servicios > Marketing Digital,"servicio,clientum"
,simple,SRV-7492,Optimización SEO Exhaustiva: Mejora tu Posicionamiento y Visibilidad Online,1,"Optimización SEO Exhaustiva: La clave para el éxito en línea. Análisis de palabras clave, optimización de contenido, construcción de enlaces, optimización técnica y seguimiento para mejorar la visibilidad, atraer tráfico","Optimización SEO Exhaustiva: La clave para el éxito en línea. Análisis de palabras clave, optimización de contenido, construcción de enlaces, optimización técnica y seguimiento para mejorar la visibilidad, atraer tráfico",1,0.00,Servicios > Marketing Digital,"servicio,clientum"
,simple,SRV-7555,Optimización Básica de SEO,1,Seo Básico,Seo Básico,1,150.00,Servicios > Marketing Digital,"servicio,clientum"
,simple,SRV-7559,Campaña publicitaria en Facebook e Instagram,1,Campaña Publicitaria,Campaña Publicitaria,1,200.00,Servicios > Marketing Digital,"servicio,clientum"
,simple,SRV-7561,Diseño de Identidad Visual Corporativa,1,Identidad Visual Corporativa,Identidad Visual Corporativa,1,1500.00,Servicios > Marketing Digital,"servicio,clientum"
,simple,SRV-7569,Generación de contenidos de marketing con IA,1,Contenidos De Marketing Con Ia,Contenidos De Marketing Con Ia,1,1000.00,Servicios > Marketing Digital,"servicio,clientum"
,simple,SRV-7570,Identificación de leads calificados,1,Identificación De Leads,Identificación De Leads,1,1500.00,Servicios > Marketing Digital,"servicio,clientum"
,simple,SRV-7576,Automatización de campañas de marketing con IA,1,Marketing Automatizado Con Ia,Marketing Automatizado Con Ia,1,550.00,Servicios > Marketing Digital,"servicio,clientum"
,simple,SRV-7578,Gestión de Anuncios Facebook,1,Gestión De Anuncios En Facebook,Gestión De Anuncios En Facebook,1,300.00,Servicios > Marketing Digital,"servicio,clientum"
,simple,SRV-7579,Diseño personalizado de tarjeta de presentación,1,Diseño De Tarjetas De Presentación,Diseño De Tarjetas De Presentación,1,100.00,Servicios > Marketing Digital,"servicio,clientum"
,simple,SRV-7628,Desarrollo de soluciones de automatización de marketing,1,Soluciones De Automatización De Marketing,Soluciones De Automatización De Marketing,1,1600.00,Servicios > Marketing Digital,"servicio,clientum"
,simple,SRV-7663,SEO Basic Package,1,Seo Básico,Seo Básico,1,0.00,Servicios > Marketing Digital,"servicio,clientum"
,simple,SRV-7666,Advanced SEO Package,1,Seo Avanzado,Seo Avanzado,1,0.00,Servicios > Marketing Digital,"servicio,clientum"
,simple,SRV-7669,Social Media Management,1,Gestión De Redes Sociales,Gestión De Redes Sociales,1,0.00,Servicios > Marketing Digital,"servicio,clientum"
,simple,SRV-7672,Email Marketing Campaign,1,Campañas De Email Marketing,Campañas De Email Marketing,1,0.00,Servicios > Marketing Digital,"servicio,clientum"
,simple,SRV-7677,Content Creation and Management,1,Gestión De Contenido,Gestión De Contenido,1,0.00,Servicios > Marketing Digital,"servicio,clientum"
,simple,SRV-7678,Keyword Optimization for SEO,1,Optimización De Palabras Clave,Optimización De Palabras Clave,1,0.00,Servicios > Marketing Digital,"servicio,clientum"
,simple,SRV-7679,Automated Email Marketing,1,Email Marketing Automatizado,Email Marketing Automatizado,1,0.00,Servicios > Marketing Digital,"servicio,clientum"
,simple,SRV-7693,Integración en Estrategias de Marketing,1,Integración De Marketing Con Herramientas Open Source,Integración De Marketing Con Herramientas Open Source,1,0.00,Servicios > Marketing Digital,"servicio,clientum"
,simple,SRV-7734,Implementación de soluciones de automatización de marketing,1,Automatización De Marketing,Automatización De Marketing,1,0.00,Servicios > Marketing Digital,"servicio,clientum"
,simple,SRV-7747,Servicios de análisis de sentimientos y gestión de la reputación en redes sociales,1,Análisis De Sentimientos Y Reputación En Redes Sociales,Análisis De Sentimientos Y Reputación En Redes Sociales,1,0.00,Servicios > Marketing Digital,"servicio,clientum"
,simple,SRV-7761,Implementación de soluciones de automatización de marketing y personalización de campañas a escala,1,Marketing,Marketing,1,0.00,Servicios > Marketing Digital,"servicio,clientum"
,simple,SRV-7792,Segmentación Avanzada para Estrategias de Marketing,1,Segmentación De Audiencias Y Personalización De Contenido.,Segmentación De Audiencias Y Personalización De Contenido.,1,0.00,Servicios > Marketing Digital,"servicio,clientum"
,simple,SRV-7805,Análisis de sentimientos y reputación en redes sociales,1,Análisis De Sentimientos Y Gestión De La Reputación En Redes Sociales.,Análisis De Sentimientos Y Gestión De La Reputación En Redes Sociales.,1,0.00,Servicios > Marketing Digital,"servicio,clientum"
,simple,SRV-7825,Servicios de Marketing Digital,1,Marketing Digital,Marketing Digital,1,0.00,Servicios > Marketing Digital,"servicio,clientum"
,simple,SRV-7857,SEO (Optimización de Motores de Búsqueda),1,Optimización Seo,Optimización Seo,1,0.00,Servicios > Marketing Digital,"servicio,clientum"
,simple,SRV-7858,Generación de Contenido Personalizado y Relevante,1,Creación De Contenido,Creación De Contenido,1,0.00,Servicios > Marketing Digital,"servicio,clientum"
,simple,SRV-7882,Automatización de Campañas de Marketing,1,Automatización De Marketing,Automatización De Marketing,1,0.00,Servicios > Marketing Digital,"servicio,clientum"
,simple,SRV-7883,Optimización de Procesos de Ventas y Generación de Leads,1,Optimización De Ventas,Optimización De Ventas,1,0.00,Servicios > Marketing Digital,"servicio,clientum"
,simple,SRV-7888,Personalización de Experiencias en Tiempo Real,1,Personalización En Tiempo Real,Personalización En Tiempo Real,1,0.00,Servicios > Marketing Digital,"servicio,clientum"
,simple,SRV-7893,Recomendaciones de Productos Personalizadas,1,Recomendaciones Personalizadas,Recomendaciones Personalizadas,1,0.00,Servicios > Marketing Digital,"servicio,clientum"
,simple,SRV-7896,Diseño de Identidad Corporativa,1,Diseño De Identidad Corporativa,Diseño De Identidad Corporativa,1,0.00,Servicios > Marketing Digital,"servicio,clientum"
,simple,SRV-7897,Gestión de Redes Sociales,1,Gestión De Redes Sociales,Gestión De Redes Sociales,1,0.00,Servicios > Marketing Digital,"servicio,clientum"
,simple,SRV-7902,Generación de Contenido Personalizado,1,Generación De Contenido Personalizado,Generación De Contenido Personalizado,1,0.00,Servicios > Marketing Digital,"servicio,clientum"
,simple,SRV-7904,Algoritmos de Marketing Digital,1,Optimización De Marketing Con Ia,Optimización De Marketing Con Ia,1,0.00,Servicios > Marketing Digital,"servicio,clientum"
,simple,SRV-7910,Email Marketing con IA,1,Automatización De Email Marketing,Automatización De Email Marketing,1,0.00,Servicios > Marketing Digital,"servicio,clientum"
,simple,SRV-7911,Gestión de Redes Sociales con IA,1,Gestión De Redes Sociales,Gestión De Redes Sociales,1,0.00,Servicios > Marketing Digital,"servicio,clientum"
,simple,SRV-7913,Plataforma de Email Marketing con IA,1,Email Marketing Con Ia,Email Marketing Con Ia,1,0.00,Servicios > Marketing Digital,"servicio,clientum"
,simple,SRV-7915,Plataforma de Marketing Digital con IA,1,Marketing Digital Automatizado,Marketing Digital Automatizado,1,0.00,Servicios > Marketing Digital,"servicio,clientum"
,simple,SRV-7916,Optimización de Contenido con IA,1,Optimización De Contenido Con Ia,Optimización De Contenido Con Ia,1,0.00,Servicios > Marketing Digital,"servicio,clientum"
,simple,SRV-7920,Optimización de Contenido SEO,1,Optimización Seo,Optimización Seo,1,0.00,Servicios > Marketing Digital,"servicio,clientum"
,simple,SRV-7921,Generación Automática de Contenido,1,Generación De Contenido Automático,Generación De Contenido Automático,1,0.00,Servicios > Marketing Digital,"servicio,clientum"
,simple,SRV-7923,Optimización de Estrategias de Marketing,1,Optimización De Marketing,Optimización De Marketing,1,0.00,Servicios > Marketing Digital,"servicio,clientum"
,simple,SRV-7934,Optimización de Estrategias Digitales,1,Optimización Digital,Optimización Digital,1,0.00,Servicios > Marketing Digital,"servicio,clientum"
,simple,SRV-7948,Plataforma de Gestión de Campañas Publicitarias,1,Gestión De Campañas Publicitarias,Gestión De Campañas Publicitarias,1,0.00,Servicios > Marketing Digital,"servicio,clientum"
,simple,SRV-7953,Plataforma de Gestión de Afiliados,1,Gestión De Programas De Afiliados,Gestión De Programas De Afiliados,1,0.00,Servicios > Marketing Digital,"servicio,clientum"
,simple,SRV-7960,Plataforma de Marketing de Contenidos,1,Optimización De Marketing De Contenidos,Optimización De Marketing De Contenidos,1,0.00,Servicios > Marketing Digital,"servicio,clientum"
,simple,SRV-7965,Plataforma de Gestión de Redes Sociales,1,Gestión De Redes Sociales,Gestión De Redes Sociales,1,0.00,Servicios > Marketing Digital,"servicio,clientum"
,simple,SRV-7974,Plataforma de Automatización de Tareas de Marketing,1,Automatización De Tareas De Marketing,Automatización De Tareas De Marketing,1,0.00,Servicios > Marketing Digital,"servicio,clientum"
,simple,SRV-7986,Gestion de Anuncios y Creacion de contenido basico Facebook entre 1 y 5 posteos (no incluye monto de pauta),1,Gestión De Anuncios Y Creación De Contenido Básico Facebook,Gestión De Anuncios Y Creación De Contenido Básico Facebook,1,0.00,Servicios > Marketing Digital,"servicio,clientum"
,simple,SRV-7987,Gestion de Anuncios Facebook con contenido nivel intermedio entre 5 y 10 posteos (no incluye monto de pauta),1,Gestión De Anuncios Facebook Con Contenido Intermedio,Gestión De Anuncios Facebook Con Contenido Intermedio,1,0.00,Servicios > Marketing Digital,"servicio,clientum"
,simple,SRV-7993,Plataformas para Automatización de Marketing,1,Plataforma De Automatización De Marketing Con Ia,Plataforma De Automatización De Marketing Con Ia,1,0.00,Servicios > Marketing Digital,"servicio,clientum"
,simple,SRV-7995,Gestión de Campañas de Marketing con IA,1,Plataforma De Gestión De Campañas De Marketing Con Ia,Plataforma De Gestión De Campañas De Marketing Con Ia,1,0.00,Servicios > Marketing Digital,"servicio,clientum"
,simple,SRV-7996,Lead Scoring con IA,1,Solución De Lead Scoring Basada En Ia,Solución De Lead Scoring Basada En Ia,1,0.00,Servicios > Marketing Digital,"servicio,clientum"
,simple,SRV-7997,Análisis de Atribución de Marketing con IA,1,Solución De Análisis De Atribución De Marketing Con Ia,Solución De Análisis De Atribución De Marketing Con Ia,1,0.00,Servicios > Marketing Digital,"servicio,clientum"
,simple,SRV-8015,Facilita la ideación y generación de contenidos,1,Herramienta De Generación De Contenidos,Herramienta De Generación De Contenidos,1,0.00,Servicios > Marketing Digital,"servicio,clientum"
,simple,SRV-8025,Diseño gráfico,1,Diseño Gráfico Y Branding.,Diseño Gráfico Y Branding.,1,0.00,Servicios > Marketing Digital,"servicio,clientum"
,simple,SRV-8040,Diseño gráfico y branding,1,Servicios De Diseño Gráfico Y Desarrollo De Marca.,Servicios De Diseño Gráfico Y Desarrollo De Marca.,1,0.00,Servicios > Marketing Digital,"servicio,clientum"
,simple,SRV-8041,Producción de contenido audiovisual,1,Servicios De Producción De Contenido Audiovisual Para Marketing Y Comunicación.,Servicios De Producción De Contenido Audiovisual Para Marketing Y Comunicación.,1,0.00,Servicios > Marketing Digital,"servicio,clientum"
,simple,SRV-8042,Consultoría en marketing digital,1,Servicios De Consultoría En Estrategia Y Ejecución De Marketing Digital.,Servicios De Consultoría En Estrategia Y Ejecución De Marketing Digital.,1,0.00,Servicios > Marketing Digital,"servicio,clientum"
,simple,SRV-8043,Campaña de publicidad,1,"Servicios De Planificación, Creación Y Ejecución De Campañas Publicitarias.","Servicios De Planificación, Creación Y Ejecución De Campañas Publicitarias.",1,0.00,Servicios > Marketing Digital,"servicio,clientum"
,simple,SRV-8056,Servicios de diseño gráfico,1,"Servicios De Creación De Diseños Gráficos, Piezas De Publicidad Y Materiales Corporativos.","Servicios De Creación De Diseños Gráficos, Piezas De Publicidad Y Materiales Corporativos.",1,0.00,Servicios > Marketing Digital,"servicio,clientum"
,simple,SRV-8102,Servicios de diseño gráfico y multimedia,1,"Servicios De Diseño Y Producción De Material Gráfico, Audiovisual Y Multimedia.","Servicios De Diseño Y Producción De Material Gráfico, Audiovisual Y Multimedia.",1,0.00,Servicios > Marketing Digital,"servicio,clientum"
,simple,SRV-8164,Redacción de informes,1,Servicio De Redacción Profesional De Informes.,Servicio De Redacción Profesional De Informes.,1,0.00,Servicios > Marketing Digital,"servicio,clientum"
,simple,SRV-8165,Creación de presentaciones,1,Servicio De Diseño De Presentaciones Profesionales.,Servicio De Diseño De Presentaciones Profesionales.,1,0.00,Servicios > Marketing Digital,"servicio,clientum"
,simple,SRV-8166,Transcripción de audio,1,Servicio De Transcripción Profesional De Audio.,Servicio De Transcripción Profesional De Audio.,1,0.00,Servicios > Marketing Digital,"servicio,clientum"
,simple,SRV-8167,Traducción de documentos,1,Servicio De Traducción De Contenido Profesional.,Servicio De Traducción De Contenido Profesional.,1,0.00,Servicios > Marketing Digital,"servicio,clientum"
,simple,SRV-8168,Edición de videos,1,Servicio Completo De Edición Profesional De Videos.,Servicio Completo De Edición Profesional De Videos.,1,0.00,Servicios > Marketing Digital,"servicio,clientum"
,simple,SRV-8169,Diseño de logotipos,1,Servicio De Diseño Profesional De Logotipos.,Servicio De Diseño Profesional De Logotipos.,1,0.00,Servicios > Marketing Digital,"servicio,clientum"
,simple,SRV-8170,Diseño de material promocional,1,Servicio De Diseño De Material Promocional.,Servicio De Diseño De Material Promocional.,1,0.00,Servicios > Marketing Digital,"servicio,clientum"
,simple,SRV-8173,Campañas de marketing digital,1,Servicio Integral De Campañas De Marketing Digital.,Servicio Integral De Campañas De Marketing Digital.,1,0.00,Servicios > Marketing Digital,"servicio,clientum"
,simple,SRV-8174,Consultoría de marketing digital,1,Servicio De Consultoría Integral En Marketing Digital.,Servicio De Consultoría Integral En Marketing Digital.,1,0.00,Servicios > Marketing Digital,"servicio,clientum"
,simple,SRV-8176,Fotografía profesional,1,Servicio De Fotografía Profesional A Medida.,Servicio De Fotografía Profesional A Medida.,1,0.00,Servicios > Marketing Digital,"servicio,clientum"
,simple,SRV-8177,Producción de video,1,Servicio De Producción De Videos Profesionales.,Servicio De Producción De Videos Profesionales.,1,0.00,Servicios > Marketing Digital,"servicio,clientum"
,simple,SRV-8185,Servicio de SEO,1,Servicio De Optimización Seo Para Mejorar El Posicionamiento Web.,Servicio De Optimización Seo Para Mejorar El Posicionamiento Web.,1,0.00,Servicios > Marketing Digital,"servicio,clientum"
,simple,SRV-8186,Campaña de email marketing,1,Servicio De Email Marketing Para Campañas Efectivas.,Servicio De Email Marketing Para Campañas Efectivas.,1,0.00,Servicios > Marketing Digital,"servicio,clientum"
,simple,SRV-8187,Fotografía de producto,1,Servicio De Fotografía De Productos Para Catálogos Y Ecommerce.,Servicio De Fotografía De Productos Para Catálogos Y Ecommerce.,1,0.00,Servicios > Marketing Digital,"servicio,clientum"
,simple,SRV-8189,Servicio de traducción,1,Traducción De Contenido A Múltiples Idiomas.,Traducción De Contenido A Múltiples Idiomas.,1,0.00,Servicios > Marketing Digital,"servicio,clientum"
,simple,SRV-8190,Producción de video corporativo,1,Producción De Videos Corporativos Y De Marca.,Producción De Videos Corporativos Y De Marca.,1,0.00,Servicios > Marketing Digital,"servicio,clientum"
,simple,SRV-8193,Diseño de logotipo,1,Creación De Logotipos Y Marcas.,Creación De Logotipos Y Marcas.,1,0.00,Servicios > Marketing Digital,"servicio,clientum"
,simple,SRV-8194,Campaña de publicidad en redes sociales,1,Publicidad En Redes Sociales Para Impulsar Marcas Y Productos.,Publicidad En Redes Sociales Para Impulsar Marcas Y Productos.,1,0.00,Servicios > Marketing Digital,"servicio,clientum"
,simple,SRV-8195,Auditoría de SEO,1,Evaluación Y Optimización Del Posicionamiento En Buscadores.,Evaluación Y Optimización Del Posicionamiento En Buscadores.,1,0.00,Servicios > Marketing Digital,"servicio,clientum"
,simple,SRV-8198,Redacción de contenidos,1,Redacción De Contenidos Persuasivos Y De Calidad.,Redacción De Contenidos Persuasivos Y De Calidad.,1,0.00,Servicios > Marketing Digital,"servicio,clientum"
,simple,SRV-8199,Diseño de folleto,1,Diseño De Piezas Gráficas Impresas Para Marketing.,Diseño De Piezas Gráficas Impresas Para Marketing.,1,0.00,Servicios > Marketing Digital,"servicio,clientum"
,simple,SRV-8200,Diseño de infografía,1,Diseño De Piezas Visuales Informativas Y De Alto Impacto.,Diseño De Piezas Visuales Informativas Y De Alto Impacto.,1,0.00,Servicios > Marketing Digital,"servicio,clientum"
,simple,SRV-8201,Video promocional,1,"Creación De Contenido Audiovisual Para Promocionar Una Marca, Producto O Servicio.","Creación De Contenido Audiovisual Para Promocionar Una Marca, Producto O Servicio.",1,0.00,Servicios > Marketing Digital,"servicio,clientum"
,simple,SRV-8202,Diseño de presentación,1,Desarrollo De Presentaciones Empresariales Cautivadoras.,Desarrollo De Presentaciones Empresariales Cautivadoras.,1,0.00,Servicios > Marketing Digital,"servicio,clientum"
,simple,SRV-8203,Estrategia de redes sociales,1,Planificación Y Gestión De La Estrategia De Redes Sociales De Una Empresa.,Planificación Y Gestión De La Estrategia De Redes Sociales De Una Empresa.,1,0.00,Servicios > Marketing Digital,"servicio,clientum"
,simple,SRV-8205,Creación de contenido,1,Desarrollo De Contenidos Estratégicos Para Atraer Y Fidelizar A La Audiencia.,Desarrollo De Contenidos Estratégicos Para Atraer Y Fidelizar A La Audiencia.,1,0.00,Servicios > Marketing Digital,"servicio,clientum"
,simple,SRV-8207,Campaña de social media,1,Ejecución De Campañas De Social Media Para Aumentar La Visibilidad Y Interacción De La Marca.,Ejecución De Campañas De Social Media Para Aumentar La Visibilidad Y Interacción De La Marca.,1,0.00,Servicios > Marketing Digital,"servicio,clientum"
,simple,SRV-8208,Diseño de identidad de marca,1,Diseño De La Identidad Visual De Una Marca Para Fortalecer Su Posicionamiento.,Diseño De La Identidad Visual De Una Marca Para Fortalecer Su Posicionamiento.,1,0.00,Servicios > Marketing Digital,"servicio,clientum"
,simple,SRV-8209,Estrategia de SEO,1,Optimización Del Posicionamiento Web Orgánico Para Aumentar La Visibilidad Y Tráfico.,Optimización Del Posicionamiento Web Orgánico Para Aumentar La Visibilidad Y Tráfico.,1,0.00,Servicios > Marketing Digital,"servicio,clientum"
,simple,SRV-8210,Animación 2D,1,Producción De Animaciones 2D Para Comunicar Mensajes De Marca De Manera Creativa.,Producción De Animaciones 2D Para Comunicar Mensajes De Marca De Manera Creativa.,1,0.00,Servicios > Marketing Digital,"servicio,clientum"
,simple,SRV-8212,Diseño de empaques,1,Diseño De Empaques Y Etiquetas Para Resaltar La Presencia De Los Productos En El Mercado.,Diseño De Empaques Y Etiquetas Para Resaltar La Presencia De Los Productos En El Mercado.,1,0.00,Servicios > Marketing Digital,"servicio,clientum"
,simple,SRV-8214,Posicionamiento SEO,1,Mejora Del Posicionamiento Web Orgánico A Través De Estrategias De Seo.,Mejora Del Posicionamiento Web Orgánico A Través De Estrategias De Seo.,1,0.00,Servicios > Marketing Digital,"servicio,clientum"
,simple,SRV-8215,Producción de podcast,1,Creación De Un Programa De Podcast Para Ofrecer Contenido De Valor A Los Oyentes.,Creación De Un Programa De Podcast Para Ofrecer Contenido De Valor A Los Oyentes.,1,0.00,Servicios > Marketing Digital,"servicio,clientum"
,simple,SRV-8216,Campaña de publicidad display,1,Implementación De Campañas De Publicidad Display Para Generar Visibilidad Y Tráfico Web.,Implementación De Campañas De Publicidad Display Para Generar Visibilidad Y Tráfico Web.,1,0.00,Servicios > Marketing Digital,"servicio,clientum"
,simple,SRV-8217,Filmación de video corporativo,1,"Producción De Videos Corporativos Para Fines De Comunicación, Marketing Y Promoción.","Producción De Videos Corporativos Para Fines De Comunicación, Marketing Y Promoción.",1,0.00,Servicios > Marketing Digital,"servicio,clientum"
,simple,SRV-8222,Servicios de traducción,1,Servicios De Traducción De Contenido A Diversos Idiomas.,Servicios De Traducción De Contenido A Diversos Idiomas.,1,0.00,Servicios > Marketing Digital,"servicio,clientum"
,simple,SRV-8223,Servicios de interpretación,1,Servicios De Interpretación En Vivo Para Eventos Y Reuniones Multilinguës.,Servicios De Interpretación En Vivo Para Eventos Y Reuniones Multilinguës.,1,0.00,Servicios > Marketing Digital,"servicio,clientum"
,simple,SRV-8226,Diseño de material impreso,1,Servicio De Diseño De Material Impreso Corporativo Y De Marketing.,Servicio De Diseño De Material Impreso Corporativo Y De Marketing.,1,0.00,Servicios > Marketing Digital,"servicio,clientum"
,simple,SRV-8227,Animación 3D,1,Servicio De Producción De Animaciones 3D Fílmicas Y Para Medios Interactivos.,Servicio De Producción De Animaciones 3D Fílmicas Y Para Medios Interactivos.,1,0.00,Servicios > Marketing Digital,"servicio,clientum"
,simple,SRV-8228,Edición de video,1,Servicio De Post-Producción De Videos Corporativos Y De Marketing.,Servicio De Post-Producción De Videos Corporativos Y De Marketing.,1,0.00,Servicios > Marketing Digital,"servicio,clientum"
,simple,SRV-8229,Retoque fotográfico,1,Servicio De Retoque Y Edición Avanzada De Fotografías.,Servicio De Retoque Y Edición Avanzada De Fotografías.,1,0.00,Servicios > Marketing Digital,"servicio,clientum"
,simple,SRV-8230,Copywriting,1,Servicio De Creación De Contenido Publicitario Y De Marketing.,Servicio De Creación De Contenido Publicitario Y De Marketing.,1,0.00,Servicios > Marketing Digital,"servicio,clientum"
,simple,SRV-8235,Campaña de Google Ads: Impulsa tu negocio con publicidad efectiva en Google,1,Campaña de Google Ads: Impulsa tu negocio con publicidad efectiva en Google,Campaña de Google Ads: Impulsa tu negocio con publicidad efectiva en Google,1,0.00,Servicios > Marketing Digital,"servicio,clientum"
,simple,SRV-8236,"Campaña de Facebook Ads: Diseña, implementa y gestiona tu publicidad en Facebook para impulsar tu negocio",1,"Campaña de Facebook Ads: Diseña, implementa y gestiona tu publicidad en Facebook para llegar a tu público objetivo, generar clientes potenciales y aumentar las ventas.","Campaña de Facebook Ads: Diseña, implementa y gestiona tu publicidad en Facebook para llegar a tu público objetivo, generar clientes potenciales y aumentar las ventas.",1,0.00,Servicios > Marketing Digital,"servicio,clientum"
,simple,SRV-8237,Campaña de Remarketing: Recupera clientes y dispara tus ventas,1,Campaña de Remarketing para Ecommerce: Recupera clientes potenciales y aumenta tus ventas,Campaña de Remarketing para Ecommerce: Recupera clientes potenciales y aumenta tus ventas,1,0.00,Servicios > Marketing Digital,"servicio,clientum"
,simple,SRV-8239,Diseño de imagen de marca,1,Servicio De Diseño De Imagen De Marca Completa.,Servicio De Diseño De Imagen De Marca Completa.,1,0.00,Servicios > Marketing Digital,"servicio,clientum"
,simple,SRV-8240,Diseño de empaquetado,1,Servicio De Diseño De Empaquetado Para Ecommerce.,Servicio De Diseño De Empaquetado Para Ecommerce.,1,0.00,Servicios > Marketing Digital,"servicio,clientum"
,simple,SRV-8241,Análisis SEO: Auditoría y Optimización para tu E-commerce,1,"Análisis SEO: Auditoría y Optimización para tu E-commerce. Servicio para potenciar tu presencia online, aumentar ventas y mejorar visibilidad en buscadores.","Análisis SEO: Auditoría y Optimización para tu E-commerce. Servicio para potenciar tu presencia online, aumentar ventas y mejorar visibilidad en buscadores.",1,0.00,Servicios > Marketing Digital,"servicio,clientum"
,simple,SRV-8244,Estrategia de Email Marketing para Ecommerce: Diseña y Automatiza tus Campañas para Aumentar Ventas y Fidelizar Clientes,1,Estrategia de Email Marketing para Ecommerce: Diseña y Automatiza tus Campañas,Estrategia de Email Marketing para Ecommerce: Diseña y Automatiza tus Campañas,1,0.00,Servicios > Marketing Digital,"servicio,clientum"
,simple,SRV-8247,"Optimización SEO para E-commerce: Mejora tu Posicionamiento, Tráfico y Conversiones",1,"Servicio de optimización SEO para e-commerce que mejora la visibilidad, atrae tráfico calificado y aumenta las conversiones.","Servicio de optimización SEO para e-commerce que mejora la visibilidad, atrae tráfico calificado y aumenta las conversiones.",1,0.00,Servicios > Marketing Digital,"servicio,clientum"
,simple,SRV-8257,Servicio de SEO para Ecommerce: Optimiza tu tienda online y aumenta tus ventas,1,Servicio de Optimización SEO para Ecommerce,Servicio de Optimización SEO para Ecommerce,1,0.00,Servicios > Marketing Digital,"servicio,clientum"
,simple,SRV-8258,Servicio de Publicidad Paid para Ecommerce: Aumenta tus Ventas con Anuncios Segmentados,1,"Servicio de Publicidad Paid para E-commerce: Aumenta tu visibilidad, atrae clientes y genera más ventas.","Servicio de Publicidad Paid para E-commerce: Aumenta tu visibilidad, atrae clientes y genera más ventas.",1,0.00,Servicios > Marketing Digital,"servicio,clientum"
,simple,SRV-8263,"Servicio de Gestión de Contenidos para Ecommerce: Planificación, Creación y Optimización SEO",1,Servicio de Gestión de Contenidos para Ecommerce: La clave para el éxito en el comercio electrónico.,Servicio de Gestión de Contenidos para Ecommerce: La clave para el éxito en el comercio electrónico.,1,0.00,Servicios > Marketing Digital,"servicio,clientum"
,simple,SRV-8264,Servicio de Optimización SEO para Ecommerce: Mejora tu Visibilidad y Genera Más Ventas,1,"Servicio de Optimización SEO para E-commerce: Impulsa tu tienda en línea a la cima de los resultados de búsqueda, aumenta el tráfico, las conversiones y las ventas.","Servicio de Optimización SEO para E-commerce: Impulsa tu tienda en línea a la cima de los resultados de búsqueda, aumenta el tráfico, las conversiones y las ventas.",1,0.00,Servicios > Marketing Digital,"servicio,clientum"
,simple,SRV-8265,"Servicio de Gestión de Redes Sociales para Ecommerce: Aumenta tu Visibilidad, Engagement y Ventas",1,"Servicio de Gestión de Redes Sociales para Ecommerce: Planificación de contenido, gestión de cuentas, análisis, publicidad y marketing de influencers para aumentar el alcance, generar leads y mejorar la reputación de la ","Servicio de Gestión de Redes Sociales para Ecommerce: Planificación de contenido, gestión de cuentas, análisis, publicidad y marketing de influencers para aumentar el alcance, generar leads y mejorar la reputación de la ",1,0.00,Servicios > Marketing Digital,"servicio,clientum"
,simple,SRV-8266,"Servicio de Email Marketing para Ecommerce: Segmentación, Diseño, Contenido, Monitoreo y Optimización",1,"Servicio de Email Marketing para Ecommerce: Segmentación, Diseño, Contenido, Monitoreo y Optimización","Servicio de Email Marketing para Ecommerce: Segmentación, Diseño, Contenido, Monitoreo y Optimización",1,0.00,Servicios > Marketing Digital,"servicio,clientum"
,simple,SRV-8267,"Servicio de Publicidad Digital para Ecommerce: Planificación, Creación y Gestión de Campañas para Potenciar tus Ventas",1,Servicio de Publicidad Digital para Ecommerce: Impulsa tu Negocio Online,Servicio de Publicidad Digital para Ecommerce: Impulsa tu Negocio Online,1,0.00,Servicios > Marketing Digital,"servicio,clientum"
,simple,SRV-8277,"Servicio de Gestión de Campañas de Publicidad Digital para Ecommerce: Planificación, Ejecución y Optimización para Maximizar el ROI",1,"Servicio de Gestión de Campañas de Publicidad Digital para Ecommerce: gestión integral, segmentación precisa, análisis avanzado, automatización y reportes detallados para potenciar tu negocio online.","Servicio de Gestión de Campañas de Publicidad Digital para Ecommerce: gestión integral, segmentación precisa, análisis avanzado, automatización y reportes detallados para potenciar tu negocio online.",1,0.00,Servicios > Marketing Digital,"servicio,clientum"
,simple,SRV-8278,Gestión de Redes Sociales para Ecommerce: Impulsa tu Marca y Ventas Online,1,"Gestión de Redes Sociales para Ecommerce: Impulsa tu negocio online con contenido atractivo, gestión estratégica y análisis detallados.","Gestión de Redes Sociales para Ecommerce: Impulsa tu negocio online con contenido atractivo, gestión estratégica y análisis detallados.",1,0.00,Servicios > Marketing Digital,"servicio,clientum"
,simple,SRV-8288,Servicio de Gestión de Publicidad en Redes Sociales para Ecommerce: Aumenta tus Ventas y Fideliza Clientes,1,"Servicio de Gestión de Publicidad en Redes Sociales para Ecommerce: Potencia tu presencia en redes sociales, genera leads y aumenta tus ventas.","Servicio de Gestión de Publicidad en Redes Sociales para Ecommerce: Potencia tu presencia en redes sociales, genera leads y aumenta tus ventas.",1,0.00,Servicios > Marketing Digital,"servicio,clientum"
,simple,SRV-8291,"Servicio de Implementación de Estrategia de Email Marketing para Ecommerce: Automatización, Segmentación y Optimización",1,"Servicio de Implementación de Estrategia de Email Marketing para Ecommerce. Segmentación de audiencia, automatización de campañas, optimización de plantillas, seguimiento y análisis de resultados. Mayor alcance, conversi","Servicio de Implementación de Estrategia de Email Marketing para Ecommerce. Segmentación de audiencia, automatización de campañas, optimización de plantillas, seguimiento y análisis de resultados. Mayor alcance, conversi",1,0.00,Servicios > Marketing Digital,"servicio,clientum"
,simple,SRV-8295,Servicio de Desarrollo de Programa de Afiliación: Impulsa tu E-commerce con Alianzas Estratégicas,1,Servicio de Desarrollo de Programa de Afiliación: Impulsá tu E-commerce con Alianzas Estratégicas,Servicio de Desarrollo de Programa de Afiliación: Impulsá tu E-commerce con Alianzas Estratégicas,1,0.00,Servicios > Marketing Digital,"servicio,clientum"
,simple,SRV-8337,Marketing Digital con IA,1,Optimización De Estrategias De Marketing Digital Con Ia.,Optimización De Estrategias De Marketing Digital Con Ia.,1,0.00,Servicios > Marketing Digital,"servicio,clientum"
,simple,SRV-8338,Automatización de Marketing con IA,1,Automatización De Procesos De Marketing Utilizando Ia.,Automatización De Procesos De Marketing Utilizando Ia.,1,0.00,Servicios > Marketing Digital,"servicio,clientum"
,simple,SRV-8347,"Publicidad en Plataformas de Ecommerce: Impulsa tu Visibilidad y Ventas en Amazon, Mercado Libre y AliExpress",1,"Publicidad en plataformas de e-commerce: aumenta tu visibilidad y ventas en Amazon, Mercado Libre y AliExpress","Publicidad en plataformas de e-commerce: aumenta tu visibilidad y ventas en Amazon, Mercado Libre y AliExpress",1,0.00,Servicios > Marketing Digital,"servicio,clientum"
,simple,SRV-8360,Optimización SEO para Ecommerce: Impulsa tu tienda virtual al éxito,1,Optimización SEO para Tiendas Virtuales: Impulsa tu tienda virtual al éxito,Optimización SEO para Tiendas Virtuales: Impulsa tu tienda virtual al éxito,1,0.00,Servicios > Marketing Digital,"servicio,clientum"
,simple,SRV-8361,Campañas de Marketing para Ecommerce: Atrae y Fideliza Clientes Online,1,"Campañas de Marketing para Ecommerce: Atrae y fideliza clientes en línea con segmentación avanzada, automatización de marketing y análisis para mayor alcance, conversión y fidelidad.","Campañas de Marketing para Ecommerce: Atrae y fideliza clientes en línea con segmentación avanzada, automatización de marketing y análisis para mayor alcance, conversión y fidelidad.",1,0.00,Servicios > Marketing Digital,"servicio,clientum"
,simple,SRV-8365,Desarrollo de Contenido para Ecommerce: Impulsa el Engagement y la Experiencia del Cliente,1,Desarrollo de Contenido para Ecommerce: Mejora el engagement y la experiencia del cliente,Desarrollo de Contenido para Ecommerce: Mejora el engagement y la experiencia del cliente,1,0.00,Servicios > Marketing Digital,"servicio,clientum"
,simple,SRV-8372,"Estrategia de Marketing Digital para Ecommerce: Impulsa tu Tienda Virtual con Análisis, SEO, Redes Sociales y PPC",1,Estrategia de Marketing Digital para Ecommerce: ¡Impulsa tu Tienda Virtual!,Estrategia de Marketing Digital para Ecommerce: ¡Impulsa tu Tienda Virtual!,1,0.00,Servicios > Marketing Digital,"servicio,clientum"
,simple,SRV-8373,Servicios de Fidelización de Clientes para Ecommerce: Mejora la Retención y el Engagement,1,Servicios de Fidelización de Clientes para Ecommerce: La clave para el crecimiento sostenible,Servicios de Fidelización de Clientes para Ecommerce: La clave para el crecimiento sostenible,1,0.00,Servicios > Marketing Digital,"servicio,clientum"
,simple,SRV-8383,Servicios de Publicidad para Ecommerce: Impulsa tu Tienda Virtual,1,Servicios de Publicidad para Ecommerce: Impulsa tu Negocio Online,Servicios de Publicidad para Ecommerce: Impulsa tu Negocio Online,1,0.00,Servicios > Marketing Digital,"servicio,clientum"
,simple,SRV-8388,Servicios de Retención de Clientes para Ecommerce: Estrategias y Herramientas para Fidelizar y Retener,1,Servicios de Retención de Clientes para Ecommerce: La clave para el crecimiento sostenido.,Servicios de Retención de Clientes para Ecommerce: La clave para el crecimiento sostenido.,1,0.00,Servicios > Marketing Digital,"servicio,clientum"
,simple,SRV-8390,Servicios de Optimización SEO para Ecommerce: Aumenta la Visibilidad y el Tráfico de tu Tienda Online,1,Servicios de Optimización SEO para Ecommerce: Impulsa tu Tienda Online al Éxito,Servicios de Optimización SEO para Ecommerce: Impulsa tu Tienda Online al Éxito,1,0.00,Servicios > Marketing Digital,"servicio,clientum"
,simple,SRV-8398,"Servicios de Marketing Multicanal para Ecommerce: Impulsa tu Tienda Virtual con Alcance Amplio, Personalización y Optimización",1,Servicios de Marketing Multicanal para Ecommerce: Impulsa tu Tienda Virtual,Servicios de Marketing Multicanal para Ecommerce: Impulsa tu Tienda Virtual,1,0.00,Servicios > Marketing Digital,"servicio,clientum"
,simple,SRV-8406,Implementación de Cupones y Promociones para Ecommerce: Impulsa tus Ventas y Fideliza Clientes,1,Implementación de cupones y promociones para ecommerce: impulsa tus ventas y fideliza clientes.,Implementación de cupones y promociones para ecommerce: impulsa tus ventas y fideliza clientes.,1,0.00,Servicios > Marketing Digital,"servicio,clientum"
,simple,SRV-8407,Servicios de Automatización de Marketing para Ecommerce: Optimiza tus Estrategias de Marketing,1,Servicios de Automatización de Marketing para Ecommerce: Optimiza tus Estrategias de Marketing,Servicios de Automatización de Marketing para Ecommerce: Optimiza tus Estrategias de Marketing,1,0.00,Servicios > Marketing Digital,"servicio,clientum"
,simple,SRV-6105,Colaboración y Trabajo Remoto,1,Colaboración Y Trabajo Remoto,Colaboración Y Trabajo Remoto,1,2000.00,Servicios > Plataformas de Comunicación,"servicio,clientum"
,simple,SRV-6160,Plataformas de Colaboración en Línea Inteligentes,1,Colaboración En Línea,Colaboración En Línea,1,9000.00,Servicios > Plataformas de Comunicación,"servicio,clientum"
,simple,SRV-6227,Plataforma de Gestión de Eventos Virtuales,1,Gestión De Eventos Virtuales,Gestión De Eventos Virtuales,1,2200.00,Servicios > Plataformas de Comunicación,"servicio,clientum"
,simple,SRV-6381,Desarrollo de plataformas de colaboración y trabajo remoto,1,"Servicios De Creación De Plataformas De Colaboración, Comunicación Y Productividad Para Empresas.","Servicios De Creación De Plataformas De Colaboración, Comunicación Y Productividad Para Empresas.",1,22000.00,Servicios > Plataformas de Comunicación,"servicio,clientum"
,simple,SRV-6411,Servicios de implementación de soluciones de colaboración y productividad,1,"Servicios De Consultoría Y Desarrollo De Soluciones De Trabajo Remoto, Comunicación Y Coordinación.","Servicios De Consultoría Y Desarrollo De Soluciones De Trabajo Remoto, Comunicación Y Coordinación.",1,14000.00,Servicios > Plataformas de Comunicación,"servicio,clientum"
,simple,SRV-6448,Servicios de desarrollo de aplicaciones de gestión de proyectos y colaboración remota,1,"Servicios De Consultoría Y Construcción De Soluciones De Gestión De Proyectos, Comunicación, Seguimiento De Tareas Y Trabajo Remoto Para Mejorar La Productividad Y Coordinación De Equipos.","Servicios De Consultoría Y Construcción De Soluciones De Gestión De Proyectos, Comunicación, Seguimiento De Tareas Y Trabajo Remoto Para Mejorar La Productividad Y Coordinación De Equipos.",1,25000.00,Servicios > Plataformas de Comunicación,"servicio,clientum"
,simple,SRV-6767,Implementación de Soluciones de Videoconferencia,1,Soluciones De Videoconferencia,Soluciones De Videoconferencia,1,4000.00,Servicios > Plataformas de Comunicación,"servicio,clientum"
,simple,SRV-6776,Videoconferencias Seguras y Eficientes,1,Videoconferencias Seguras,Videoconferencias Seguras,1,2000.00,Servicios > Plataformas de Comunicación,"servicio,clientum"
,simple,SRV-6803,Mantenimiento de Infraestructura de Videoconferencia,1,Mantenimiento Videoconferencia,Mantenimiento Videoconferencia,1,2500.00,Servicios > Plataformas de Comunicación,"servicio,clientum"
,simple,SRV-6837,Mantenimiento de Sistemas de Videoconferencia,1,Mantenimiento De Videoconferencias,Mantenimiento De Videoconferencias,1,1200.00,Servicios > Plataformas de Comunicación,"servicio,clientum"
,simple,SRV-6851,Plataformas de Comunicación,1,,,1,6.00,Servicios > Plataformas de Comunicación,"servicio,clientum"
,simple,SRV-6951,Implementación de Sistemas de Telefonía IP,1,Telefonía Ip,Telefonía Ip,1,3500.00,Servicios > Plataformas de Comunicación,"servicio,clientum"
,simple,SRV-6954,Implementación de Sistemas de Videoconferencia,1,Videoconferencia Segura,Videoconferencia Segura,1,5000.00,Servicios > Plataformas de Comunicación,"servicio,clientum"
,simple,SRV-7566,Implementación de soluciones de colaboración,1,Soluciones De Colaboración,Soluciones De Colaboración,1,2000.00,Servicios > Plataformas de Comunicación,"servicio,clientum"
,simple,SRV-7583,Optimización de redes corporativas,1,Optimización De Redes,Optimización De Redes,1,600.00,Servicios > Plataformas de Comunicación,"servicio,clientum"
,simple,SRV-7829,Colaboración y Trabajo Remoto,1,Colaboración Y Trabajo Remoto,Colaboración Y Trabajo Remoto,1,0.00,Servicios > Plataformas de Comunicación,"servicio,clientum"
,simple,SRV-7884,Plataformas de Colaboración en Línea Inteligentes,1,Colaboración En Línea,Colaboración En Línea,1,0.00,Servicios > Plataformas de Comunicación,"servicio,clientum"
,simple,SRV-7951,Plataforma de Gestión de Eventos Virtuales,1,Gestión De Eventos Virtuales,Gestión De Eventos Virtuales,1,0.00,Servicios > Plataformas de Comunicación,"servicio,clientum"
,simple,SRV-8092,Desarrollo de plataformas de colaboración y trabajo remoto,1,"Servicios De Creación De Plataformas De Colaboración, Comunicación Y Productividad Para Empresas.","Servicios De Creación De Plataformas De Colaboración, Comunicación Y Productividad Para Empresas.",1,0.00,Servicios > Plataformas de Comunicación,"servicio,clientum"
,simple,SRV-8122,Servicios de implementación de soluciones de colaboración y productividad,1,"Servicios De Consultoría Y Desarrollo De Soluciones De Trabajo Remoto, Comunicación Y Coordinación.","Servicios De Consultoría Y Desarrollo De Soluciones De Trabajo Remoto, Comunicación Y Coordinación.",1,0.00,Servicios > Plataformas de Comunicación,"servicio,clientum"
,simple,SRV-8159,Servicios de desarrollo de aplicaciones de gestión de proyectos y colaboración remota,1,"Servicios De Consultoría Y Construcción De Soluciones De Gestión De Proyectos, Comunicación, Seguimiento De Tareas Y Trabajo Remoto Para Mejorar La Productividad Y Coordinación De Equipos.","Servicios De Consultoría Y Construcción De Soluciones De Gestión De Proyectos, Comunicación, Seguimiento De Tareas Y Trabajo Remoto Para Mejorar La Productividad Y Coordinación De Equipos.",1,0.00,Servicios > Plataformas de Comunicación,"servicio,clientum"
,simple,SRV-5882,Web Hosting Starter,1,Alojamiento Web Básico.,Alojamiento Web Básico.,1,100.00,Servicios > Servicios de Hosting,"servicio,clientum"
,simple,SRV-5885,VPS Hosting,1,Alojamiento En Vps,Alojamiento En Vps,1,500.00,Servicios > Servicios de Hosting,"servicio,clientum"
,simple,SRV-5905,Web Hosting Maintenance,1,Mantenimiento De Hosting Web,Mantenimiento De Hosting Web,1,500.00,Servicios > Servicios de Hosting,"servicio,clientum"
,simple,SRV-6145,Servicios de Hosting y Dominio,1,Hosting Y Dominios Para Empresas.,Hosting Y Dominios Para Empresas.,1,100.00,Servicios > Servicios de Hosting,"servicio,clientum"
,simple,SRV-6271,Dominio Pago anual .com.ar,1,Dominio .Com.Ar Anual,Dominio .Com.Ar Anual,1,0.00,Servicios > Servicios de Hosting,"servicio,clientum"
,simple,SRV-6272,Dominio Anual .com,1,Dominio .Com Anual,Dominio .Com Anual,1,0.00,Servicios > Servicios de Hosting,"servicio,clientum"
,simple,SRV-6312,Alojamiento web,1,Alojamiento De Sitios Web Y Aplicaciones En La Nube.,Alojamiento De Sitios Web Y Aplicaciones En La Nube.,1,100.00,Servicios > Servicios de Hosting,"servicio,clientum"
,simple,SRV-6385,Servicios de hosting y alojamiento web,1,Servicios De Hospedaje Y Administración De Infraestructura Web Para Empresas.,Servicios De Hospedaje Y Administración De Infraestructura Web Para Empresas.,1,1000.00,Servicios > Servicios de Hosting,"servicio,clientum"
,simple,SRV-6802,Mantenimiento de Hosting Web,1,Mantenimiento De Hosting,Mantenimiento De Hosting,1,1200.00,Servicios > Servicios de Hosting,"servicio,clientum"
,simple,SRV-6848,Paquete de Hosting Básico,1,Hosting Básico Con 10 Gb Y 100 Gb Ancho.,Hosting Básico Con 10 Gb Y 100 Gb Ancho.,1,20.00,Servicios > Servicios de Hosting,"servicio,clientum"
,simple,SRV-6867,Hosting Básico,1,Plan Básico De Hosting.,Plan Básico De Hosting.,1,100.00,Servicios > Servicios de Hosting,"servicio,clientum"
,simple,SRV-6900,Servidor Virtual Privado,1,Servidor Vps.,Servidor Vps.,1,1500.00,Servicios > Servicios de Hosting,"servicio,clientum"
,simple,SRV-6901,Hosting Corporativo,1,Hosting Corporativo.,Hosting Corporativo.,1,2000.00,Servicios > Servicios de Hosting,"servicio,clientum"
,simple,SRV-6902,Gestión De Dominios,1,Gestión De Dominios.,Gestión De Dominios.,1,500.00,Servicios > Servicios de Hosting,"servicio,clientum"
,simple,SRV-6903,Hosting Web Básico,1,Alojamiento Web Básico.,Alojamiento Web Básico.,1,50.00,Servicios > Servicios de Hosting,"servicio,clientum"
,simple,SRV-6904,Hosting Web Profesional,1,Alojamiento Web Profesional.,Alojamiento Web Profesional.,1,150.00,Servicios > Servicios de Hosting,"servicio,clientum"
,simple,SRV-6908,Servidores Virtuales Privados (VPS),1,Vps Para Hosting Web.,Vps Para Hosting Web.,1,100.00,Servicios > Servicios de Hosting,"servicio,clientum"
,simple,SRV-6909,Alojamiento Web Básico,1,Alojamiento Web Básico.,Alojamiento Web Básico.,1,50.00,Servicios > Servicios de Hosting,"servicio,clientum"
,simple,SRV-6914,Servidores Virtuales Privados,1,Servidores Vps.,Servidores Vps.,1,1500.00,Servicios > Servicios de Hosting,"servicio,clientum"
,simple,SRV-6915,Soluciones de Hosting Confiables y Seguras,1,Soluciones De Hosting.,Soluciones De Hosting.,1,2000.00,Servicios > Servicios de Hosting,"servicio,clientum"
,simple,SRV-6916,Gestión de Dominios y Servicios Relacionados,1,Gestión De Dominios.,Gestión De Dominios.,1,500.00,Servicios > Servicios de Hosting,"servicio,clientum"
,simple,SRV-6925,Hosting Web Starter,1,Hosting Básico,Hosting Básico,1,100.00,Servicios > Servicios de Hosting,"servicio,clientum"
,simple,SRV-6930,VPS (Servidor Virtual Privado),1,Vps Hosting,Vps Hosting,1,200.00,Servicios > Servicios de Hosting,"servicio,clientum"
,simple,SRV-6932,Migración de Hosting,1,Migración De Hosting,Migración De Hosting,1,500.00,Servicios > Servicios de Hosting,"servicio,clientum"
,simple,SRV-7557,Servicio de Hosting,1,Hosting Seguro,Hosting Seguro,1,120.00,Servicios > Servicios de Hosting,"servicio,clientum"
,simple,SRV-7563,Registro y pago anual de un dominio .com,1,Registro De Dominio,Registro De Dominio,1,20.00,Servicios > Servicios de Hosting,"servicio,clientum"
,simple,SRV-7573,Hosting seguro,1,Hosting Web Seguro,Hosting Web Seguro,1,100.00,Servicios > Servicios de Hosting,"servicio,clientum"
,simple,SRV-7664,Web Hosting Starter,1,Alojamiento Web Básico.,Alojamiento Web Básico.,1,0.00,Servicios > Servicios de Hosting,"servicio,clientum"
,simple,SRV-7667,VPS Hosting,1,Alojamiento En Vps,Alojamiento En Vps,1,0.00,Servicios > Servicios de Hosting,"servicio,clientum"
,simple,SRV-7687,Web Hosting Maintenance,1,Mantenimiento De Hosting Web,Mantenimiento De Hosting Web,1,0.00,Servicios > Servicios de Hosting,"servicio,clientum"
,simple,SRV-7869,Servicios de Hosting y Dominio,1,Hosting Y Dominios Para Empresas.,Hosting Y Dominios Para Empresas.,1,0.00,Servicios > Servicios de Hosting,"servicio,clientum"
,simple,SRV-7901,Servicios de Alojamiento y Cloud,1,Servicios De Alojamiento Y Cloud,Servicios De Alojamiento Y Cloud,1,0.00,Servicios > Servicios de Hosting,"servicio,clientum"
,simple,SRV-8023,Alojamiento web,1,Alojamiento De Sitios Web Y Aplicaciones En La Nube.,Alojamiento De Sitios Web Y Aplicaciones En La Nube.,1,0.00,Servicios > Servicios de Hosting,"servicio,clientum"
,simple,SRV-8096,Servicios de hosting y alojamiento web,1,Servicios De Hospedaje Y Administración De Infraestructura Web Para Empresas.,Servicios De Hospedaje Y Administración De Infraestructura Web Para Empresas.,1,0.00,Servicios > Servicios de Hosting,"servicio,clientum"
,simple,SRV-5931,Realidad aumentada y virtual,1,Real,Real,1,6500.00,Servicios > Soluciones por Industria,"servicio,clientum"
,simple,SRV-5941,Servicios de Diseño y Desarrollo de Soluciones de Realidad Aumentada y Virtual,1,Realidad Aumentada Y Virtual,Realidad Aumentada Y Virtual,1,6000.00,Servicios > Soluciones por Industria,"servicio,clientum"
,simple,SRV-5996,Servicios de diseño y desarrollo de aplicaciones de Internet de las Cosas (IoT) para optimizar operaciones y procesos,1,Desarrollo De Software,Desarrollo De Software,1,20000.00,Servicios > Soluciones por Industria,"servicio,clientum"
,simple,SRV-6019,Desarrollo Blockchain,1,Blockchain,Blockchain,1,0.00,Servicios > Soluciones por Industria,"servicio,clientum"
,simple,SRV-6022,Desarrollo IoT,1,Iot,Iot,1,0.00,Servicios > Soluciones por Industria,"servicio,clientum"
,simple,SRV-6035,Servicios de Diseño y Desarrollo de Aplicaciones IoT,1,Aplicaciones De Iot Para Operaciones,Aplicaciones De Iot Para Operaciones,1,14000.00,Servicios > Soluciones por Industria,"servicio,clientum"
,simple,SRV-6089,Aplicaciones de Internet de las Cosas (IoT),1,Desarrollo De Aplicaciones De Iot.,Desarrollo De Aplicaciones De Iot.,1,7000.00,Servicios > Soluciones por Industria,"servicio,clientum"
,simple,SRV-6093,Consultoría en Blockchain,1,Soluciones Blockchain,Soluciones Blockchain,1,5500.00,Servicios > Soluciones por Industria,"servicio,clientum"
,simple,SRV-6108,Internet of Things (IoT),1,Soluciones Iot,Soluciones Iot,1,7000.00,Servicios > Soluciones por Industria,"servicio,clientum"
,simple,SRV-6299,Soluciones de IA para la Industria del Retail,1,Soluciones De Ia Para El Sector Retail,Soluciones De Ia Para El Sector Retail,1,249.00,Servicios > Soluciones por Industria,"servicio,clientum"
,simple,SRV-6300,Soluciones de IA para la Industria de la Salud,1,,,1,0.00,Servicios > Soluciones por Industria,"servicio,clientum"
,simple,SRV-6358,Desarrollo de soluciones de Internet of Things (IoT),1,"Servicios De Creación De Soluciones De Internet Of Things Para Automatización, Monitoreo Y Control.","Servicios De Creación De Soluciones De Internet Of Things Para Automatización, Monitoreo Y Control.",1,22000.00,Servicios > Soluciones por Industria,"servicio,clientum"
,simple,SRV-6374,Desarrollo de sistemas de Internet de las Cosas (IoT),1,"Servicios De Creación De Soluciones Iot Para Automatización, Monitoreo Y Control De Dispositivos.","Servicios De Creación De Soluciones Iot Para Automatización, Monitoreo Y Control De Dispositivos.",1,25000.00,Servicios > Soluciones por Industria,"servicio,clientum"
,simple,SRV-6394,Servicios de desarrollo de soluciones de IoT,1,Servicios De Creación De Soluciones De Internet De Las Cosas (Iot) Para Diferentes Sectores.,Servicios De Creación De Soluciones De Internet De Las Cosas (Iot) Para Diferentes Sectores.,1,20000.00,Servicios > Soluciones por Industria,"servicio,clientum"
,simple,SRV-6413,Servicios de implementación de soluciones de internet de las cosas (IoT),1,Servicios De Consultoría Y Desarrollo De Aplicaciones Y Sistemas Basados En Tecnologías De Iot.,Servicios De Consultoría Y Desarrollo De Aplicaciones Y Sistemas Basados En Tecnologías De Iot.,1,22000.00,Servicios > Soluciones por Industria,"servicio,clientum"
,simple,SRV-6422,Servicios de desarrollo de aplicaciones de Internet de las Cosas (IoT),1,Servicios De Consultoría Y Desarrollo De Software Para Soluciones De Internet De Las Cosas.,Servicios De Consultoría Y Desarrollo De Software Para Soluciones De Internet De Las Cosas.,1,24000.00,Servicios > Soluciones por Industria,"servicio,clientum"
,simple,SRV-6438,Servicios de desarrollo de aplicaciones de realidad extendida para el sector industrial,1,"Servicios De Consultoría Y Construcción De Soluciones De Realidad Extendida Para Mejorar La Eficiencia, Seguridad Y Mantenimiento En Operaciones Industriales.","Servicios De Consultoría Y Construcción De Soluciones De Realidad Extendida Para Mejorar La Eficiencia, Seguridad Y Mantenimiento En Operaciones Industriales.",1,35000.00,Servicios > Soluciones por Industria,"servicio,clientum"
,simple,SRV-6444,Servicios de desarrollo de aplicaciones de inteligencia artificial para el sector retail,1,"Servicios De Consultoría Y Construcción De Soluciones De Ia Para La Optimización De Inventarios, Predicción De Demanda, Personalización De Ofertas Y Atención Al Cliente.","Servicios De Consultoría Y Construcción De Soluciones De Ia Para La Optimización De Inventarios, Predicción De Demanda, Personalización De Ofertas Y Atención Al Cliente.",1,28000.00,Servicios > Soluciones por Industria,"servicio,clientum"
,simple,SRV-6445,Servicios de implementación de soluciones de realidad extendida para el sector de la salud,1,"Servicios De Consultoría Y Despliegue De Tecnologías De Realidad Extendida Para La Visualización De Datos Médicos, Simulación De Intervenciones Y Terapias Inmersivas.","Servicios De Consultoría Y Despliegue De Tecnologías De Realidad Extendida Para La Visualización De Datos Médicos, Simulación De Intervenciones Y Terapias Inmersivas.",1,35000.00,Servicios > Soluciones por Industria,"servicio,clientum"
,simple,SRV-6446,Servicios de desarrollo de aplicaciones de blockchain para la cadena de suministro,1,"Servicios De Consultoría Y Construcción De Aplicaciones Blockchain Para La Automatización De Procesos, Gestión De Contratos Y Validación De Transacciones En La Cadena De Suministro.","Servicios De Consultoría Y Construcción De Aplicaciones Blockchain Para La Automatización De Procesos, Gestión De Contratos Y Validación De Transacciones En La Cadena De Suministro.",1,30000.00,Servicios > Soluciones por Industria,"servicio,clientum"
,simple,SRV-6450,Servicios de desarrollo de aplicaciones de inteligencia artificial para el sector financiero,1,"Servicios De Consultoría Y Construcción De Soluciones De Ia Para La Automatización De Decisiones De Inversión, Detección De Fraudes, Análisis De Riesgos Y Asesoramiento Financiero Personalizado.","Servicios De Consultoría Y Construcción De Soluciones De Ia Para La Automatización De Decisiones De Inversión, Detección De Fraudes, Análisis De Riesgos Y Asesoramiento Financiero Personalizado.",1,28000.00,Servicios > Soluciones por Industria,"servicio,clientum"
,simple,SRV-6451,Servicios de implementación de soluciones de analítica de big data para el sector manufacturero,1,"Servicios De Consultoría Y Despliegue De Soluciones De Analítica Avanzada De Big Data Para Optimizar La Eficiencia Operacional, La Calidad Y El Mantenimiento Predictivo En Procesos De Manufactura.","Servicios De Consultoría Y Despliegue De Soluciones De Analítica Avanzada De Big Data Para Optimizar La Eficiencia Operacional, La Calidad Y El Mantenimiento Predictivo En Procesos De Manufactura.",1,35000.00,Servicios > Soluciones por Industria,"servicio,clientum"
,simple,SRV-6452,Servicios de desarrollo de aplicaciones de realidad extendida para el sector de la construcción,1,"Servicios De Consultoría Y Construcción De Soluciones De Realidad Extendida Para La Visualización 3D De Proyectos, La Colaboración Remota Y La Capacitación De Trabajadores En Entornos De Construcción.","Servicios De Consultoría Y Construcción De Soluciones De Realidad Extendida Para La Visualización 3D De Proyectos, La Colaboración Remota Y La Capacitación De Trabajadores En Entornos De Construcción.",1,30000.00,Servicios > Soluciones por Industria,"servicio,clientum"
,simple,SRV-6609,Servicio de Limpieza Premium,1,Limpieza Integral Del Hogar Por Personal Experto.,Limpieza Integral Del Hogar Por Personal Experto.,1,50.00,Servicios > Soluciones por Industria,"servicio,clientum"
,simple,SRV-6610,Corte de Césped Estándar,1,Corte Básico De Césped Para Mantener El Jardín Cuidado.,Corte Básico De Césped Para Mantener El Jardín Cuidado.,1,25.00,Servicios > Soluciones por Industria,"servicio,clientum"
,simple,SRV-6611,Instalación de Aire Acondicionado,1,Instalación Profesional De Aire Acondicionado Para El Hogar.,Instalación Profesional De Aire Acondicionado Para El Hogar.,1,150.00,Servicios > Soluciones por Industria,"servicio,clientum"
,simple,SRV-6612,Reparación de Plomería,1,Solución Profesional A Problemas De Plomería En El Hogar.,Solución Profesional A Problemas De Plomería En El Hogar.,1,80.00,Servicios > Soluciones por Industria,"servicio,clientum"
,simple,SRV-6613,Pintura de Habitación,1,Renovación De Pintura En Una Habitación Del Hogar.,Renovación De Pintura En Una Habitación Del Hogar.,1,150.00,Servicios > Soluciones por Industria,"servicio,clientum"
,simple,SRV-6614,Mantenimiento de Jardín Básico,1,Cuidado Básico Del Jardín Para Mantenerlo Ordenado.,Cuidado Básico Del Jardín Para Mantenerlo Ordenado.,1,40.00,Servicios > Soluciones por Industria,"servicio,clientum"
,simple,SRV-6615,Mudanza Pequeña,1,Servicio De Mudanza Para Espacios Pequeños.,Servicio De Mudanza Para Espacios Pequeños.,1,120.00,Servicios > Soluciones por Industria,"servicio,clientum"
,simple,SRV-6616,Reparación de Electrodomésticos,1,Solución A Problemas En Electrodomésticos Del Hogar.,Solución A Problemas En Electrodomésticos Del Hogar.,1,70.00,Servicios > Soluciones por Industria,"servicio,clientum"
,simple,SRV-6617,Asesoría de Diseño de Interiores,1,Orientación Experta Para Mejorar El Diseño Y Estética Del Hogar.,Orientación Experta Para Mejorar El Diseño Y Estética Del Hogar.,1,100.00,Servicios > Soluciones por Industria,"servicio,clientum"
,simple,SRV-6618,Limpieza de Alfombras,1,Servicio De Limpieza Avanzada Para Recuperar El Aspecto De Las Alfombras.,Servicio De Limpieza Avanzada Para Recuperar El Aspecto De Las Alfombras.,1,80.00,Servicios > Soluciones por Industria,"servicio,clientum"
,simple,SRV-6619,Poda de Arboles,1,Servicio Profesional De Poda Y Recorte De Árboles Del Jardín.,Servicio Profesional De Poda Y Recorte De Árboles Del Jardín.,1,150.00,Servicios > Soluciones por Industria,"servicio,clientum"
,simple,SRV-6620,Mantenimiento de Piscina,1,Servicio Completo Para Mantener La Piscina En Óptimas Condiciones.,Servicio Completo Para Mantener La Piscina En Óptimas Condiciones.,1,60.00,Servicios > Soluciones por Industria,"servicio,clientum"
,simple,SRV-6621,Reparación de Cerraduras,1,Solución A Problemas Con Cerraduras Del Hogar.,Solución A Problemas Con Cerraduras Del Hogar.,1,40.00,Servicios > Soluciones por Industria,"servicio,clientum"
,simple,SRV-6622,Instalación de Cortinas,1,Instalación Profesional De Cortinas O Persianas En El Hogar.,Instalación Profesional De Cortinas O Persianas En El Hogar.,1,60.00,Servicios > Soluciones por Industria,"servicio,clientum"
,simple,SRV-6623,Limpieza de Ventanas,1,Servicio De Limpieza Profunda De Ventanas Del Hogar.,Servicio De Limpieza Profunda De Ventanas Del Hogar.,1,50.00,Servicios > Soluciones por Industria,"servicio,clientum"
,simple,SRV-6624,Servicio de Plomería,1,Solución A Problemas De Plomería En El Hogar.,Solución A Problemas De Plomería En El Hogar.,1,80.00,Servicios > Soluciones por Industria,"servicio,clientum"
,simple,SRV-6625,Pintura de Interiores,1,Servicio De Pintura Profesional Para Renovar Los Ambientes Interiores.,Servicio De Pintura Profesional Para Renovar Los Ambientes Interiores.,1,300.00,Servicios > Soluciones por Industria,"servicio,clientum"
,simple,SRV-6626,Instalación de Iluminación,1,Instalación Experta De Sistemas De Iluminación En El Hogar.,Instalación Experta De Sistemas De Iluminación En El Hogar.,1,120.00,Servicios > Soluciones por Industria,"servicio,clientum"
,simple,SRV-6627,Servicio de Jardinería Integral,1,Servicio Integral Para El Cuidado Y Embellecimiento Del Jardín.,Servicio Integral Para El Cuidado Y Embellecimiento Del Jardín.,1,220.00,Servicios > Soluciones por Industria,"servicio,clientum"
,simple,SRV-6628,Limpieza de Chimeneas,1,Servicio Especializado Para Mantener En Buen Estado Las Chimeneas.,Servicio Especializado Para Mantener En Buen Estado Las Chimeneas.,1,90.00,Servicios > Soluciones por Industria,"servicio,clientum"
,simple,SRV-6629,Instalación de Electrodomésticos,1,Instalación Profesional De Electrodomésticos En El Hogar.,Instalación Profesional De Electrodomésticos En El Hogar.,1,80.00,Servicios > Soluciones por Industria,"servicio,clientum"
,simple,SRV-6630,Reparación de Muebles,1,Solución A Problemas Y Daños En Muebles Del Hogar.,Solución A Problemas Y Daños En Muebles Del Hogar.,1,150.00,Servicios > Soluciones por Industria,"servicio,clientum"
,simple,SRV-6631,Mudanza Local,1,Mudanza Local Eficiente Y Confiable Para El Hogar.,Mudanza Local Eficiente Y Confiable Para El Hogar.,1,300.00,Servicios > Soluciones por Industria,"servicio,clientum"
,simple,SRV-6632,Poda de Árboles,1,Poda Profesional Para Mantener Árboles Sanos Y Cuidados.,Poda Profesional Para Mantener Árboles Sanos Y Cuidados.,1,200.00,Servicios > Soluciones por Industria,"servicio,clientum"
,simple,SRV-6633,Mantenimiento de Aire Acondicionado,1,Mantenimiento Preventivo Para Un Aire Acondicionado Eficiente.,Mantenimiento Preventivo Para Un Aire Acondicionado Eficiente.,1,90.00,Servicios > Soluciones por Industria,"servicio,clientum"
,simple,SRV-6634,Pintura Interior,1,Renovación Y Cambio De Imagen De Los Espacios Interiores.,Renovación Y Cambio De Imagen De Los Espacios Interiores.,1,300.00,Servicios > Soluciones por Industria,"servicio,clientum"
,simple,SRV-6635,Tapizado de Muebles,1,Actualización Del Tapizado Para Renovar La Apariencia De Muebles.,Actualización Del Tapizado Para Renovar La Apariencia De Muebles.,1,400.00,Servicios > Soluciones por Industria,"servicio,clientum"
,simple,SRV-6948,Desarrollo de Soluciones para Distribuidores y Mayoristas,1,Soluciones Para Distribuidores Y Mayoristas,Soluciones Para Distribuidores Y Mayoristas,1,5000.00,Servicios > Soluciones por Industria,"servicio,clientum"
,simple,SRV-6949,Implementación de Tecnologías Avanzadas para la Agroindustria,1,Tecnologías Para Agroindustria,Tecnologías Para Agroindustria,1,7000.00,Servicios > Soluciones por Industria,"servicio,clientum"
,simple,SRV-6956,Technology Advanced for Agroindustry,1,Tecnología Agroindustria,Tecnología Agroindustria,1,3000.00,Servicios > Soluciones por Industria,"servicio,clientum"
,simple,SRV-6957,Soluciones por Industria,1,,,1,7.50,Servicios > Soluciones por Industria,"servicio,clientum"
,simple,SRV-6959,Consultoría Inicial para Minoristas,1,,,1,500.00,Servicios > Soluciones por Industria,"servicio,clientum"
,simple,SRV-6960,Implementación de Gestión de Inventarios para Minoristas,1,,,1,800.00,Servicios > Soluciones por Industria,"servicio,clientum"
,simple,SRV-6961,Personalización de Plataforma para Minoristas,1,,,1,300.00,Servicios > Soluciones por Industria,"servicio,clientum"
,simple,SRV-6962,Planificación de Producción para Minoristas,1,,,1,1200.00,Servicios > Soluciones por Industria,"servicio,clientum"
,simple,SRV-6963,Evaluación de Estrategias de Mercado para Minoristas,1,Evaluación De Estrategias De Mercado Para Minoristas,Evaluación De Estrategias De Mercado Para Minoristas,1,800.00,Servicios > Soluciones por Industria,"servicio,clientum"
,simple,SRV-6964,Soporte Operativo Anual para Minoristas,1,Soporte Operativo Anual Para Minoristas,Soporte Operativo Anual Para Minoristas,1,1500.00,Servicios > Soluciones por Industria,"servicio,clientum"
,simple,SRV-6965,Auditoría de Sistemas para Minoristas,1,Auditoría De Sistemas Para Minoristas,Auditoría De Sistemas Para Minoristas,1,1300.00,Servicios > Soluciones por Industria,"servicio,clientum"
,simple,SRV-6966,Optimización de Procesos para Minoristas,1,Optimización De Procesos Para Minoristas,Optimización De Procesos Para Minoristas,1,1000.00,Servicios > Soluciones por Industria,"servicio,clientum"
,simple,SRV-6967,Capacitación en Gestión para Minoristas,1,Capacitación En Gestión Para Minoristas,Capacitación En Gestión Para Minoristas,1,1000.00,Servicios > Soluciones por Industria,"servicio,clientum"
,simple,SRV-6968,Desarrollo de Estrategias de Expansión para Minoristas,1,Desarrollo De Estrategias De Expansión Para Minoristas,Desarrollo De Estrategias De Expansión Para Minoristas,1,1200.00,Servicios > Soluciones por Industria,"servicio,clientum"
,simple,SRV-6969,Solución para Minoristas (B2C),1,Solución B2C Para Minoristas.,Solución B2C Para Minoristas.,1,4000.00,Servicios > Soluciones por Industria,"servicio,clientum"
,simple,SRV-6970,Solución para Mayoristas (B2B),1,Solución B2B Para Mayoristas.,Solución B2B Para Mayoristas.,1,4500.00,Servicios > Soluciones por Industria,"servicio,clientum"
,simple,SRV-6971,Optimización para Manufactura,1,Optimización En Manufactura.,Optimización En Manufactura.,1,5000.00,Servicios > Soluciones por Industria,"servicio,clientum"
,simple,SRV-6972,Integración para Minoristas,1,Integración De Ecommerce Para Minoristas.,Integración De Ecommerce Para Minoristas.,1,2000.00,Servicios > Soluciones por Industria,"servicio,clientum"
,simple,SRV-6973,Control para Agroindustria,1,Control De Costos Para Agroindustria.,Control De Costos Para Agroindustria.,1,1800.00,Servicios > Soluciones por Industria,"servicio,clientum"
,simple,SRV-6974,Gestión para Distribuidores y Mayoristas,1,Gestión Logística Y De Stock Para Distribuidores.,Gestión Logística Y De Stock Para Distribuidores.,1,2200.00,Servicios > Soluciones por Industria,"servicio,clientum"
,simple,SRV-6975,Soluciones Para Servicios,1,Soluciones De Facturación Para Servicios.,Soluciones De Facturación Para Servicios.,1,1500.00,Servicios > Soluciones por Industria,"servicio,clientum"
,simple,SRV-7423,Gestión de Cultivos,1,,,1,0.00,Servicios > Soluciones por Industria,"servicio,clientum"
,simple,SRV-7472,¡Llévate el mejor sonido a un precio increíble! Parlante Bluetooth por solo $300,1,"¡300 pesos, una inversión que vale la pena!","¡300 pesos, una inversión que vale la pena!",1,2500.00,Servicios > Soluciones por Industria,"servicio,clientum"
,simple,SRV-7474,$80,1,,,1,40.00,Servicios > Soluciones por Industria,"servicio,clientum"
,simple,SRV-7499,Básica: La solución integral para tus necesidades de belleza,1,"Básica: la prenda esencial para tu armario. Su diseño minimalista y versátil te permite crear infinitos looks, desde los más casuales hasta los más elegantes.","Básica: la prenda esencial para tu armario. Su diseño minimalista y versátil te permite crear infinitos looks, desde los más casuales hasta los más elegantes.",1,0.00,Servicios > Soluciones por Industria,"servicio,clientum"
,simple,SRV-7502,¡Increíble oferta! $1.500: El mejor precio para un producto de calidad excepcional,1,1.500 pesos: una inversión en tu futuro,1.500 pesos: una inversión en tu futuro,1,10000.00,Servicios > Soluciones por Industria,"servicio,clientum"
,simple,SRV-7503,¡Llévate el tuyo por solo $500!,1,"¡500 pesos, una oportunidad única para transformar tu vida!","¡500 pesos, una oportunidad única para transformar tu vida!",1,3500.00,Servicios > Soluciones por Industria,"servicio,clientum"
,simple,SRV-7505,¡Llévate el tuyo por solo $100!,1,100 pesos: un billete con historia y valor,100 pesos: un billete con historia y valor,1,40.00,Servicios > Soluciones por Industria,"servicio,clientum"
,simple,SRV-7596,Servicio,1,Nombre Corto,Nombre Corto,1,0.00,Servicios > Soluciones por Industria,"servicio,clientum"
,simple,SRV-7601,Implementación de soluciones de gestión energética,1,Soluciones De Gestión Energética,Soluciones De Gestión Energética,1,900.00,Servicios > Soluciones por Industria,"servicio,clientum"
,simple,SRV-7605,Desarrollo de soluciones de telemedicina,1,Desarrollo De Soluciones De Telemedicina,Desarrollo De Soluciones De Telemedicina,1,1400.00,Servicios > Soluciones por Industria,"servicio,clientum"
,simple,SRV-7608,Implementación de soluciones de IoT,1,Soluciones De Iot,Soluciones De Iot,1,1300.00,Servicios > Soluciones por Industria,"servicio,clientum"
,simple,SRV-7622,Consultoría en desarrollo de productos,1,Consultoría En Desarrollo De Productos,Consultoría En Desarrollo De Productos,1,800.00,Servicios > Soluciones por Industria,"servicio,clientum"
,simple,SRV-7623,Desarrollo de soluciones de Internet de las Cosas (IoT),1,Soluciones De Iot,Soluciones De Iot,1,2000.00,Servicios > Soluciones por Industria,"servicio,clientum"
,simple,SRV-7626,Consultoría en sostenibilidad y responsabilidad social,1,Consultoría En Sostenibilidad,Consultoría En Sostenibilidad,1,1000.00,Servicios > Soluciones por Industria,"servicio,clientum"
,simple,SRV-7630,Consultoría en estrategia de negocio,1,Consultoría En Estrategia De Negocio,Consultoría En Estrategia De Negocio,1,1300.00,Servicios > Soluciones por Industria,"servicio,clientum"
,simple,SRV-7633,Desarrollo de soluciones de tecnología financiera (FinTech),1,Soluciones Fintech,Soluciones Fintech,1,2000.00,Servicios > Soluciones por Industria,"servicio,clientum"
,simple,SRV-7634,Consultoría en gestión de la cadena de suministro,1,Consultoría En Cadena De Suministro,Consultoría En Cadena De Suministro,1,1100.00,Servicios > Soluciones por Industria,"servicio,clientum"
,simple,SRV-7646,Consultoría en Transformación Digital,1,Transformación Digital,Transformación Digital,1,0.00,Servicios > Soluciones por Industria,"servicio,clientum"
,simple,SRV-7648,Consultoría en Inteligencia Artificial y Aprendizaje Automático,1,Consultoría En Ia Y Ml.,Consultoría En Ia Y Ml.,1,0.00,Servicios > Soluciones por Industria,"servicio,clientum"
,simple,SRV-7654,Consultoría en Estrategia y Transformación Digital,1,Estrategia Y Transformación Digital,Estrategia Y Transformación Digital,1,0.00,Servicios > Soluciones por Industria,"servicio,clientum"
,simple,SRV-7658,Consultoría en Gestión de la Innovación y Desarrollo de Nuevos Productos/Servicios,1,Gestión De La Innovación.,Gestión De La Innovación.,1,0.00,Servicios > Soluciones por Industria,"servicio,clientum"
,simple,SRV-7684,IT Consultancy,1,Consultoría It,Consultoría It,1,0.00,Servicios > Soluciones por Industria,"servicio,clientum"
,simple,SRV-7698,Consultoría en inteligencia artificial,1,Ia Y Aprendizaje Automático,Ia Y Aprendizaje Automático,1,0.00,Servicios > Soluciones por Industria,"servicio,clientum"
,simple,SRV-7704,Estrategia y transformación digital,1,Estrategia Y Transformación Digital,Estrategia Y Transformación Digital,1,0.00,Servicios > Soluciones por Industria,"servicio,clientum"
,simple,SRV-7708,Gestión de la innovación,1,Gestión De La Innovación.,Gestión De La Innovación.,1,0.00,Servicios > Soluciones por Industria,"servicio,clientum"
,simple,SRV-7713,Realidad Aumentada y Virtual: Experiencias Inmersivas para Mejorar la Experiencia del Usuario,1,Realidad Aumentada y Virtual: Una nueva dimensión de experiencias,Realidad Aumentada y Virtual: Una nueva dimensión de experiencias,1,0.00,Servicios > Soluciones por Industria,"servicio,clientum"
,simple,SRV-7716,Inteligencia artificial aplicada,1,Ia Aplicada,Ia Aplicada,1,0.00,Servicios > Soluciones por Industria,"servicio,clientum"
,simple,SRV-7723,Servicios de Diseño y Desarrollo de Soluciones de Realidad Aumentada y Virtual,1,Realidad Aumentada Y Virtual,Realidad Aumentada Y Virtual,1,0.00,Servicios > Soluciones por Industria,"servicio,clientum"
,simple,SRV-7733,Consultoría en estrategia y arquitectura empresarial,1,Consultoría En Estrategia Y Arquitectura Empresarial,Consultoría En Estrategia Y Arquitectura Empresarial,1,0.00,Servicios > Soluciones por Industria,"servicio,clientum"
,simple,SRV-7736,Consultoría en transformación digital y adopción de nuevas tecnologías,1,Transformación Digital Y Adopción Tecnológica,Transformación Digital Y Adopción Tecnológica,1,0.00,Servicios > Soluciones por Industria,"servicio,clientum"
,simple,SRV-7748,Consultoría en innovación y desarrollo de nuevos modelos de negocio digitales,1,Innovación Y Modelos De Negocio Digitales,Innovación Y Modelos De Negocio Digitales,1,0.00,Servicios > Soluciones por Industria,"servicio,clientum"
,simple,SRV-7753,Consultoría en estrategia y transformación digital para la adopción de tecnologías emergentes,1,Estrategia Y Transformación Digital,Estrategia Y Transformación Digital,1,0.00,Servicios > Soluciones por Industria,"servicio,clientum"
,simple,SRV-7759,Servicios de diseño y desarrollo de aplicaciones de Internet de las Cosas (IoT) para optimizar operaciones y procesos,1,Desarrollo De Software,Desarrollo De Software,1,0.00,Servicios > Soluciones por Industria,"servicio,clientum"
,simple,SRV-7768,Consultoría en estrategia y transformación digital para la adopción de tecnologías innovadoras,1,Consultoría,Consultoría,1,0.00,Servicios > Soluciones por Industria,"servicio,clientum"
,simple,SRV-7781,Servicios de Diseño y Desarrollo de Aplicaciones IoT,1,Aplicaciones De Iot Para Operaciones,Aplicaciones De Iot Para Operaciones,1,0.00,Servicios > Soluciones por Industria,"servicio,clientum"
,simple,SRV-7806,Innovación y nuevos modelos de negocio digitales,1,Innovación Y Desarrollo De Nuevos Modelos De Negocio Digitales.,Innovación Y Desarrollo De Nuevos Modelos De Negocio Digitales.,1,0.00,Servicios > Soluciones por Industria,"servicio,clientum"
,simple,SRV-7808,Inteligencia artificial y aprendizaje automático,1,Soluciones De Ia Y Ml Para Automatización De Procesos.,Soluciones De Ia Y Ml Para Automatización De Procesos.,1,0.00,Servicios > Soluciones por Industria,"servicio,clientum"
,simple,SRV-7813,Aplicaciones de Internet de las Cosas (IoT),1,Desarrollo De Aplicaciones De Iot.,Desarrollo De Aplicaciones De Iot.,1,0.00,Servicios > Soluciones por Industria,"servicio,clientum"
,simple,SRV-7816,Implementación de Sistemas de Inteligencia Artificial,1,Sistemas De Ia,Sistemas De Ia,1,0.00,Servicios > Soluciones por Industria,"servicio,clientum"
,simple,SRV-7817,Consultoría en Blockchain,1,Soluciones Blockchain,Soluciones Blockchain,1,0.00,Servicios > Soluciones por Industria,"servicio,clientum"
,simple,SRV-8012,Soluciones de IA para la Industria del Retail,1,Soluciones De Ia Para El Sector Retail,Soluciones De Ia Para El Sector Retail,1,0.00,Servicios > Soluciones por Industria,"servicio,clientum"
,simple,SRV-8013,"Soluciones de IA para la Salud: Diagnóstico Preciso, Tratamiento Personalizado y Atención Mejorada",1,"Soluciones de IA para la industria de la salud: Diagnóstico mejorado, tratamiento personalizado, monitoreo remoto y automatización de tareas para una mejor atención al paciente, reducción de costos y acceso mejorado.","Soluciones de IA para la industria de la salud: Diagnóstico mejorado, tratamiento personalizado, monitoreo remoto y automatización de tareas para una mejor atención al paciente, reducción de costos y acceso mejorado.",1,0.00,Servicios > Soluciones por Industria,"servicio,clientum"
,simple,SRV-8063,Desarrollo de soluciones de inteligencia artificial,1,"Servicios De Creación De Soluciones De Ia Para Automatización, Análisis Y Toma De Decisiones.","Servicios De Creación De Soluciones De Ia Para Automatización, Análisis Y Toma De Decisiones.",1,0.00,Servicios > Soluciones por Industria,"servicio,clientum"
,simple,SRV-8066,Desarrollo de soluciones blockchain,1,Servicios De Creación De Soluciones Blockchain Para Diversos Sectores Y Casos De Uso.,Servicios De Creación De Soluciones Blockchain Para Diversos Sectores Y Casos De Uso.,1,0.00,Servicios > Soluciones por Industria,"servicio,clientum"
,simple,SRV-8068,Desarrollo de soluciones de realidad aumentada,1,Servicios De Creación De Soluciones De Realidad Aumentada Para Aplicaciones Empresariales Y De Consumo.,Servicios De Creación De Soluciones De Realidad Aumentada Para Aplicaciones Empresariales Y De Consumo.,1,0.00,Servicios > Soluciones por Industria,"servicio,clientum"
,simple,SRV-8069,Desarrollo de soluciones de Internet of Things (IoT),1,"Servicios De Creación De Soluciones De Internet Of Things Para Automatización, Monitoreo Y Control.","Servicios De Creación De Soluciones De Internet Of Things Para Automatización, Monitoreo Y Control.",1,0.00,Servicios > Soluciones por Industria,"servicio,clientum"
,simple,SRV-8080,Desarrollo de soluciones de realidad virtual,1,Servicios De Creación De Soluciones De Realidad Virtual Para Entornos Empresariales Y De Consumo.,Servicios De Creación De Soluciones De Realidad Virtual Para Entornos Empresariales Y De Consumo.,1,0.00,Servicios > Soluciones por Industria,"servicio,clientum"
,simple,SRV-8084,Desarrollo de soluciones de blockchain,1,"Servicios De Creación De Soluciones Blockchain Para Áreas Como Finanzas, Cadena De Suministro Y Certificación.","Servicios De Creación De Soluciones Blockchain Para Áreas Como Finanzas, Cadena De Suministro Y Certificación.",1,0.00,Servicios > Soluciones por Industria,"servicio,clientum"
,simple,SRV-8085,Desarrollo de sistemas de Internet de las Cosas (IoT),1,"Servicios De Creación De Soluciones Iot Para Automatización, Monitoreo Y Control De Dispositivos.","Servicios De Creación De Soluciones Iot Para Automatización, Monitoreo Y Control De Dispositivos.",1,0.00,Servicios > Soluciones por Industria,"servicio,clientum"
,simple,SRV-8090,Desarrollo de soluciones de aprendizaje automático (machine learning),1,Servicios De Desarrollo De Soluciones De Machine Learning Para Resolver Problemas Empresariales.,Servicios De Desarrollo De Soluciones De Machine Learning Para Resolver Problemas Empresariales.,1,0.00,Servicios > Soluciones por Industria,"servicio,clientum"
,simple,SRV-8105,Servicios de desarrollo de soluciones de IoT,1,Servicios De Creación De Soluciones De Internet De Las Cosas (Iot) Para Diferentes Sectores.,Servicios De Creación De Soluciones De Internet De Las Cosas (Iot) Para Diferentes Sectores.,1,0.00,Servicios > Soluciones por Industria,"servicio,clientum"
,simple,SRV-8106,Servicios de desarrollo de blockchain y smart contracts,1,Servicios De Consultoría Y Desarrollo De Proyectos Blockchain Y Smart Contracts.,Servicios De Consultoría Y Desarrollo De Proyectos Blockchain Y Smart Contracts.,1,0.00,Servicios > Soluciones por Industria,"servicio,clientum"
,simple,SRV-8107,Servicios de desarrollo de aplicaciones de realidad aumentada y virtual,1,Servicios De Diseño Y Desarrollo De Soluciones De Realidad Aumentada Y Virtual Para Diversos Sectores.,Servicios De Diseño Y Desarrollo De Soluciones De Realidad Aumentada Y Virtual Para Diversos Sectores.,1,0.00,Servicios > Soluciones por Industria,"servicio,clientum"
,simple,SRV-8114,Servicios de desarrollo de soluciones de inteligencia artificial y machine learning,1,Servicios De Creación De Soluciones Avanzadas De Ia Y Machine Learning Para Diversas Industrias.,Servicios De Creación De Soluciones Avanzadas De Ia Y Machine Learning Para Diversas Industrias.,1,0.00,Servicios > Soluciones por Industria,"servicio,clientum"
,simple,SRV-8124,Servicios de implementación de soluciones de internet de las cosas (IoT),1,Servicios De Consultoría Y Desarrollo De Aplicaciones Y Sistemas Basados En Tecnologías De Iot.,Servicios De Consultoría Y Desarrollo De Aplicaciones Y Sistemas Basados En Tecnologías De Iot.,1,0.00,Servicios > Soluciones por Industria,"servicio,clientum"
,simple,SRV-8125,Servicios de desarrollo de software blockchain y smart contracts,1,"Servicios De Diseño, Desarrollo E Implementación De Sistemas Y Aplicaciones Blockchain.","Servicios De Diseño, Desarrollo E Implementación De Sistemas Y Aplicaciones Blockchain.",1,0.00,Servicios > Soluciones por Industria,"servicio,clientum"
,simple,SRV-8127,Servicios de implementación de soluciones de inteligencia artificial y machine learning,1,"Servicios De Consultoría Y Despliegue De Soluciones De Inteligencia Artificial, Aprendizaje De Máquina Y Procesamiento De Datos.","Servicios De Consultoría Y Despliegue De Soluciones De Inteligencia Artificial, Aprendizaje De Máquina Y Procesamiento De Datos.",1,0.00,Servicios > Soluciones por Industria,"servicio,clientum"
,simple,SRV-8128,Servicios de implementación de soluciones de realidad aumentada y realidad virtual,1,Servicios De Consultoría Y Despliegue De Soluciones De Realidad Extendida Para Diversos Sectores Y Casos De Uso.,Servicios De Consultoría Y Despliegue De Soluciones De Realidad Extendida Para Diversos Sectores Y Casos De Uso.,1,0.00,Servicios > Soluciones por Industria,"servicio,clientum"
,simple,SRV-8131,Servicios de desarrollo de aplicaciones de realidad extendida (XR),1,Servicios De Consultoría Y Construcción De Experiencias Interactivas En Entornos Virtuales Y Aumentados.,Servicios De Consultoría Y Construcción De Experiencias Interactivas En Entornos Virtuales Y Aumentados.,1,0.00,Servicios > Soluciones por Industria,"servicio,clientum"
,simple,SRV-8133,Servicios de desarrollo de aplicaciones de Internet de las Cosas (IoT),1,Servicios De Consultoría Y Desarrollo De Software Para Soluciones De Internet De Las Cosas.,Servicios De Consultoría Y Desarrollo De Software Para Soluciones De Internet De Las Cosas.,1,0.00,Servicios > Soluciones por Industria,"servicio,clientum"
,simple,SRV-8135,Servicios de desarrollo e implementación de soluciones de blockchain,1,Servicios De Consultoría Y Desarrollo De Soluciones Descentralizadas Y Seguras Utilizando Blockchain.,Servicios De Consultoría Y Desarrollo De Soluciones Descentralizadas Y Seguras Utilizando Blockchain.,1,0.00,Servicios > Soluciones por Industria,"servicio,clientum"
,simple,SRV-8141,Servicios de desarrollo de aplicaciones de realidad extendida para el metaverso,1,"Servicios De Consultoría Y Construcción De Soluciones De Realidad Aumentada, Virtual Y Mixta Para Entornos Virtuales Compartidos.","Servicios De Consultoría Y Construcción De Soluciones De Realidad Aumentada, Virtual Y Mixta Para Entornos Virtuales Compartidos.",1,0.00,Servicios > Soluciones por Industria,"servicio,clientum"
,simple,SRV-8143,Servicios de desarrollo de aplicaciones de inteligencia artificial generativa,1,"Servicios De Consultoría Y Construcción De Soluciones De Ia Para La Generación De Contenido, Ideas Y Análisis Personalizados.","Servicios De Consultoría Y Construcción De Soluciones De Ia Para La Generación De Contenido, Ideas Y Análisis Personalizados.",1,0.00,Servicios > Soluciones por Industria,"servicio,clientum"
,simple,SRV-8145,Servicios de implementación de soluciones de inteligencia artificial y aprendizaje automático,1,"Servicios De Consultoría Y Despliegue De Soluciones De Ia Para La Automatización De Procesos, Predicción De Tendencias Y Toma De Decisiones.","Servicios De Consultoría Y Despliegue De Soluciones De Ia Para La Automatización De Procesos, Predicción De Tendencias Y Toma De Decisiones.",1,0.00,Servicios > Soluciones por Industria,"servicio,clientum"
,simple,SRV-8149,Servicios de desarrollo de aplicaciones de realidad extendida para el sector industrial,1,"Servicios De Consultoría Y Construcción De Soluciones De Realidad Extendida Para Mejorar La Eficiencia, Seguridad Y Mantenimiento En Operaciones Industriales.","Servicios De Consultoría Y Construcción De Soluciones De Realidad Extendida Para Mejorar La Eficiencia, Seguridad Y Mantenimiento En Operaciones Industriales.",1,0.00,Servicios > Soluciones por Industria,"servicio,clientum"
,simple,SRV-8155,Servicios de desarrollo de aplicaciones de inteligencia artificial para el sector retail,1,"Servicios De Consultoría Y Construcción De Soluciones De Ia Para La Optimización De Inventarios, Predicción De Demanda, Personalización De Ofertas Y Atención Al Cliente.","Servicios De Consultoría Y Construcción De Soluciones De Ia Para La Optimización De Inventarios, Predicción De Demanda, Personalización De Ofertas Y Atención Al Cliente.",1,0.00,Servicios > Soluciones por Industria,"servicio,clientum"
,simple,SRV-8156,Servicios de implementación de soluciones de realidad extendida para el sector de la salud,1,"Servicios De Consultoría Y Despliegue De Tecnologías De Realidad Extendida Para La Visualización De Datos Médicos, Simulación De Intervenciones Y Terapias Inmersivas.","Servicios De Consultoría Y Despliegue De Tecnologías De Realidad Extendida Para La Visualización De Datos Médicos, Simulación De Intervenciones Y Terapias Inmersivas.",1,0.00,Servicios > Soluciones por Industria,"servicio,clientum"
,simple,SRV-8157,Servicios de desarrollo de aplicaciones de blockchain para la cadena de suministro,1,"Servicios De Consultoría Y Construcción De Aplicaciones Blockchain Para La Automatización De Procesos, Gestión De Contratos Y Validación De Transacciones En La Cadena De Suministro.","Servicios De Consultoría Y Construcción De Aplicaciones Blockchain Para La Automatización De Procesos, Gestión De Contratos Y Validación De Transacciones En La Cadena De Suministro.",1,0.00,Servicios > Soluciones por Industria,"servicio,clientum"
,simple,SRV-8161,Servicios de desarrollo de aplicaciones de inteligencia artificial para el sector financiero,1,"Servicios De Consultoría Y Construcción De Soluciones De Ia Para La Automatización De Decisiones De Inversión, Detección De Fraudes, Análisis De Riesgos Y Asesoramiento Financiero Personalizado.","Servicios De Consultoría Y Construcción De Soluciones De Ia Para La Automatización De Decisiones De Inversión, Detección De Fraudes, Análisis De Riesgos Y Asesoramiento Financiero Personalizado.",1,0.00,Servicios > Soluciones por Industria,"servicio,clientum"
,simple,SRV-8162,Servicios de implementación de soluciones de analítica de big data para el sector manufacturero,1,"Servicios De Consultoría Y Despliegue De Soluciones De Analítica Avanzada De Big Data Para Optimizar La Eficiencia Operacional, La Calidad Y El Mantenimiento Predictivo En Procesos De Manufactura.","Servicios De Consultoría Y Despliegue De Soluciones De Analítica Avanzada De Big Data Para Optimizar La Eficiencia Operacional, La Calidad Y El Mantenimiento Predictivo En Procesos De Manufactura.",1,0.00,Servicios > Soluciones por Industria,"servicio,clientum"
,simple,SRV-8163,Servicios de desarrollo de aplicaciones de realidad extendida para el sector de la construcción,1,"Servicios De Consultoría Y Construcción De Soluciones De Realidad Extendida Para La Visualización 3D De Proyectos, La Colaboración Remota Y La Capacitación De Trabajadores En Entornos De Construcción.","Servicios De Consultoría Y Construcción De Soluciones De Realidad Extendida Para La Visualización 3D De Proyectos, La Colaboración Remota Y La Capacitación De Trabajadores En Entornos De Construcción.",1,0.00,Servicios > Soluciones por Industria,"servicio,clientum"
,simple,PLN-inicial,Plan Inicial,1,Para emprendedores y pequeños negocios.,Para emprendedores y pequeños negocios. Web: Landing page responsiva | CRM/ERP: Embudo básico (200 cont.) | Seguridad: Respaldos mensuales | IA & BI: Bot de bienvenida fijo,1,20.00,Planes > Suscripción mensual,"plan,suscripcion,clientum"
,simple,PLN-pyme,Plan PyME,1,Para comercios con ventas activas.,Para comercios con ventas activas. Web: Tienda online estándar | CRM/ERP: Stock + AFIP (1.000 cont.) | Seguridad: Cifrado de base de datos | IA & BI: Bot WhatsApp con FAQs,1,45.00,Planes > Suscripción mensual,"plan,suscripcion,clientum"
,simple,PLN-pro,Plan Pro,1,"Para automatizar con IA, bots y facturación.","Para automatizar con IA, bots y facturación. Web: E-Commerce premium total | CRM/ERP: Multi-embudo ilimitado | Seguridad: Auditorías de software | IA & BI: Agente IA & BI avanzado",1,80.00,Planes > Suscripción mensual,"plan,suscripcion,clientum"
,simple,PLN-corporativo,Corporativo,1,Para empresas con múltiples canales activos.,Para empresas con múltiples canales activos. Web: Portal B2B + Web integral | CRM/ERP: Pipeline multi-sucursal | Seguridad: Hardening y firewall | IA & BI: Analítica predictiva & bots,1,150.00,Planes > Suscripción mensual,"plan,suscripcion,clientum"
,simple,PLN-especializado,Especializado,1,Infraestructura y desarrollos a medida.,Infraestructura y desarrollos a medida. Web: Apps web & mobile infinitas | CRM/ERP: Integraciones ERP legacy | Seguridad: SOC activo 24/7 dedicado | IA & BI: Modelos LLM corporativos,1,250.00,Planes > Suscripción mensual,"plan,suscripcion,clientum"
,simple,CRS-341,Nutrition: Build Your Perfect Diet & Meal Plan,1,"Learn How To Build The Perfect Diet & Meal Plan For Improved Health, Better Weight Loss And More Muscle Gains Hi, I'm Felix Harder fitness and dieting coach and amazon best selling author. My ""Nutriti","Learn How To Build The Perfect Diet & Meal Plan For Improved Health, Better Weight Loss And More Muscle Gains Hi, I'm Felix Harder fitness and dieting coach and amazon best selling author. My ""Nutriti",1,0,Cursos > Campus Virtual,"curso,capacitacion,clientum"
,simple,CRS-1136,Crea tu Tienda Online ¡YA! con Woocommerce,1,Vende más que nunca y despídete del trabajo tradicional.,Vende más que nunca y despídete del trabajo tradicional.,1,0,Cursos > Campus Virtual,"curso,capacitacion,clientum"
,simple,CRS-1137,Automatiza tu Negocio y Multiplica tu Tiempo Libre,1,"¡Adiós al estrés, hola a la eficiencia y la productividad!","¡Adiós al estrés, hola a la eficiencia y la productividad!",1,0,Cursos > Campus Virtual,"curso,capacitacion,clientum"
,simple,CRS-1138,Dolibarr ERP/CRM,1,Gestiona tu empresa como un CEO y domina tus finanzas al 100%.,Gestiona tu empresa como un CEO y domina tus finanzas al 100%.,1,0,Cursos > Campus Virtual,"curso,capacitacion,clientum"
,simple,CRS-1139,Zapier e Integromat,1,"Conecta tus apps favoritas, automatiza tareas y trabaja como un ninja.","Conecta tus apps favoritas, automatiza tareas y trabaja como un ninja.",1,0,Cursos > Campus Virtual,"curso,capacitacion,clientum"
,simple,CRS-1140,SEO Avanzado,1,Posiciona tu web en el TOP de Google y recibe miles de visitas sin esfuerzo.,Posiciona tu web en el TOP de Google y recibe miles de visitas sin esfuerzo.,1,0,Cursos > Campus Virtual,"curso,capacitacion,clientum"
,simple,CRS-1141,Ciberseguridad para Pymes,1,Protege tu negocio de hackers y duerme tranquilo por la noche.,Protege tu negocio de hackers y duerme tranquilo por la noche.,1,0,Cursos > Campus Virtual,"curso,capacitacion,clientum"
,simple,CRS-1142,Comunicación Empresarial Efectiva,1,"Domina el arte de hablar en público, convence a tus clientes y logra tus objetivos.","Domina el arte de hablar en público, convence a tus clientes y logra tus objetivos.",1,0,Cursos > Campus Virtual,"curso,capacitacion,clientum"
,simple,CRS-1143,Ventas Ninja,1,"Aprende a vender como un profesional, aumenta tus ingresos al máximo y alcanza la libertad financiera.","Aprende a vender como un profesional, aumenta tus ingresos al máximo y alcanza la libertad financiera.",1,0,Cursos > Campus Virtual,"curso,capacitacion,clientum"
,simple,CRS-1144,Gestiona tu Tiempo y Multiplica tu Productividad,1,"¡Haz más en menos tiempo, conquista tus metas y disfruta de la vida!","¡Haz más en menos tiempo, conquista tus metas y disfruta de la vida!",1,0,Cursos > Campus Virtual,"curso,capacitacion,clientum"
,simple,CRS-1145,Inteligencia Emocional para el Éxito,1,"Desarrolla tu potencial, alcanza el éxito personal y profesional, y vive una vida plena.","Desarrolla tu potencial, alcanza el éxito personal y profesional, y vive una vida plena.",1,0,Cursos > Campus Virtual,"curso,capacitacion,clientum"
,simple,CRS-1146,Liderazgo Inspirador,1,"Conviértete en un líder que motiva, guía equipos hacia el éxito y crea un ambiente de trabajo excepcional.","Conviértete en un líder que motiva, guía equipos hacia el éxito y crea un ambiente de trabajo excepcional.",1,0,Cursos > Campus Virtual,"curso,capacitacion,clientum"
,simple,CRS-1147,Negociación Ganadora,1,"Domina el arte de negociar, consigue acuerdos que te beneficien y alcanza tus objetivos.","Domina el arte de negociar, consigue acuerdos que te beneficien y alcanza tus objetivos.",1,0,Cursos > Campus Virtual,"curso,capacitacion,clientum"
,simple,CRS-1148,Apps Móviles Rentables,1,"Crea apps que enamoran a los usuarios, generan ingresos y te convierten en un desarrollador codiciado.","Crea apps que enamoran a los usuarios, generan ingresos y te convierten en un desarrollador codiciado.",1,0,Cursos > Campus Virtual,"curso,capacitacion,clientum"
,simple,CRS-1149,Programación Web con Python,1,"Conviértete en un desarrollador web codiciado, crea sitios web increíbles y trabaja desde cualquier lugar.","Conviértete en un desarrollador web codiciado, crea sitios web increíbles y trabaja desde cualquier lugar.",1,0,Cursos > Campus Virtual,"curso,capacitacion,clientum"
,simple,CRS-1150,Automatiza tu Ecommerce y Dispara tus Ventas,1,¡Vende más sin trabajar más y disfruta de tu tiempo libre!,¡Vende más sin trabajar más y disfruta de tu tiempo libre!,1,0,Cursos > Campus Virtual,"curso,capacitacion,clientum"
,simple,CRS-1151,Finanzas para Emprendedores,1,"Toma el control de tus finanzas, lleva tu negocio al siguiente nivel y alcanza la estabilidad financiera.","Toma el control de tus finanzas, lleva tu negocio al siguiente nivel y alcanza la estabilidad financiera.",1,0,Cursos > Campus Virtual,"curso,capacitacion,clientum"
,simple,CRS-1152,Comunícate como un Profesional,1,"Mejora tus habilidades de comunicación, alcanza tus metas y conviértete en un comunicador efectivo.","Mejora tus habilidades de comunicación, alcanza tus metas y conviértete en un comunicador efectivo.",1,0,Cursos > Campus Virtual,"curso,capacitacion,clientum"
,simple,CRS-1153,Gestión de Proyectos Innovadores,1,"Haz realidad tus ideas, crea proyectos que impacten y transforma el mundo.","Haz realidad tus ideas, crea proyectos que impacten y transforma el mundo.",1,0,Cursos > Campus Virtual,"curso,capacitacion,clientum"
,simple,CRS-1154,Talento Humano para Pymes,1,"Atrae, retiene y desarrolla talento humano de alto rendimiento, y construye un equipo ganador.","Atrae, retiene y desarrolla talento humano de alto rendimiento, y construye un equipo ganador.",1,0,Cursos > Campus Virtual,"curso,capacitacion,clientum"
,simple,CRS-1155,Estrategias de Negocios Ganadoras,1,"Crea planes infalibles, lleva tu negocio al éxito y alcanza la cima del mercado.","Crea planes infalibles, lleva tu negocio al éxito y alcanza la cima del mercado.",1,0,Cursos > Campus Virtual,"curso,capacitacion,clientum"
,simple,CRS-1156,Finanzas Empresariales para Pymes,1,"Domina el mundo de las finanzas, toma decisiones inteligentes y lleva tu negocio a la prosperidad.","Domina el mundo de las finanzas, toma decisiones inteligentes y lleva tu negocio a la prosperidad.",1,0,Cursos > Campus Virtual,"curso,capacitacion,clientum"
,simple,CRS-1157,Calidad Garantizada,1,Implementa un sistema de gestión de calidad que te diferenciará de la competencia y te convertirá en un referente.,Implementa un sistema de gestión de calidad que te diferenciará de la competencia y te convertirá en un referente.,1,0,Cursos > Campus Virtual,"curso,capacitacion,clientum"
,simple,CRS-1321,Marketing Digital para Principiantes,1,,,1,0,Cursos > Campus Virtual,"curso,capacitacion,clientum"
,simple,CRS-1330,Creación de Tienda Online con Woocommerce,1,,,1,0,Cursos > Campus Virtual,"curso,capacitacion,clientum"
,simple,CRS-1331,Automatización de Procesos Empresariales,1,,,1,0,Cursos > Campus Virtual,"curso,capacitacion,clientum"
,simple,CRS-1334,Gestión Financiera Empresarial,1,,,1,0,Cursos > Campus Virtual,"curso,capacitacion,clientum"
,simple,CRS-1335,Estrategias de Negocios,1,,,1,0,Cursos > Campus Virtual,"curso,capacitacion,clientum"
,simple,CRS-1336,Finanzas Empresariales,1,,,1,0,Cursos > Campus Virtual,"curso,capacitacion,clientum"
,simple,CRS-1337,Innovación Empresarial,1,,,1,0,Cursos > Campus Virtual,"curso,capacitacion,clientum"
,simple,CRS-1338,Ecommerce para Pymes en Argentina,1,,,1,0,Cursos > Campus Virtual,"curso,capacitacion,clientum"
,simple,CRS-1339,ERP para Pymes,1,,,1,0,Cursos > Campus Virtual,"curso,capacitacion,clientum"
,simple,CRS-1340,Gestión de Proyectos para Pymes,1,,,1,0,Cursos > Campus Virtual,"curso,capacitacion,clientum"
,simple,CRS-1341,WooCommerce (Plataforma de Comercio Electrónico),1,,,1,0,Cursos > Campus Virtual,"curso,capacitacion,clientum"
,simple,CRS-19824,Complete Financial Analyst Course,1,"You simply have to find a way to acquire practical skills that will give you an edge over the other candidates. But how can you do that? You haven’t had the proper training, and you have never seen ho","You simply have to find a way to acquire practical skills that will give you an edge over the other candidates. But how can you do that? You haven’t had the proper training, and you have never seen ho",1,0,Cursos > Campus Virtual,"curso,capacitacion,clientum"
,simple,CRS-19826,Sales Training: Practical Sales Techniques,1,"Sales is all about listening to people and prescribing a solution. In every job you'll come across sales moments, whether you're selling yourself in a job interview or selling products to customers - ","Sales is all about listening to people and prescribing a solution. In every job you'll come across sales moments, whether you're selling yourself in a job interview or selling products to customers - ",1,0,Cursos > Campus Virtual,"curso,capacitacion,clientum"
,simple,CRS-19827,Complete Blender Creator: Learn 3D Modelling,1,"Learn how to create 3D Models and Assets for games using Blender, the free-to-use 3D production suite. We start super simple so you'll be ok with little or no experience. With our online tutorials, yo","Learn how to create 3D Models and Assets for games using Blender, the free-to-use 3D production suite. We start super simple so you'll be ok with little or no experience. With our online tutorials, yo",1,0,Cursos > Campus Virtual,"curso,capacitacion,clientum"
,simple,CRS-19828,User Experience Design Essentials,1,Are you excited to get into the world of UI/UX but you don't know where to start? This course will allow you to add UX designer to your CV & start getting paid for your new skills. This course is aime,Are you excited to get into the world of UI/UX but you don't know where to start? This course will allow you to add UX designer to your CV & start getting paid for your new skills. This course is aime,1,0,Cursos > Campus Virtual,"curso,capacitacion,clientum"
,simple,CRS-19829,Ultimate Photoshop Training: From Beginner,1,We focus on real-world cases and I present the best techniques that require minimal effort yet produce maximum results. All my content is focused on getting the job done in the least amount of time po,We focus on real-world cases and I present the best techniques that require minimal effort yet produce maximum results. All my content is focused on getting the job done in the least amount of time po,1,0,Cursos > Campus Virtual,"curso,capacitacion,clientum"
,simple,CRS-19830,The Complete JavaScript Course 2019,1,Do you want to learn the number #1 programming language that powers the internet? Are you tired of wasting your time and money on random youtube videos or JavaScript courses that are either too simple,Do you want to learn the number #1 programming language that powers the internet? Are you tired of wasting your time and money on random youtube videos or JavaScript courses that are either too simple,1,0,Cursos > Campus Virtual,"curso,capacitacion,clientum"
,simple,CRS-19831,Wordpress for Beginners - Master Wordpress,1,"This course will guide you through every single step from installation to finished website. I'll show you how you can install Wordpress on your own computer for free, so you don't have to pay for a do","This course will guide you through every single step from installation to finished website. I'll show you how you can install Wordpress on your own computer for free, so you don't have to pay for a do",1,0,Cursos > Campus Virtual,"curso,capacitacion,clientum"
,simple,CRS-19832,PHP Beginners - Become a PHP Master,1,"Are you new to PHP or need a refresher? Then this course will help you get all the fundamentals of Procedural PHP, Object Oriented PHP, MYSQLi and ending the course by building a CMS system similar to","Are you new to PHP or need a refresher? Then this course will help you get all the fundamentals of Procedural PHP, Object Oriented PHP, MYSQLi and ending the course by building a CMS system similar to",1,0,Cursos > Campus Virtual,"curso,capacitacion,clientum"
,simple,CRS-19894,Marketing de Contenidos,1,,,1,0,Cursos > Campus Virtual,"curso,capacitacion,clientum"
,simple,CRS-19895,Marketing Digital,1,,,1,0,Cursos > Campus Virtual,"curso,capacitacion,clientum"
,simple,CRS-19896,Marketing en LinkedIn,1,,,1,0,Cursos > Campus Virtual,"curso,capacitacion,clientum"
,simple,CRS-19897,Marketing en Redes Sociales,1,,,1,0,Cursos > Campus Virtual,"curso,capacitacion,clientum"
,simple,CRS-19898,Marketing por Correo Electrónico,1,,,1,0,Cursos > Campus Virtual,"curso,capacitacion,clientum"
,simple,CRS-19899,Publicidad Online,1,,,1,0,Cursos > Campus Virtual,"curso,capacitacion,clientum"
,simple,CRS-19900,Wordpress (CMS),1,,,1,0,Cursos > Campus Virtual,"curso,capacitacion,clientum"
,simple,CRS-19902,Desarrollo de Habilidades de Ventas,1,,,1,0,Cursos > Campus Virtual,"curso,capacitacion,clientum"
,simple,CRS-19903,Gestión del Tiempo y Productividad,1,,,1,0,Cursos > Campus Virtual,"curso,capacitacion,clientum"
,simple,CRS-19904,Inteligencia Emocional,1,,,1,0,Cursos > Campus Virtual,"curso,capacitacion,clientum"
,simple,CRS-19905,Liderazgo y Gestión,1,,,1,0,Cursos > Campus Virtual,"curso,capacitacion,clientum"
,simple,CRS-19906,Negociación,1,,,1,0,Cursos > Campus Virtual,"curso,capacitacion,clientum"
,simple,CRS-19907,Comunicación Empresarial,1,,,1,0,Cursos > Campus Virtual,"curso,capacitacion,clientum"
,simple,CRS-19908,Habilidades de Comunicación,1,,,1,0,Cursos > Campus Virtual,"curso,capacitacion,clientum"
,simple,CRS-19911,Desarrollo de Aplicaciones Móviles,1,,,1,0,Cursos > Campus Virtual,"curso,capacitacion,clientum"
,simple,CRS-19913,Automatización de Ecommerce,1,,,1,0,Cursos > Campus Virtual,"curso,capacitacion,clientum"
,simple,CRS-19914,Gestión de Proyectos Ágiles,1,,,1,0,Cursos > Campus Virtual,"curso,capacitacion,clientum"
,simple,CRS-19915,Gestión de Proyectos,1,,,1,0,Cursos > Campus Virtual,"curso,capacitacion,clientum"
,simple,CRS-19917,Gestión de Talento Humano,1,,,1,0,Cursos > Campus Virtual,"curso,capacitacion,clientum"
,simple,CRS-19918,Gestión de Recursos Humanos para Pymes,1,,,1,0,Cursos > Campus Virtual,"curso,capacitacion,clientum"
,simple,CRS-19920,Seguridad en Línea para Pymes,1,,,1,0,Cursos > Campus Virtual,"curso,capacitacion,clientum"
,simple,CRS-19980,Gestiona tus Proyectos como un Experto,1,"Domina las mejores prácticas, lleva tus proyectos al éxito y conviértete en un gestor de proyectos reconocido.","Domina las mejores prácticas, lleva tus proyectos al éxito y conviértete en un gestor de proyectos reconocido.",1,0,Cursos > Campus Virtual,"curso,capacitacion,clientum"
,simple,CRS-19981,Recursos Humanos Eficientes para Pymes,1,"Gestiona tu personal de manera efectiva, optimiza tu negocio y alcanza la excelencia.","Gestiona tu personal de manera efectiva, optimiza tu negocio y alcanza la excelencia.",1,0,Cursos > Campus Virtual,"curso,capacitacion,clientum"
,simple,CRS-19983,CRM para Pymes,1,"Conoce a tus clientes a fondo, fideliza a los más valiosos y aumenta tus ventas exponencialmente.","Conoce a tus clientes a fondo, fideliza a los más valiosos y aumenta tus ventas exponencialmente.",1,0,Cursos > Campus Virtual,"curso,capacitacion,clientum"
,simple,CRS-19984,Ecommerce para Pymes Argentinas,1,"Crea tu tienda online, conquista el mercado argentino y alcanza el éxito en el comercio electrónico.","Crea tu tienda online, conquista el mercado argentino y alcanza el éxito en el comercio electrónico.",1,0,Cursos > Campus Virtual,"curso,capacitacion,clientum"
,simple,SOL-chatbot,Chatbot WhatsApp,1,"Tu negocio atiende solo, las 24 horas, con IA en castellano.","Tu negocio atiende solo, las 24 horas, con IA en castellano.",1,0,Soluciones > Plataforma,"solucion,plataforma,clientum"
,simple,SOL-crm_inteligente,CRM Inteligente,1,"Pipeline drag & drop, facturación AFIP y seguimiento automático.","Pipeline drag & drop, facturación AFIP y seguimiento automático.",1,0,Soluciones > Plataforma,"solucion,plataforma,clientum"
,simple,SOL-asistente_ia,Asistente IA,1,Tu analista de negocio disponible en todo momento.,Tu analista de negocio disponible en todo momento.,1,0,Soluciones > Plataforma,"solucion,plataforma,clientum"
,simple,SOL-reportes,Reportes Automáticos,1,Dashboards en tiempo real para decisiones basadas en datos.,Dashboards en tiempo real para decisiones basadas en datos.,1,0,Soluciones > Plataforma,"solucion,plataforma,clientum"
,simple,SOL-automatizacion,Automatización,1,"Flujos que procesan pedidos, cobros y envíos sin intervención.","Flujos que procesan pedidos, cobros y envíos sin intervención.",1,0,Soluciones > Plataforma,"solucion,plataforma,clientum"
,simple,SOL-portal_cliente,Portal del Cliente,1,"Tus clientes consultan stock, facturas y pedidos solos.","Tus clientes consultan stock, facturas y pedidos solos.",1,0,Soluciones > Plataforma,"solucion,plataforma,clientum"
,simple,SOL-desarrollo_web,Desarrollo Web,1,Sitios y e-commerce conectados directamente al CRM.,Sitios y e-commerce conectados directamente al CRM.,1,0,Soluciones > Plataforma,"solucion,plataforma,clientum"
,simple,SOL-integraciones,Integraciones,1,"WhatsApp, AFIP, MercadoPago, Gmail y más de 50 servicios.","WhatsApp, AFIP, MercadoPago, Gmail y más de 50 servicios.",1,0,Soluciones > Plataforma,"solucion,plataforma,clientum"
,simple,SOL-catalogo,Catálogo Completo,1,Más de 2.147 servicios en 13 categorías con precios.,Más de 2.147 servicios en 13 categorías con precios.,1,0,Soluciones > Plataforma,"solucion,plataforma,clientum"
,simple,SOL-consultoria_erp,Consultoría & ERP,1,"Auditoría de procesos, ERP personalizado y hoja de ruta.","Auditoría de procesos, ERP personalizado y hoja de ruta.",1,0,Soluciones > Plataforma,"solucion,plataforma,clientum"
,simple,SOL-planes_precios,Planes y Precios,1,Desde $49 USD/mes. Implementación en 5 días hábiles.,Desde $49 USD/mes. Implementación en 5 días hábiles.,1,0,Soluciones > Plataforma,"solucion,plataforma,clientum"
,simple,SOL-casos,Casos de Éxito,1,Historias reales de PyMEs que multiplicaron sus ventas.,Historias reales de PyMEs que multiplicaron sus ventas.,1,0,Soluciones > Plataforma,"solucion,plataforma,clientum"