ID,Nombre,Categoría,Descripción,Precio (ARS)
5868,Servicios de Desarrollo de Aplicaciones Móviles,Aplicaciones Móviles,Desarrollo De Apps Móviles,8000
5918,Desarrollo de aplicaciones móviles,Aplicaciones Móviles,Desarrollo De Aplicaciones Móviles,7500
5937,Desarrollo de Aplicaciones Móviles Nativas y Multiplataforma,Aplicaciones Móviles,Desarrollo De Apps Móviles,7000
5967,Desarrollo de Apps Móviles con Realidad Aumentada y Virtual: ¡Experiencias Inmersivas en tus Manos!,Aplicaciones Móviles,Desarrollo de Apps Móviles con Realidad Aumentada y Virtual: ¡Experiencias Inmersivas al Alcance de tu Mano!,
5972,Servicios de desarrollo de aplicaciones móviles con integración de tecnologías emergentes,Aplicaciones Móviles,Desarrollo De Aplicaciones Móviles Con Tecnologías Emergentes,12000
5987,Servicios de desarrollo de aplicaciones móviles nativas con integración de realidad aumentada y realidad virtual,Aplicaciones Móviles,Desarrollo De Aplicaciones Móviles Con Realidad Aumentada Y Virtual,15000
6012,Servicios de Desarrollo de Aplicaciones Móviles Nativas con Integración de Realidad Aumentada,Aplicaciones Móviles,Desarrollo De Aplicaciones,
6041,Servicios de Desarrollo de Aplicaciones Móviles Nativas,Aplicaciones Móviles,Aplicaciones Móviles Con Ar Y Vr,15000
6073,Aplicaciones Móviles,Aplicaciones Móviles,Desarrollo De Aplicaciones Móviles,
6083,Desarrollo de aplicaciones móviles nativas,Aplicaciones Móviles,Desarrollo De Aplicaciones Móviles Nativas Con Realidad Aumentada.,6000
6115,Desarrollo de Apps Móviles,Aplicaciones Móviles,Desarrollo De Aplicaciones Móviles,8000
6157,Desarrollo de Aplicaciones Móviles Intuitivas,Aplicaciones Móviles,Desarrollo De Aplicaciones Móviles,10000
6435,Servicios de desarrollo de aplicaciones móviles para empresas,Aplicaciones Móviles,"Servicios De Consultoría Y Construcción De Soluciones Móviles Para Mejorar La Productividad, Eficiencia Y Experiencia De Los Usuarios.",25000
6461,Creación de apps móviles,Aplicaciones Móviles,Servicio De Creación De Aplicaciones Móviles A Medida.,3000
6494,Desarrollo de aplicación móvil,Aplicaciones Móviles,Creación De Aplicaciones Móviles Personalizadas.,3500
6509,Desarrollo de app móvil,Aplicaciones Móviles,Creación De Aplicaciones Móviles Para Brindar A Los Usuarios Una Experiencia De Marca Integral.,4000
6560,"Desarrollo de Apps Móviles para Ecommerce: Diseño, Implementación y Publicación",Aplicaciones Móviles,"Servicio de Desarrollo de Aplicaciones Móviles para E-commerce: Diseño centrado en el usuario, integración perfecta, funcionalidades avanzadas, optimización para dispositivos móviles. Mayor alcance, experiencia de compra",12000
6579,Diseño y Desarrollo de Apps Móviles para Ecommerce: Optimiza tu Tienda Online,Aplicaciones Móviles,Servicio de Diseño y Desarrollo de Aplicaciones Móviles para Ecommerce,8000
6590,Desarrollo de Aplicaciones Móviles Nativas para Ecommerce: Mejora la Experiencia de Compra y Fideliza Clientes,Aplicaciones Móviles,Servicio de Desarrollo de Aplicación Móvil Nativa Para Ecommerce,12000
6653,Aplicaciones Móviles para Ecommerce: Crea tu Tienda Online en tu Bolsillo,Aplicaciones Móviles,Aplicaciones móviles para e-commerce: la clave para impulsar tu negocio online,2000
6667,Desarrollo de Apps Móviles para Ecommerce: Optimiza la Experiencia de Compra en Dispositivos Móviles,Aplicaciones Móviles,Desarrollo de Apps Móviles para Ecommerce: Impulsa tu Negocio Online,2000
6677,Desarrollo de Aplicaciones Móviles para Ecommerce: Optimiza tu Tienda Virtual para Dispositivos Móviles,Aplicaciones Móviles,Servicios de Desarrollo de App Móvil para Ecommerce,3000
6704,Servicios de Desarrollo de Aplicaciones Móviles Ecommerce,Aplicaciones Móviles,Desarrollo De Aplicaciones Móviles Para Ecommerce.,10000
6854,Diseño avanzado de aplicación móvil,Aplicaciones Móviles,,1
6899,Soluciones Personalizadas para Apps,Aplicaciones Móviles,Apps Móviles Personalizadas.,4200
6907,Soluciones Personalizadas para Móviles,Aplicaciones Móviles,Soluciones Móviles Personalizadas.,4000
6913,Soluciones Personalizadas para Plataformas Móviles,Aplicaciones Móviles,Soluciones Móviles Personalizadas.,3000
6917,Soluciones Personalizadas para Diferentes Plataformas,Aplicaciones Móviles,Soluciones Móviles Personalizadas.,5500
7581,Desarrollo a medida de aplicaciones móviles,Aplicaciones Móviles,Desarrollo De Apps Móviles,1200
7650,Servicios de Desarrollo de Aplicaciones Móviles,Aplicaciones Móviles,Desarrollo De Apps Móviles,
7700,Desarrollo de aplicaciones móviles,Aplicaciones Móviles,Desarrollo De Aplicaciones Móviles,
7719,Desarrollo de Aplicaciones Móviles Nativas y Multiplataforma,Aplicaciones Móviles,Desarrollo De Apps Móviles,
7735,Servicios de desarrollo de aplicaciones móviles con integración de tecnologías emergentes,Aplicaciones Móviles,Desarrollo De Aplicaciones Móviles Con Tecnologías Emergentes,
7750,Servicios de desarrollo de aplicaciones móviles nativas con integración de realidad aumentada y realidad virtual,Aplicaciones Móviles,Desarrollo De Aplicaciones Móviles Con Realidad Aumentada Y Virtual,
7775,Servicios de Desarrollo de Aplicaciones Móviles Nativas con Integración de Realidad Aumentada,Aplicaciones Móviles,Desarrollo De Aplicaciones,
7787,Servicios de Desarrollo de Aplicaciones Móviles Nativas,Aplicaciones Móviles,Aplicaciones Móviles Con Ar Y Vr,
7807,Desarrollo de aplicaciones móviles nativas,Aplicaciones Móviles,Desarrollo De Aplicaciones Móviles Nativas Con Realidad Aumentada.,
7839,Desarrollo de Apps Móviles,Aplicaciones Móviles,Desarrollo De Aplicaciones Móviles,
7881,Desarrollo de Aplicaciones Móviles Intuitivas,Aplicaciones Móviles,Desarrollo De Aplicaciones Móviles,
8146,Servicios de desarrollo de aplicaciones móviles para empresas,Aplicaciones Móviles,"Servicios De Consultoría Y Construcción De Soluciones Móviles Para Mejorar La Productividad, Eficiencia Y Experiencia De Los Usuarios.",
8172,Creación de apps móviles,Aplicaciones Móviles,Servicio De Creación De Aplicaciones Móviles A Medida.,
8196,Desarrollo de aplicación móvil,Aplicaciones Móviles,Creación De Aplicaciones Móviles Personalizadas.,
8211,Desarrollo de app móvil,Aplicaciones Móviles,Creación De Aplicaciones Móviles Para Brindar A Los Usuarios Una Experiencia De Marca Integral.,
8262,"Desarrollo de Apps Móviles para E-commerce: Diseño, Integración y Publicación para Impulsar tu Negocio",Aplicaciones Móviles,"Desarrollo de Apps Móviles para E-commerce: Diseño, Implementación y Publicación. Servicio integral para impulsar tu negocio online con una app móvil centrada en el usuario, integrada perfectamente, con funcionalidades a",
8281,Diseño y Desarrollo de Apps Móviles para Ecommerce: Optimizá tu Tienda Online,Aplicaciones Móviles,Diseño y Desarrollo de Apps Móviles para Ecommerce: Optimiza tu Tienda Online,
8292,Desarrollo de Apps Móviles Nativas para E-commerce: Mejora la Experiencia de Compra y Fideliza Clientes,Aplicaciones Móviles,Servicio de Desarrollo de Aplicaciones Móviles Nativas para Ecommerce: Mejora la experiencia de compra y fideliza clientes.,
8354,Aplicaciones móviles para e-commerce: Crea tu tienda online en tu bolsillo,Aplicaciones Móviles,Aplicaciones móviles para e-commerce: Crea tu tienda online en tu bolsillo,
8368,Desarrollo de Apps Móviles para Ecommerce: Optimiza la Experiencia de Compra en Dispositivos Móviles,Aplicaciones Móviles,Desarrollo de Apps Móviles para Ecommerce: Optimiza la Experiencia de Compra en Dispositivos Móviles,
8378,Desarrollo de Aplicaciones Móviles para Ecommerce: Optimiza tu Tienda Virtual para Dispositivos Móviles,Aplicaciones Móviles,Desarrollo de Aplicaciones Móviles para Ecommerce: Optimiza tu Tienda Virtual para Dispositivos Móviles,
8405,Desarrollo de Apps Móviles para E-commerce: Experiencia de Compra Optimizada y Funcionalidades Avanzadas,Aplicaciones Móviles,Desarrollo de Apps Móviles para Ecommerce: Experiencia de Compra Optimizada y Funcionalidades Avanzadas,
5891,IT Support Package,Atención al Cliente,Soporte Técnico It,10000
5899,Systems Maintenance,Atención al Cliente,Mantenimiento De Sistemas It,15000
5932,Asistencia técnica remota,Atención al Cliente,Asistencia Técnica Remota,3000
5936,Desarrollo de chatbots,Atención al Cliente,Desarrollo De Chatbots,5000
5951,Monitoreo IT,Atención al Cliente,Monitoreo It,
5969,Servicios de monitoreo y gestión de infraestructura IT,Atención al Cliente,Monitoreo Y Gestión De Infraestructura It,15000
5975,Servicios de diseño y desarrollo de chatbots y asistentes virtuales,Atención al Cliente,Diseño Y Desarrollo De Chatbots Y Asistentes Virtuales,7000
6010,Servicios de diseño y desarrollo de chatbots y asistentes virtuales con capacidades de procesamiento de lenguaje natural,Atención al Cliente,Desarrollo De Software,15000
6050,Monitoreo de infraestructura,Atención al Cliente,Monitoreo It,
6053,Diseño de chatbots,Atención al Cliente,Chatbots,
6056,Soporte al Cliente con Respuestas Rápidas y Precisas,Atención al Cliente,Chatbots Y Respuestas Automatizadas.,4000
6064,Soporte al Cliente,Atención al Cliente,Soporte Automatizado,
6075,Diseño y desarrollo de chatbots,Atención al Cliente,Diseño Y Desarrollo De Chatbots Y Asistentes Virtuales,2000
6096,Servicios de Mantenimiento de Software,Atención al Cliente,Mantenimiento De Software,4000
6097,Soporte Técnico 24/7,Atención al Cliente,Soporte Técnico,3000
6138,Mantenimiento y Soporte Técnico Continuo,Atención al Cliente,Mantenimiento Técnico,5000
6143,Soporte a Usuarios Finales,Atención al Cliente,Soporte Técnico Para Usuarios Finales.,150
6149,Soporte Técnico Continuo,Atención al Cliente,Soporte Técnico Para Sistemas Y Aplicaciones.,3000
6150,Mantenimiento de Software,Atención al Cliente,Mantenimiento Y Actualización De Software.,2500
6151,Mantenimiento de Hardware,Atención al Cliente,Mantenimiento De Equipos De Hardware.,3000
6152,Soporte Remoto,Atención al Cliente,Soporte Técnico A Distancia.,2500
6153,Instalación de Software,Atención al Cliente,Instalación Y Configuración De Software.,1500
6154,Actualización de Sistemas Operativos,Atención al Cliente,Actualización De Sistemas Operativos.,1000
6162,Chatbots Avanzados para Experiencias Personalizadas,Atención al Cliente,Chatbots Avanzados,6000
6167,Automatización de Servicio al Cliente en Plataformas Móviles,Atención al Cliente,Automatización En Móviles,6000
6171,Automatización de Encuestas y Retroalimentación del Cliente,Atención al Cliente,Encuestas Automatizadas,3500
6183,Chatbots para Ventas,Atención al Cliente,Chatbots Para Ventas Con Ia,80
6185,Automatización de Servicio al Cliente con IA,Atención al Cliente,Chatbots Para Servicio Al Cliente,300
6190,Plataforma de Chatbots y Asistentes Virtuales,Atención al Cliente,Chatbots Y Asistentes Virtuales,210
6213,Optimización de Estrategias de Servicio al Cliente,Atención al Cliente,Optimización De Servicio,260
6221,Soporte Técnico Especializado,Atención al Cliente,Soporte Técnico Especializado,6000
6223,Automatización de Servicio al Cliente,Atención al Cliente,Automatización Del Servicio Al Cliente,14000
6233,Plataforma de Gestión de Reclamos y Servicio al Cliente,Atención al Cliente,Gestión Eficiente De Reclamos,400
6274,Valor Hora - Cliente C,Atención al Cliente,Tarifa Horaria Cliente C,
6275,Valor Hora - Cliente B,Atención al Cliente,Tarifa Horaria Cliente B,
6276,Valor Hora - Cliente A,Atención al Cliente,Tarifa Horaria Cliente A,
6286,Enrutamiento Inteligente de Tickets,Atención al Cliente,Solución De Enrutamiento Inteligente De Tickets Con Ia,99
6288,Generación de Respuestas con IA,Atención al Cliente,Solución De Generación De Respuestas Con Ia,99
6303,**Soporte Técnico**,Atención al Cliente,Soporte Técnico Para Usuarios Finales.,50
6304,Mantenimiento preventivo,Atención al Cliente,Revisión Y Mantenimiento Preventivo De Equipos.,100
6305,Actualización de software,Atención al Cliente,Actualización De Software Y Parches De Seguridad.,75
6306,Consultoría especializada,Atención al Cliente,Consultoría De Expertos En Áreas Especializadas.,150
6307,Personalización,Atención al Cliente,Personalización De Soluciones A Medida.,200
6309,Atención Al Cliente,Atención al Cliente,Servicios De Atención Y Soporte Al Cliente.,40
6311,Respaldo y recuperación,Atención al Cliente,Servicios De Respaldo Y Recuperación De Información.,150
6315,Gestión de redes,Atención al Cliente,Gestión Y Mantenimiento De Redes.,200
6320,Consultoría legal,Atención al Cliente,Servicios De Consultoría Y Asesoría Legal Para Empresas.,2500
6321,Traducción e interpretación,Atención al Cliente,Servicios De Traducción E Interpretación Multilingüe.,800
6356,Servicios de gestión de la experiencia del cliente,Atención al Cliente,Servicios De Consultoría Y Ejecución De Programas De Gestión De La Experiencia Del Cliente.,20000
6361,Servicios de auditoría y cumplimiento normativo,Atención al Cliente,Servicios De Consultoría Y Auditoría Para Garantizar El Cumplimiento De Requisitos Legales Y Normativos.,12000
6377,Desarrollo de chatbots y asistentes virtuales,Atención al Cliente,Servicios De Creación De Soluciones De Chatbots Y Asistentes Virtuales Para Mejorar La Experiencia Del Usuario.,16000
6388,Servicios de soporte y mantenimiento de TI,Atención al Cliente,Servicios De Soporte Y Administración De La Infraestructura Y Aplicaciones Tecnológicas.,2000
6392,Servicios de desarrollo de chatbots y asistentes virtuales,Atención al Cliente,Servicios De Creación De Soluciones De Automatización De Atención Al Cliente Y Asistencia Virtual.,15000
6404,Servicios de auditoría y aseguramiento de calidad de software,Atención al Cliente,"Servicios De Pruebas, Validación Y Aseguramiento De La Calidad En Proyectos De Desarrollo De Software.",16000
6455,Transcripción de audio,Atención al Cliente,Servicio De Transcripción Profesional De Audio.,60
6456,Traducción de documentos,Atención al Cliente,Servicio De Traducción De Contenido Profesional.,"0,15"
6468,Diseño de interiores,Atención al Cliente,Servicio De Diseño Integral De Interiores.,2000
6469,Asesoría de imagen personal,Atención al Cliente,Servicio De Asesoría Integral De Imagen Personal.,300
6473,Servicio de catering,Atención al Cliente,Servicio De Catering Para Eventos Y Reuniones.,25
6474,Organización de eventos,Atención al Cliente,Servicio De Organización Y Producción De Eventos A Medida.,5000
6479,Servicio de traducción,Atención al Cliente,Traducción De Contenido A Múltiples Idiomas.,600
6516,Alquiler de equipo audiovisual,Atención al Cliente,Alquiler De Equipos Audiovisuales Profesionales Para Proyectos De Producción De Contenido.,500
6517,Montaje de eventos,Atención al Cliente,Servicio Integral De Montaje Y Producción Técnica De Eventos Corporativos O Sociales.,2500
6519,Mantenimiento y soporte IT,Atención al Cliente,Servicios De Mantenimiento Y Soporte Técnico Para Infraestructura Y Sistemas Informáticos.,1500
6520,Servicios de traducción,Atención al Cliente,Servicios De Traducción De Contenido A Diversos Idiomas.,"0,12"
6521,Servicios de interpretación,Atención al Cliente,Servicios De Interpretación En Vivo Para Eventos Y Reuniones Multilinguës.,50
6536,Chatbot de Atención al Cliente: Automatiza tus consultas y mejora la experiencia de tus clientes,Atención al Cliente,"Servicio de chatbot de atención al cliente para e-commerce. Automatiza las consultas de los clientes 24/7, mejora la experiencia del usuario y aumenta las ventas.",1500
6544,Implementación de Chatbot para Ecommerce: Mejora la Experiencia del Usuario y Aumenta las Conversiones,Atención al Cliente,"Servicio de implementación de chatbot para e-commerce que mejora la experiencia del cliente, aumenta las conversiones y optimiza las operaciones.",3500
6558,Servicio de Chatbot: Automatiza tu atención al cliente y mejora la experiencia del usuario,Atención al Cliente,"Servicio de Implementación de Chatbot para Ecommerce: Mejora la experiencia del cliente, aumenta las conversiones y reduce costos.",1500
6580,Servicio de Implementación de Chatbot para Ecommerce,Atención al Cliente,Servicio De Implementación De Chatbot Para Ecommerce.,3000
6588,"Servicio de Desarrollo de Chatbot para Soporte al Cliente: Mejora la Atención, Reduce Tiempos de Respuesta",Atención al Cliente,"Servicio de Desarrollo de Chatbot de Soporte al Cliente para Ecommerce: Mejora la experiencia del cliente, reduce costos y aumenta las ventas con nuestra solución innovadora.",4500
6594,Servicio de Gestión de Reseñas y Opiniones,Atención al Cliente,Servicio De Gestión De Reseñas Y Opiniones Para Ecommerce.,2500
6647,Chatbots para Ecommerce: Mejora la atención al cliente y aumenta tus ventas,Atención al Cliente,Chatbots para Ecommerce que mejoran la atención al cliente.,1000
6650,Gestión de Reseñas y Feedback: Mejora tu Reputación y Confianza en Línea,Atención al Cliente,"Herramienta de gestión de reseñas y feedback para e-commerce que recopila, analiza y responde a las opiniones de los clientes, brindando información valiosa para el crecimiento del negocio.",800
6662,Servicio de Atención al Cliente para Ecommerce: Mejora la Experiencia de Compra y Satisfacción del Cliente,Atención al Cliente,Servicio de Atención al Cliente para Ecommerce: Soluciones para potenciar tu negocio online.,800
6668,Integración de Chatbots para Ecommerce: Mejora la Experiencia del Cliente,Atención al Cliente,"Integración de Chatbots para Ecommerce: Mejora la experiencia de compra con asistencia personalizada 24/7, respuestas personalizadas y automatización de tareas.",1000
6680,Servicios de Atención al Cliente Ecommerce,Atención al Cliente,Soluciones De Atención Al Cliente Para Ecommerce.,800
6683,Implementación de Chatbots para Ecommerce: Automatiza tu Atención al Cliente y Aumenta tus Ventas,Atención al Cliente,Servicios de implementación de chatbots para e-commerce,1500
6692,Servicios de Asistencia Virtual Ecommerce,Atención al Cliente,Soluciones De Asistencia Virtual Para Ecommerce.,2000
6707,Servicios de Desarrollo de Chatbots Ecommerce,Atención al Cliente,Servicios De Desarrollo De Chatbots Para Ecommerce.,3000
6825,Soporte básico anual,Atención al Cliente,,1
6843,Valor Hora - Cliente D,Atención al Cliente,Valor Hora Cliente D,220
6844,Valor Hora - Cliente E,Atención al Cliente,Valor Hora Cliente E,240
6845,Valor Hora - Cliente F,Atención al Cliente,Valor Hora Cliente F,260
6846,Valor Hora - Cliente G,Atención al Cliente,Valor Hora Cliente G,280
6977,Soporte Técnico Mensual,Atención al Cliente,Soporte Técnico Continuo.,100
6978,Soporte Técnico Básico,Atención al Cliente,Soporte Técnico Básico.,800
6979,Soporte Técnico Avanzado,Atención al Cliente,Soporte Técnico Avanzado.,1200
6981,Soporte Técnico Básico (Horario Laboral),Atención al Cliente,Soporte Técnico Básico.,300
6989,Soporte y Mantenimiento de Ti,Atención al Cliente,Soporte Ti,2200
6994,Soporte para Transcripción de Audio,Atención al Cliente,Soporte Transcripción De Audio,1200
7018,Servicio de Traducción de Documentos,Atención al Cliente,Traducción De Documentos,300
7019,Servicio de Transcripción de Audio,Atención al Cliente,Transcripción De Audio,300
7020,Traducción de Documentos Especializados,Atención al Cliente,Traducción De Documentos Especializados,500
7021,Servicio de Traducción Técnica,Atención al Cliente,Traducción Técnica,600
7022,Traducción de Documentos Profesionales,Atención al Cliente,Traducción De Documentos,1500
7023,Traducción de Contenido Multilingüe,Atención al Cliente,Traducción Multilingüe,2000
7024,Traducción de Contenido,Atención al Cliente,Traducción Contenido,1000
7026,Translation of Documents,Atención al Cliente,Traducción Documentos,900
7448,Soporte Técnico Prioritario,Atención al Cliente,,
7455,Soporte Técnico Adicional,Atención al Cliente,,
7470,Soporte Técnico Básico (Horario Laboral): Asistencia Experta para tus Dispositivos,Atención al Cliente,Soporte técnico remoto y telefónico durante el horario laboral para resolver problemas informáticos y de dispositivos.,24
7473,Asistencia técnica por incidente a $150,Atención al Cliente,$150 por incidente: Protección integral para tu tranquilidad,1000
7479,Soporte Técnico Básico: Asistencia rápida y confiable para tus dispositivos,Atención al Cliente,Soporte Técnico Básico: Tu aliado tecnológico para una vida digital sin complicaciones.,
7484,Soporte Técnico Extendido: ¡Protección y tranquilidad para tus dispositivos!,Atención al Cliente,"Soporte Técnico Extendido: Tu aliado tecnológico para una tranquilidad absoluta. Cobertura extendida, soporte 24/7, reparaciones y reemplazos, diagnóstico remoto y actualizaciones de software.",
7494,Soporte Integral: Tu solución completa para todas tus necesidades,Atención al Cliente,"Soporte Integral: Tu aliado para un negocio sin preocupaciones. Atención personalizada, soporte técnico 24/7, gestión de proyectos, capacitación y auditorías para garantizar el éxito y la tranquilidad de tu negocio.",
7501,Soporte básico (horario laboral): asistencia técnica rápida y confiable,Atención al Cliente,Soporte técnico básico durante el horario laboral para resolver problemas técnicos menores y brindar asistencia general.,24
7504,$200 por incidente: Protección integral para tu tranquilidad,Atención al Cliente,$200 por incidente: Protección integral para tu tranquilidad,1200
7509,Soporte Técnico Básico: Asistencia rápida y confiable para tus dispositivos,Atención al Cliente,Soporte Técnico Básico: Tu aliado tecnológico para una vida digital sin complicaciones.,
7529,Soporte Post-Implementación: Asistencia Experta para el Éxito Continuo,Atención al Cliente,Soporte Post-Implementación: el aliado indispensable para el éxito de tus proyectos tecnológicos.,500
7537,Soporte Técnico Inicial: Asistencia rápida y confiable para tus dispositivos,Atención al Cliente,"Soporte Técnico Inicial: Tu aliado tecnológico para un funcionamiento óptimo. Atención personalizada, diagnóstico remoto, soporte telefónico y por correo electrónico, base de conocimientos integral. Minimiza el tiempo de",400
7544,Soporte Técnico Continuo: Asistencia Experta 24/7 para tu Tranquilidad,Atención al Cliente,"Soporte Técnico Continuo: Tu aliado tecnológico para un negocio sin interrupciones. Monitoreo proactivo, soporte remoto, soporte telefónico y gestión de incidentes para máxima disponibilidad, reducción de costos y tranqu",0
7588,Implementación de chatbots inteligentes,Atención al Cliente,Chatbots Inteligentes,700
7662,Implementación de Soluciones de Gestión de la Experiencia del Cliente,Atención al Cliente,Gestión De La Experiencia Del Cliente,
7673,IT Support Package,Atención al Cliente,Soporte Técnico It,
7681,Systems Maintenance,Atención al Cliente,Mantenimiento De Sistemas It,
7712,Gestión de la experiencia del cliente (CX),Atención al Cliente,Gestión De La Experiencia Del Cliente,
7714,Asistencia técnica remota,Atención al Cliente,Asistencia Técnica Remota,
7718,Desarrollo de chatbots,Atención al Cliente,Desarrollo De Chatbots,
7722,Implementación de Soluciones de Gestión de la Experiencia del Cliente (CX),Atención al Cliente,Gestión De La Experiencia Del Cliente,
7732,Servicios de monitoreo y gestión de infraestructura IT,Atención al Cliente,Monitoreo Y Gestión De Infraestructura It,
7738,Servicios de diseño y desarrollo de chatbots y asistentes virtuales,Atención al Cliente,Diseño Y Desarrollo De Chatbots Y Asistentes Virtuales,
7757,Consultoría en gestión de la experiencia del cliente (CX) y optimización de procesos centrados en el usuario,Atención al Cliente,Consultoría,
7773,Servicios de diseño y desarrollo de chatbots y asistentes virtuales con capacidades de procesamiento de lenguaje natural,Atención al Cliente,Desarrollo De Software,
7779,Consultoría en Gestión de la Experiencia del Cliente (CX),Atención al Cliente,Optimización De La Experiencia Del Cliente,
7790,Personalización de Experiencia del Cliente,Atención al Cliente,Personalización De Ofertas Y Comunicación.,
7791,Soporte al Cliente con Respuestas Rápidas y Precisas,Atención al Cliente,Chatbots Y Respuestas Automatizadas.,
7799,Diseño y desarrollo de chatbots,Atención al Cliente,Diseño Y Desarrollo De Chatbots Y Asistentes Virtuales,
7820,Servicios de Mantenimiento de Software,Atención al Cliente,Mantenimiento De Software,
7821,Soporte Técnico 24/7,Atención al Cliente,Soporte Técnico,
7862,Mantenimiento y Soporte Técnico Continuo,Atención al Cliente,Mantenimiento Técnico,
7867,Soporte a Usuarios Finales,Atención al Cliente,Soporte Técnico Para Usuarios Finales.,
7873,Soporte Técnico Continuo,Atención al Cliente,Soporte Técnico Para Sistemas Y Aplicaciones.,
7874,Mantenimiento de Software,Atención al Cliente,Mantenimiento Y Actualización De Software.,
7875,Mantenimiento de Hardware,Atención al Cliente,Mantenimiento De Equipos De Hardware.,
7876,Soporte Remoto,Atención al Cliente,Soporte Técnico A Distancia.,
7877,Instalación de Software,Atención al Cliente,Instalación Y Configuración De Software.,
7878,Actualización de Sistemas Operativos,Atención al Cliente,Actualización De Sistemas Operativos.,
7886,Chatbots Avanzados para Experiencias Personalizadas,Atención al Cliente,Chatbots Avanzados,
7891,Automatización de Servicio al Cliente en Plataformas Móviles,Atención al Cliente,Automatización En Móviles,
7895,Automatización de Encuestas y Retroalimentación del Cliente,Atención al Cliente,Encuestas Automatizadas,
7907,Chatbots para Ventas,Atención al Cliente,Chatbots Para Ventas Con Ia,
7909,Automatización de Servicio al Cliente con IA,Atención al Cliente,Chatbots Para Servicio Al Cliente,
7914,Plataforma de Chatbots y Asistentes Virtuales,Atención al Cliente,Chatbots Y Asistentes Virtuales,
7937,Optimización de Estrategias de Servicio al Cliente,Atención al Cliente,Optimización De Servicio,
7945,Soporte Técnico Especializado,Atención al Cliente,Soporte Técnico Especializado,
7947,Automatización de Servicio al Cliente,Atención al Cliente,Automatización Del Servicio Al Cliente,
7957,Plataforma de Gestión de Reclamos y Servicio al Cliente,Atención al Cliente,Gestión Eficiente De Reclamos,
7999,Enrutamiento Inteligente de Tickets,Atención al Cliente,Solución De Enrutamiento Inteligente De Tickets Con Ia,
8001,Generación de Respuestas con IA,Atención al Cliente,Solución De Generación De Respuestas Con Ia,
8016,Mantenimiento preventivo,Atención al Cliente,Revisión Y Mantenimiento Preventivo De Equipos.,
8017,Actualización de software,Atención al Cliente,Actualización De Software Y Parches De Seguridad.,
8020,Atención Al Cliente,Atención al Cliente,Servicios De Atención Y Soporte Al Cliente.,
8067,Servicios de gestión de la experiencia del cliente,Atención al Cliente,Servicios De Consultoría Y Ejecución De Programas De Gestión De La Experiencia Del Cliente.,
8088,Desarrollo de chatbots y asistentes virtuales,Atención al Cliente,Servicios De Creación De Soluciones De Chatbots Y Asistentes Virtuales Para Mejorar La Experiencia Del Usuario.,
8099,Servicios de soporte y mantenimiento de TI,Atención al Cliente,Servicios De Soporte Y Administración De La Infraestructura Y Aplicaciones Tecnológicas.,
8103,Servicios de desarrollo de chatbots y asistentes virtuales,Atención al Cliente,Servicios De Creación De Soluciones De Automatización De Atención Al Cliente Y Asistencia Virtual.,
8221,Mantenimiento y soporte IT,Atención al Cliente,Servicios De Mantenimiento Y Soporte Técnico Para Infraestructura Y Sistemas Informáticos.,
8238,Chatbot de Atención al Cliente: Automatiza tus consultas y mejora la experiencia de tus clientes,Atención al Cliente,"Chatbot de Atención al Cliente: Automatiza consultas, mejora la experiencia del cliente. Responde 24/7, personalizable, multicanal. Mejora la experiencia, aumenta ventas, reduce costos, fortalece la marca.",
8246,Implementación de Chatbot para E-commerce: Mejora la Experiencia del Usuario y Dispara las Conversiones,Atención al Cliente,"Implementación de Chatbot para E-commerce: Mejora la experiencia del usuario, aumenta las conversiones y optimiza las operaciones.",
8260,Servicio de Chatbot: Automatiza tu atención al cliente y mejora la experiencia del usuario,Atención al Cliente,"Servicio de implementación de chatbot para e-commerce: mejora la experiencia del cliente, aumenta las conversiones y reduce costos.",
8282,Servicio de Implementación de Chatbot para Ecommerce: Mejora la Experiencia del Cliente y Automatiza las Consultas,Atención al Cliente,"Servicio de Implementación de Chatbot para Ecommerce: Mejora la experiencia del cliente, aumenta las ventas y optimiza las operaciones.",
8290,"Servicio de Desarrollo de Chatbot para Atención al Cliente: Mejora la Experiencia, Reduce Tiempos de Respuesta",Atención al Cliente,"Servicio de Desarrollo de Chatbot para Atención al Cliente: Mejora la atención, reduce tiempos de respuesta",
8296,Servicio de Gestión de Reseñas y Opiniones: Mejora la Confianza y Optimiza tu E-commerce,Atención al Cliente,"Servicio de Gestión de Reseñas y Opiniones para Ecommerce: recopila, modera, analiza y responde a reseñas para aumentar la confianza, mejorar la experiencia del cliente, optimizar productos y servicios, impulsar las vent",
8348,Chatbots para Ecommerce: Atención al cliente mejorada y ventas aumentadas,Atención al Cliente,Chatbots para Ecommerce: Mejoran la atención al cliente y aumentan las ventas,
8351,Gestión de Reseñas y Feedback: Construye Confianza y Mejora tu Reputación Online,Atención al Cliente,"Herramienta de gestión de reseñas y feedback para e-commerce que recopila, analiza y responde a las opiniones de los clientes, brindando información valiosa para el crecimiento del negocio.",
8363,Servicio de Atención al Cliente para Ecommerce: Potenciá tu Negocio Online con Experiencias de Compra Excepcionales,Atención al Cliente,Servicio de Atención al Cliente para Ecommerce: Soluciones para potenciar tu negocio online.,
8369,Integración de Chatbots para Ecommerce: Mejora tu Experiencia de Compra,Atención al Cliente,"Integración de Chatbots para Ecommerce: Mejora la experiencia de compra con asistencia personalizada 24/7, respuestas personalizadas y automatización de tareas.",
8381,Servicios de Atención al Cliente para Ecommerce: Soluciones para una Experiencia de Compra Excepcional,Atención al Cliente,Servicios de Atención al Cliente para Ecommerce: La clave para el éxito en el comercio electrónico.,
8384,Implementación de Chatbots para E-commerce: Automatizá tu Atención al Cliente y Vendé Más,Atención al Cliente,Implementación de Chatbots para E-commerce: Automatizá tu Atención al Cliente y Aumentá tus Ventas,
8393,Servicios de Asistencia Virtual para Ecommerce: Automatizá tu Atención al Cliente y Mejorá la Experiencia del Usuario,Atención al Cliente,Servicios de Asistencia Virtual para Ecommerce: Automatizá tu Atención al Cliente y Mejorá la Experiencia de Usuario,
8408,"Chatbots para E-commerce: Asistencia 24/7, Respuestas Automáticas y Procesamiento de Pedidos",Atención al Cliente,"Chatbots para E-commerce: Asistencia en tiempo real, respuestas a preguntas frecuentes y procesamiento de pedidos",
5877,Implementación de Soluciones de Automatización de Procesos Robóticos,Automatización de Procesos,Automatización De Procesos Robóticos,8000
5892,Automation with Dolibarr,Automatización de Procesos,Automatización Empresarial,6000
5910,Automatización Avanzada,Automatización de Procesos,Automatización De Procesos Empresariales,6000
5927,Automatización de procesos robóticos (RPA),Automatización de Procesos,Automatización De Procesos Robóticos,6000
5933,Optimización de procesos industriales,Automatización de Procesos,Optimización De Procesos Industriales,6000
5939,Implementación de Soluciones de Automatización de Procesos Robóticos (RPA),Automatización de Procesos,Automatización De Procesos Robóticos,7000
5963,Automatización de Procesos de Negocio (BPA),Automatización de Procesos,Automatización De Procesos,
5983,Implementación de soluciones de automatización de procesos de negocio (BPA),Automatización de Procesos,Automatización De Procesos De Negocio,18000
5988,Implementación de soluciones de inteligencia artificial (IA) y aprendizaje automático (ML) para automatización de procesos,Automatización de Procesos,Automatización De Procesos Con Ia Y Ml,20000
5992,Implementación de soluciones de automatización de operaciones de TI (AIOps),Automatización de Procesos,,18000
6003,Implementación de soluciones de automatización de procesos robóticos (RPA) avanzada con capacidades cognitivas,Automatización de Procesos,Automatización,20000
6018,Automatización de TI,Automatización de Procesos,Automatización,
6027,Automatización RPA,Automatización de Procesos,Rpa,
6031,Implementación de Soluciones de AIOps,Automatización de Procesos,Automatización De Operaciones De Ti,9500
6044,RPA avanzada,Automatización de Procesos,Rpa Avanzada,
6086,Automatización de operaciones de TI (AIOps),Automatización de Procesos,Soluciones De Automatización De Operaciones De Ti (Aiops).,7000
6091,Migración de aplicaciones legacy,Automatización de Procesos,Migración De Aplicaciones Legacy A Microservicios.,7000
6094,Migración de Sistemas Legacy,Automatización de Procesos,Migración De Sistemas Legacy,6000
6128,Integración de Sistemas y Aplicaciones,Automatización de Procesos,Integración De Sistemas,4800
6129,Automatización de Procesos Empresariales,Automatización de Procesos,Automatización De Procesos,4600
6140,Automatización Empresarial,Automatización de Procesos,Automatización Empresarial,5200
6144,Optimización de Procesos Empresariales,Automatización de Procesos,Optimización De Procesos Internos.,400
6161,Asistencia Virtual para la Gestión de Tareas,Automatización de Procesos,Asistencia Virtual,3500
6165,Procesamiento Automatizado de Facturas y Pagos,Automatización de Procesos,Procesamiento Automatizado,3000
6181,Plataformas de Automatización,Automatización de Procesos,Automatización De Procesos Con Ia,150
6202,Optimización de Energía y Recursos,Automatización de Procesos,Optimización De Energía,250
6208,Optimización de Energía y Sustentabilidad,Automatización de Procesos,Optimización De Energía,240
6216,Implementación de Soluciones BPM,Automatización de Procesos,Soluciones De Gestión De Procesos,3000
6218,Integración de Sistemas,Automatización de Procesos,Integración De Sistemas Empresariales,4000
6301,Plataformas para Automatización,Automatización de Procesos,Herramientas De Automatización Empresarial,35
6326,Automatización De Procesos,Automatización de Procesos,Servicios De Automatización De Procesos Empresariales.,5000
6340,Outsourcing de procesos de negocio,Automatización de Procesos,Servicios De Outsourcing Para Optimizar Y Gestionar Operaciones Clave Del Negocio.,25000
6344,Soluciones de automatización,Automatización de Procesos,Servicios De Consultoría E Implementación De Tecnologías De Automatización.,20000
6365,Servicios de automatización de procesos,Automatización de Procesos,Servicios De Consultoría Y Ejecución De Proyectos De Automatización De Flujos De Trabajo Y Tareas.,14000
6378,Servicios de automatización de procesos robóticos (RPA),Automatización de Procesos,Servicios De Consultoría Y Ejecución De Proyectos De Automatización De Procesos Con Tecnología Rpa.,18000
6408,Servicios de implementación de soluciones de automatización de procesos,Automatización de Procesos,Servicios De Consultoría Y Despliegue De Tecnologías De Automatización Y Optimización De Flujos De Trabajo.,18000
6419,Servicios de implementación de soluciones de robótica y automatización avanzada,Automatización de Procesos,"Servicios De Consultoría Y Despliegue De Soluciones De Robótica, Automatización Y Control De Procesos.",28000
6431,Servicios de implementación de soluciones de automatización de procesos robóticos (RPA),Automatización de Procesos,Servicios De Consultoría Y Despliegue De Tecnologías De Automatización Inteligente De Tareas Y Procesos Repetitivos.,25000
6441,Servicios de implementación de soluciones de automatización y orquestación de infraestructura,Automatización de Procesos,"Servicios De Consultoría Y Despliegue De Tecnologías De Automatización, Orquestación Y Aprovisionamiento De Recursos De Infraestructura.",28000
6637,Automatización de Marketing con IA,Automatización de Procesos,Automatización De Procesos De Marketing Utilizando Ia.,500
6638,Automatización de Ventas con IA,Automatización de Procesos,Automatización De Procesos De Ventas Con Ia.,800
6652,Automatización de Procesos Ecommerce: Optimiza y Agiliza tu Negocio Online,Automatización de Procesos,Automatización de Flujos de Trabajo en Ecommerce,1200
6729,Implementación de RPA,Automatización de Procesos,Implementación De Rpa.,3000
6730,Análisis y Rediseño de Procesos,Automatización de Procesos,Análisis Y Rediseño De Procesos.,2500
6733,Implementación De Sistemas De Automatización,Automatización de Procesos,Automatización De Sistemas.,3500
6734,Soluciones de RPA (Robotic Process Automation),Automatización de Procesos,Automatización De Procesos Con Rpa.,2000
6735,Rediseño De Procesos,Automatización de Procesos,Rediseño De Procesos.,3000
6736,Soluciones RPA (Robotic Process Automation),Automatización de Procesos,Automatización De Procesos Con Rpa.,5000
6751,Plataforma para Automatización de Procesos,Automatización de Procesos,Automatización De Procesos,4000
6760,Implementación de Herramientas de Automatización,Automatización de Procesos,Herramientas De Automatización,7000
6768,Gestión de Flotas y Rutas,Automatización de Procesos,Gestión De Flotas,3000
6771,Implementación de Herramientas de Gestión de Flotas,Automatización de Procesos,Gestión De Flotas,4000
7000,Soporte Automatizado,Automatización de Procesos,Soporte Automatizado,3500
7593,Implementación de soluciones de automatización de procesos,Automatización de Procesos,Automatización De Procesos,1200
7621,Consultoría en digitalización de procesos,Automatización de Procesos,Consultoría En Digitalización De Procesos,1100
7659,Implementación de Soluciones de Automatización de Procesos Robóticos,Automatización de Procesos,Automatización De Procesos Robóticos,
7674,Automation with Dolibarr,Automatización de Procesos,Automatización Empresarial,
7692,Automatización Avanzada,Automatización de Procesos,Automatización De Procesos Empresariales,
7709,Automatización de procesos robóticos (RPA),Automatización de Procesos,Automatización De Procesos Robóticos,
7715,Optimización de procesos industriales,Automatización de Procesos,Optimización De Procesos Industriales,
7721,Implementación de Soluciones de Automatización de Procesos Robóticos (RPA),Automatización de Procesos,Automatización De Procesos Robóticos,
7727,Consultoría en Optimización de Procesos de Negocio (BPO),Automatización de Procesos,Optimización De Procesos De Negocio,
7746,Implementación de soluciones de automatización de procesos de negocio (BPA),Automatización de Procesos,Automatización De Procesos De Negocio,
7751,Implementación de soluciones de inteligencia artificial (IA) y aprendizaje automático (ML) para automatización de procesos,Automatización de Procesos,Automatización De Procesos Con Ia Y Ml,
7755,Implementación de AIOps: Automatiza tus operaciones de TI para mayor eficiencia y agilidad,Automatización de Procesos,Implementación de AIOps: Automatiza tus operaciones de TI para mayor eficiencia y agilidad,
7766,Implementación de soluciones de automatización de procesos robóticos (RPA) avanzada con capacidades cognitivas,Automatización de Procesos,Automatización,
7777,Implementación de Soluciones de AIOps,Automatización de Procesos,Automatización De Operaciones De Ti,
7810,Automatización de operaciones de TI (AIOps),Automatización de Procesos,Soluciones De Automatización De Operaciones De Ti (Aiops).,
7853,Automatización de Procesos Empresariales,Automatización de Procesos,Automatización De Procesos,
7864,Automatización Empresarial,Automatización de Procesos,Automatización Empresarial,
7868,Optimización de Procesos Empresariales,Automatización de Procesos,Optimización De Procesos Internos.,
7885,Asistencia Virtual para la Gestión de Tareas,Automatización de Procesos,Asistencia Virtual,
7889,Procesamiento Automatizado de Facturas y Pagos,Automatización de Procesos,Procesamiento Automatizado,
7905,Plataformas de Automatización,Automatización de Procesos,Automatización De Procesos Con Ia,
7940,Implementación de Soluciones BPM,Automatización de Procesos,Soluciones De Gestión De Procesos,
8014,Plataformas para Automatización,Automatización de Procesos,Herramientas De Automatización Empresarial,
8037,Automatización De Procesos,Automatización de Procesos,Servicios De Automatización De Procesos Empresariales.,
8051,Outsourcing de procesos de negocio,Automatización de Procesos,Servicios De Outsourcing Para Optimizar Y Gestionar Operaciones Clave Del Negocio.,
8055,Soluciones de automatización,Automatización de Procesos,Servicios De Consultoría E Implementación De Tecnologías De Automatización.,
8076,Servicios de automatización de procesos,Automatización de Procesos,Servicios De Consultoría Y Ejecución De Proyectos De Automatización De Flujos De Trabajo Y Tareas.,
8089,Servicios de automatización de procesos robóticos (RPA),Automatización de Procesos,Servicios De Consultoría Y Ejecución De Proyectos De Automatización De Procesos Con Tecnología Rpa.,
8119,Servicios de implementación de soluciones de automatización de procesos,Automatización de Procesos,Servicios De Consultoría Y Despliegue De Tecnologías De Automatización Y Optimización De Flujos De Trabajo.,
8130,Servicios de implementación de soluciones de robótica y automatización avanzada,Automatización de Procesos,"Servicios De Consultoría Y Despliegue De Soluciones De Robótica, Automatización Y Control De Procesos.",
8142,Servicios de implementación de soluciones de automatización de procesos robóticos (RPA),Automatización de Procesos,Servicios De Consultoría Y Despliegue De Tecnologías De Automatización Inteligente De Tareas Y Procesos Repetitivos.,
8152,Servicios de implementación de soluciones de automatización y orquestación de infraestructura,Automatización de Procesos,"Servicios De Consultoría Y Despliegue De Tecnologías De Automatización, Orquestación Y Aprovisionamiento De Recursos De Infraestructura.",
8339,Automatización de Ventas con IA,Automatización de Procesos,Automatización De Procesos De Ventas Con Ia.,
8353,Automatización de Procesos Ecommerce: Optimiza y Agiliza tu Negocio Online,Automatización de Procesos,Automatización de Procesos Ecommerce: Optimiza y Agiliza tu Negocio Online,
5864,Consultoría en Transformación Digital,Business Intelligence,Transformación Digital,5000
5865,Servicios de Big Data,Business Intelligence,Soluciones De Big Data,6000
5866,Consultoría en Inteligencia Artificial y Aprendizaje Automático,Business Intelligence,Consultoría En Ia Y Ml.,7500
5869,Consultoría en Gobierno de Datos y Gestión de la Información,Business Intelligence,Gobierno De Datos.,6000
5870,Implementación de Soluciones de Análisis de Datos Avanzado,Business Intelligence,Análisis De Datos Avanzado.,5500
5872,Consultoría en Estrategia y Transformación Digital,Business Intelligence,Estrategia Y Transformación Digital,7000
5875,Servicios de Análisis de Sentimientos y Minería de Texto,Business Intelligence,Análisis De Sentimientos Y Texto.,5500
5876,Consultoría en Gestión de la Innovación y Desarrollo de Nuevos Productos/Servicios,Business Intelligence,Gestión De La Innovación.,7000
5888,Business Intelligence Setup,Business Intelligence,Implementación De Bi,5000
5902,IT Consultancy,Business Intelligence,Consultoría It,6000
5907,Optimización de Bases de Datos,Business Intelligence,Optimización De Bases De Datos,5000
5909,BI (Business Intelligence),Business Intelligence,Análisis De Datos Personalizado,6500
5912,Automatización de Reportes Ejecutivos,Business Intelligence,Automatización De Reportes Con Pentaho,4500
5913,Análisis de Big Data,Business Intelligence,Análisis De Big Data,7000
5915,Optimización de Estrategias de Precios,Business Intelligence,Optimización De Precios,6000
5916,Consultoría en inteligencia artificial,Business Intelligence,Ia Y Aprendizaje Automático,5000
5919,Gobierno de datos y gestión de la información,Business Intelligence,Gobierno De Datos Y Gestión De La Información,5000
5920,Análisis de datos avanzado,Business Intelligence,Análisis De Datos Avanzado.,6000
5922,Estrategia y transformación digital,Business Intelligence,Estrategia Y Transformación Digital,5500
5925,Análisis de sentimientos y minería de texto,Business Intelligence,Análisis De Sentimientos Y Minería De Texto,5000
5926,Gestión de la innovación,Business Intelligence,Gestión De La Innovación.,5500
5934,Inteligencia artificial aplicada,Business Intelligence,Ia Aplicada,7500
5935,Gestión de riesgos empresariales,Business Intelligence,Gestión De Riesgos Empresariales,6500
5942,Consultoría en Analítica Avanzada y Ciencia de Datos,Business Intelligence,Analítica Avanzada Y Ciencia De Datos,6500
5945,Consultoría en Optimización de Procesos de Negocio (BPO),Business Intelligence,Optimización De Procesos De Negocio,6500
5948,Consultoría en Gobierno de Datos y Gestión del Ciclo de Vida de la Información,Business Intelligence,,
5949,Gobierno de Datos,Business Intelligence,Gestión Del Ciclo De Vida De Datos,
5950,BI y Dashboards,Business Intelligence,Bi Y Dashboards,
5952,Estrategia y Arquitectura Empresarial,Business Intelligence,Arquitectura Empresarial,
5954,Transformación Digital,Business Intelligence,Transformación Digital,
5957,Análisis Predictivo,Business Intelligence,Análisis Predictivo,
5959,Transformación Organizacional,Business Intelligence,Transformación Organizacional,
5962,Gobernanza de Datos,Business Intelligence,Gobernanza De Datos,
5964,Análisis de Sentimientos en Redes Sociales,Business Intelligence,Análisis De Sentimientos,
5965,Innovación y Nuevos Modelos de Negocio,Business Intelligence,Innovación,
5968,Implementación de soluciones de inteligencia de negocios (BI) y cuadros de mando (dashboards) personalizados,Business Intelligence,Implementación De Bi Y Dashboards Personalizados,8000
5970,Consultoría en estrategia y arquitectura empresarial,Business Intelligence,Consultoría En Estrategia Y Arquitectura Empresarial,10000
5973,Consultoría en transformación digital y adopción de nuevas tecnologías,Business Intelligence,Transformación Digital Y Adopción Tecnológica,14000
5977,Implementación de soluciones de análisis predictivo y minería de datos,Business Intelligence,Análisis Predictivo Y Minería De Datos,13000
5979,Consultoría en transformación organizacional y desarrollo de capacidades digitales,Business Intelligence,Transformación Organizacional Y Capacidades Digitales,15000
5982,Consultoría en gobernanza de datos y gestión del ciclo de vida de la información a nivel empresarial,Business Intelligence,Gobernanza De Datos Empresarial,10000
5984,Servicios de análisis de sentimientos y gestión de la reputación en redes sociales,Business Intelligence,Análisis De Sentimientos Y Reputación En Redes Sociales,9000
5985,Consultoría en innovación y desarrollo de nuevos modelos de negocio digitales,Business Intelligence,Innovación Y Modelos De Negocio Digitales,16000
5990,Consultoría en estrategia y transformación digital para la adopción de tecnologías emergentes,Business Intelligence,Estrategia Y Transformación Digital,13000
5995,Implementación de soluciones de análisis de datos en tiempo real y monitoreo de indicadores clave de desempeño (KPIs),Business Intelligence,Análisis De Datos,15000
6001,Implementación de soluciones de análisis predictivo y aprendizaje automático para anticipar tendencias y oportunidades,Business Intelligence,Análisis De Datos,16000
6002,Consultoría en gobierno de datos y gestión del ciclo de vida de la información a nivel empresarial,Business Intelligence,Consultoría,14000
6005,Consultoría en estrategia y transformación digital para la adopción de tecnologías innovadoras,Business Intelligence,Consultoría,20000
6008,Implementación de soluciones de inteligencia de negocios (BI) y cuadros de mando (dashboards) avanzados con analítica visual,Business Intelligence,Análisis De Datos,21000
6011,Consultoría en Gobernanza de Datos y Gestión del Ciclo de Vida de la Información,Business Intelligence,Gobernanza De Datos,
6015,IA y ML,Business Intelligence,Ia Y Ml,
6016,Consultoría Digital,Business Intelligence,Transformación Digital,
6021,Análisis de Datos,Business Intelligence,Análisis De Datos,
6025,Consultoría Organizacional,Business Intelligence,Transformación,
6026,Consultoría de Datos,Business Intelligence,Gobierno De Datos.,
6028,Análisis De Riesgos,Business Intelligence,Ciberseguridad,
6029,Consultoría Estratégica,Business Intelligence,Estrategia,
6030,Inteligencia de Negocios,Business Intelligence,Bi,
6034,Implementación de Soluciones de Análisis de Datos en Tiempo Real,Business Intelligence,Análisis De Datos Y Monitoreo De Kpis,11000
6037,Consultoría en Transformación Organizacional,Business Intelligence,Transformación Organizacional Y Habilidades Digitales,12000
6038,Implementación de Soluciones de Análisis Predictivo,Business Intelligence,Análisis Predictivo Y Machine Learning,9500
6039,Consultoría en Gobierno de Datos y Gestión de Información,Business Intelligence,Gestión De Datos E Información,10000
6042,Implementación de Soluciones de Inteligencia de Negocios (BI),Business Intelligence,Bi Y Analítica Visual Avanzada,10000
6045,Analítica avanzada,Business Intelligence,Analítica Avanzada,
6048,Optimización de procesos,Business Intelligence,Bpo,
6051,Estrategia empresarial,Business Intelligence,Estrategia,
6059,Análisis de Sentimiento de Clientes en Línea,Business Intelligence,Evaluación De Sentimiento En Línea.,3500
6061,Generación Automatizada de Informes Ejecutivos,Business Intelligence,Informes Ejecutivos Automáticos.,4000
6067,Análisis de Sentimiento,Business Intelligence,Análisis De Opiniones Online,
6069,Informes Ejecutivos,Business Intelligence,Informes Automáticos,
6070,Ciencia de Datos,Business Intelligence,Consultoría En Analítica,
6076,Análisis predictivo y minería de datos,Business Intelligence,Soluciones De Análisis Predictivo Y Minería De Datos.,4000
6078,Transformación organizacional y desarrollo digital,Business Intelligence,Transformación Organizacional Y Desarrollo Digital.,4500
6080,Gobernanza de datos y gestión del ciclo de vida,Business Intelligence,Gobernanza De Datos Y Gestión Del Ciclo De Vida.,4000
6081,Análisis de sentimientos y reputación en redes sociales,Business Intelligence,Análisis De Sentimientos Y Gestión De La Reputación En Redes Sociales.,3000
6082,Innovación y nuevos modelos de negocio digitales,Business Intelligence,Innovación Y Desarrollo De Nuevos Modelos De Negocio Digitales.,5000
6084,Inteligencia artificial y aprendizaje automático,Business Intelligence,Soluciones De Ia Y Ml Para Automatización De Procesos.,7000
6088,Análisis de datos en tiempo real,Business Intelligence,Soluciones De Análisis De Datos En Tiempo Real.,6000
6092,Implementación de Sistemas de Inteligencia Artificial,Business Intelligence,Sistemas De Ia,7500
6111,Análisis Predictivo y ML,Business Intelligence,Análisis Predictivo Y Ml,6000
6112,Inteligencia de Negocios (BI),Business Intelligence,Inteligencia De Negocios,5000
6114,IA y Aprendizaje Automático,Business Intelligence,Ia Y Aprendizaje Automático,7000
6116,Gobierno de Datos y Gestión,Business Intelligence,Gobierno De Datos Y Gestión,6000
6125,Business Intelligence (BI),Business Intelligence,Inteligencia De Negocios,5000
6135,Análisis de Competidores y Mercado,Business Intelligence,Análisis De Mercado,4400
6137,Generación de Informes Inteligentes,Business Intelligence,Informes Inteligentes,4800
6148,Análisis de Competencia,Business Intelligence,Análisis Estratégico De Competencia.,1200
6163,Analítica Avanzada para la Toma de Decisiones,Business Intelligence,Analítica Avanzada,4000
6166,Inteligencia de Mercado para Identificar Tendencias,Business Intelligence,Inteligencia De Mercado,4500
6179,Implementación de Sistemas de IA,Business Intelligence,Sistemas De Ia,7500
6182,Análisis de la Competencia,Business Intelligence,Análisis Competitivo Con Ia,200
6188,Análisis de Datos con IA,Business Intelligence,Análisis De Datos Con Ia,240
6193,Análisis de Comportamiento del Consumidor,Business Intelligence,Análisis De Comportamiento,200
6195,Análisis de Datos Financieros con IA,Business Intelligence,Análisis Financiero,240
6200,Optimización de Estrategias Financieras,Business Intelligence,Optimización De Finanzas,270
6203,Optimización de Estrategias de Negocios,Business Intelligence,Optimización De Negocios,260
6205,Optimización de Proyectos Empresariales,Business Intelligence,Optimización De Proyectos,270
6206,Optimización de Competencia de Mercado,Business Intelligence,Optimización De Competencia,260
6220,Consultoría en Big Data,Business Intelligence,Consultoría En Big Data,5000
6232,Plataforma de Analítica de Clientes,Business Intelligence,Análisis De Datos De Clientes,1900
6245,Plataforma de Analítica Web,Business Intelligence,Análisis Del Comportamiento Web,250
6247,Plataforma de Análisis de Datos Financieros,Business Intelligence,Análisis De Datos Financieros,450
6248,Plataforma de Business Intelligence (BI),Business Intelligence,Herramientas Avanzadas De Bi,500
6249,Plataforma de Análisis de Datos de Clientes,Business Intelligence,Análisis De Datos De Clientes,350
6281,Análisis de la Competencia con IA,Business Intelligence,Solución De Análisis De La Competencia Basada En Ia,199
6285,Análisis de Interacciones con Clientes con IA,Business Intelligence,Solución De Análisis De Interacciones Con Clientes Basada En Ia,149
6287,Análisis de Sentimiento en Llamadas Telefónicas,Business Intelligence,Solución De Análisis De Sentimiento En Llamadas Telefónicas Basada En Ia,149
6289,Análisis de Datos de Recursos Humanos con IA,Business Intelligence,Solución De Análisis De Datos De Rrhh Basada En Ia,199
6290,Análisis de Datos de Marketing con IA,Business Intelligence,Solución De Análisis De Datos De Marketing Con Ia,249
6291,Análisis de Datos de Ventas con IA,Business Intelligence,Solución De Análisis De Datos De Ventas Basada En Ia,199
6292,Análisis Predictivo para Mantenimiento,Business Intelligence,Solución De Análisis Predictivo Para Mantenimiento Basada En Ia,249
6293,Análisis de Datos de la Cadena de Suministro con IA,Business Intelligence,Solución De Análisis De Datos De La Cadena De Suministro Con Ia,199
6295,Gestión de Riesgos con IA,Business Intelligence,Solución De Gestión De Riesgos Basada En Ia,199
6296,Planificación Financiera con IA,Business Intelligence,Solución De Planificación Financiera Con Ia,249
6298,Gestión de Cumplimiento Normativo con IA,Business Intelligence,Solución De Gestión De Cumplimiento Normativo Con Ia,149
6310,Analítica de datos,Business Intelligence,Análisis Y Generación De Reportes A Partir De Datos.,200
6319,Planificación estratégica,Business Intelligence,Consultoría En Planificación Estratégica Para Empresas.,3000
6323,Análisis de mercado,Business Intelligence,Servicios De Investigación Y Análisis De Mercados.,2000
6325,Análisis de datos y BI,Business Intelligence,Servicios De Analítica De Datos Y Business Intelligence.,4000
6333,Investigación de mercados,Business Intelligence,Servicios De Investigación De Mercados Para Recopilar Y Analizar Información.,4000
6338,Soluciones de inteligencia de negocios,Business Intelligence,Servicios De Diseño E Implementación De Soluciones De Business Intelligence.,25000
6342,Consultoría en innovación,Business Intelligence,Servicios De Consultoría Para Impulsar La Innovación En Las Organizaciones.,12000
6347,Servicios de análisis de datos,Business Intelligence,Servicios De Consultoría Y Ejecución De Proyectos De Analítica De Datos.,8000
6348,Consultoría en gestión de procesos,Business Intelligence,"Servicios De Consultoría En Gestión, Eficiencia Y Optimización De Procesos Empresariales.",10000
6350,Consultoría en planificación estratégica,Business Intelligence,Servicios De Consultoría Para El Diseño E Implementación De Estrategias Empresariales.,12000
6351,Servicios de gestión de proyectos,Business Intelligence,Servicios Integrales De Gestión Y Dirección De Proyectos Empresariales.,15000
6352,Desarrollo de soluciones de inteligencia artificial,Business Intelligence,"Servicios De Creación De Soluciones De Ia Para Automatización, Análisis Y Toma De Decisiones.",25000
6354,Consultoría en gestión de la innovación,Business Intelligence,Servicios De Consultoría Para Potenciar Las Capacidades De Innovación En Las Organizaciones.,12000
6359,Servicios de consultoría en transformación digital,Business Intelligence,Servicios De Consultoría Para Guiar A Las Organizaciones En Su Proceso De Transformación Digital.,18000
6360,Desarrollo de soluciones de analítica avanzada,Business Intelligence,Servicios De Creación De Aplicaciones Y Sistemas De Analítica Avanzada Para La Toma De Decisiones.,25000
6371,Desarrollo de soluciones de business intelligence,Business Intelligence,"Servicios De Creación De Soluciones De Bi Para El Análisis, Visualización Y Monitoreo De Datos.",22000
6372,Servicios de gestión de proyectos de TI,Business Intelligence,Servicios De Consultoría Y Liderazgo En La Gestión De Iniciativas Y Proyectos De Ti.,16000
6375,Servicios de análisis de datos y big data,Business Intelligence,Servicios De Consultoría Y Ejecución De Proyectos De Análisis De Datos Y Big Data Para Empresas.,18000
6379,Desarrollo de soluciones de aprendizaje automático (machine learning),Business Intelligence,Servicios De Desarrollo De Soluciones De Machine Learning Para Resolver Problemas Empresariales.,25000
6380,Servicios de estrategia y transformación digital,Business Intelligence,"Servicios De Consultoría En Estrategia, Diseño E Implementación De Programas De Transformación Digital.",20000
6390,Desarrollo de soluciones de inteligencia de negocios (BI),Business Intelligence,Servicios De Creación De Soluciones De Inteligencia De Negocios (Bi) Para Empresas.,25000
6393,Servicios de análisis de datos y visualización,Business Intelligence,Servicios De Consultoría Y Ejecución De Proyectos De Análisis De Datos Y Visualización.,10000
6398,Servicios de consultoría en administración y gestión de datos,Business Intelligence,Servicios De Consultoría Especializada En La Gestión Integral De Datos Empresariales.,16000
6402,Servicios de consultoria en arquitectura empresarial,Business Intelligence,Servicios De Consultoría Especializada En El Desarrollo De Arquitecturas De Sistemas Y Procesos A Nivel Organizacional.,22000
6403,Servicios de desarrollo de soluciones de inteligencia artificial y machine learning,Business Intelligence,Servicios De Creación De Soluciones Avanzadas De Ia Y Machine Learning Para Diversas Industrias.,28000
6405,Servicios de consultoría en estrategia y gobierno de datos,Business Intelligence,Servicios De Consultoría Especializada En El Diseño E Implementación De Iniciativas De Gobernanza De Datos.,22000
6406,Servicios de análisis de big data y business intelligence,Business Intelligence,Servicios De Consultoría Y Desarrollo De Plataformas De Inteligencia De Negocios Y Analítica Avanzada.,25000
6410,Servicios de gestión de proyectos y transformación ágil,Business Intelligence,Servicios De Consultoría Y Acompañamiento En La Gestión De Proyectos De Cambio Y Mejora Continua.,22000
6412,Servicios de consultoría en estrategia y transformación digital,Business Intelligence,Servicios De Consultoría Especializada En La Planificación E Implementación De Iniciativas De Digitalización.,25000
6416,Servicios de implementación de soluciones de inteligencia artificial y machine learning,Business Intelligence,"Servicios De Consultoría Y Despliegue De Soluciones De Inteligencia Artificial, Aprendizaje De Máquina Y Procesamiento De Datos.",25000
6423,Servicios de implementación de soluciones de analítica de datos y visualización,Business Intelligence,"Servicios De Consultoría Y Desarrollo De Plataformas Para Análisis De Datos, Inteligencia De Negocios Y Generación De Reportes.",20000
6428,Servicios de desarrollo de aplicaciones de análisis predictivo y ciencia de datos,Business Intelligence,"Servicios De Consultoría Y Construcción De Aplicaciones Para La Extracción De Insights, Predicción De Tendencias Y Toma De Decisiones Basada En Datos.",28000
6432,Servicios de desarrollo de aplicaciones de inteligencia artificial generativa,Business Intelligence,"Servicios De Consultoría Y Construcción De Soluciones De Ia Para La Generación De Contenido, Ideas Y Análisis Personalizados.",32000
6433,Servicios de implementación de soluciones de gestión de datos y analítica empresarial,Business Intelligence,"Servicios De Consultoría Y Despliegue De Soluciones Integrales Para La Gestión, Gobierno Y Análisis De Datos A Nivel Organizacional.",35000
6434,Servicios de implementación de soluciones de inteligencia artificial y aprendizaje automático,Business Intelligence,"Servicios De Consultoría Y Despliegue De Soluciones De Ia Para La Automatización De Procesos, Predicción De Tendencias Y Toma De Decisiones.",30000
6440,Servicios de desarrollo de aplicaciones de análisis de datos geoespaciales,Business Intelligence,"Servicios De Consultoría Y Construcción De Soluciones De Procesamiento, Interpretación Y Representación De Información Geoespacial.",25000
6442,Servicios de desarrollo de aplicaciones de análisis de datos de redes sociales,Business Intelligence,"Servicios De Consultoría Y Construcción De Soluciones Para La Extracción De Insights, Monitoreo Y Gestión De La Presencia En Canales Digitales.",25000
6443,Servicios de implementación de soluciones de analítica avanzada de datos,Business Intelligence,"Servicios De Consultoría Y Despliegue De Soluciones De Analítica Predictiva, Prescriptiva Y En Tiempo Real Para Optimizar Procesos Clave Del Negocio.",32000
6449,Servicios de implementación de soluciones de analítica de experiencia de usuario,Business Intelligence,"Servicios De Consultoría Y Despliegue De Soluciones De Analítica De Comportamiento, Usabilidad Y Satisfacción Del Usuario Para Optimizar La Experiencia Digital.",28000
6453,Redacción de informes,Business Intelligence,Servicio De Redacción Profesional De Informes.,80
6471,Consultoría empresarial,Business Intelligence,Servicio De Consultoría Estratégica Para Empresas.,2500
6489,Consultoría de estrategia digital,Business Intelligence,Consultoría Para La Transformación Digital De Negocios.,1800
6518,Consultoría en estrategia digital,Business Intelligence,Consultoría Especializada En Estrategia Y Transformación Digital Para Empresas.,3000
6543,Análisis de Conversiones: Optimiza tu E-commerce y Aumenta tus Ventas,Business Intelligence,Servicio de análisis de conversiones para e-commerce que te permite: Identificar áreas de mejora Optimizar la experiencia del usuario Aumentar las ventas Mejorar el ROI de marketing,1000
6554,Servicio de Analítica Web: Optimiza tu Ecommerce con Datos Valiosos,Business Intelligence,Servicio de implementación de analítica web para e-commerce,1200
6568,Servicio de Análisis de Datos de Ecommerce: Optimiza tu Tienda Online con Insights Valiosos,Business Intelligence,"Servicio de Análisis de Datos de Ecommerce: Optimiza tu estrategia de negocio online con métricas esenciales, análisis de cohortes, segmentación avanzada y más.",2500
6578,Servicio de Implementación de Herramientas de Analítica y Optimización,Business Intelligence,Servicio De Implementación De Herramientas De Analítica Y Optimización Para Ecommerce.,2500
6640,Análisis de Sentimiento en Redes Sociales,Business Intelligence,Análisis De Sentimiento En Redes Sociales Con Ia.,700
6645,Análisis de Datos de Ecommerce: Optimiza tu Estrategia con Datos Clave,Business Intelligence,Análisis de Datos de Ecommerce para mejorar la estrategia,800
6656,Analítica y Reportes Ecommerce: Monitorea y Optimiza tu Tienda Online,Business Intelligence,Análisis y Reportes de Datos de Ecommerce: La clave para el éxito en el comercio electrónico,800
6663,Análisis y Optimización de Conversiones para Ecommerce: Mejora tus Tasas de Conversión,Business Intelligence,Análisis y Optimización de Conversiones Ecommerce: Maximiza tus ventas online,1200
6670,Análisis Avanzado de Datos para Ecommerce: Optimiza tu Tienda Virtual con Insights Estratégicos,Business Intelligence,Análisis Avanzado de Datos para Ecommerce: Impulsa tu Negocio Online,1500
6681,Servicios de Analítica Ecommerce,Business Intelligence,Soluciones De Analítica Para Ecommerce.,1000
6690,Servicios de Análisis de Datos Ecommerce,Business Intelligence,Soluciones De Análisis De Datos Para Ecommerce.,2000
6695,Servicios de Analítica Avanzada Ecommerce,Business Intelligence,Soluciones De Analítica Avanzada Para Ecommerce.,2000
6701,Servicios de Analítica y Optimización para Ecommerce: Impulsa tu Tienda Virtual,Business Intelligence,Servicios de Analítica y Optimización para Ecommerce,2000
6723,Business Intelligence,Business Intelligence,Inteligencia De Negocio,
6724,Análisis y Gestión de Datos,Business Intelligence,,10
6725,Análisis de datos y seguimiento de métricas,Business Intelligence,Mejora La Toma De Decisiones Empresariales Con Análisis De Datos.,2500
6726,Análisis de Datos y Métricas,Business Intelligence,Análisis De Datos Y Métricas.,3200
6727,Dashboards Personalizados,Business Intelligence,Dashboards Personalizados.,2000
6728,Soluciones De Inteligencia De Negocio,Business Intelligence,Consultoría En Bi.,2500
6731,Implementación de Dashboards,Business Intelligence,Dashboards Personalizados.,1800
6732,Soluciones Estratégicas de BI,Business Intelligence,Soluciones Estratégicas De Bi.,4000
6737,Implementación De Dashboards Personalizados,Business Intelligence,Dashboards Personalizados.,3000
6738,Visualización Avanzada de Datos,Business Intelligence,Visualización Avanzada,2500
6740,Consultoría y Estrategia Digital,Business Intelligence,,12
6749,Consultoría en Machine Learning,Business Intelligence,Consultoría En Machine Learning,3000
6754,Soluciones de Business Intelligence (BI),Business Intelligence,Soluciones De Bi,8000
6758,Implementación de Herramientas de BI,Business Intelligence,Herramientas De Bi,7000
6762,Implementación De Sistemas De Gestión De Datos,Business Intelligence,Gestión De Datos,7500
6769,Implementación de Herramientas de Análisis Predictivo,Business Intelligence,Herramientas De Análisis Predictivo,7000
6805,Desarrollo de Algoritmos Avanzados,Business Intelligence,Algoritmos Para Marketing Digital.,2000
6835,Administración De Bases De Datos,Business Intelligence,Administración De Db,2000
6940,Desarrollo de Herramientas de Reporting,Business Intelligence,Herramientas De Reporting,6000
6943,Desarrollo de Soluciones de BI para KPIs,Business Intelligence,Soluciones Bi Para Kpis,5500
6944,Desarrollo de Herramientas de Visualización de Datos,Business Intelligence,Herramientas De Visualización,6000
6946,Desarrollo de Soluciones de Visualización Avanzada,Business Intelligence,Visualización Avanzada,6500
6952,Desarrollo de Soluciones de Visualización de Datos,Business Intelligence,Visualización De Datos,5500
6987,Soporte Avanzado en BI,Business Intelligence,Soporte Bi Avanzado,4000
6990,Asistencia Técnica en la Implementación de Machine Learning,Business Intelligence,Machine Learning,6000
6995,Soporte para Sistemas de Big Data,Business Intelligence,Soporte Big Data,5000
7001,Soporte Analítica Web,Business Intelligence,Soporte Analítica Web,3000
7002,Soporte Avanzado de BI,Business Intelligence,Soporte Avanzado Bi,6000
7003,Soporte Avanzado de Business Intelligence en ERP,Business Intelligence,Soporte Avanzado Bi En Erp,6500
7004,Soporte Avanzado de Reportería y Business Intelligence en ERP,Business Intelligence,Soporte Avanzado Reportería Bi En Erp,7000
7011,Soporte Técnico en Soluciones de Business Intelligence,Business Intelligence,Soporte Bi,5500
7013,Support BI Specialized,Business Intelligence,Soporte Especializado Bi,1500
7017,Support for BI,Business Intelligence,Soporte Bi,1400
7417,Reportes de Ventas,Business Intelligence,,
7422,Reportes Operativos,Business Intelligence,,
7427,Reportes de Producción,Business Intelligence,,
7432,Reportes de Ventas y Logística,Business Intelligence,,
7437,Reportes de Proyectos,Business Intelligence,,
7439,Análisis Básico de Datos,Business Intelligence,,
7440,Implementación de Dashboards Simples,Business Intelligence,,
7441,Consultoría en Inteligencia de Negocio,Business Intelligence,,
7442,Reportes Detallados,Business Intelligence,,
7443,Análisis Avanzado de Datos,Business Intelligence,,
7444,Dashboards Personalizados,Business Intelligence,,
7445,Reportes Personalizados,Business Intelligence,,
7446,Implementación Completa de BI,Business Intelligence,,
7447,Consultoría Continua en BI,Business Intelligence,,
7449,Análisis inicial de datos y métricas básicas para pequeñas empresas o proyectos de bajo alcance.,Business Intelligence,,
7450,Soluciones de inteligencia de negocio más completas para medianas empresas con necesidades analíticas intermedias.,Business Intelligence,,
7451,Soluciones completas para grandes empresas con necesidades analíticas avanzadas y continuas.,Business Intelligence,,
7452,Implementación integral y consultoría continua en inteligencia de negocio para corporaciones de gran tamaño.,Business Intelligence,,
7462,Análisis de Competencia y Estrategia: La Guía Definitiva para Dominar tu Mercado,Business Intelligence,Análisis de Competencia y Estrategia: Información clave sobre tus competidores para tomar decisiones informadas y obtener ventaja competitiva.,
7489,Consultoría en Estrategia Web: Optimiza tu presencia online y alcanza tus objetivos,Business Intelligence,"Consultoría en Estrategia Web: Impulsa tu presencia digital al siguiente nivel. Análisis exhaustivo, estrategia personalizada, SEO, marketing de contenidos, análisis de datos. Beneficios: mayor visibilidad, generación de",
7510,Personalización de Reportes: Crea Informes a Medida para Tus Necesidades,Business Intelligence,Personalización de Reportes: Crea reportes a medida para una toma de decisiones informada.,
7513,Consultoría en Optimización de Procesos: Mejora la Eficiencia y Rentabilidad de tu Negocio,Business Intelligence,"Consultoría en Optimización de Procesos: Transformando operaciones para el éxito. Análisis exhaustivo, diseño optimizado, implementación y capacitación, monitoreo y mejora continua. Reduce costos, aumenta la productivida",
7517,Evaluación de Impacto Continuo: Monitorea y Mejora tus Resultados en Tiempo Real,Business Intelligence,"Evaluación de Impacto Continuo: Medí y mejorá el impacto de tus iniciativas en tiempo real con seguimiento personalizado, análisis avanzado e informes automatizados.",
7519,Implementación de Business Intelligence: Optimiza tus decisiones con datos,Business Intelligence,Implementación de Business Intelligence: una transformación para la toma de decisiones,
7525,Desarrollo de Informes Personalizados: Crea Reportes a Medida para tus Necesidades,Business Intelligence,"Desarrollo de Informes Personalizados: Herramienta para la toma de decisiones informada, con informes adaptados, automatizados, integrados y visuales.",600
7527,Análisis de Procesos Empresariales: Optimiza tus operaciones para el éxito,Business Intelligence,Análisis de Procesos Empresariales: Optimiza el rendimiento y la eficiencia de tu empresa.,600
7530,Revisión y Optimización de Procesos: Mejora la Eficiencia y Reduce Costos,Business Intelligence,"Revisión y Optimización de Procesos: Identifica y elimina cuellos de botella, mejora la productividad y reduce costos.",600
7532,Consultoría para Mejora Continua: Optimiza tus Procesos y Alcanza la Excelencia Operativa,Business Intelligence,Consultoría para Mejora Continua: Optimizando operaciones para la excelencia.,700
7534,Personalización de Informes: Crea Reportes a Medida para tus Necesidades,Business Intelligence,Personalización de Informes: Crea informes personalizados para una toma de decisiones informada.,500
7535,Implementación de Soluciones de BI: Optimiza la Toma de Decisiones con Datos,Business Intelligence,Implementación de Soluciones de BI: Transformando datos en decisiones inteligentes,800
7543,Consultoría Adicional Básica: Asesoría Experta para Optimizar tu Negocio,Business Intelligence,"Consultoría Adicional Básica: Asesoramiento personalizado, análisis exhaustivo y planes de acción para el éxito empresarial.",1000
7551,Consultoría en Transformación Digital: Impulsa tu Negocio hacia el Éxito,Business Intelligence,Consultoría en Transformación Digital: Impulsando el crecimiento y la innovación en la era digital,1200
7552,Informe de Análisis de Rendimiento: Optimiza tu Estrategia Digital,Business Intelligence,Informe de Análisis de Rendimiento: Información valiosa para el éxito empresarial.,500
7554,Evaluación de Impacto: Analiza y Mide el Éxito de tus Iniciativas,Business Intelligence,Evaluación de Impacto: Herramienta para medir el éxito de tus iniciativas.,400
7560,Solución de BI y analítica en la nube,Business Intelligence,Solución De Bi,4000
7575,Implementación de análisis de datos en tiempo real,Business Intelligence,Análisis En Tiempo Real,900
7586,Implementación de analítica avanzada,Business Intelligence,Soluciones De Analítica Avanzada,1000
7594,Implementación de soluciones de inteligencia artificial,Business Intelligence,Soluciones De Inteligencia Artificial,1500
7595,Consultoría en transformación digital para pymes,Business Intelligence,Consultoría En Transformación Digital Para Pymes,600
7597,Consultoría en gestión del cambio,Business Intelligence,Consultoría En Gestión Del Cambio,800
7599,Consultoría en sostenibilidad,Business Intelligence,Consultoría En Sostenibilidad,700
7603,Consultoría en estrategias de crecimiento,Business Intelligence,Consultoría En Estrategias De Crecimiento,600
7606,Implementación de soluciones de machine learning,Business Intelligence,Soluciones De Machine Learning,1500
7607,Consultoría en desarrollo sostenible,Business Intelligence,Consultoría En Desarrollo Sostenible,800
7610,Consultoría en gestión de riesgos,Business Intelligence,Consultoría En Gestión De Riesgos,900
7617,Desarrollo de soluciones de inteligencia de negocios,Business Intelligence,Soluciones De Inteligencia De Negocios,1800
7624,Implementación de soluciones de big data,Business Intelligence,Soluciones De Big Data,1800
7638,Consultoría en inteligencia competitiva,Business Intelligence,Consultoría En Inteligencia Competitiva,1000
7641,Consultoría en analítica avanzada,Business Intelligence,Consultoría En Analítica Avanzada,1100
7647,Servicios de Big Data,Business Intelligence,Soluciones De Big Data,
7651,Consultoría en Gobierno de Datos y Gestión de la Información,Business Intelligence,Gobierno De Datos.,
7652,Implementación de Soluciones de Análisis de Datos Avanzado,Business Intelligence,Análisis De Datos Avanzado.,
7657,Servicios de Análisis de Sentimientos y Minería de Texto,Business Intelligence,Análisis De Sentimientos Y Texto.,
7670,Business Intelligence Setup,Business Intelligence,Implementación De Bi,
7689,Optimización de Bases de Datos,Business Intelligence,Optimización De Bases De Datos,
7691,BI (Business Intelligence),Business Intelligence,Análisis De Datos Personalizado,
7694,Automatización de Reportes Ejecutivos,Business Intelligence,Automatización De Reportes Con Pentaho,
7695,Análisis de Big Data,Business Intelligence,Análisis De Big Data,
7697,Optimización de Estrategias de Precios,Business Intelligence,Optimización De Precios,
7701,Gobierno de datos y gestión de la información,Business Intelligence,Gobierno De Datos Y Gestión De La Información,
7702,Análisis de datos avanzado,Business Intelligence,Análisis De Datos Avanzado.,
7707,Análisis de sentimientos y minería de texto,Business Intelligence,Análisis De Sentimientos Y Minería De Texto,
7724,Consultoría en Analítica Avanzada y Ciencia de Datos,Business Intelligence,Analítica Avanzada Y Ciencia De Datos,
7730,Consultoría en Gobierno de Datos y Gestión del Ciclo de Vida de la Información: Optimiza tus datos para el éxito,Business Intelligence,Consultoría en Gobierno de Datos y Gestión del Ciclo de Vida de la Información: Optimiza tus datos para el éxito,
7731,Implementación de soluciones de inteligencia de negocios (BI) y cuadros de mando (dashboards) personalizados,Business Intelligence,Implementación De Bi Y Dashboards Personalizados,
7740,Implementación de soluciones de análisis predictivo y minería de datos,Business Intelligence,Análisis Predictivo Y Minería De Datos,
7745,Consultoría en gobernanza de datos y gestión del ciclo de vida de la información a nivel empresarial,Business Intelligence,Gobernanza De Datos Empresarial,
7758,Implementación de soluciones de análisis de datos en tiempo real y monitoreo de indicadores clave de desempeño (KPIs),Business Intelligence,Análisis De Datos,
7764,Implementación de soluciones de análisis predictivo y aprendizaje automático para anticipar tendencias y oportunidades,Business Intelligence,Análisis De Datos,
7765,Consultoría en gobierno de datos y gestión del ciclo de vida de la información a nivel empresarial,Business Intelligence,Consultoría,
7771,Implementación de soluciones de inteligencia de negocios (BI) y cuadros de mando (dashboards) avanzados con analítica visual,Business Intelligence,Análisis De Datos,
7774,Consultoría en Gobernanza de Datos y Gestión del Ciclo de Vida de la Información,Business Intelligence,Gobernanza De Datos,
7780,Implementación de Soluciones de Análisis de Datos en Tiempo Real,Business Intelligence,Análisis De Datos Y Monitoreo De Kpis,
7784,Implementación de Soluciones de Análisis Predictivo,Business Intelligence,Análisis Predictivo Y Machine Learning,
7785,Consultoría en Gobierno de Datos y Gestión de Información,Business Intelligence,Gestión De Datos E Información,
7788,Implementación de Soluciones de Inteligencia de Negocios (BI),Business Intelligence,Bi Y Analítica Visual Avanzada,
7794,Análisis de Sentimiento de Clientes en Línea,Business Intelligence,Evaluación De Sentimiento En Línea.,
7796,Generación Automatizada de Informes Ejecutivos,Business Intelligence,Informes Ejecutivos Automáticos.,
7800,Análisis predictivo y minería de datos,Business Intelligence,Soluciones De Análisis Predictivo Y Minería De Datos.,
7804,Gobernanza de datos y gestión del ciclo de vida,Business Intelligence,Gobernanza De Datos Y Gestión Del Ciclo De Vida.,
7812,Análisis de datos en tiempo real,Business Intelligence,Soluciones De Análisis De Datos En Tiempo Real.,
7835,Análisis Predictivo y ML,Business Intelligence,Análisis Predictivo Y Ml,
7836,Inteligencia de Negocios (BI),Business Intelligence,Inteligencia De Negocios,
7838,IA y Aprendizaje Automático,Business Intelligence,Ia Y Aprendizaje Automático,
7840,Gobierno de Datos y Gestión,Business Intelligence,Gobierno De Datos Y Gestión,
7849,Business Intelligence (BI),Business Intelligence,Inteligencia De Negocios,
7859,Análisis de Competidores y Mercado,Business Intelligence,Análisis De Mercado,
7861,Generación de Informes Inteligentes,Business Intelligence,Informes Inteligentes,
7872,Análisis de Competencia,Business Intelligence,Análisis Estratégico De Competencia.,
7887,Analítica Avanzada para la Toma de Decisiones,Business Intelligence,Analítica Avanzada,
7890,Inteligencia de Mercado para Identificar Tendencias,Business Intelligence,Inteligencia De Mercado,
7903,Implementación de Sistemas de IA,Business Intelligence,Sistemas De Ia,
7906,Análisis de la Competencia,Business Intelligence,Análisis Competitivo Con Ia,
7908,Análisis De Datos De Marketing,Business Intelligence,Análisis De Marketing Con Ia,
7912,Análisis de Datos con IA,Business Intelligence,Análisis De Datos Con Ia,
7917,Análisis de Comportamiento del Consumidor,Business Intelligence,Análisis De Comportamiento,
7919,Análisis de Datos Financieros con IA,Business Intelligence,Análisis Financiero,
7924,Optimización de Estrategias Financieras,Business Intelligence,Optimización De Finanzas,
7926,Optimización de Energía y Recursos,Business Intelligence,Optimización De Energía,
7927,Optimización de Estrategias de Negocios,Business Intelligence,Optimización De Negocios,
7929,Optimización de Proyectos Empresariales,Business Intelligence,Optimización De Proyectos,
7930,Optimización de Competencia de Mercado,Business Intelligence,Optimización De Competencia,
7931,Optimización de Estrategias de Recursos,Business Intelligence,Optimización De Recursos,
7932,Optimización de Energía y Sustentabilidad,Business Intelligence,Optimización De Energía,
7944,Consultoría en Big Data,Business Intelligence,Consultoría En Big Data,
7956,Plataforma de Analítica de Clientes,Business Intelligence,Análisis De Datos De Clientes,
7969,Plataforma de Analítica Web,Business Intelligence,Análisis Del Comportamiento Web,
7971,Plataforma de Análisis de Datos Financieros,Business Intelligence,Análisis De Datos Financieros,
7972,Plataforma de Business Intelligence (BI),Business Intelligence,Herramientas Avanzadas De Bi,
7973,Plataforma de Análisis de Datos de Clientes,Business Intelligence,Análisis De Datos De Clientes,
7994,Análisis de la Competencia con IA,Business Intelligence,Solución De Análisis De La Competencia Basada En Ia,
7998,Análisis de Interacciones con Clientes con IA,Business Intelligence,Solución De Análisis De Interacciones Con Clientes Basada En Ia,
8000,Análisis de Sentimiento en Llamadas Telefónicas,Business Intelligence,Solución De Análisis De Sentimiento En Llamadas Telefónicas Basada En Ia,
8002,Análisis de Datos de Recursos Humanos con IA,Business Intelligence,Solución De Análisis De Datos De Rrhh Basada En Ia,
8003,Análisis de Datos de Marketing con IA,Business Intelligence,Solución De Análisis De Datos De Marketing Con Ia,
8004,Análisis de Datos de Ventas con IA,Business Intelligence,Solución De Análisis De Datos De Ventas Basada En Ia,
8005,Análisis Predictivo para Mantenimiento,Business Intelligence,Solución De Análisis Predictivo Para Mantenimiento Basada En Ia,
8006,Análisis de Datos de la Cadena de Suministro con IA,Business Intelligence,Solución De Análisis De Datos De La Cadena De Suministro Con Ia,
8008,Gestión de Riesgos con IA,Business Intelligence,Solución De Gestión De Riesgos Basada En Ia,
8009,Planificación Financiera con IA,Business Intelligence,Solución De Planificación Financiera Con Ia,
8011,Gestión de Cumplimiento Normativo con IA,Business Intelligence,Solución De Gestión De Cumplimiento Normativo Con Ia,
8021,Analítica de datos,Business Intelligence,Análisis Y Generación De Reportes A Partir De Datos.,
8034,Análisis de mercado,Business Intelligence,Servicios De Investigación Y Análisis De Mercados.,
8036,Análisis de datos y BI,Business Intelligence,Servicios De Analítica De Datos Y Business Intelligence.,
8044,Investigación de mercados,Business Intelligence,Servicios De Investigación De Mercados Para Recopilar Y Analizar Información.,
8049,Soluciones de inteligencia de negocios,Business Intelligence,Servicios De Diseño E Implementación De Soluciones De Business Intelligence.,
8053,Consultoría en innovación,Business Intelligence,Servicios De Consultoría Para Impulsar La Innovación En Las Organizaciones.,
8058,Servicios de análisis de datos,Business Intelligence,Servicios De Consultoría Y Ejecución De Proyectos De Analítica De Datos.,
8059,Consultoría en gestión de procesos,Business Intelligence,"Servicios De Consultoría En Gestión, Eficiencia Y Optimización De Procesos Empresariales.",
8061,Consultoría en planificación estratégica,Business Intelligence,Servicios De Consultoría Para El Diseño E Implementación De Estrategias Empresariales.,
8065,Consultoría en gestión de la innovación,Business Intelligence,Servicios De Consultoría Para Potenciar Las Capacidades De Innovación En Las Organizaciones.,
8070,Servicios de consultoría en transformación digital,Business Intelligence,Servicios De Consultoría Para Guiar A Las Organizaciones En Su Proceso De Transformación Digital.,
8071,Desarrollo de soluciones de analítica avanzada,Business Intelligence,Servicios De Creación De Aplicaciones Y Sistemas De Analítica Avanzada Para La Toma De Decisiones.,
8082,Desarrollo de soluciones de business intelligence,Business Intelligence,"Servicios De Creación De Soluciones De Bi Para El Análisis, Visualización Y Monitoreo De Datos.",
8086,Servicios de análisis de datos y big data,Business Intelligence,Servicios De Consultoría Y Ejecución De Proyectos De Análisis De Datos Y Big Data Para Empresas.,
8091,Servicios de estrategia y transformación digital,Business Intelligence,"Servicios De Consultoría En Estrategia, Diseño E Implementación De Programas De Transformación Digital.",
8101,Desarrollo de soluciones de inteligencia de negocios (BI),Business Intelligence,Servicios De Creación De Soluciones De Inteligencia De Negocios (Bi) Para Empresas.,
8104,Servicios de análisis de datos y visualización,Business Intelligence,Servicios De Consultoría Y Ejecución De Proyectos De Análisis De Datos Y Visualización.,
8109,Servicios de consultoría en administración y gestión de datos,Business Intelligence,Servicios De Consultoría Especializada En La Gestión Integral De Datos Empresariales.,
8113,Servicios de consultoria en arquitectura empresarial,Business Intelligence,Servicios De Consultoría Especializada En El Desarrollo De Arquitecturas De Sistemas Y Procesos A Nivel Organizacional.,
8116,Servicios de consultoría en estrategia y gobierno de datos,Business Intelligence,Servicios De Consultoría Especializada En El Diseño E Implementación De Iniciativas De Gobernanza De Datos.,
8117,Servicios de análisis de big data y business intelligence,Business Intelligence,Servicios De Consultoría Y Desarrollo De Plataformas De Inteligencia De Negocios Y Analítica Avanzada.,
8123,Servicios de consultoría en estrategia y transformación digital,Business Intelligence,Servicios De Consultoría Especializada En La Planificación E Implementación De Iniciativas De Digitalización.,
8134,Servicios de implementación de soluciones de analítica de datos y visualización,Business Intelligence,"Servicios De Consultoría Y Desarrollo De Plataformas Para Análisis De Datos, Inteligencia De Negocios Y Generación De Reportes.",
8139,Servicios de desarrollo de aplicaciones de análisis predictivo y ciencia de datos,Business Intelligence,"Servicios De Consultoría Y Construcción De Aplicaciones Para La Extracción De Insights, Predicción De Tendencias Y Toma De Decisiones Basada En Datos.",
8144,Servicios de implementación de soluciones de gestión de datos y analítica empresarial,Business Intelligence,"Servicios De Consultoría Y Despliegue De Soluciones Integrales Para La Gestión, Gobierno Y Análisis De Datos A Nivel Organizacional.",
8151,Servicios de desarrollo de aplicaciones de análisis de datos geoespaciales,Business Intelligence,"Servicios De Consultoría Y Construcción De Soluciones De Procesamiento, Interpretación Y Representación De Información Geoespacial.",
8153,Servicios de desarrollo de aplicaciones de análisis de datos de redes sociales,Business Intelligence,"Servicios De Consultoría Y Construcción De Soluciones Para La Extracción De Insights, Monitoreo Y Gestión De La Presencia En Canales Digitales.",
8154,Servicios de implementación de soluciones de analítica avanzada de datos,Business Intelligence,"Servicios De Consultoría Y Despliegue De Soluciones De Analítica Predictiva, Prescriptiva Y En Tiempo Real Para Optimizar Procesos Clave Del Negocio.",
8160,Servicios de implementación de soluciones de analítica de experiencia de usuario,Business Intelligence,"Servicios De Consultoría Y Despliegue De Soluciones De Analítica De Comportamiento, Usabilidad Y Satisfacción Del Usuario Para Optimizar La Experiencia Digital.",
8181,Consultoría empresarial,Business Intelligence,Servicio De Consultoría Estratégica Para Empresas.,
8191,Consultoría de estrategia digital,Business Intelligence,Consultoría Para La Transformación Digital De Negocios.,
8220,Consultoría en estrategia digital,Business Intelligence,Consultoría Especializada En Estrategia Y Transformación Digital Para Empresas.,
8232,Estrategia de Ecommerce: Maximiza tus ventas y rentabilidad online,Business Intelligence,"Servicio de consultoría en estrategia de ecommerce que te ayuda a analizar el mercado, optimizar tu tienda online, implementar campañas de marketing digital, gestionar redes sociales y monitorear el rendimiento para maxi",
8245,Análisis de Conversiones: Optimiza tu E-commerce y Dispara tus Ventas,Business Intelligence,Análisis de Conversiones: Optimiza tu E-commerce y Aumenta tus Ventas Servicio que te permite: Identificar áreas de mejora Optimizar la experiencia del usuario Aumentar las ventas Mejorar el ROI de marketing,
8256,Servicio de Analítica Web: Optimiza tu E-commerce con Datos Valiosos,Business Intelligence,"Servicio de analítica web para e-commerce que brinda datos valiosos para optimizar la experiencia del usuario, aumentar las conversiones, reducir costos y obtener una ventaja competitiva.",
8341,Análisis de Sentimiento en Redes Sociales,Business Intelligence,Análisis De Sentimiento En Redes Sociales Con Ia.,
8346,Análisis de Datos de Ecommerce: Optimiza tu Estrategia con Datos Clave,Business Intelligence,Análisis de Datos de Ecommerce: Optimiza tu estrategia con datos clave,
8357,Análisis y Reportes Ecommerce: Monitorea y Optimiza tu Tienda Online,Business Intelligence,Análisis y Reportes de Datos de Ecommerce,
8364,Análisis y Optimización de Conversiones para Ecommerce: Maximiza tus Ventas Online,Business Intelligence,Análisis y Optimización de Conversiones para Ecommerce: Maximiza tus ventas online,
8371,Análisis Avanzado de Datos para Ecommerce: Optimiza tu Tienda Virtual con Insights Estratégicos,Business Intelligence,Análisis Avanzado de Datos para Ecommerce: Optimiza tu Tienda Virtual con Insights Estratégicos,
8382,Servicios de Analítica Ecommerce: Optimiza tu Tienda Virtual con Datos y KPIs Clave,Business Intelligence,Servicios de Analítica para Ecommerce: Impulsa tu Negocio Online,
8391,Servicios de Análisis de Datos para Ecommerce: Optimiza tu Tienda Virtual con Datos,Business Intelligence,Servicios de Análisis de Datos para Ecommerce: Optimiza tu Tienda Virtual con Datos,
8396,Servicios de Analítica Avanzada para Ecommerce: Impulsa tu Crecimiento con Datos,Business Intelligence,Servicios de Analítica Avanzada para Ecommerce: Impulsa tu Crecimiento con Datos,
8402,Servicios de Analítica y Optimización para Ecommerce: Impulsa tu Tienda Virtual,Business Intelligence,Servicios de Analítica y Optimización para Ecommerce: Impulsa tu Tienda Virtual,
5862,Auditoría de Seguridad Informática,Ciberseguridad,Auditoría De Seguridad Informática.,4500
5879,Consultoría en Ciberseguridad Avanzada y Respuesta a Incidentes,Ciberseguridad,Ciberseguridad Avanzada.,7500
5929,Ciberseguridad avanzada,Ciberseguridad,Ciberseguridad Avanzada.,7000
5956,Ciberseguridad,Ciberseguridad,Ciberseguridad,
5976,Consultoría en ciberseguridad y cumplimiento normativo,Ciberseguridad,Consultoría En Ciberseguridad Y Cumplimiento Normativo,11000
5997,Consultoría en ciberseguridad y privacidad de datos para cumplir con regulaciones y estándares,Ciberseguridad,Consultoría,12000
6004,Servicios de análisis de riesgos y ciberseguridad para identificar y mitigar amenazas emergentes,Ciberseguridad,Seguridad,18000
6013,Consultoría en Ciberseguridad y Respuesta a Incidentes a Nivel Empresarial,Ciberseguridad,Ciberseguridad,
6023,Consultoría en Ciberseguridad,Ciberseguridad,Ciberseguridad,
6036,Consultoría en Ciberseguridad y Privacidad de Datos,Ciberseguridad,Ciberseguridad Y Cumplimiento Normativo,10000
6040,Servicios de Análisis de Riesgos y Ciberseguridad,Ciberseguridad,Análisis De Riesgos Y Ciberseguridad,9000
6090,Ciberseguridad y privacidad de datos,Ciberseguridad,Ciberseguridad Y Privacidad De Datos.,5000
6107,Gestión de Identidades y Accesos,Ciberseguridad,Gestión De Identidades Y Accesos,3500
6113,Seguridad Cibernética Avanzada,Ciberseguridad,Seguridad Cibernética Avanzada,7000
6146,Soluciones de Seguridad Cibernética,Ciberseguridad,Seguridad Cibernética Empresarial.,1500
6194,Detección de Fraude con IA,Ciberseguridad,Detección De Fraude,220
6222,Consultoría en Seguridad Informática,Ciberseguridad,Seguridad Informática Empresarial,8000
6237,Plataforma de Monitoreo y Alertas,Ciberseguridad,Monitoreo Y Alertas Proactivas,350
6316,Seguridad informática,Ciberseguridad,Servicios De Seguridad Y Protección De Sistemas.,300
6327,Servicios de ciberseguridad,Ciberseguridad,Servicios Gestionados De Ciberseguridad Y Protección De La Información.,4000
6364,Desarrollo de soluciones de ciberseguridad,Ciberseguridad,Servicios De Creación De Aplicaciones Y Sistemas De Ciberseguridad Para La Defensa Frente A Amenazas.,18000
6387,Servicios de consultoría en ciberseguridad,Ciberseguridad,Servicios De Consultoría Especializada En Ciberseguridad Para La Protección De Activos Digitales.,16000
6399,Servicios de ciberseguridad y protección de datos,Ciberseguridad,Servicios De Consultoría Y Despliegue De Soluciones De Ciberseguridad Para Empresas.,20000
6415,Servicios de implementación de soluciones de ciberseguridad y protección de datos,Ciberseguridad,Servicios De Consultoría Y Desarrollo De Arquitecturas De Seguridad Para La Protección De Datos Y Activos Digitales.,28000
6425,Servicios de seguridad cibernética y monitoreo de amenazas,Ciberseguridad,"Servicios De Consultoría Y Despliegue De Tecnologías De Seguridad De La Información, Detección De Amenazas Y Protección De Activos Digitales.",25000
6439,Servicios de implementación de soluciones de ciberseguridad avanzada,Ciberseguridad,"Servicios De Consultoría Y Despliegue De Soluciones Avanzadas De Detección, Prevención Y Respuesta A Incidentes De Seguridad.",32000
6447,Servicios de implementación de soluciones de ciberseguridad para infraestructuras industriales,Ciberseguridad,"Servicios De Consultoría Y Despliegue De Soluciones De Detección, Prevención Y Respuesta A Amenazas Cibernéticas En Infraestructuras Críticas Y Operacionales.",32000
6684,Servicios de Seguridad Ecommerce,Ciberseguridad,Soluciones De Seguridad Para Ecommerce.,800
6691,Servicios de Seguridad y Cumplimiento Ecommerce,Ciberseguridad,Servicios De Seguridad Y Cumplimiento Para Ecommerce.,1500
6748,Auditoría de Seguridad,Ciberseguridad,Auditoría De Seguridad,1000
6752,Verificación de Seguridad en Big Data,Ciberseguridad,Auditoría De Seguridad En Big Data,3000
6753,Auditoría de Ciberseguridad,Ciberseguridad,Auditoría De Ciberseguridad,4000
6756,Consultoría en Seguridad de Información,Ciberseguridad,Consultoría En Seguridad De Información,5500
6765,Auditoría de Seguridad en Big Data,Ciberseguridad,Seguridad En Big Data,5000
6822,SSL Básico,Ciberseguridad,Certificado Ssl Básico.,50
6823,Análisis de riesgos avanzado (mensual),Ciberseguridad,,1
6824,Respuesta a incidentes básica,Ciberseguridad,,1
6826,Implementación De Medidas De Protección,Ciberseguridad,Implementación De Medidas De Protección.,3000
6827,Monitoreo Y Respuesta A Incidentes,Ciberseguridad,Monitoreo Y Respuesta A Incidentes.,2200
6828,Instalación de Sistemas de Videovigilancia,Ciberseguridad,Sistemas De Videovigilancia.,2500
6829,Instalación de Sistemas de Alarmas,Ciberseguridad,Sistemas De Alarmas.,2000
6830,Análisis de Riesgos de Ciberseguridad,Ciberseguridad,Análisis De Riesgos De Seguridad.,2000
6831,Análisis de Riesgos en Ciberseguridad,Ciberseguridad,Análisis De Vulnerabilidades.,2000
6832,Monitoreo y Respuesta a Incidentes de Seguridad,Ciberseguridad,Monitoreo Y Respuesta.,1800
6868,SSL Seguro,Ciberseguridad,Certificado Ssl Para Sitios Web.,75
7012,Soporte Técnico en Sistemas de Video Vigilancia,Ciberseguridad,Soporte Video Vigilancia,6000
7514,Auditoría de Seguridad: Protege tu negocio con nuestra solución integral,Ciberseguridad,Auditoría de Seguridad: Protegiendo tu negocio de amenazas ocultas,
7516,Configuración de Backup y Recuperación: Protege tus datos con facilidad,Ciberseguridad,Configuración de Backup y Recuperación: Protegiendo tus datos críticos,
7546,Respaldo y Recuperación de Datos: Protege tus archivos con nuestra solución integral,Ciberseguridad,"Respaldo y Recuperación de Datos: tu salvavidas digital. Protege tus datos de pérdidas y disfruta de tranquilidad con respaldos automáticos, almacenamiento en la nube y recuperación rápida.",500
7547,Seguridad Adicional: Tu escudo digital para un hogar protegido,Ciberseguridad,Seguridad Adicional: Protege tu hogar con tranquilidad,600
7585,Implementación de soluciones de seguridad IT,Ciberseguridad,Soluciones De Seguridad It,900
7644,Auditoría de Seguridad Informática,Ciberseguridad,Auditoría De Seguridad Informática.,
7661,Consultoría en Ciberseguridad Avanzada y Respuesta a Incidentes,Ciberseguridad,Ciberseguridad Avanzada.,
7711,Ciberseguridad avanzada,Ciberseguridad,Ciberseguridad Avanzada.,
7739,Consultoría en ciberseguridad y cumplimiento normativo,Ciberseguridad,Consultoría En Ciberseguridad Y Cumplimiento Normativo,
7760,Consultoría en ciberseguridad y privacidad de datos para cumplir con regulaciones y estándares,Ciberseguridad,Consultoría,
7767,Servicios de análisis de riesgos y ciberseguridad para identificar y mitigar amenazas emergentes,Ciberseguridad,Seguridad,
7776,Consultoría en Ciberseguridad y Respuesta a Incidentes a Nivel Empresarial,Ciberseguridad,Ciberseguridad,
7782,Consultoría en Ciberseguridad y Privacidad de Datos,Ciberseguridad,Ciberseguridad Y Cumplimiento Normativo,
7786,Servicios de Análisis de Riesgos y Ciberseguridad,Ciberseguridad,Análisis De Riesgos Y Ciberseguridad,
7814,Ciberseguridad y privacidad de datos,Ciberseguridad,Ciberseguridad Y Privacidad De Datos.,
7831,Gestión de Identidades y Accesos,Ciberseguridad,Gestión De Identidades Y Accesos,
7837,Seguridad Cibernética Avanzada,Ciberseguridad,Seguridad Cibernética Avanzada,
7870,Soluciones de Seguridad Cibernética,Ciberseguridad,Seguridad Cibernética Empresarial.,
7918,Detección de Fraude con IA,Ciberseguridad,Detección De Fraude,
7946,Consultoría en Seguridad Informática,Ciberseguridad,Seguridad Informática Empresarial,
7961,Plataforma de Monitoreo y Alertas,Ciberseguridad,Monitoreo Y Alertas Proactivas,
8027,Seguridad informática,Ciberseguridad,Servicios De Seguridad Y Protección De Sistemas.,
8038,Servicios de ciberseguridad,Ciberseguridad,Servicios Gestionados De Ciberseguridad Y Protección De La Información.,
8072,Servicios de auditoría y cumplimiento normativo,Ciberseguridad,Servicios De Consultoría Y Auditoría Para Garantizar El Cumplimiento De Requisitos Legales Y Normativos.,
8075,Desarrollo de soluciones de ciberseguridad,Ciberseguridad,Servicios De Creación De Aplicaciones Y Sistemas De Ciberseguridad Para La Defensa Frente A Amenazas.,
8098,Servicios de consultoría en ciberseguridad,Ciberseguridad,Servicios De Consultoría Especializada En Ciberseguridad Para La Protección De Activos Digitales.,
8110,Servicios de ciberseguridad y protección de datos,Ciberseguridad,Servicios De Consultoría Y Despliegue De Soluciones De Ciberseguridad Para Empresas.,
8115,Servicios de auditoría y aseguramiento de calidad de software,Ciberseguridad,"Servicios De Pruebas, Validación Y Aseguramiento De La Calidad En Proyectos De Desarrollo De Software.",
8126,Servicios de implementación de soluciones de ciberseguridad y protección de datos,Ciberseguridad,Servicios De Consultoría Y Desarrollo De Arquitecturas De Seguridad Para La Protección De Datos Y Activos Digitales.,
8136,Servicios de seguridad cibernética y monitoreo de amenazas,Ciberseguridad,"Servicios De Consultoría Y Despliegue De Tecnologías De Seguridad De La Información, Detección De Amenazas Y Protección De Activos Digitales.",
8150,Servicios de implementación de soluciones de ciberseguridad avanzada,Ciberseguridad,"Servicios De Consultoría Y Despliegue De Soluciones Avanzadas De Detección, Prevención Y Respuesta A Incidentes De Seguridad.",
8158,Servicios de implementación de soluciones de ciberseguridad para infraestructuras industriales,Ciberseguridad,"Servicios De Consultoría Y Despliegue De Soluciones De Detección, Prevención Y Respuesta A Amenazas Cibernéticas En Infraestructuras Críticas Y Operacionales.",
8385,Servicios de Seguridad para Ecommerce: Protege tu Tienda Virtual con Monitoreo de Fraude y Cumplimiento PCI DSS,Ciberseguridad,Servicios de Seguridad para Ecommerce: Protegiendo tu Negocio en Línea,
8392,Servicios de Seguridad y Cumplimiento para Ecommerce: Protege tu Tienda Virtual,Ciberseguridad,"Servicios de Seguridad y Cumplimiento para Ecommerce: Protección integral para tu negocio online, garantizando la confianza del cliente y el cumplimiento normativo.",
5893,Cloud Storage Solution,Cloud Computing,Almacenamiento En La Nube,1200
5958,Migración A La Nube,Cloud Computing,Migración A La Nube,
5978,Servicios de migración y modernización de infraestructura de TI a la nube híbrida y multicloud,Cloud Computing,Migración Y Modernización De Infraestructura Ti,20000
6009,Servicios de migración y modernización de infraestructura de TI a la nube híbrida y multicloud con automatización,Cloud Computing,Migración,23000
6043,Servicios de Migración y Modernización de Infraestructura de TI,Cloud Computing,Migración De Ti A La Nube Híbrida,20000
6077,Migración y modernización de infraestructura de TI,Cloud Computing,Migración Y Modernización De Infraestructura De Ti A La Nube.,5000
6104,Respaldo y Recuperación de Datos,Cloud Computing,Respaldo Y Recuperación,3000
6106,Optimización de Redes y Conectividad,Cloud Computing,Optimización De Redes,4000
6155,Configuración de Redes,Cloud Computing,Configuración De Redes.,2000
6177,Servicios de Alojamiento y Cloud,Cloud Computing,Servicios De Alojamiento Y Cloud,5000
6214,Optimización de Recursos TI,Cloud Computing,Mejora De Recursos Tecnológicos,2000
6217,Consultoría en Soluciones Cloud,Cloud Computing,Soluciones En La Nube,3500
6219,Optimización de Infraestructura TI,Cloud Computing,Mejora De Infraestructura Ti,4500
6230,Plataforma de Respaldo y Recuperación de Datos,Cloud Computing,Respaldo Y Recuperación De Datos,1700
6277,"1 vCore, RAM: 1gb, Disco: 25 GB SSD, Ancho de Banda: 1000 GB",Cloud Computing,Servidor Virtual 1 Vcore 1 Gb Ram 25 Gb Ssd 1000 Gb Ancho Banda,
6324,Soluciones de nube híbrida,Cloud Computing,Servicios De Implementación Y Gestión De Entornos De Nube Híbrida.,3000
6353,Servicios de cloud computing,Cloud Computing,"Servicios De Alojamiento, Procesamiento Y Almacenamiento En La Nube Para Empresas.",18000
6368,Servicios de virtualización y cloud computing,Cloud Computing,Servicios De Consultoría Y Ejecución De Proyectos De Adopción De Soluciones En La Nube.,16000
6389,Servicios de migración a la nube,Cloud Computing,Servicios De Consultoría Y Ejecución De Proyectos De Migración Y Adopción De Soluciones Cloud.,20000
6421,Servicios de implementación de soluciones de computación en la nube,Cloud Computing,"Servicios De Consultoría Y Despliegue De Soluciones En La Nube Para Infraestructura, Plataformas Y Aplicaciones.",18000
6437,Servicios de implementación de soluciones de infraestructura en la nube,Cloud Computing,"Servicios De Consultoría Y Despliegue De Soluciones De Computación En La Nube, Almacenamiento, Redes Y Servicios Gestionados.",25000
6719,Servicios de Implementación de ERP en la Nube,Cloud Computing,Servicios De Implementación De Sistemas Erp En La Nube.,15000
6850,Cloud Computing,Cloud Computing,,6
6855,Evaluación Inicial de Infraestructura en la Nube,Cloud Computing,,600
6856,Migración Básica a la Nube,Cloud Computing,,800
6857,Gestión Básica de Servicios en la Nube,Cloud Computing,,500
6858,Implementación de Seguridad Básica en la Nube,Cloud Computing,,700
6859,Evaluación Avanzada de Infraestructura en la Nube,Cloud Computing,,900
6860,Migración Avanzada a la Nube,Cloud Computing,,1200
6861,Gestión y Monitoreo Continuo en la Nube,Cloud Computing,,1000
6862,Implementación de Seguridad Avanzada en la Nube,Cloud Computing,,1100
6863,Consultoría y Optimización de Infraestructura en la Nube,Cloud Computing,,1500
6864,Gestión Completa y Monitoreo Avanzado en la Nube,Cloud Computing,,1400
6865,Implementación Integral de Seguridad en la Nube,Cloud Computing,,1600
6866,Consultoría Continua y Evaluación de Rendimiento en la Nube,Cloud Computing,,1700
6897,Evaluación para Adopción de Cloud,Cloud Computing,Evaluación De Tecnologías Cloud.,2000
6898,Gestión y Monitoreo de Infraestructura,Cloud Computing,Gestión De Infraestructuras Cloud.,2500
6905,Evaluación de Tecnologías Cloud,Cloud Computing,Evaluación De Tecnologías En La Nube.,1500
6906,Gestión y Monitoreo de Infraestructuras,Cloud Computing,Monitoreo De Infraestructuras En La Nube.,2500
6910,Evaluación para Adopción de Tecnologías Cloud,Cloud Computing,Evaluación De Tecnologías Cloud.,2500
6911,Gestión y Monitoreo de Infraestructuras Cloud,Cloud Computing,Monitoreo De Infraestructuras Cloud.,1800
6918,Migración a la Nube y Soluciones de Almacenamiento,Cloud Computing,Migración Y Almacenamiento En La Nube.,4000
6919,Gestión Y Monitoreo De Infraestructuras En La Nube,Cloud Computing,Gestión De Infraestructuras En La Nube.,2200
6920,Evaluaciones y Diagnósticos para Adopción de Tecnologías Cloud,Cloud Computing,Evaluación Para Adopción De Cloud.,3000
6922,Evaluaciones para Adopción de Cloud,Cloud Computing,Evaluaciones Para Adopción De Cloud.,1500
6923,Gestión de Infraestructuras en la Nube,Cloud Computing,Gestión Y Monitoreo De Infraestructuras.,2000
6980,Monitoreo y Gestión de Infraestructura,Cloud Computing,Monitoreo De Infraestructura.,2000
7006,Soporte de Implementación de Soluciones en la Nube,Cloud Computing,Soporte En La Nube,7000
7007,Soporte de Infraestructura en la Nube,Cloud Computing,Infraestructura En La Nube,6000
7556,Plataforma ERP en la nube,Cloud Computing,Erp En La Nube,3000
7584,Implementación de soluciones de almacenamiento,Cloud Computing,Soluciones De Almacenamiento,800
7675,Cloud Storage Solution,Cloud Computing,Almacenamiento En La Nube,
7741,Servicios de migración y modernización de infraestructura de TI a la nube híbrida y multicloud,Cloud Computing,Migración Y Modernización De Infraestructura Ti,
7772,Servicios de migración y modernización de infraestructura de TI a la nube híbrida y multicloud con automatización,Cloud Computing,Migración,
7789,Servicios de Migración y Modernización de Infraestructura de TI,Cloud Computing,Migración De Ti A La Nube Híbrida,
7801,Migración y modernización de infraestructura de TI,Cloud Computing,Migración Y Modernización De Infraestructura De Ti A La Nube.,
7828,Respaldo y Recuperación de Datos,Cloud Computing,Respaldo Y Recuperación,
7830,Optimización de Redes y Conectividad,Cloud Computing,Optimización De Redes,
7832,Internet of Things (IoT),Cloud Computing,Soluciones Iot,
7852,Integración de Sistemas y Aplicaciones,Cloud Computing,Integración De Sistemas,
7879,Configuración de Redes,Cloud Computing,Configuración De Redes.,
7938,Optimización de Recursos TI,Cloud Computing,Mejora De Recursos Tecnológicos,
7941,Consultoría en Soluciones Cloud,Cloud Computing,Soluciones En La Nube,
7942,Integración de Sistemas,Cloud Computing,Integración De Sistemas Empresariales,
7943,Optimización de Infraestructura TI,Cloud Computing,Mejora De Infraestructura Ti,
7954,Plataforma de Respaldo y Recuperación de Datos,Cloud Computing,Respaldo Y Recuperación De Datos,
8022,Respaldo y recuperación,Cloud Computing,Servicios De Respaldo Y Recuperación De Información.,
8026,Gestión de redes,Cloud Computing,Gestión Y Mantenimiento De Redes.,
8035,Soluciones de nube híbrida,Cloud Computing,Servicios De Implementación Y Gestión De Entornos De Nube Híbrida.,
8064,Servicios de cloud computing,Cloud Computing,"Servicios De Alojamiento, Procesamiento Y Almacenamiento En La Nube Para Empresas.",
8074,Servicios de migración y modernización de sistemas,Cloud Computing,Servicios De Consultoría Y Ejecución De Proyectos De Modernización Y Migración De Infraestructura Tecnológica.,
8078,Servicios de integración de sistemas,Cloud Computing,Servicios De Consultoría Y Ejecución De Proyectos De Integración De Sistemas Y Apis.,
8079,Servicios de virtualización y cloud computing,Cloud Computing,Servicios De Consultoría Y Ejecución De Proyectos De Adopción De Soluciones En La Nube.,
8087,Servicios de migración y modernización de sistemas legacy,Cloud Computing,Servicios De Consultoría Y Ejecución De Proyectos De Modernización De Sistemas Legacy.,
8094,Servicios de integración de sistemas y middleware,Cloud Computing,Servicios De Consultoría Y Ejecución De Proyectos De Integración De Sistemas Y Apis.,
8100,Servicios de migración a la nube,Cloud Computing,Servicios De Consultoría Y Ejecución De Proyectos De Migración Y Adopción De Soluciones Cloud.,
8111,Servicios de integración y orquestación de sistemas,Cloud Computing,Servicios De Consultoría Y Desarrollo De Arquitecturas De Integración De Aplicaciones Y Datos.,
8132,Servicios de implementación de soluciones de computación en la nube,Cloud Computing,"Servicios De Consultoría Y Despliegue De Soluciones En La Nube Para Infraestructura, Plataformas Y Aplicaciones.",
8148,Servicios de implementación de soluciones de infraestructura en la nube,Cloud Computing,"Servicios De Consultoría Y Despliegue De Soluciones De Computación En La Nube, Almacenamiento, Redes Y Servicios Gestionados.",
8420,Implementación de ERP en la Nube: Optimiza tu gestión empresarial con SaaS,Cloud Computing,Servicios de Implementación de Sistemas ERP en la Nube: Optimizando operaciones y obteniendo ventajas competitivas.,
5863,Desarrollo de Software a Medida,Desarrollo Web y E-Commerce,Software Personalizado.,7000
5871,Servicios de Diseño y Desarrollo de Interfaces de Usuario,Desarrollo Web y E-Commerce,Diseño Y Desarrollo De Ui/Ux,4500
5878,Servicios de Migración y Modernización de Aplicaciones Legacy,Desarrollo Web y E-Commerce,Migración Y Modernización De Aplicaciones.,9000
5883,E-commerce Setup,Desarrollo Web y E-Commerce,Configuración De E-Commerce,3000
5886,Custom Web Development,Desarrollo Web y E-Commerce,Desarrollo Web Personalizado,8000
5889,Web Application Development,Desarrollo Web y E-Commerce,Desarrollo De Aplicaciones Web,9000
5901,Custom Software Development,Desarrollo Web y E-Commerce,Desarrollo De Software Personalizado,20000
5904,Web Design,Desarrollo Web y E-Commerce,Diseño Web Personalizado,5000
5906,Desarrollo de Aplicaciones Personalizadas,Desarrollo Web y E-Commerce,Desarrollo De Aplicaciones Móviles,9000
5908,E-Commerce,Desarrollo Web y E-Commerce,E-Commerce Con Wordpress Y Woocommerce,5500
5921,Diseño y desarrollo de interfaces de usuario,Desarrollo Web y E-Commerce,Diseño Y Desarrollo De Ui/Ux,5000
5928,Migración y modernización de aplicaciones,Desarrollo Web y E-Commerce,Migración Y Modernización De Aplicaciones.,6500
5938,Servicios de Diseño y Desarrollo de Interfaces de Usuario (UI) y Experiencia de Usuario (UX),Desarrollo Web y E-Commerce,Diseño Y Desarrollo De Ui/Ux,7000
5947,Servicios de Desarrollo de Aplicaciones con Arquitecturas de Microservicios y Contenedores,Desarrollo Web y E-Commerce,Desarrollo De Aplicaciones Con Microservicios,6000
5961,Desarrollo de Aplicaciones Web,Desarrollo Web y E-Commerce,Desarrollo De Aplicaciones Web,
5981,Servicios de diseño y desarrollo de aplicaciones web con arquitecturas de microservicios y APIs,Desarrollo Web y E-Commerce,Desarrollo De Aplicaciones Web Con Microservicios Y Apis,14000
5989,Servicios de diseño y desarrollo de portales web y aplicaciones con arquitectura de microservicios,Desarrollo Web y E-Commerce,Desarrollo De Portales Web Con Microservicios,14000
5993,Servicios de desarrollo de aplicaciones web y móviles con integración de blockchain y criptomonedas,Desarrollo Web y E-Commerce,Desarrollo De Software,7000
5999,Servicios de migración y modernización de aplicaciones legacy a arquitecturas basadas en microservicios,Desarrollo Web y E-Commerce,Migración,9000
6014,Diseño y Desarrollo Web,Desarrollo Web y E-Commerce,Desarrollo De Portales Web,
6024,Migración y Modernización,Desarrollo Web y E-Commerce,Modernización,
6032,Servicios de Desarrollo de Aplicaciones Web y Móviles con Blockchain,Desarrollo Web y E-Commerce,Aplicaciones Con Blockchain Y Criptomonedas,15000
6049,Desarrollo de aplicaciones,Desarrollo Web y E-Commerce,Microservicios Y Contenedores,
6062,Servicios de desarrollo de aplicaciones con arquitecturas de microservicios,Desarrollo Web y E-Commerce,Aplicaciones Con Microservicios.,10000
6063,Desarrollo Web,Desarrollo Web y E-Commerce,Diseño Y Desarrollo Web,
6072,Microservicios y Contenedores,Desarrollo Web y E-Commerce,Aplicaciones Con Microservicios.,
6079,Diseño y desarrollo de aplicaciones web,Desarrollo Web y E-Commerce,Diseño Y Desarrollo De Aplicaciones Web Con Microservicios.,6000
6085,Desarrollo de portales web y aplicaciones,Desarrollo Web y E-Commerce,Diseño Y Desarrollo De Portales Web Y Aplicaciones.,5000
6087,Aplicaciones web y móviles con blockchain,Desarrollo Web y E-Commerce,Desarrollo De Aplicaciones Web Y Móviles Con Blockchain.,8000
6095,Desarrollo de Portales Web,Desarrollo Web y E-Commerce,Desarrollo De Portales Web,5000
6103,Consultoría en E-commerce,Desarrollo Web y E-Commerce,Consultoría En E-Commerce,
6110,Gestión de Contenidos Web,Desarrollo Web y E-Commerce,Gestión De Contenidos Web,4000
6117,Diseño y Desarrollo de UI/UX,Desarrollo Web y E-Commerce,Diseño Y Desarrollo De Ui/Ux,5000
6130,Desarrollo de Aplicaciones a Medida,Desarrollo Web y E-Commerce,Desarrollo A Medida,5200
6131,Desarrollo de Páginas Web,Desarrollo Web y E-Commerce,Desarrollo Web,4800
6132,¡Crea tu Tienda Online con Desarrollo de E-Commerce y Tiendas en Línea!,Desarrollo Web y E-Commerce,Desarrollo de E-Commerce y Tiendas en Línea: La clave para el éxito en el mundo digital.,5100
6139,Optimización de Sitios Web,Desarrollo Web y E-Commerce,Optimización Web,4400
6170,Integración de Plataformas de Pago Avanzadas,Desarrollo Web y E-Commerce,Integración De Pagos,4000
6174,E-Commerce y Tiendas en Línea,Desarrollo Web y E-Commerce,Desarrollo De E-Commerce,5500
6259,Implementacion Sitio Web Institucional,Desarrollo Web y E-Commerce,Implementación De Sitio Web Institucional,
6260,Implementacion Tienda Online Basico,Desarrollo Web y E-Commerce,Implementación De Tienda Online Básica,799
6261,Implementacion Tienda Online Minorista,Desarrollo Web y E-Commerce,Implementación De Tienda Online Minorista,1099
6262,Implementacion Tienda Online Mayorista,Desarrollo Web y E-Commerce,Implementación De Tienda Online Mayorista,1499
6266,Plan Tienda Online Basico pagado cada 1 mes,Desarrollo Web y E-Commerce,Plan Mensual Tienda Online Básica,99
6267,Plan Sitio web Institucional pagado cada 1 mes,Desarrollo Web y E-Commerce,Plan Mensual Sitio Web Institucional,
6268,Plan Sitio web Institucional pagado cada 1 año,Desarrollo Web y E-Commerce,Plan Anual Sitio Web Institucional,
6269,Plan Tienda Online Minorista pagado cada 1 mes,Desarrollo Web y E-Commerce,Plan Mensual Tienda Online Minorista,149
6270,Plan Tienda Online Mayorista pagado cada 1 mes,Desarrollo Web y E-Commerce,Plan Mensual Tienda Online Mayorista,199
6278,Implementacion Tienda Online Marketplace,Desarrollo Web y E-Commerce,Implementación Tienda Online Marketplace,1799
6279,Plan Tienda Online Marketplace pagado cada 1 mes,Desarrollo Web y E-Commerce,Plan Mensual Tienda Online Marketplace,249
6313,Desarrollo de software,Desarrollo Web y E-Commerce,Desarrollo De Software A Medida.,5000
6334,Desarrollo de sitios web,Desarrollo Web y E-Commerce,Servicios De Creación Y Optimización De Sitios Web Para Empresas.,5000
6335,Soluciones de e-commerce,Desarrollo Web y E-Commerce,Servicios De Consultoría E Implementación De Soluciones De E-Commerce.,7000
6346,Desarrollo de videojuegos,Desarrollo Web y E-Commerce,Servicios De Creación De Videojuegos Y Aplicaciones De Entretenimiento Digital.,25000
6355,Desarrollo de soluciones blockchain,Desarrollo Web y E-Commerce,Servicios De Creación De Soluciones Blockchain Para Diversos Sectores Y Casos De Uso.,18000
6357,Desarrollo de soluciones de realidad aumentada,Desarrollo Web y E-Commerce,Servicios De Creación De Soluciones De Realidad Aumentada Para Aplicaciones Empresariales Y De Consumo.,16000
6363,Servicios de migración y modernización de sistemas,Desarrollo Web y E-Commerce,Servicios De Consultoría Y Ejecución De Proyectos De Modernización Y Migración De Infraestructura Tecnológica.,20000
6366,Desarrollo de soluciones de comercio electrónico,Desarrollo Web y E-Commerce,Servicios De Creación De Soluciones De Comercio Electrónico B2C Y B2B Con Funcionalidades Avanzadas.,20000
6367,Servicios de integración de sistemas,Desarrollo Web y E-Commerce,Servicios De Consultoría Y Ejecución De Proyectos De Integración De Sistemas Y Apis.,18000
6369,Desarrollo de soluciones de realidad virtual,Desarrollo Web y E-Commerce,Servicios De Creación De Soluciones De Realidad Virtual Para Entornos Empresariales Y De Consumo.,20000
6370,Servicios de diseño y desarrollo web,Desarrollo Web y E-Commerce,Servicios De Construcción Y Mejora De Presencia Web Para Empresas Y Organizaciones.,12000
6373,Desarrollo de soluciones de blockchain,Desarrollo Web y E-Commerce,"Servicios De Creación De Soluciones Blockchain Para Áreas Como Finanzas, Cadena De Suministro Y Certificación.",25000
6376,Servicios de migración y modernización de sistemas legacy,Desarrollo Web y E-Commerce,Servicios De Consultoría Y Ejecución De Proyectos De Modernización De Sistemas Legacy.,22000
6382,Servicios de desarrollo de sitios web y e-commerce,Desarrollo Web y E-Commerce,"Servicios De Diseño, Desarrollo Y Mantenimiento De Soluciones Web Y De E-Commerce.",18000
6383,Servicios de integración de sistemas y middleware,Desarrollo Web y E-Commerce,Servicios De Consultoría Y Ejecución De Proyectos De Integración De Sistemas Y Apis.,22000
6386,Servicios de desarrollo de software a medida,Desarrollo Web y E-Commerce,"Servicios De Diseño, Desarrollo, Implementación Y Mantenimiento De Aplicaciones A La Medida.",30000
6395,Servicios de desarrollo de blockchain y smart contracts,Desarrollo Web y E-Commerce,Servicios De Consultoría Y Desarrollo De Proyectos Blockchain Y Smart Contracts.,22000
6396,Servicios de desarrollo de aplicaciones de realidad aumentada y virtual,Desarrollo Web y E-Commerce,Servicios De Diseño Y Desarrollo De Soluciones De Realidad Aumentada Y Virtual Para Diversos Sectores.,20000
6400,Servicios de integración y orquestación de sistemas,Desarrollo Web y E-Commerce,Servicios De Consultoría Y Desarrollo De Arquitecturas De Integración De Aplicaciones Y Datos.,20000
6401,Servicios de implementación de plataformas de comercio electrónico,Desarrollo Web y E-Commerce,Servicios De Creación Y Despliegue De Tiendas En Línea Y Plataformas De Comercio Digital.,18000
6409,Servicios de diseño y desarrollo de portales web y aplicaciones web,Desarrollo Web y E-Commerce,"Servicios De Diseño, Codificación Y Despliegue De Soluciones Web A Medida.",16000
6414,Servicios de desarrollo de software blockchain y smart contracts,Desarrollo Web y E-Commerce,"Servicios De Diseño, Desarrollo E Implementación De Sistemas Y Aplicaciones Blockchain.",25000
6417,Servicios de implementación de soluciones de realidad aumentada y realidad virtual,Desarrollo Web y E-Commerce,Servicios De Consultoría Y Despliegue De Soluciones De Realidad Extendida Para Diversos Sectores Y Casos De Uso.,20000
6418,Servicios de desarrollo de videojuegos y aplicaciones de entretenimiento interactivo,Desarrollo Web y E-Commerce,"Servicios De Diseño, Desarrollo Y Publicación De Videojuegos Y Aplicaciones De Entretenimiento Innovadoras.",25000
6420,Servicios de desarrollo de aplicaciones de realidad extendida (XR),Desarrollo Web y E-Commerce,Servicios De Consultoría Y Construcción De Experiencias Interactivas En Entornos Virtuales Y Aumentados.,22000
6424,Servicios de desarrollo e implementación de soluciones de blockchain,Desarrollo Web y E-Commerce,Servicios De Consultoría Y Desarrollo De Soluciones Descentralizadas Y Seguras Utilizando Blockchain.,30000
6426,Servicios de implementación de soluciones de gestión de contenidos y portales web,Desarrollo Web y E-Commerce,"Servicios De Consultoría Y Construcción De Soluciones De Gestión De Contenidos, Diseño Web Y Desarrollo De Aplicaciones Web.",22000
6430,Servicios de desarrollo de aplicaciones de realidad extendida para el metaverso,Desarrollo Web y E-Commerce,"Servicios De Consultoría Y Construcción De Soluciones De Realidad Aumentada, Virtual Y Mixta Para Entornos Virtuales Compartidos.",35000
6460,Diseño de sitios web,Desarrollo Web y E-Commerce,Servicio De Diseño Y Desarrollo De Sitios Web A La Medida.,1000
6465,Mantenimiento de sitios web,Desarrollo Web y E-Commerce,Servicio De Mantenimiento Y Soporte Para Sitios Web.,150
6478,Desarrollo de tienda online,Desarrollo Web y E-Commerce,Creación De Tiendas Online Personalizadas.,2800
6495,Creación de página web,Desarrollo Web y E-Commerce,Diseño Y Desarrollo De Sitios Web Personalizados.,1000
6502,Consultoría de UX,Desarrollo Web y E-Commerce,Optimización De La Experiencia De Usuario De Productos Digitales.,1500
6504,Desarrollo de sitio web,Desarrollo Web y E-Commerce,Creación De Sitios Web Modernos Y Funcionales Para Mejorar La Presencia Online.,3000
6511,Diseño de página web,Desarrollo Web y E-Commerce,Creación De Una Página Web Profesional Y Funcional Para Representar La Marca En Línea.,2500
6523,Diseño de páginas web,Desarrollo Web y E-Commerce,Servicio De Diseño Y Desarrollo De Páginas Web Profesionales.,1500
6529,Diseño de Tienda Online: Crea tu Plataforma de Ecommerce Personalizada,Desarrollo Web y E-Commerce,"Servicio de diseño y desarrollo de tiendas online para crear una presencia en línea impactante, impulsar las ventas y mejorar la experiencia del cliente.",1500
6530,Estrategia de Ecommerce: Maximiza tus ventas y rentabilidad online,Desarrollo Web y E-Commerce,"Servicio de consultoría en estrategia de ecommerce que guía a las empresas hacia el éxito en línea, brindando análisis de mercado, planificación estratégica, optimización de sitios web, marketing digital y gestión de ope",2000
6531,"Optimización de Tiendas Online: Mejora el Rendimiento, Aumenta las Ventas y Satisface a tus Clientes",Desarrollo Web y E-Commerce,"Servicio de optimización y mejora de tiendas online para aumentar el tráfico, las conversiones y el retorno de la inversión.",1000
6532,Integración de Marketplaces: Expande tu alcance y ventas en línea,Desarrollo Web y E-Commerce,Servicio de integración y gestión de tiendas en marketplaces,800
6540,Implementación de Tienda Online: Tu Solución Ecommerce Completa,Desarrollo Web y E-Commerce,Servicio de implementación de tienda online desde cero.,3000
6546,"Creación de Tienda Online: Diseño, Desarrollo y Capacitación para tu Negocio Digital",Desarrollo Web y E-Commerce,"Servicio de creación de tienda online para impulsar tu negocio con diseño personalizado, catálogo completo, pagos seguros, optimización móvil y redes sociales.",5000
6547,Rediseño de Tienda Online: Optimiza tu E-commerce para Impulsar las Ventas,Desarrollo Web y E-Commerce,"Servicio de rediseño de tienda online para mejorar la experiencia del usuario, aumentar las conversiones y optimizar la presencia en línea.",4000
6548,Servicio de Suscripciones,Desarrollo Web y E-Commerce,Servicio De Implementación De Suscripciones Para Ecommerce.,2000
6549,Servicio de Membresías,Desarrollo Web y E-Commerce,Servicio De Implementación De Membresías Para Ecommerce.,2500
6550,Solución de Dropshipping,Desarrollo Web y E-Commerce,Servicio De Implementación De Dropshipping Para Ecommerce.,1500
6551,Tienda Virtual Básica,Desarrollo Web y E-Commerce,Servicio De Creación De Tienda Virtual Básica Para Ecommerce.,1000
6552,Tienda Virtual Avanzada,Desarrollo Web y E-Commerce,Servicio De Desarrollo De Tienda Virtual Avanzada Para Ecommerce.,3000
6553,Migración de Plataforma: Actualiza tu Ecommerce con las Últimas Tendencias,Desarrollo Web y E-Commerce,Servicio de Migración de Plataforma Ecommerce: Migra tu tienda online a una plataforma más potente y escalable para crecer y escalar tu negocio sin problemas.,2500
6557,Servicio de Envío y Logística,Desarrollo Web y E-Commerce,Servicio De Envío Y Logística Para Ecommerce.,800
6559,Solución de Pasarela de Pago,Desarrollo Web y E-Commerce,Servicio De Implementación De Pasarela De Pago Para Ecommerce.,1000
6566,Servicio de Gestión de Inventario y Logística,Desarrollo Web y E-Commerce,Servicio De Gestión De Inventario Y Logística Para Ecommerce.,3500
6567,Servicio de Integración de Pasarelas de Pago,Desarrollo Web y E-Commerce,Servicio De Integración De Pasarelas De Pago Para Ecommerce.,1200
6569,Servicio de Optimización de Experiencia de Usuario,Desarrollo Web y E-Commerce,Servicio De Optimización De Experiencia De Usuario Para Ecommerce.,3000
6570,Servicio de Implementación de Comercio Electrónico,Desarrollo Web y E-Commerce,Servicio De Implementación De Ecommerce.,6000
6571,Servicio de Migración de Plataforma de Ecommerce,Desarrollo Web y E-Commerce,Servicio De Migración De Plataforma De Ecommerce.,4000
6572,Servicio de Integración de Ecommerce con Marketplaces,Desarrollo Web y E-Commerce,Servicio De Integración De Ecommerce Con Marketplaces.,3000
6573,Servicio de Estrategia de Precio y Promociones,Desarrollo Web y E-Commerce,Servicio De Estrategia De Precio Y Promociones Para Ecommerce.,2500
6577,Servicio de Implementación de Programas de Fidelización,Desarrollo Web y E-Commerce,Servicio De Implementación De Programas De Fidelización Para Ecommerce.,2800
6581,Servicio de Mejora de Experiencia de Usuario (UX) para Ecommerce,Desarrollo Web y E-Commerce,Servicio De Mejora De Experiencia De Usuario (Ux) Para Ecommerce.,4500
6582,Servicio de Implementación de Sistema de Recomendaciones Personalizadas,Desarrollo Web y E-Commerce,Servicio De Implementación De Sistema De Recomendaciones Personalizadas Para Ecommerce.,5000
6583,Servicio de Desarrollo de Integraciones B2B para Ecommerce: Automatiza tus Ventas y Distribución,Desarrollo Web y E-Commerce,"Servicio de Desarrollo de Integraciones B2B para E-commerce: Conecta tus sistemas, automatiza procesos y mejora la eficiencia de tu negocio.",8500
6584,Servicio de Migración y Actualización de Plataforma Ecommerce,Desarrollo Web y E-Commerce,Servicio De Migración Y Actualización De Plataforma Ecommerce.,12000
6585,Servicio de Optimización de Funnels de Conversión,Desarrollo Web y E-Commerce,Servicio De Optimización De Funnels De Conversión Para Ecommerce.,4000
6587,Servicio de Desarrollo de Soluciones de Fidelización para Ecommerce: Impulsa la Retención y el Valor del Cliente,Desarrollo Web y E-Commerce,"Servicio de Desarrollo de Soluciones de Fidelización para Ecommerce. Crea y ejecuta programas de fidelización personalizados para impulsar la lealtad del cliente, aumentar las ventas y mejorar la rentabilidad.",6000
6591,Servicio de Integración de Marketplace,Desarrollo Web y E-Commerce,Servicio De Integración De Ecommerce Con Marketplace.,6500
6592,Servicio de Optimización de Búsqueda Interna,Desarrollo Web y E-Commerce,Servicio De Optimización De La Búsqueda Interna En Ecommerce.,3800
6595,Servicio de Implementación de Solución de Pagos,Desarrollo Web y E-Commerce,Servicio De Implementación De Solución De Pagos Para Ecommerce.,4000
6596,Servicio de Desarrollo de Funcionalidad de Recomendación de Productos para Ecommerce: Aumenta tus Ventas y Mejora la Experiencia del Usuario,Desarrollo Web y E-Commerce,"Servicio de Desarrollo de Funcionalidad de Recomendación de Productos para Ecommerce. Mejora la experiencia de compra, aumenta las conversiones y brinda información valiosa.",7000
6639,Personalización de Experiencia de Usuario,Desarrollo Web y E-Commerce,Personalización De La Experiencia De Usuario Basada En Datos.,1000
6641,Tienda Virtual,Desarrollo Web y E-Commerce,Implementación De Tienda Virtual Para Ecommerce.,800
6642,Integración de Pagos: Soluciones Seguras y Confiables para tu Ecommerce,Desarrollo Web y E-Commerce,Integración de Soluciones de Pago En Línea,500
6643,Gestión Integral de Inventario y Logística: Automatiza tu Ecommerce,Desarrollo Web y E-Commerce,"Gestión integral del inventario y logística para e-commerce. Optimiza tus operaciones, mejora la experiencia del cliente y logra un crecimiento sostenible.",800
6644,Optimización de Tienda Virtual: Mejora tu rendimiento y aumenta tus ventas,Desarrollo Web y E-Commerce,Optimización de Tienda Virtual para mejorar el rendimiento,700
6648,Suscripciones y Membresías,Desarrollo Web y E-Commerce,Implementación De Suscripciones Y Membresías En Ecommerce.,800
6649,Crea tu propio Marketplace: la solución integral para el comercio electrónico,Desarrollo Web y E-Commerce,Desarrollo de un Marketplace propio para Ecommerce.,2000
6651,Diseño de Tienda Virtual: Crea una Experiencia de Compra Inolvidable,Desarrollo Web y E-Commerce,"Diseño de Tienda Virtual: Creá una experiencia de compra online excepcional con una interfaz visual atractiva, optimización para dispositivos móviles, integración de pasarelas de pago, gestión de inventario y análisis.",1000
6654,Migración de Plataforma Ecommerce: Mejora tu Tienda Online con una Transferencia Segura y Eficiente,Desarrollo Web y E-Commerce,Migración de Plataforma Ecommerce: La clave para el crecimiento y la innovación,1500
6657,Soluciones de Pagos Ecommerce,Desarrollo Web y E-Commerce,Implementación De Soluciones De Pago Para Ecommerce.,1000
6658,Gestión de Inventario Ecommerce: Control y Sincronización para tu Tienda Online,Desarrollo Web y E-Commerce,Gestión de Inventario Ecommerce: Control y gestión de tus productos en el comercio electrónico.,1200
6661,Servicio de Entrega y Logística Ecommerce,Desarrollo Web y E-Commerce,Servicios De Entrega Y Logística Para Ecommerce.,1000
6665,Integración con Marketplaces: Expande tu alcance y aumenta tus ventas,Desarrollo Web y E-Commerce,Integración con Marketplaces Ecommerce: Expande tu negocio online,1500
6666,Servicio de Personalización Ecommerce,Desarrollo Web y E-Commerce,Soluciones De Personalización Para Ecommerce.,1200
6669,Servicios de Pagos Ecommerce,Desarrollo Web y E-Commerce,Soluciones De Pagos Para Ecommerce.,800
6672,Servicios de Fidelización de Clientes Ecommerce,Desarrollo Web y E-Commerce,Soluciones De Fidelización De Clientes Para Ecommerce.,1200
6673,Optimización de Conversión para Ecommerce: Aumenta tus Ventas Online,Desarrollo Web y E-Commerce,Servicios de Optimización de Conversión para Ecommerce,1500
6674,Implementación de Marketplace Ecommerce: Integración y Configuración para Vender Más,Desarrollo Web y E-Commerce,Servicios de implementación de Marketplace para Ecommerce,2000
6675,Servicios de Logística Ecommerce,Desarrollo Web y E-Commerce,Soluciones De Logística Para Ecommerce.,800
6676,"Implementación de Realidad Aumentada para Ecommerce: Visualiza, Prueba y Experimenta Antes de Comprar",Desarrollo Web y E-Commerce,Servicios de implementación de realidad aumentada para ecommerce,1500
6678,Servicios de Suscripción Ecommerce,Desarrollo Web y E-Commerce,Soluciones De Suscripción Para Ecommerce.,1200
6679,Integración Omnicanal para Ecommerce: Conecta tu tienda virtual con todos tus canales,Desarrollo Web y E-Commerce,Servicios de integración omnicanal para e-commerce,2000
6685,Servicios de Internacionalización Ecommerce,Desarrollo Web y E-Commerce,Soluciones De Internacionalización Para Ecommerce.,2000
6686,Integración Multicanal para Ecommerce: Amplía tu Alcance y Optimiza tus Ventas,Desarrollo Web y E-Commerce,Servicios de Integración Multicanal para Ecommerce,2000
6687,Servicios de Retención de Clientes Ecommerce,Desarrollo Web y E-Commerce,Soluciones De Retención De Clientes Para Ecommerce.,1500
6688,Servicios de Personalización Ecommerce,Desarrollo Web y E-Commerce,Soluciones De Personalización Para Ecommerce.,1800
6693,Servicios de Integración de Pasarelas de Pago Ecommerce,Desarrollo Web y E-Commerce,Soluciones De Integración De Pasarelas De Pago Para Ecommerce.,1800
6696,Servicios de Personalización Dinámica Ecommerce,Desarrollo Web y E-Commerce,Soluciones De Personalización Dinámica Para Ecommerce.,2500
6698,Servicios de Gestión de Catálogo Ecommerce,Desarrollo Web y E-Commerce,Soluciones De Gestión De Catálogo Para Ecommerce.,1800
6699,Servicios de Gestión de Inventario Ecommerce,Desarrollo Web y E-Commerce,Soluciones De Gestión De Inventario Para Ecommerce.,1500
6700,Servicios de Logística y Distribución para Ecommerce: Soluciones Integrales para tu Tienda Virtual,Desarrollo Web y E-Commerce,"Servicios de Logística y Distribución para Ecommerce: Optimiza tus operaciones, reduce costos y mejora la satisfacción del cliente.",2000
6708,Servicios de Implementación de Realidad Aumentada para Ecommerce: Mejora la Experiencia de Compra y Potencia las Ventas,Desarrollo Web y E-Commerce,"Servicios de Implementación de Realidad Aumentada para Ecommerce: Visualización 3D, prueba virtual, información adicional, experiencias interactivas. Mejora la experiencia de compra, aumenta las conversiones y diferencia",5000
6741,Consultoría básica en UX/UI (opcional),Desarrollo Web y E-Commerce,,10
6761,Consultoría en Estrategias de E-Commerce,Desarrollo Web y E-Commerce,Estrategias De E-Commerce,5000
6774,Implementación de Suscripciones y Membresías,Desarrollo Web y E-Commerce,Suscripciones Y Membresías,3500
6775,Implementación de Tiendas Virtuales Básicas,Desarrollo Web y E-Commerce,Tienda Virtual Básica,1500
6833,Servicios Web,Desarrollo Web y E-Commerce,Diseño Web,1200
6839,Mantenimiento de Aplicaciones Web,Desarrollo Web y E-Commerce,Mantenimiento De Aplicaciones Web,2000
6842,Traducción de Página Web,Desarrollo Web y E-Commerce,Traducción De Sitio Web,2000
6849,Diseño Web Personalizado,Desarrollo Web y E-Commerce,Diseño Web A Medida.,800
6853,Optimización de tiendas online,Desarrollo Web y E-Commerce,,1
6871,Diseño y desarrollo de sitios web,Desarrollo Web y E-Commerce,Diseño Web Personalizado Con Enfoque En Usabilidad Y Seo.,4000
6872,Integración de plataformas de comercio electrónico,Desarrollo Web y E-Commerce,Optimización De Ventas Online A Través De La Integración De Plataformas E-Commerce.,3500
6895,Desarrollo Web Personalizado,Desarrollo Web y E-Commerce,Desarrollo Web A Medida.,4000
6896,Integración de E-Commerce,Desarrollo Web y E-Commerce,Integración E-Commerce.,2500
6912,Integración de Plataforma de Comercio Electrónico,Desarrollo Web y E-Commerce,Integración De E-Commerce.,2800
6921,Integración de WooCommerce,Desarrollo Web y E-Commerce,Integración De Woocommerce En Ecommerce.,1500
6924,Implementación de tienda virtual,Desarrollo Web y E-Commerce,Tienda Virtual Ecommerce,1500
6926,Diseño UX/UI,Desarrollo Web y E-Commerce,Diseño De Interfaces De Usuario,1200
6928,Optimización de Performance Web,Desarrollo Web y E-Commerce,Optimización De Rendimiento Web,1000
6931,Diseño de UX/UI,Desarrollo Web y E-Commerce,Diseño De Experiencias De Usuario Y Interfaces,2000
6933,Plataforma E-Commerce Avanzada,Desarrollo Web y E-Commerce,Plataforma E-Commerce Avanzada,10000
6934,Diseño Web Responsive,Desarrollo Web y E-Commerce,Diseño Web Responsive,3000
6935,Integración de Pasarelas de Pago,Desarrollo Web y E-Commerce,Integración De Pasarelas De Pago,1500
6936,Desarrollo de Tienda Virtual Básica,Desarrollo Web y E-Commerce,Tienda Virtual Básica,4000
6938,Desarrollo de Soluciones de E-Commerce Personalizadas,Desarrollo Web y E-Commerce,E-Commerce Personalizado,10000
6939,Desarrollo de Contenido Multilingüe,Desarrollo Web y E-Commerce,Contenido Multilingüe,4000
6941,Desarrollo de Plataforma de E-Commerce,Desarrollo Web y E-Commerce,Plataforma De E-Commerce,9000
6947,Creación de Tienda Virtual Básica,Desarrollo Web y E-Commerce,Tienda Virtual Básica,3500
6950,Desarrollo de Tienda Virtual Avanzada,Desarrollo Web y E-Commerce,Tienda Virtual Avanzada,6000
6955,UX/UI Design,Desarrollo Web y E-Commerce,Diseño Ux/Ui,3000
6984,Servicio de Soporte para Tiendas Online,Desarrollo Web y E-Commerce,Soporte Para Tiendas Online,1500
6988,Soporte Técnico para Woocommerce,Desarrollo Web y E-Commerce,Soporte Woocommerce,2500
6992,Soporte Técnico para Wordpress Multisite,Desarrollo Web y E-Commerce,Soporte Wordpress Multisite,4000
6993,Soporte para Tiendas en Línea (E-Commerce),Desarrollo Web y E-Commerce,Soporte E-Commerce,3500
6996,Soporte para Wordpress Multisite,Desarrollo Web y E-Commerce,Soporte Wordpress Multisite,4000
6997,Soporte para Wordpress,Desarrollo Web y E-Commerce,Soporte Wordpress,3500
7008,Soporte Integral para Comercio Electrónico,Desarrollo Web y E-Commerce,Soporte Comercio Electrónico,5500
7009,Soporte para Tiendas Online Avanzadas,Desarrollo Web y E-Commerce,Soporte Tiendas Online Avanzadas,5000
7010,Soporte para Gestión de Contenidos,Desarrollo Web y E-Commerce,Gestión De Contenidos,4000
7014,Support for E-Commerce,Desarrollo Web y E-Commerce,Soporte E-Commerce,1800
7025,Traducción de Sitio Web,Desarrollo Web y E-Commerce,Traducción Sitio Web,1400
7412,<strong>Ítem: La solución definitiva para tus necesidades</strong>,Desarrollo Web y E-Commerce,"Ítem: el compañero perfecto para tu vida diaria, diseñado para mejorar la productividad, reducir el estrés y brindar comodidad y conveniencia.",
7416,**Integración E-Commerce**,Desarrollo Web y E-Commerce,,
7453,Página Adicional,Desarrollo Web y E-Commerce,,
7456,Consultoría en Diseño de E-Commerce,Desarrollo Web y E-Commerce,,
7457,Actualización de Contenidos,Desarrollo Web y E-Commerce,,
7460,Integración de Funcionalidades Extra: Mejora tu Experiencia Digital,Desarrollo Web y E-Commerce,"Integración de Funcionalidades Extra: Optimiza tus procesos, maximiza la eficiencia y alcanza nuevas cotas de rendimiento.",
7463,Plan Básico Web: ¡Tu sitio web profesional al alcance de tu mano!,Desarrollo Web y E-Commerce,Plan Básico Web: Tu aliado para una presencia digital sólida Características: Sitio web de una página Dominio personalizado Diseño responsivo Optimización SEO Soporte técnico Beneficios: Establece una presencia en línea ,
7464,Diseño y desarrollo web básico: crea tu sitio web profesional hoy,Desarrollo Web y E-Commerce,Diseño y desarrollo básico de sitio web: tu presencia online profesional,
7465,Hasta 5 páginas: ¡Crea sitios web impresionantes con facilidad!,Desarrollo Web y E-Commerce,"Hasta 5 páginas Plataforma de creación de contenido que permite crear y compartir documentos de hasta 5 páginas. Interfaz intuitiva, diseño elegante y compatible con múltiples dispositivos.",50
7466,Plantillas prediseñadas: ¡Crea contenido impactante en minutos!,Desarrollo Web y E-Commerce,Plantillas predefinidas: la solución para optimizar tus proyectos,
7467,Integración básica de plataforma de comercio electrónico: conecta tu tienda online con facilidad,Desarrollo Web y E-Commerce,Integración básica de plataforma de comercio electrónico: conecta tu tienda online con tus sistemas internos para automatizar procesos y mejorar la eficiencia.,
7475,Diseño y Desarrollo de Sitio Web Básico: Crea tu presencia en línea profesional,Desarrollo Web y E-Commerce,"Diseño y Desarrollo de Sitio Web Básico: Creá tu presencia online profesional con un sitio web responsivo, optimizado para SEO y con soporte técnico.",
7476,Integración Básica de E-Commerce: Conecta tu Tienda Online con Facilidad,Desarrollo Web y E-Commerce,Integración Básica de E-Commerce: La puerta de entrada a las ventas online,
7480,Diseño y Desarrollo Web Avanzado: Crea Sitios Web Potentes y Atractivos,Desarrollo Web y E-Commerce,Diseño y Desarrollo Web Avanzado: Sitios web personalizados y efectivos para impulsar el crecimiento y el éxito.,
7481,Integración Avanzada de E-Commerce: Conecta tu Tienda Online con Facilidad,Desarrollo Web y E-Commerce,"Integración Avanzada de E-Commerce: La clave para el éxito en el comercio electrónico. Conecta canales de venta, automatiza procesos y brinda información valiosa para mejorar la experiencia del cliente, optimizar la efic",
7485,Diseño Personalizado Completo: Crea tu Propia Marca Única,Desarrollo Web y E-Commerce,"Diseño Personalizado Completo: Creá tu propio mundo, a tu medida.",
7486,Integración de E-Commerce Personalizada: Conecta tu Negocio Online con Facilidad,Desarrollo Web y E-Commerce,Integración personalizada de e-commerce: la solución integral para tu negocio online,
7490,Desarrollo Web Premium: Creá tu sitio web profesional y optimizado,Desarrollo Web y E-Commerce,Desarrollo Web Premium: la solución integral para tu presencia online.,
7491,Integración de E-Commerce: Conecta tu Tienda Online con Facilidad,Desarrollo Web y E-Commerce,Integración Completa de E-Commerce: La solución definitiva para tu negocio online.,
7526,Personaliza tus interfaces: ¡Crea experiencias únicas y atractivas!,Desarrollo Web y E-Commerce,Personalización de Interfaces: La clave para experiencias digitales excepcionales,400
7528,Implementación de Módulos Adicionales: Mejora tu Sitio Web con Funcionalidades Esenciales,Desarrollo Web y E-Commerce,"Implementación de Módulos Adicionales: Solución integral para optimizar operaciones, integrando funcionalidades, automatizando procesos y personalizando para necesidades específicas.",700
7548,"Optimización del Rendimiento: Mejora la Velocidad, Eficiencia y Fiabilidad de tu Sitio Web",Desarrollo Web y E-Commerce,"Optimización del Rendimiento: La clave para el éxito empresarial. Analiza datos en tiempo real, identifica cuellos de botella, brinda recomendaciones personalizadas, automatiza procesos y genera informes. Mejora la efici",400
7549,Personalización Avanzada: Crea Experiencias Únicas para Tus Clientes,Desarrollo Web y E-Commerce,"Personalización Avanzada: Tu experiencia única. Crea un perfil personalizado, recibe recomendaciones adaptadas, ajusta la interfaz y recibe notificaciones relevantes para optimizar tus experiencias, ahorrar tiempo y aume",1000
7558,Tienda Online Básica: ¡Crea tu tienda virtual con facilidad y rapidez!,Desarrollo Web y E-Commerce,Tienda Online Básica: ¡Tu puerta de entrada al mundo del comercio electrónico!,500
7564,¡Crea tu Tienda Online Básica y Vende en Internet Hoy!,Desarrollo Web y E-Commerce,Implementación de Tienda Online Básica: ¡Tu puerta de entrada al comercio electrónico!,700
7571,Implementación de Tienda Online Minorista: ¡Crea tu Presencia Digital Hoy!,Desarrollo Web y E-Commerce,Implementación de Tienda Online Minorista: ¡Creá tu presencia digital hoy!,800
7574,Plataforma e-Commerce,Desarrollo Web y E-Commerce,Desarrollo De Tienda Online,300
7582,Diseño de sitio web corporativo,Desarrollo Web y E-Commerce,Diseño De Sitios Corporativos,700
7592,Consultoría en experiencia del usuario (UX),Desarrollo Web y E-Commerce,Consultoría En Ux,600
7602,Implementación de soluciones de e-commerce: Optimiza tu negocio online,Desarrollo Web y E-Commerce,Implementación de soluciones de comercio electrónico: el camino al éxito online,1500
7611,Implementación de Sistemas de Pago Online: Potenciá tu Negocio con Soluciones Integrales,Desarrollo Web y E-Commerce,"Sistemas de Pago en Línea: Solución integral para negocios modernos, integrando múltiples opciones de pago, gestión de suscripciones y reportes detallados para mayor comodidad, eficiencia y seguridad.",800
7645,Desarrollo de Software a Medida,Desarrollo Web y E-Commerce,Software Personalizado.,
7653,Servicios de Diseño y Desarrollo de Interfaces de Usuario,Desarrollo Web y E-Commerce,Diseño Y Desarrollo De Ui/Ux,
7660,Servicios de Migración y Modernización de Aplicaciones Legacy,Desarrollo Web y E-Commerce,Migración Y Modernización De Aplicaciones.,
7665,E-commerce Setup,Desarrollo Web y E-Commerce,Configuración De E-Commerce,
7668,Custom Web Development,Desarrollo Web y E-Commerce,Desarrollo Web Personalizado,
7671,Web Application Development,Desarrollo Web y E-Commerce,Desarrollo De Aplicaciones Web,
7676,Graphic Design Services,Desarrollo Web y E-Commerce,Diseño Gráfico Personalizado,
7683,Custom Software Development,Desarrollo Web y E-Commerce,Desarrollo De Software Personalizado,
7686,Web Design,Desarrollo Web y E-Commerce,Diseño Web Personalizado,
7688,Desarrollo de Aplicaciones Personalizadas,Desarrollo Web y E-Commerce,Desarrollo De Aplicaciones Móviles,
7690,E-Commerce,Desarrollo Web y E-Commerce,E-Commerce Con Wordpress Y Woocommerce,
7703,Diseño y desarrollo de interfaces de usuario,Desarrollo Web y E-Commerce,Diseño Y Desarrollo De Ui/Ux,
7710,Migración y modernización de aplicaciones,Desarrollo Web y E-Commerce,Migración Y Modernización De Aplicaciones.,
7720,Servicios de Diseño y Desarrollo de Interfaces de Usuario (UI) y Experiencia de Usuario (UX),Desarrollo Web y E-Commerce,Diseño Y Desarrollo De Ui/Ux,
7729,Servicios de Desarrollo de Aplicaciones con Arquitecturas de Microservicios y Contenedores,Desarrollo Web y E-Commerce,Desarrollo De Aplicaciones Con Microservicios,
7744,Servicios de diseño y desarrollo de aplicaciones web con arquitecturas de microservicios y APIs,Desarrollo Web y E-Commerce,Desarrollo De Aplicaciones Web Con Microservicios Y Apis,
7752,Servicios de diseño y desarrollo de portales web y aplicaciones con arquitectura de microservicios,Desarrollo Web y E-Commerce,Desarrollo De Portales Web Con Microservicios,
7756,Servicios de desarrollo de aplicaciones web y móviles con integración de blockchain y criptomonedas,Desarrollo Web y E-Commerce,Desarrollo De Software,
7762,Servicios de migración y modernización de aplicaciones legacy a arquitecturas basadas en microservicios,Desarrollo Web y E-Commerce,Migración,
7778,Servicios de Desarrollo de Aplicaciones Web y Móviles con Blockchain,Desarrollo Web y E-Commerce,Aplicaciones Con Blockchain Y Criptomonedas,
7797,Servicios de desarrollo de aplicaciones con arquitecturas de microservicios,Desarrollo Web y E-Commerce,Aplicaciones Con Microservicios.,
7803,Diseño y desarrollo de aplicaciones web,Desarrollo Web y E-Commerce,Diseño Y Desarrollo De Aplicaciones Web Con Microservicios.,
7809,Desarrollo de portales web y aplicaciones,Desarrollo Web y E-Commerce,Diseño Y Desarrollo De Portales Web Y Aplicaciones.,
7811,Aplicaciones web y móviles con blockchain,Desarrollo Web y E-Commerce,Desarrollo De Aplicaciones Web Y Móviles Con Blockchain.,
7815,Migración de aplicaciones legacy,Desarrollo Web y E-Commerce,Migración De Aplicaciones Legacy A Microservicios.,
7818,Migración de Sistemas Legacy,Desarrollo Web y E-Commerce,Migración De Sistemas Legacy,
7819,Desarrollo de Portales Web,Desarrollo Web y E-Commerce,Desarrollo De Portales Web,
7827,Consultoría en E-commerce,Desarrollo Web y E-Commerce,Consultoría En E-Commerce,
7834,Gestión de Contenidos Web,Desarrollo Web y E-Commerce,Gestión De Contenidos Web,
7841,Diseño y Desarrollo de UI/UX,Desarrollo Web y E-Commerce,Diseño Y Desarrollo De Ui/Ux,
7854,Desarrollo de Aplicaciones a Medida,Desarrollo Web y E-Commerce,Desarrollo A Medida,
7855,Desarrollo de Páginas Web,Desarrollo Web y E-Commerce,Desarrollo Web,
7856,¡Crea tu Tienda Online con Desarrollo de E-Commerce y Tiendas en Línea: La Clave para el Éxito Digital!,Desarrollo Web y E-Commerce,¡Crea tu Tienda Online con Desarrollo de E-Commerce y Tiendas en Línea! La clave para el éxito en el mundo digital.,
7863,Optimización de Sitios Web,Desarrollo Web y E-Commerce,Optimización Web,
7894,Integración de Plataformas de Pago Avanzadas,Desarrollo Web y E-Commerce,Integración De Pagos,
7898,E-Commerce y Tiendas en Línea,Desarrollo Web y E-Commerce,Desarrollo De E-Commerce,
7983,Implementacion Tienda Online Basico,Desarrollo Web y E-Commerce,Implementación De Tienda Online Básica,
7984,Implementacion Tienda Online Minorista,Desarrollo Web y E-Commerce,Implementación De Tienda Online Minorista,
7985,Implementacion Tienda Online Mayorista,Desarrollo Web y E-Commerce,Implementación De Tienda Online Mayorista,
7988,Plan Tienda Online Basico pagado cada 1 mes,Desarrollo Web y E-Commerce,Plan Mensual Tienda Online Básica,
7989,Plan Tienda Online Minorista pagado cada 1 mes,Desarrollo Web y E-Commerce,Plan Mensual Tienda Online Minorista,
7990,Plan Tienda Online Mayorista pagado cada 1 mes,Desarrollo Web y E-Commerce,Plan Mensual Tienda Online Mayorista,
7991,Implementacion Tienda Online Marketplace,Desarrollo Web y E-Commerce,Implementación Tienda Online Marketplace,
7992,Plan Tienda Online Marketplace pagado cada 1 mes,Desarrollo Web y E-Commerce,Plan Mensual Tienda Online Marketplace,
8024,Desarrollo de software,Desarrollo Web y E-Commerce,Desarrollo De Software A Medida.,
8045,Desarrollo de sitios web,Desarrollo Web y E-Commerce,Servicios De Creación Y Optimización De Sitios Web Para Empresas.,
8046,Soluciones de e-commerce,Desarrollo Web y E-Commerce,Servicios De Consultoría E Implementación De Soluciones De E-Commerce.,
8057,Desarrollo de videojuegos,Desarrollo Web y E-Commerce,Servicios De Creación De Videojuegos Y Aplicaciones De Entretenimiento Digital.,
8077,Desarrollo de soluciones de comercio electrónico,Desarrollo Web y E-Commerce,Servicios De Creación De Soluciones De Comercio Electrónico B2C Y B2B Con Funcionalidades Avanzadas.,
8081,Servicios de diseño y desarrollo web,Desarrollo Web y E-Commerce,Servicios De Construcción Y Mejora De Presencia Web Para Empresas Y Organizaciones.,
8093,Servicios de desarrollo de sitios web y e-commerce,Desarrollo Web y E-Commerce,"Servicios De Diseño, Desarrollo Y Mantenimiento De Soluciones Web Y De E-Commerce.",
8097,Servicios de desarrollo de software a medida,Desarrollo Web y E-Commerce,"Servicios De Diseño, Desarrollo, Implementación Y Mantenimiento De Aplicaciones A La Medida.",
8112,Servicios de implementación de plataformas de comercio electrónico,Desarrollo Web y E-Commerce,Servicios De Creación Y Despliegue De Tiendas En Línea Y Plataformas De Comercio Digital.,
8120,Servicios de diseño y desarrollo de portales web y aplicaciones web,Desarrollo Web y E-Commerce,"Servicios De Diseño, Codificación Y Despliegue De Soluciones Web A Medida.",
8129,Servicios de desarrollo de videojuegos y aplicaciones de entretenimiento interactivo,Desarrollo Web y E-Commerce,"Servicios De Diseño, Desarrollo Y Publicación De Videojuegos Y Aplicaciones De Entretenimiento Innovadoras.",
8137,Servicios de implementación de soluciones de gestión de contenidos y portales web,Desarrollo Web y E-Commerce,"Servicios De Consultoría Y Construcción De Soluciones De Gestión De Contenidos, Diseño Web Y Desarrollo De Aplicaciones Web.",
8171,Diseño de sitios web,Desarrollo Web y E-Commerce,Servicio De Diseño Y Desarrollo De Sitios Web A La Medida.,
8175,Mantenimiento de sitios web,Desarrollo Web y E-Commerce,Servicio De Mantenimiento Y Soporte Para Sitios Web.,
8188,Desarrollo de tienda online,Desarrollo Web y E-Commerce,Creación De Tiendas Online Personalizadas.,
8197,Creación de página web,Desarrollo Web y E-Commerce,Diseño Y Desarrollo De Sitios Web Personalizados.,
8204,Consultoría de UX,Desarrollo Web y E-Commerce,Optimización De La Experiencia De Usuario De Productos Digitales.,
8206,Desarrollo de sitio web,Desarrollo Web y E-Commerce,Creación De Sitios Web Modernos Y Funcionales Para Mejorar La Presencia Online.,
8213,Diseño de página web,Desarrollo Web y E-Commerce,Creación De Una Página Web Profesional Y Funcional Para Representar La Marca En Línea.,
8225,Diseño de páginas web,Desarrollo Web y E-Commerce,Servicio De Diseño Y Desarrollo De Páginas Web Profesionales.,
8231,Diseño de Tienda Online: Creá tu Plataforma de Ecommerce Personalizada,Desarrollo Web y E-Commerce,Diseño de Tienda Online: Creá tu Plataforma de Ecommerce Personalizada,
8233,"Optimización de Tiendas Online: Aumenta el Tráfico, las Ventas y la Satisfacción del Cliente",Desarrollo Web y E-Commerce,"Optimización de Tiendas Online: Mejora el rendimiento, aumenta las ventas y satisface a tus clientes. Servicio para optimizar y mejorar tiendas online, aumentando el tráfico, las conversiones y el retorno de la inversión",
8234,Integración de Marketplaces: Expande tu alcance y ventas en línea,Desarrollo Web y E-Commerce,Servicio de integración y gestión de tiendas en marketplaces,
8242,Implementación de Tienda Online: Tu Solución Ecommerce Completa para Crecer y Triunfar,Desarrollo Web y E-Commerce,"Implementación de Tienda Online: Tu solución de e-commerce completa. Creamos tu tienda online desde cero, con diseño personalizado, integración de pasarelas de pago, gestión de inventario y herramientas de marketing. Aum",
8248,"Creación de Tienda Online: Diseño, Desarrollo y Capacitación para Impulsar tu Negocio Digital",Desarrollo Web y E-Commerce,"Creación de Tienda Online: Diseño, Desarrollo y Capacitación para tu Negocio Digital. Servicio integral para impulsar tu negocio con diseño personalizado, catálogo completo, pagos seguros, optimización móvil y redes soci",
8249,Rediseño de Tienda Online: Optimiza tu E-commerce para Impulsar las Ventas,Desarrollo Web y E-Commerce,Rediseño de Tienda Online: Optimiza tu E-commerce para Impulsar las Ventas,
8250,Servicio de Suscripciones: Implementa un Modelo de Negocio Recurrente para tu Ecommerce,Desarrollo Web y E-Commerce,Servicio de implementación de suscripciones para e-commerce que ofrece: Integración perfecta Gestión de suscripciones Personalización Automatización Análisis avanzado Beneficios: Ingresos recurrentes Fidelidad del client,
8251,Servicio de Membresías: Implementa un Programa de Fidelización para tu Ecommerce,Desarrollo Web y E-Commerce,"Servicio de implementación de membresías para e-commerce que permite crear y gestionar niveles de membresía, automatizar procesos, integrarse con plataformas de e-commerce y analizar el rendimiento.",
8252,"Dropshipping: Solución integral para tu e-commerce: Integración perfecta, automatización y soporte dedicado",Desarrollo Web y E-Commerce,Dropshipping: Solución integral para tu e-commerce,
8253,Tienda Virtual Básica: ¡Crea tu tienda online hoy mismo!,Desarrollo Web y E-Commerce,Servicio de creación de tienda virtual básica para e-commerce.,
8254,"Tienda Virtual Avanzada: Diseño Personalizado, Funcionalidades Robustas y Optimización SEO",Desarrollo Web y E-Commerce,Servicio de desarrollo de tienda virtual avanzada para e-commerce.,
8255,Migración de Plataforma: Actualizá tu E-commerce con lo Último,Desarrollo Web y E-Commerce,Servicio de Migración de Plataforma Ecommerce: Actualiza tu tienda online a una plataforma más potente y escalable para crecer y escalar tu negocio sin problemas.,
8259,Servicio de Envío y Logística: Integración y Optimización para Ecommerce,Desarrollo Web y E-Commerce,"Servicio de Envío y Logística para E-commerce: Optimiza tus operaciones, ahorra dinero y mejora la experiencia del cliente.",
8261,Solución de Pasarela de Pago: Integración y Configuración para Ecommerce,Desarrollo Web y E-Commerce,Servicio de implementación de pasarela de pago para e-commerce.,
8269,Integración de Pasarelas de Pago: Optimiza tu E-commerce con Pagos Seguros y Eficientes,Desarrollo Web y E-Commerce,Integración de Pasarelas de Pago: ¡Optimiza tu E-commerce con Pagos Seguros y Eficientes!,
8270,Servicio de Análisis de Datos de Ecommerce: Optimiza tu Tienda Online con Insights Valiosos,Desarrollo Web y E-Commerce,"Servicio de Análisis de Datos de Ecommerce: Optimiza tu estrategia de negocio online con métricas esenciales, análisis de cohortes, segmentación avanzada y más.",
8271,"Servicio de Optimización de Experiencia de Usuario para Ecommerce: Mejora la UX, Aumenta las Conversiones",Desarrollo Web y E-Commerce,"Servicio de Optimización de Experiencia de Usuario para E-commerce: Mejora la experiencia de tus clientes, aumenta las conversiones y fideliza a tus usuarios.",
8272,"Servicio de Implementación de Comercio Electrónico: Diseño, Desarrollo y Puesta en Marcha de Tiendas Online",Desarrollo Web y E-Commerce,Servicio de Implementación de Ecommerce: Tu puerta de entrada al éxito online.,
8273,Migración de Plataforma de Ecommerce: Transición Segura y Potenciada,Desarrollo Web y E-Commerce,Servicio de Migración de Plataforma de Ecommerce: Migrá tu tienda online sin problemas a una plataforma más potente y eficiente.,
8274,Integración de Ecommerce con Marketplaces: Amplía tu Alcance y Ventas,Desarrollo Web y E-Commerce,Integración de Ecommerce con Marketplaces: Amplía tu alcance y ventas. Conecta tu tienda online con los principales marketplaces para llegar a más clientes y aumentar tus ventas.,
8275,Servicio de Estrategia de Precios y Promociones: Optimiza tus ventas y rentabilidad en el E-commerce,Desarrollo Web y E-Commerce,Servicio de Estrategia de Precio y Promociones para Ecommerce: Optimiza tus precios y promociones para aumentar ventas y maximizar ingresos.,
8276,Servicio de Gestión de Contenidos y Copywriting para Ecommerce: Optimiza tu Tienda Online con Contenido Persuasivo y SEO,Desarrollo Web y E-Commerce,"Servicio de Gestión de Contenidos y Copywriting para Ecommerce. Creamos contenido personalizado, optimizado para SEO, gestionamos redes sociales y analizamos resultados para aumentar ventas, mejorar la experiencia del cl",
8279,Servicio de Implementación de Programas de Fidelización: ¡Potencia la Lealtad y las Recompras en tu Ecommerce!,Desarrollo Web y E-Commerce,Servicio de Implementación de Programas de Fidelización para Ecommerce. Creamos y ejecutamos estrategias personalizadas para fomentar la lealtad del cliente y aumentar las ventas.,
8280,Implementación de Herramientas de Analítica y Optimización para Ecommerce: Mejora tu Conversión,Desarrollo Web y E-Commerce,Implementación de Herramientas de Analítica y Optimización para Ecommerce: Mejora tu Conversión,
8283,"Mejora tu Experiencia de Usuario (UX) en Ecommerce: Análisis, Diseño y Optimización para Mayor Conversión",Desarrollo Web y E-Commerce,"Servicio de Mejora de Experiencia de Usuario (UX) para Ecommerce: análisis exhaustivo, optimización de interfaz de usuario, pruebas de usabilidad, recomendaciones personalizadas, informes detallados.",
8284,Implementación de Sistema de Recomendaciones Personalizadas para Ecommerce: Mejora la Experiencia y Aumenta las Ventas,Desarrollo Web y E-Commerce,Implementación de Sistema de Recomendaciones Personalizadas para Ecommerce: Mejora la Experiencia de Compra y Aumenta las Ventas,
8285,Servicio de Integraciones B2B para E-commerce: Automatiza tus Ventas y Distribución,Desarrollo Web y E-Commerce,"Servicio de Desarrollo de Integraciones B2B para E-commerce: Conecta tus sistemas, automatiza procesos y mejora la eficiencia de tu negocio.",
8286,Migración y Actualización de Plataformas Ecommerce: Optimiza tu Tienda Online,Desarrollo Web y E-Commerce,"Servicio de Migración y Actualización de Plataforma Ecommerce: Migración segura, actualizaciones personalizadas, integraciones avanzadas y soporte experto para mejorar el rendimiento, las funcionalidades, la seguridad y ",
8287,Optimización de Embudos de Conversión para E-commerce: Aumenta tus Ventas y Mejora la Experiencia del Cliente,Desarrollo Web y E-Commerce,Servicio de Optimización de Funnels de Conversión para Ecommerce: Aumenta tus ventas y mejora la experiencia del cliente.,
8289,Servicio de Desarrollo de Soluciones de Fidelización para Ecommerce: Impulsa la Retención y el Valor del Cliente,Desarrollo Web y E-Commerce,"Servicio de Desarrollo de Soluciones de Fidelización para Ecommerce: Personalizado, automatizado, integrado y analítico. Aumenta la lealtad del cliente, las ventas y la rentabilidad.",
8293,Integra tu tienda online con Marketplaces: ¡Expande tu alcance y potencia tus ventas!,Desarrollo Web y E-Commerce,"¡Integra tu tienda online con Marketplaces! Expande tu alcance, potencia tus ventas y llega a más clientes.",
8294,Optimización de Búsqueda Interna: Mejora la Experiencia del Usuario y Aumenta las Conversiones,Desarrollo Web y E-Commerce,"Optimización de Búsqueda Interna: Mejora la experiencia de búsqueda de tus clientes, aumenta las conversiones y genera mayores ingresos.",
8297,Implementación de Solución de Pagos: Integración Segura y Optimizada para tu E-commerce,Desarrollo Web y E-Commerce,"Servicio de Implementación de Solución de Pagos para E-commerce: Integración rápida y eficiente de pasarelas de pago, configuración personalizada, soporte técnico experto, seguridad mejorada, análisis y optimización.",
8298,Servicio de Desarrollo de Funcionalidad de Recomendación de Productos: Aumenta tus Ventas y Mejora la Experiencia del Usuario,Desarrollo Web y E-Commerce,"Servicio de Desarrollo de Funcionalidad de Recomendación de Productos para Ecommerce: Mejora la experiencia de compra, aumenta las conversiones y brinda información valiosa.",
8340,Personalización de Experiencia de Usuario,Desarrollo Web y E-Commerce,Personalización De La Experiencia De Usuario Basada En Datos.,
8342,Tienda Virtual: Tu Solución Integral para el Éxito del Ecommerce,Desarrollo Web y E-Commerce,Tienda Virtual: Tu portal al éxito en el comercio electrónico,
8343,Integración de Pagos: Soluciones Seguras y Confiables para tu Tienda Virtual,Desarrollo Web y E-Commerce,Integración de Soluciones de Pago En Línea,
8344,Gestión Integral de Inventario y Logística: Automatiza tu E-commerce para el Éxito,Desarrollo Web y E-Commerce,"Gestión integral de inventario y logística para e-commerce. Optimiza tus operaciones, mejora la experiencia del cliente y logra el éxito a largo plazo.",
8345,Optimización de Tienda Virtual: Impulsa tu rendimiento y ventas,Desarrollo Web y E-Commerce,"Optimización de Tienda Virtual: Mejora el rendimiento, aumenta las ventas y maximiza el ROI.",
8349,Suscripciones y Membresías: Implementa modelos de suscripción y membresía para tu e-commerce,Desarrollo Web y E-Commerce,Suscripciones y Membresías: Implementación en Ecommerce para Crecimiento Sostenible,
8350,Crea tu propio Marketplace: la solución integral para el comercio electrónico,Desarrollo Web y E-Commerce,Crea tu propio Marketplace: la solución integral para el comercio electrónico,
8352,Diseño de Tienda Virtual: Creá una Experiencia de Compra Online Inolvidable,Desarrollo Web y E-Commerce,"Diseño de Tienda Virtual: Creá una experiencia de compra online excepcional con una interfaz visual atractiva, optimización para dispositivos móviles, integración de pasarelas de pago, gestión de inventario y análisis av",
8355,Migración de Plataforma E-commerce: Mejora tu Tienda Online con una Transferencia Segura y Eficiente,Desarrollo Web y E-Commerce,Migración de Plataforma Ecommerce: Mejora tu Tienda Online con una Transferencia Segura y Eficiente,
8358,Soluciones de Pagos para Ecommerce: Integración Segura y Optimizada,Desarrollo Web y E-Commerce,Soluciones de Pagos para Ecommerce: Implementación de soluciones de pago para impulsar tu negocio online.,
8359,Gestión de Inventario Ecommerce: Control y Sincronización para tu Tienda Online,Desarrollo Web y E-Commerce,Gestión de Inventario Ecommerce: Control y Sincronización para tu Tienda Online,
8362,"Servicio de Entrega y Logística para Ecommerce: Integración, Seguimiento y Optimización",Desarrollo Web y E-Commerce,Servicio de Entrega y Logística para Ecommerce: Solución integral para tu negocio online.,
8366,Integración con Marketplaces: Expande tu alcance y dispara tus ventas,Desarrollo Web y E-Commerce,Integración con Marketplaces: Expande tu alcance y aumenta tus ventas,
8367,Personaliza tu Ecommerce: Mejora la Experiencia de Compra con Soluciones de Personalización,Desarrollo Web y E-Commerce,Personaliza tu Ecommerce: Mejora la Experiencia de Compra con Soluciones de Personalización,
8370,Servicios de Pagos para Ecommerce: Soluciones Integrales para tu Tienda Virtual,Desarrollo Web y E-Commerce,Servicios de Pagos para Ecommerce: La solución integral para tu negocio online,
8374,Optimización de Conversión para Ecommerce: Impulsa tus Ventas y Maximiza tus Ingresos,Desarrollo Web y E-Commerce,Servicios de Optimización de Conversión para Ecommerce: Impulsa tus ventas y maximiza tus ingresos.,
8375,Implementación de Marketplace Ecommerce: Integración y Configuración para Potenciar tus Ventas,Desarrollo Web y E-Commerce,Servicios de implementación de Marketplace para Ecommerce: Integración y configuración para aumentar las ventas.,
8376,Servicios de Logística para Ecommerce: Optimiza tu Cadena de Suministro,Desarrollo Web y E-Commerce,"Servicios de Logística para Ecommerce: Soluciones integrales para optimizar tus operaciones, reducir costos y mejorar la satisfacción del cliente.",
8377,"Implementación de Realidad Aumentada para Ecommerce: Visualizá, Probá y Experimentá Antes de Comprar",Desarrollo Web y E-Commerce,"Implementación de Realidad Aumentada para Ecommerce: Visualizá, probá y experimentá antes de comprar.",
8379,Servicios de Suscripción para Ecommerce: Aumenta tus Ingresos y Fideliza Clientes,Desarrollo Web y E-Commerce,Servicios de Suscripción para Ecommerce: Soluciones para el crecimiento y la fidelización.,
8380,Integración Omnicanal para Ecommerce: Conecta tu tienda virtual con todos tus canales,Desarrollo Web y E-Commerce,Integración omnicanal para e-commerce: conecta tu tienda virtual con todos tus canales.,
8386,Servicios de Internacionalización para Ecommerce: Expande tu Negocio Globalmente,Desarrollo Web y E-Commerce,Servicios de Internacionalización para Ecommerce: Expande tu negocio globalmente,
8387,"Integración Multicanal para Ecommerce: Amplía tu Alcance, Optimiza Ventas",Desarrollo Web y E-Commerce,"Integración Multicanal para Ecommerce: Amplía tu alcance y optimiza tus ventas. Conecta tus canales, centraliza el inventario, unifica el procesamiento de pedidos, rastrea a los clientes y obtén información valiosa.",
8389,Servicios de Personalización Ecommerce: Mejora la Experiencia de Compra de tus Clientes,Desarrollo Web y E-Commerce,"Servicios de Personalización Ecommerce: Soluciones para adaptar tu tienda online a las preferencias de cada cliente, aumentando conversiones, mejorando la experiencia y generando mayores ingresos.",
8394,Integración de Pasarelas de Pago para Ecommerce: Amplía tus Opciones y Optimiza tus Ventas,Desarrollo Web y E-Commerce,Integración de Pasarelas de Pago para Ecommerce: Amplía tus opciones de pago y optimiza tus ventas.,
8395,Integración de Sistemas Ecommerce: Automatiza y Optimiza tu Negocio Online,Desarrollo Web y E-Commerce,Integración de Sistemas Ecommerce: Automatiza y Optimiza tu Negocio Online,
8397,Servicios de Personalización Dinámica para Ecommerce: Experiencias de Compra Personalizadas y Relevantes,Desarrollo Web y E-Commerce,Servicios de Personalización Dinámica para Ecommerce: Experiencias de Compra Personalizadas y Relevantes,
8399,Servicios de Gestión de Catálogo para Ecommerce: Optimizá tu Tienda Virtual,Desarrollo Web y E-Commerce,"Servicios de Gestión de Catálogo para Ecommerce: Optimizá tu tienda online con gestión centralizada, atributos personalizados, imágenes de alta calidad e integración con ERP.",
8400,"Gestión de Inventario Eficiente para Ecommerce: Sincronización, Automatización y Control",Desarrollo Web y E-Commerce,"Gestión eficiente de inventario para e-commerce: sincronización, automatización y control. Optimiza tu cadena de suministro, reduce costos y mejora la satisfacción del cliente.",
8401,Servicios de Logística y Distribución para Ecommerce: Soluciones Integrales para Optimizar tu Tienda Virtual,Desarrollo Web y E-Commerce,"Servicios de Logística y Distribución para Ecommerce: Optimiza tus operaciones, reduce costos y mejora la satisfacción del cliente.",
8404,Servicios de Gestión de Contenidos para Ecommerce: Optimizá tu Tienda Virtual para Mayor Conversión,Desarrollo Web y E-Commerce,"Servicios de Gestión de Contenidos para Ecommerce: Creá, administrá y optimizá el contenido de tu tienda online para mejorar la experiencia del usuario y aumentar las conversiones.",
8409,"Servicios de Implementación de Realidad Aumentada para Ecommerce: Visualización 3D, Prueba Virtual, Mayor Conversión",Desarrollo Web y E-Commerce,"Servicios de Implementación de Realidad Aumentada para Ecommerce: Visualización 3D, prueba virtual, información adicional, interacción gamificada. Mayor conversión, experiencia de cliente mejorada, diferenciación competi",
5861,Implementación de Sistema de Gestión de Calidad,ERP y CRM,Implementación De Un Sistema De Gestión De Calidad.,5000
5867,Implementación de Soluciones de Gestión de la Cadena de Suministro,ERP y CRM,Gestión De La Cadena De Suministro,6500
5873,Implementación de Soluciones de Gestión de Talento y Recursos Humanos,ERP y CRM,Gestión De Talento Y Rrhh.,5000
5874,Implementación de Soluciones de Gestión de Proyectos y Portafolio,ERP y CRM,Gestión De Proyectos Y Portafolio.,6000
5880,Implementación de Soluciones de Gestión de la Experiencia del Cliente,ERP y CRM,Gestión De La Experiencia Del Cliente,6000
5900,Project Management Platforms,ERP y CRM,Gestión De Proyectos,7000
5914,Optimización de Inventarios,ERP y CRM,Optimización De Inventarios Con Odoo,5500
5917,Gestión de la cadena de suministro,ERP y CRM,Gestión De La Cadena De Suministro,5500
5923,Gestión de talento y recursos humanos,ERP y CRM,Gestión De Talento Y Recursos Humanos,6000
5924,Gestión de proyectos y portafolio,ERP y CRM,Gestión De Proyectos Y Portafolio.,6500
5930,Gestión de la experiencia del cliente (CX),ERP y CRM,Gestión De La Experiencia Del Cliente,6000
5940,Implementación de Soluciones de Gestión de la Experiencia del Cliente (CX),ERP y CRM,Gestión De La Experiencia Del Cliente,7000
5943,Implementación de Soluciones de Gestión de Activos y Mantenimiento Predictivo,ERP y CRM,Gestión De Activos Y Mantenimiento Predictivo,7000
5944,Servicios de Integración de Aplicaciones Empresariales (EAI),ERP y CRM,Integración De Aplicaciones Empresariales,6000
5946,Implementación de Soluciones de Gestión de la Cadena de Suministro (SCM),ERP y CRM,Gestión De La Cadena De Suministro,7000
5955,Gestión de RRHH,ERP y CRM,Gestión De Rrhh,
5960,Gestión de la Experiencia del Empleado (EX),ERP y CRM,Gestión De La Experiencia,
5966,Gestión de la Cadena de Suministro (SCM),ERP y CRM,Gestión De La Cadena De Suministro,
5974,Implementación de soluciones de gestión de recursos humanos (RRHH) con análisis de datos y machine learning,ERP y CRM,Gestión De Rrhh Con Análisis De Datos,16000
5980,Implementación de soluciones de gestión de la experiencia del empleado (EX),ERP y CRM,Gestión De La Experiencia Del Empleado,12000
5986,Implementación de soluciones de gestión de la cadena de suministro (SCM) con analítica avanzada,ERP y CRM,Gestión De Cadena De Suministro Con Analítica Avanzada,18000
5991,Implementación de soluciones de gestión de proyectos y portafolio con analítica y automatización,ERP y CRM,Gestión De Proyectos Con Analítica Y Automatización,16000
5994,Consultoría en gestión de la experiencia del cliente (CX) y optimización de procesos centrados en el usuario,ERP y CRM,Consultoría,10000
6006,Implementación de soluciones de gestión de la cadena de suministro (SCM) con inteligencia artificial y analítica predictiva,ERP y CRM,Gestión De Cadena De Suministro,22000
6017,Gestión de Proyectos,ERP y CRM,Gestión De Proyectos,
6020,Consultoría CX,ERP y CRM,Experiencia Del Cliente,
6033,Consultoría en Gestión de la Experiencia del Cliente (CX),ERP y CRM,Optimización De La Experiencia Del Cliente,9000
6046,Gestión de activos,ERP y CRM,Gestión De Activos,
6047,Integración de aplicaciones,ERP y CRM,Eai,
6052,Gestión de recursos humanos,ERP y CRM,Gestión De Rrhh,
6054,"Gestión de la experiencia del empleado: Mejora el compromiso, la productividad y la retención",ERP y CRM,"Gestión de la experiencia del empleado: mejora el compromiso, la productividad y la retención",
6055,Personalización de Experiencia del Cliente,ERP y CRM,Personalización De Ofertas Y Comunicación.,3000
6058,Optimización de Procesos de Facturación y Pagos,ERP y CRM,Facturación Y Pagos Automatizados.,3000
6060,Gestión Inteligente de Inventarios y Abastecimiento,ERP y CRM,Gestión Y Reabastecimiento De Inventarios.,5000
6066,Facturación Electrónica,ERP y CRM,Automatización De Facturación,
6068,Gestión de Inventarios,ERP y CRM,Automatización De Inventarios,
6071,Mantenimiento Predictivo,ERP y CRM,Gestión De Activos,
6074,Implementación de soluciones de gestión de recursos humanos (RRHH),ERP y CRM,Soluciones De Rrhh Con Análisis De Datos Y Machine Learning.,3000
6099,Integración de Sistemas ERP,ERP y CRM,Integración De Erp,6500
6102,Implementación de CRM,ERP y CRM,Implementación De Crm,
6118,Gestión de Talento y RRHH,ERP y CRM,Gestión De Talento Y Rrhh.,7000
6119,Gestión de la Producción,ERP y CRM,Supervisión De Producción,6000
6120,Gestión de Ventas,ERP y CRM,Gestión De Ventas,4500
6121,Gestión de Compras,ERP y CRM,Gestión De Compras,4200
6122,Gestión de Proveedores,ERP y CRM,Gestión De Proveedores,4100
6123,Gestión de Servicios,ERP y CRM,Gestión De Servicios,4000
6124,Gestión de Documentos,ERP y CRM,Gestión De Documentos,4200
6126,Gestión de Calidad,ERP y CRM,Gestión De Calidad,4300
6127,Gestión de Mantenimiento,ERP y CRM,Gestión De Mantenimiento,4400
6141,Seguimiento de Pedidos,ERP y CRM,,
6142,Gestión de Ventas y Clientes,ERP y CRM,Seguimiento Y Gestión De Ventas Y Clientes.,400
6147,Integración de Dolibarr y WooCommerce para la Gestión de Pedidos,ERP y CRM,Integración Erp Y Ecommerce.,2000
6168,Gestión Inteligente de Inventarios y Logística,ERP y CRM,Gestión De Inventarios Y Logística,6000
6198,Optimización de Recursos Humanos,ERP y CRM,Optimización De Rrhh,230
6201,Optimización de Operaciones Logísticas,ERP y CRM,Optimización De Logística,240
6204,Optimización de Estrategias de Ventas,ERP y CRM,Optimización De Ventas,250
6207,Optimización de Estrategias de Recursos,ERP y CRM,Optimización De Recursos,250
6209,Optimización de Logística y Cadena de Suministro,ERP y CRM,Optimización De Logística,260
6211,Optimización de Estrategias de Producción,ERP y CRM,Optimización De Producción,270
6212,Optimización de Estrategias de Compras,ERP y CRM,Optimización De Compras,240
6225,Plataforma de Gestión de Flotas,ERP y CRM,Gestión De Flotas De Vehículos,2000
6226,Plataforma de Administración de Propiedades,ERP y CRM,Gestión De Propiedades Inmobiliarias,1800
6228,Software de Gestión de Proyectos de Construcción,ERP y CRM,Gestión De Proyectos De Construcción,2500
6231,Plataforma de Gestión de Documentos,ERP y CRM,Gestión De Documentos,1600
6234,Plataforma de Programación de Citas,ERP y CRM,Programación Fácil De Citas,200
6235,Plataforma de Gestión de Franquicias,ERP y CRM,Administración De Franquicias,500
6238,Plataforma de Gestión de Proyectos de TI,ERP y CRM,Gestión De Proyectos De Ti,600
6239,Plataforma de Gestión de Flotas de Entrega,ERP y CRM,Gestión Eficiente De Flotas De Entrega,450
6240,Plataforma de Gestión de Recursos,ERP y CRM,Administración De Recursos,550
6242,Plataforma de Gestión de Almacenes,ERP y CRM,Gestión De Inventarios,400
6243,Plataforma de Gestión de Asociaciones,ERP y CRM,Gestión De Asociaciones,350
6244,Plataforma de Facturación y Pagos,ERP y CRM,Automatización De Facturación Y Pagos,300
6251,Plataforma de Gestión de Relaciones con Clientes y Proveedores,ERP y CRM,Gestión De Relaciones Con Clientes Y Proveedores,350
6252,Plataforma de Gestión de Relaciones con Empleados,ERP y CRM,Gestión De Relaciones Con Empleados,690
6253,Plataforma de Gestión de Relaciones con Stakeholders,ERP y CRM,Gestión De Relaciones Con Stakeholders,1090
6254,Plataforma de Gestión de Relaciones Empresariales,ERP y CRM,Gestión De Relaciones Empresariales,990
6255,Plataforma de Gestión de Relaciones Comerciales,ERP y CRM,Gestión De Relaciones Comerciales,570
6256,Plataforma de Gestión de Relaciones con Clientes,ERP y CRM,Gestión De Relaciones Con Clientes,740
6257,Plataforma de Gestión de Relaciones con Proveedores,ERP y CRM,Gestión De Relaciones Con Proveedores,480
6258,Plataforma de Optimización de Relaciones con Clientes,ERP y CRM,Optimización De Relaciones Con Clientes,1250
6297,Gestión del Talento con IA,ERP y CRM,Solución De Gestión Del Talento Basada En Ia,199
6317,Contabilidad y finanzas,ERP y CRM,Servicios De Contabilidad Y Finanzas Para Empresas.,1500
6318,Recursos humanos,ERP y CRM,Servicios De Gestión De Recursos Humanos.,1200
6328,Implementación de ERP,ERP y CRM,Servicios De Consultoría E Implementación De Soluciones Erp.,10000
6337,Evaluación de desempeño,ERP y CRM,Servicios De Evaluación Y Análisis Del Desempeño Del Personal.,800
6341,Servicios de contabilidad y finanzas,ERP y CRM,"Servicios De Contabilidad, Finanzas Y Asesoría Fiscal Para Empresas.",10000
6343,Servicios de gestión de talento,ERP y CRM,Servicios Integrales De Gestión Y Desarrollo Del Talento Dentro De Las Organizaciones.,15000
6362,Desarrollo de soluciones de gestión documental,ERP y CRM,Servicios De Creación De Soluciones De Gestión Documental Y Archivo Electrónico De Información.,16000
6384,"Desarrollo de soluciones de gestión empresarial (ERP, CRM, etc.)",ERP y CRM,Servicios De Creación Y Personalización De Soluciones De Gestión Empresarial Integradas.,25000
6427,Servicios de implementación de soluciones de gestión empresarial (ERP),ERP y CRM,Servicios De Consultoría Y Despliegue De Soluciones De Gestión Integral De Procesos Y Recursos De Negocio.,35000
6429,Servicios de implementación de soluciones de gestión de la relación con el cliente (CRM),ERP y CRM,"Servicios De Consultoría Y Despliegue De Soluciones De Gestión Integral De Relaciones Con Clientes, Ventas Y Servicio Al Cliente.",30000
6436,Servicios de desarrollo de aplicaciones de gestión de la cadena de suministro,ERP y CRM,"Servicios De Consultoría Y Construcción De Aplicaciones Para Optimizar, Automatizar Y Hacer Más Eficiente La Cadena De Suministro.",28000
6541,Integración ERP: Sincroniza tu tienda online y ERP para una gestión eficiente,ERP y CRM,Servicio de integración entre tienda online y ERP.,5000
6597,Implementación de ERP Odoo,ERP y CRM,Implementación Del Erp Odoo.,25000
6598,Desarrollo de Módulos Personalizados para ERP Odoo,ERP y CRM,Desarrollo De Módulos Personalizados Para Erp Odoo.,12000
6599,Migración de ERP SAP a Odoo,ERP y CRM,Migración De Erp Sap A Odoo.,35000
6600,Implementación de ERP Microsoft Dynamics 365,ERP y CRM,Implementación Del Erp Microsoft Dynamics 365.,45000
6601,Desarrollo de Soluciones Personalizadas para ERP Microsoft Dynamics 365,ERP y CRM,Desarrollo De Soluciones Personalizadas Para Erp Microsoft Dynamics 365.,30000
6602,Actualización de ERP SAP a Última Versión,ERP y CRM,Actualización De Erp Sap A Última Versión.,60000
6603,Integración de ERP SAP con Herramientas de BI,ERP y CRM,Integración De Erp Sap Con Herramientas De Bi.,35000
6604,Servicio de Soporte y Mantenimiento de ERP Microsoft Dynamics 365,ERP y CRM,Soporte Y Mantenimiento De Erp Microsoft Dynamics 365.,8000
6606,Migración de ERP SAP a ERP Microsoft Dynamics 365,ERP y CRM,Migración De Erp Sap A Erp Microsoft Dynamics 365.,55000
6607,Implementación de ERP Oracle e-Business Suite,ERP y CRM,Implementación Del Erp Oracle E-Business Suite.,50000
6608,Desarrollo de Soluciones Personalizadas para ERP Odoo,ERP y CRM,Desarrollo De Soluciones Personalizadas Para Erp Odoo.,25000
6655,Integración ERP: Sincroniza tu tienda online con tu sistema de gestión empresarial,ERP y CRM,Integración de la tienda en línea con el ERP de la empresa.,2000
6694,Servicios de Integración de Sistemas Ecommerce,ERP y CRM,Servicios De Integración De Sistemas Para Ecommerce.,1500
6702,Servicios de Integración de ERP Ecommerce,ERP y CRM,Integración De Erp Para Ecommerce.,3000
6709,Servicios de Implementación de ERP,ERP y CRM,Servicios De Implementación De Sistemas Erp.,20000
6710,Servicios de Integración de Módulos ERP,ERP y CRM,Servicios De Integración De Módulos A Sistemas Erp.,5000
6711,Servicios de Migración de Datos a ERP,ERP y CRM,Servicios De Migración De Datos A Sistemas Erp.,3000
6712,Servicios de Personalización de ERP,ERP y CRM,Servicios De Personalización De Sistemas Erp.,10000
6714,Servicios de Soporte y Mantenimiento de ERP,ERP y CRM,Servicios De Soporte Y Mantenimiento De Sistemas Erp.,2000
6715,Servicios de Auditoría y Optimización de ERP,ERP y CRM,Servicios De Auditoría Y Optimización De Sistemas Erp.,5000
6716,Servicios de Desarrollo de Extensiones ERP,ERP y CRM,Servicios De Desarrollo De Extensiones Y Complementos Para Sistemas Erp.,10000
6717,Servicios de Certificación y Validación de ERP,ERP y CRM,Servicios De Certificación Y Validación De Sistemas Erp.,5000
6718,Servicios de Migración de ERP,ERP y CRM,Servicios De Migración De Sistemas Erp.,20000
6720,Servicios de Consultoría Estratégica en ERP,ERP y CRM,Servicios De Consultoría Estratégica En Sistemas Erp.,10000
6722,Servicios de Integración de ERP con otras Aplicaciones,ERP y CRM,Servicios De Integración De Sistemas Erp Con Otras Aplicaciones.,10000
6739,Implementación ERP,ERP y CRM,Implementación Completa De Erp.,1500
6742,Asesoramiento en Transformación Digital,ERP y CRM,Transformación Digital,3500
6744,Asesoría en Cumplimiento Normativo,ERP y CRM,Cumplimiento Normativo.,3000
6745,Implementación de Políticas de Cumplimiento,ERP y CRM,Políticas De Cumplimiento.,2500
6746,Asesoría en Transformación Digital,ERP y CRM,Transformación Digital,5000
6747,Consultoría En Optimización De Procesos,ERP y CRM,Optimización De Procesos.,2500
6755,Implementación de CRM Avanzado,ERP y CRM,Crm Avanzado,8000
6757,Asesoría en Transformación Digital y Organizacional,ERP y CRM,Asesoría En Transformación Digital Y Organizacional,12000
6763,Desarrollo de Estrategias de Transformación Digital,ERP y CRM,Estrategias De Transformación Digital,10000
6764,Consultoría en Innovación Tecnológica,ERP y CRM,Innovación Tecnológica,9000
6770,Consultoría en Transformación Digital Asistida,ERP y CRM,Transformación Digital Asistida,7500
6772,Consultoría en Transformación Digital y Desarrollo Digital,ERP y CRM,Transformación Digital Y Desarrollo Digital,8500
6773,Consultoría en Transformación Organizacional y Desarrollo Digital,ERP y CRM,Transformación Organizacional Y Digital,9000
6777,Transformación Digital Asistida,ERP y CRM,Transformación Digital,5000
6804,Mantenimiento de Sistemas IT,ERP y CRM,Mantenimiento It,7000
6834,Código de contabilidad (compra de importación),ERP y CRM,Contabilidad De Importación.,500
6836,Mantenimiento de Infraestructura TI,ERP y CRM,Mantenimiento De Infraestructura Ti,2000
6838,Mantenimiento de Sistemas de Gestión Empresarial,ERP y CRM,Mantenimiento De Sistemas Erp,3000
6841,Mantenimiento de Sistema de Gestión de Calidad,ERP y CRM,Mantenimiento De Calidad,2500
6852,ERP y CRM,ERP y CRM,,15
6869,Implementación de software ERP,ERP y CRM,,1
6870,Soluciones CRM,ERP y CRM,,1
6873,Integración ERP y CRM,ERP y CRM,Integración De Erp Con Crm.,1500
6874,ERP para Minoristas,ERP y CRM,Erp Para Sector Minorista.,3200
6875,CRM para Minoristas,ERP y CRM,Crm Especializado En Minoristas.,2800
6876,Integración ERP y CRM para Minoristas,ERP y CRM,Integración Erp Y Crm Para Minoristas.,1600
6877,ERP para Manufactura,ERP y CRM,Erp Para Manufactura.,3500
6878,CRM para Manufactura,ERP y CRM,Crm Especializado En Manufactura.,3000
6879,Integración ERP y CRM para Manufactura,ERP y CRM,Integración Erp Y Crm Para Manufactura.,1800
6880,ERP para Agroindustria,ERP y CRM,Erp Para Agroindustria.,3300
6881,CRM para Agroindustria,ERP y CRM,Crm Especializado En Agroindustria.,2900
6882,Integración ERP y CRM para Agroindustria,ERP y CRM,Integración Erp Y Crm Para Agroindustria.,1700
6883,ERP para Distribuidores y Mayoristas,ERP y CRM,Erp Para Distribuidores Y Mayoristas.,3400
6884,CRM para Distribuidores y Mayoristas,ERP y CRM,Crm Especializado En Distribuidores.,3100
6885,Integración ERP y CRM para Distribuidores,ERP y CRM,Integración Erp Y Crm Para Distribuidores.,1900
6886,ERP para Servicios,ERP y CRM,Erp Para Servicios.,3200
6887,CRM para Servicios,ERP y CRM,Crm Especializado En Servicios.,2800
6888,Integración ERP y CRM para Servicios,ERP y CRM,Integración Erp Y Crm Para Servicios.,1700
6889,ERP para Minoristas (B2C),ERP y CRM,Erp B2C Para Minoristas.,3300
6890,CRM para Minoristas (B2C),ERP y CRM,Crm B2C Para Minoristas.,2900
6891,Integración ERP y CRM para Minoristas (B2C),ERP y CRM,Integración Erp Y Crm B2C Para Minoristas.,1800
6892,ERP para Mayoristas (B2B),ERP y CRM,Erp B2B Para Mayoristas.,3500
6893,CRM para Mayoristas (B2B),ERP y CRM,Crm B2B Para Mayoristas.,3200
6894,Integración ERP y CRM para Mayoristas (B2B),ERP y CRM,Integración Erp Y Crm B2B Para Mayoristas.,2000
6927,Desarrollo de software personalizado,ERP y CRM,Desarrollo De Software,7000
6942,Desarrollo de Soluciones Personalizadas de CRM,ERP y CRM,Soluciones Personalizadas Crm,7000
6945,Implementación de Soluciones de CRM,ERP y CRM,Soluciones De Crm,6000
6953,Asistencia en la Implementación de Suscripciones en Ecommerce,ERP y CRM,Suscripciones En Ecommerce,3000
6958,Soluciones de TI,ERP y CRM,Infraestructura Ti,1100
6976,Actualización De Versión CRM,ERP y CRM,Actualización Crm,1500
6982,Soporte Técnico ERP,ERP y CRM,Soporte Técnico Erp,600
6983,Soporte Técnico CRM,ERP y CRM,Soporte Técnico Crm,400
6985,Soporte para Integración de Sistemas,ERP y CRM,Integración De Sistemas,3500
6986,Soporte Técnico para ERP de Producción,ERP y CRM,Soporte Erp Producción,3500
6991,Soporte Técnico Continuo para ERP y CRM,ERP y CRM,Soporte Técnico Continuo.,5000
6998,Soporte a Usuarios Clave CRM,ERP y CRM,Soporte Crm,3000
6999,Soporte a Usuarios Clave ERP,ERP y CRM,Soporte Erp,3500
7005,Soporte Avanzado ERP,ERP y CRM,Soporte Avanzado Erp,5000
7015,Support for CRM,ERP y CRM,Soporte Crm,1200
7016,Support for ERP,ERP y CRM,Soporte Erp,1500
7403,Consultoría Inicial para Distribuidores y Mayoristas,ERP y CRM,,800
7404,Implementación de Soluciones de Gestión para Distribuidores y Mayoristas,ERP y CRM,,1000
7405,Personalización de Plataforma para Distribuidores y Mayoristas,ERP y CRM,,450
7406,Consultoría Avanzada para Distribuidores y Mayoristas,ERP y CRM,,1400
7407,Implementación Completa y Mantenimiento para Distribuidores y Mayoristas,ERP y CRM,,2200
7408,Consultoría Inicial para Servicios,ERP y CRM,,750
7409,Implementación de Gestión de Servicios,ERP y CRM,,850
7410,Personalización y Capacitación para Servicios,ERP y CRM,,500
7411,Consultoría y Mantenimiento Completo para Servicios,ERP y CRM,,2000
7413,Sistema POS Integrado,ERP y CRM,,
7414,Gestión de Inventarios,ERP y CRM,,
7415,Fidelización de Clientes,ERP y CRM,,
7418,Planificación de Producción,ERP y CRM,,
7419,Gestión de Órdenes de Trabajo,ERP y CRM,,
7420,Mantenimiento Preventivo y Correctivo,ERP y CRM,,
7421,Seguimiento de la Cadena de Suministro,ERP y CRM,,
7424,Control de Calidad,ERP y CRM,,
7425,Administración de Recursos,ERP y CRM,,
7426,Logística y Distribución,ERP y CRM,,
7428,Gestión de Inventarios Mayoristas,ERP y CRM,,
7429,Control de Pedidos,ERP y CRM,,
7430,Logística de Distribución,ERP y CRM,,
7431,Gestión de Proveedores,ERP y CRM,,
7433,Gestión de Proyectos,ERP y CRM,,
7434,Administración de Clientes,ERP y CRM,,
7435,Facturación de Servicios,ERP y CRM,,
7436,Seguimiento de Tiempos y Costos,ERP y CRM,,
7438,Control de Calidad de Productos,ERP y CRM,,
7458,Mantenimiento Adicional: Protege tu inversión y alarga la vida útil de tus equipos,ERP y CRM,,
7461,Migración de Datos: Transfiere tus datos de forma segura y eficiente,ERP y CRM,Servicio de Migración de Datos: Tu aliado para una transición digital sin contratiempos,
7471,$1000: La solución integral para tus necesidades financieras,ERP y CRM,1.000 pesos: un billete con historia y valor,8000
7495,Plan Básico PYME: Solución integral para el crecimiento de tu negocio,ERP y CRM,"Plan Básico PYME: La solución integral para el crecimiento de tu negocio Cuenta corriente, tarjeta de débito, banca móvil y online, atención al cliente dedicada.",
7496,Implementación de ERP y CRM para pymes: Optimiza tus procesos y crece,ERP y CRM,Implementación básica de ERP y CRM para pymes: la solución integral para el crecimiento empresarial,
7497,5 usuarios: la solución perfecta para equipos pequeños y medianos,ERP y CRM,5 Usuarios: La solución integral para la gestión de equipos,100
7498,¡Gestiona tu negocio como un experto con nuestro software integral!,ERP y CRM,"Gestión Financiera, de Ventas e Inventarios Solución integral para optimizar tus finanzas, ventas e inventarios. Beneficios: Mayor eficiencia Mejor toma de decisiones Reducción de costos Mayor satisfacción del cliente",
7506,Implementación ERP Básica: Optimiza tus procesos y mejora la eficiencia,ERP y CRM,Implementación Básica ERP: La solución integral para la gestión empresarial,
7507,Integración de CRM: Conecta tus sistemas y optimiza tu negocio,ERP y CRM,Integración de CRM: la clave para una gestión de relaciones con el cliente excepcional,
7512,Integración de Módulos Adicionales: Amplía las Funcionalidades de Tu Sistema,ERP y CRM,"Integración de Módulos Adicionales: Optimiza tus operaciones con conectividad perfecta, automatización de procesos y personalización flexible.",
7515,Gestión de Proyectos Adicionales: Optimiza tus proyectos con herramientas avanzadas,ERP y CRM,"Gestión de Proyectos Adicionales: La clave para gestionar proyectos adicionales de forma eficiente, priorizarlos y asignar recursos para cumplir con los plazos y entregar resultados de calidad.",
7518,Adaptación a Cambios Regulatorios: Mantente al día con las últimas normativas,ERP y CRM,Adaptación a Cambios Regulatorios: Navegando el panorama regulatorio en constante evolución,
7521,Evaluación Inicial de Sistemas: Diagnóstico y Optimización para un Rendimiento Óptimo,ERP y CRM,"Evaluación Inicial de Sistemas: Solución integral para optimizar tus operaciones de TI, identificando áreas de mejora y brindando recomendaciones personalizadas.",600
7522,Configuración de Usuarios: Gestiona tus usuarios de forma fácil y eficiente,ERP y CRM,Configuración de Usuarios: La clave para una experiencia de usuario personalizada,300
7523,Integración de Datos: Conecta y Unifica Tus Datos para Decisiones Informadas,ERP y CRM,Integración de Datos: La clave para desbloquear el valor de tus datos,1000
7531,Integración con Plataformas de Terceros: Conecta tu Negocio con el Mundo,ERP y CRM,Integración con Plataformas de Terceros: Conecta tu negocio con el mundo,1000
7533,Análisis de Desempeño del Sistema: Optimiza el Rendimiento y la Eficiencia,ERP y CRM,"Análisis de Desempeño del Sistema: Optimiza el rendimiento para el éxito. Monitorea en tiempo real, analiza tendencias, diagnostica problemas y genera informes personalizados para mejorar el rendimiento, reducir costos, ",500
7536,Implementación Básica: La solución integral para tu negocio,ERP y CRM,"Implementación Básica: la base para el éxito de tu negocio. Optimiza procesos, reduce costos, mejora la calidad y la satisfacción del cliente, y obtiene una ventaja competitiva.",2500
7538,Mantenimiento Anual Básico: Protege tu inversión y optimiza el rendimiento de tu equipo,ERP y CRM,Mantenimiento Anual Básico: La tranquilidad de un hogar protegido,600
7540,Módulo CRM Básico: Gestioná tus clientes de forma eficiente,ERP y CRM,Módulo CRM Básico: Gestioná tus clientes de forma eficiente,500
7541,Licencia de Usuario (x10): ¡Ampliá tu alcance y potenciá tu negocio!,ERP y CRM,Licencia de Usuario (x10): ¡Amplía tu alcance y potencia tu negocio!,600
7542,"Integración Básica: Conecta tus sistemas, automatiza procesos y optimiza tu negocio",ERP y CRM,Integración Básica: Conecta tus sistemas y automatiza procesos,800
7545,"Gestión Avanzada de Datos: Centraliza, Analiza y Automatiza tus Procesos para el Éxito Empresarial",ERP y CRM,"Gestión Avanzada de Datos: Centraliza, estandariza, procesa, analiza y visualiza datos para mejorar la toma de decisiones, la eficiencia y la ventaja competitiva.",0
7550,Integración con Terceros: Conecta tu negocio con el mundo,ERP y CRM,Integración con Terceros: Conecta tu ecosistema digital sin problemas,800
7553,Plan de Contingencia: Guía esencial para la preparación ante emergencias,ERP y CRM,Plan de Contingencia: Tu escudo ante lo inesperado,600
7562,Módulo de mantenimiento para Dolibarr,ERP y CRM,Mantenimiento Para Dolibarr,300
7565,Sistema de gestión de inventarios,ERP y CRM,Gestión De Inventarios,2500
7567,Supervisión de procesos de producción,ERP y CRM,Supervisión De Producción,5000
7568,Optimización de experiencia del cliente,ERP y CRM,Optimización De Experiencia,3500
7572,Software ERP,ERP y CRM,Software De Gestión Empresarial,500
7577,Paquete de implementación de solución ERP,ERP y CRM,Implementación Erp,1000
7580,Mantenimiento y soporte técnico para ERP,ERP y CRM,Soporte Técnico Erp,400
7589,Implementación de sistemas de gestión de calidad,ERP y CRM,Gestión De Calidad,1200
7590,Implementación de soluciones CRM,ERP y CRM,Soluciones Crm,800
7591,Implementación de sistemas de gestión de recursos humanos,ERP y CRM,Sistemas De Gestión De Rr.Hh.,900
7598,Implementación de soluciones de gestión documental,ERP y CRM,Soluciones De Gestión Documental,1000
7600,Auditoría de sistemas,ERP y CRM,Auditoría De Sistemas,1200
7604,Implementación de soluciones de gestión de inventarios,ERP y CRM,Soluciones De Gestión De Inventarios,900
7609,Implementación de sistemas de gestión de transporte,ERP y CRM,Sistemas De Gestión De Transporte,1100
7613,Implementación de sistemas de gestión financiera,ERP y CRM,Sistemas De Gestión Financiera,1200
7614,Consultoría en gestión de recursos humanos,ERP y CRM,Consultoría En Rrhh,900
7615,Consultoría en experiencia del cliente,ERP y CRM,Consultoría En Experiencia Del Cliente,700
7616,Implementación de soluciones de logística,ERP y CRM,Soluciones De Logística,1100
7618,Implementación de soluciones de gestión de ventas,ERP y CRM,Soluciones De Gestión De Ventas,1500
7620,Implementación de sistemas de gestión de compras,ERP y CRM,Sistemas De Gestión De Compras,1200
7625,Implementación de soluciones de gestión de riesgos,ERP y CRM,Soluciones De Gestión De Riesgos,1400
7629,Implementación de soluciones de gestión del conocimiento,ERP y CRM,Soluciones De Gestión Del Conocimiento,1400
7631,Implementación de soluciones de gestión de mantenimiento,ERP y CRM,Soluciones De Gestión De Mantenimiento,1200
7632,Implementación de soluciones de gestión de operaciones,ERP y CRM,Soluciones De Gestión De Operaciones,1400
7635,Implementación de soluciones de gestión de recursos empresariales (ERP),ERP y CRM,Soluciones De Gestión Erp,1800
7637,Implementación de soluciones de gestión de la calidad total,ERP y CRM,Soluciones De Gestión De La Calidad Total,1500
7639,Implementación de soluciones de gestión ambiental,ERP y CRM,Soluciones De Gestión Ambiental,1400
7640,Desarrollo de soluciones de gestión de relaciones con proveedores,ERP y CRM,Soluciones De Gestión De Proveedores,1300
7642,Implementación de Soluciones de Gestión de Activos Intangibles: Optimiza y Protege tus Recursos Valiosos,ERP y CRM,Implementación de Soluciones de Gestión de Activos Intangibles: Optimiza y protege tus recursos valiosos,1500
7643,Implementación de Sistema de Gestión de Calidad,ERP y CRM,Implementación De Un Sistema De Gestión De Calidad.,
7649,Implementación de Soluciones de Gestión de la Cadena de Suministro,ERP y CRM,Gestión De La Cadena De Suministro,
7655,Implementación de Soluciones de Gestión de Talento y Recursos Humanos,ERP y CRM,Gestión De Talento Y Rrhh.,
7656,Implementación de Soluciones de Gestión de Proyectos y Portafolio,ERP y CRM,Gestión De Proyectos Y Portafolio.,
7682,Project Management Platforms,ERP y CRM,Gestión De Proyectos,
7696,Optimización de Inventarios,ERP y CRM,Optimización De Inventarios Con Odoo,
7699,Gestión de la cadena de suministro,ERP y CRM,Gestión De La Cadena De Suministro,
7705,Gestión de talento y recursos humanos,ERP y CRM,Gestión De Talento Y Recursos Humanos,
7706,Gestión de proyectos y portafolio,ERP y CRM,Gestión De Proyectos Y Portafolio.,
7717,Gestión de riesgos empresariales,ERP y CRM,Gestión De Riesgos Empresariales,
7725,Implementación de Soluciones de Gestión de Activos y Mantenimiento Predictivo,ERP y CRM,Gestión De Activos Y Mantenimiento Predictivo,
7726,Servicios de Integración de Aplicaciones Empresariales (EAI),ERP y CRM,Integración De Aplicaciones Empresariales,
7728,Implementación de Soluciones de Gestión de la Cadena de Suministro (SCM),ERP y CRM,Gestión De La Cadena De Suministro,
7737,Implementación de soluciones de gestión de recursos humanos (RRHH) con análisis de datos y machine learning,ERP y CRM,Gestión De Rrhh Con Análisis De Datos,
7743,Implementación de soluciones de gestión de la experiencia del empleado (EX),ERP y CRM,Gestión De La Experiencia Del Empleado,
7749,Implementación de soluciones de gestión de la cadena de suministro (SCM) con analítica avanzada,ERP y CRM,Gestión De Cadena De Suministro Con Analítica Avanzada,
7754,Implementación de soluciones de gestión de proyectos y portafolio con analítica y automatización,ERP y CRM,Gestión De Proyectos Con Analítica Y Automatización,
7769,Implementación de soluciones de gestión de la cadena de suministro (SCM) con inteligencia artificial y analítica predictiva,ERP y CRM,Gestión De Cadena De Suministro,
7793,Optimización de Procesos de Facturación y Pagos,ERP y CRM,Facturación Y Pagos Automatizados.,
7795,Gestión Inteligente de Inventarios y Abastecimiento,ERP y CRM,Gestión Y Reabastecimiento De Inventarios.,
7798,Implementación de soluciones de gestión de recursos humanos (RRHH),ERP y CRM,Soluciones De Rrhh Con Análisis De Datos Y Machine Learning.,
7823,Integración de Sistemas ERP,ERP y CRM,Integración De Erp,
7824,Consultoría en Gestión de Proyectos,ERP y CRM,Consultoría En Proyectos,
7826,Implementación de CRM,ERP y CRM,Implementación De Crm,
7842,Gestión de Talento y RRHH,ERP y CRM,Gestión De Talento Y Rrhh.,
7843,Gestión de la Producción,ERP y CRM,Supervisión De Producción,
7844,Gestión de Ventas,ERP y CRM,Gestión De Ventas,
7845,Gestión de Compras,ERP y CRM,Gestión De Compras,
7846,Gestión de Proveedores,ERP y CRM,Gestión De Proveedores,
7847,Gestión de Servicios,ERP y CRM,Gestión De Servicios,
7848,Gestión de Documentos,ERP y CRM,Gestión De Documentos,
7850,Gestión de Calidad,ERP y CRM,Gestión De Calidad,
7851,Gestión de Mantenimiento,ERP y CRM,Gestión De Mantenimiento,
7865,Seguimiento de Pedidos: ¡Monitoreá tus envíos en tiempo real y disfrutá de compras sin preocupaciones!,ERP y CRM,Seguimiento de Pedidos: ¡Monitoreá tus envíos en tiempo real!,
7866,Gestión de Ventas y Clientes,ERP y CRM,Seguimiento Y Gestión De Ventas Y Clientes.,
7871,Integración de Dolibarr y WooCommerce para la Gestión de Pedidos,ERP y CRM,Integración Erp Y Ecommerce.,
7892,Gestión Inteligente de Inventarios y Logística,ERP y CRM,Gestión De Inventarios Y Logística,
7922,Optimización de Recursos Humanos,ERP y CRM,Optimización De Rrhh,
7925,Optimización de Operaciones Logísticas,ERP y CRM,Optimización De Logística,
7928,Optimización de Estrategias de Ventas,ERP y CRM,Optimización De Ventas,
7933,Optimización de Logística y Cadena de Suministro,ERP y CRM,Optimización De Logística,
7935,Optimización de Estrategias de Producción,ERP y CRM,Optimización De Producción,
7936,Optimización de Estrategias de Compras,ERP y CRM,Optimización De Compras,
7949,Plataforma de Gestión de Flotas,ERP y CRM,Gestión De Flotas De Vehículos,
7950,Plataforma de Administración de Propiedades,ERP y CRM,Gestión De Propiedades Inmobiliarias,
7952,Software de Gestión de Proyectos de Construcción,ERP y CRM,Gestión De Proyectos De Construcción,
7955,Plataforma de Gestión de Documentos,ERP y CRM,Gestión De Documentos,
7958,Plataforma de Programación de Citas,ERP y CRM,Programación Fácil De Citas,
7959,Plataforma de Gestión de Franquicias,ERP y CRM,Administración De Franquicias,
7962,Plataforma de Gestión de Proyectos de TI,ERP y CRM,Gestión De Proyectos De Ti,
7963,Plataforma de Gestión de Flotas de Entrega,ERP y CRM,Gestión Eficiente De Flotas De Entrega,
7964,Plataforma de Gestión de Recursos,ERP y CRM,Administración De Recursos,
7966,Plataforma de Gestión de Almacenes,ERP y CRM,Gestión De Inventarios,
7967,Plataforma de Gestión de Asociaciones,ERP y CRM,Gestión De Asociaciones,
7968,Plataforma de Facturación y Pagos,ERP y CRM,Automatización De Facturación Y Pagos,
7975,Plataforma de Gestión de Relaciones con Clientes y Proveedores,ERP y CRM,Gestión De Relaciones Con Clientes Y Proveedores,
7976,Plataforma de Gestión de Relaciones con Empleados,ERP y CRM,Gestión De Relaciones Con Empleados,
7977,Plataforma de Gestión de Relaciones con Stakeholders,ERP y CRM,Gestión De Relaciones Con Stakeholders,
7978,Plataforma de Gestión de Relaciones Empresariales,ERP y CRM,Gestión De Relaciones Empresariales,
7979,Plataforma de Gestión de Relaciones Comerciales,ERP y CRM,Gestión De Relaciones Comerciales,
7980,Plataforma de Gestión de Relaciones con Clientes,ERP y CRM,Gestión De Relaciones Con Clientes,
7981,Plataforma de Gestión de Relaciones con Proveedores,ERP y CRM,Gestión De Relaciones Con Proveedores,
7982,Plataforma de Optimización de Relaciones con Clientes,ERP y CRM,Optimización De Relaciones Con Clientes,
8010,Gestión del Talento con IA,ERP y CRM,Solución De Gestión Del Talento Basada En Ia,
8028,Contabilidad y finanzas,ERP y CRM,Servicios De Contabilidad Y Finanzas Para Empresas.,
8029,Recursos humanos,ERP y CRM,Servicios De Gestión De Recursos Humanos.,
8039,Implementación de ERP,ERP y CRM,Servicios De Consultoría E Implementación De Soluciones Erp.,
8048,Evaluación de desempeño,ERP y CRM,Servicios De Evaluación Y Análisis Del Desempeño Del Personal.,
8052,Servicios de contabilidad y finanzas,ERP y CRM,"Servicios De Contabilidad, Finanzas Y Asesoría Fiscal Para Empresas.",
8054,Servicios de gestión de talento,ERP y CRM,Servicios Integrales De Gestión Y Desarrollo Del Talento Dentro De Las Organizaciones.,
8062,Servicios de gestión de proyectos,ERP y CRM,Servicios Integrales De Gestión Y Dirección De Proyectos Empresariales.,
8073,Desarrollo de soluciones de gestión documental,ERP y CRM,Servicios De Creación De Soluciones De Gestión Documental Y Archivo Electrónico De Información.,
8083,Servicios de gestión de proyectos de TI,ERP y CRM,Servicios De Consultoría Y Liderazgo En La Gestión De Iniciativas Y Proyectos De Ti.,
8095,"Desarrollo de soluciones de gestión empresarial (ERP, CRM, etc.)",ERP y CRM,Servicios De Creación Y Personalización De Soluciones De Gestión Empresarial Integradas.,
8121,Servicios de gestión de proyectos y transformación ágil,ERP y CRM,Servicios De Consultoría Y Acompañamiento En La Gestión De Proyectos De Cambio Y Mejora Continua.,
8138,Servicios de implementación de soluciones de gestión empresarial (ERP),ERP y CRM,Servicios De Consultoría Y Despliegue De Soluciones De Gestión Integral De Procesos Y Recursos De Negocio.,
8140,Servicios de implementación de soluciones de gestión de la relación con el cliente (CRM),ERP y CRM,"Servicios De Consultoría Y Despliegue De Soluciones De Gestión Integral De Relaciones Con Clientes, Ventas Y Servicio Al Cliente.",
8147,Servicios de desarrollo de aplicaciones de gestión de la cadena de suministro,ERP y CRM,"Servicios De Consultoría Y Construcción De Aplicaciones Para Optimizar, Automatizar Y Hacer Más Eficiente La Cadena De Suministro.",
8243,Integración ERP: Sincroniza tu tienda online y ERP para una gestión eficiente,ERP y CRM,Integración ERP: Sincroniza tu tienda online y ERP para una gestión eficiente,
8268,Servicio de Gestión de Inventario y Logística: Optimiza tu Ecommerce,ERP y CRM,"Servicio de Gestión de Inventario y Logística para E-commerce: Optimiza tus operaciones, reduce costos y mejora la satisfacción del cliente.",
8299,Implementación de ERP Odoo,ERP y CRM,Implementación Del Erp Odoo.,
8300,Desarrollo de Módulos Personalizados para ERP Odoo,ERP y CRM,Desarrollo De Módulos Personalizados Para Erp Odoo.,
8301,Migración de ERP SAP a Odoo,ERP y CRM,Migración De Erp Sap A Odoo.,
8302,Implementación de ERP Microsoft Dynamics 365,ERP y CRM,Implementación Del Erp Microsoft Dynamics 365.,
8303,Desarrollo de Soluciones Personalizadas para ERP Microsoft Dynamics 365,ERP y CRM,Desarrollo De Soluciones Personalizadas Para Erp Microsoft Dynamics 365.,
8304,Actualización de ERP SAP a Última Versión,ERP y CRM,Actualización De Erp Sap A Última Versión.,
8305,Integración de ERP SAP con Herramientas de BI,ERP y CRM,Integración De Erp Sap Con Herramientas De Bi.,
8306,Servicio de Soporte y Mantenimiento de ERP Microsoft Dynamics 365,ERP y CRM,Soporte Y Mantenimiento De Erp Microsoft Dynamics 365.,
8308,Migración de ERP SAP a ERP Microsoft Dynamics 365,ERP y CRM,Migración De Erp Sap A Erp Microsoft Dynamics 365.,
8309,Implementación de ERP Oracle e-Business Suite,ERP y CRM,Implementación Del Erp Oracle E-Business Suite.,
8310,Desarrollo de Soluciones Personalizadas para ERP Odoo,ERP y CRM,Desarrollo De Soluciones Personalizadas Para Erp Odoo.,
8356,Integración ERP: Sincroniza tu tienda online con tu sistema de gestión,ERP y CRM,Integración ERP: Sincroniza tu tienda online con tu sistema de gestión empresarial,
8403,Integración ERP para Ecommerce: Sincroniza y Automatiza tus Procesos,ERP y CRM,Integración ERP para Ecommerce: Sincroniza y Automatiza tus Procesos,
8410,Implementación de ERP: Soluciones personalizadas para optimizar tu gestión empresarial,ERP y CRM,Servicios de Implementación de Sistemas Erp,
8411,Integración de Módulos ERP: Amplía las Funcionalidades de tu Sistema,ERP y CRM,Servicios de Integración de Módulos ERP: Conectando sistemas para optimizar operaciones y lograr el éxito empresarial.,
8412,Migración de Datos a ERP: Integración Segura y Eficiente,ERP y CRM,Servicios de Migración de Datos a Sistemas ERP,
8413,Servicios de Personalización de ERP: Adapta tu Sistema a tus Necesidades Específicas,ERP y CRM,Servicios de Personalización de Sistemas Erp,
8415,Soporte y Mantenimiento de ERP: Optimiza tu Sistema para un Máximo Rendimiento,ERP y CRM,Servicios de Soporte y Mantenimiento de Sistemas Erp,
8416,"Auditoría y Optimización de ERP: Mejora de Procesos, Seguridad y Rendimiento",ERP y CRM,Servicios de Auditoría y Optimización de Sistemas Erp,
8417,"Servicios de Desarrollo de Extensiones ERP: Personalización, Integración y Automatización para Optimizar tu ERP",ERP y CRM,Servicios de Desarrollo de Extensiones y Complementos para Sistemas ERP,
8418,Servicios de Certificación y Validación de ERP: Garantía de Cumplimiento y Eficiencia,ERP y CRM,Servicios de Certificación y Validación de Sistemas Erp.,
8419,Servicios de Migración de ERP: La clave para una transformación empresarial sin problemas,ERP y CRM,Servicios de Migración de Sistemas ERP: La clave para una transformación empresarial sin problemas,
8421,Servicios de Consultoría Estratégica en ERP: Optimiza tu Negocio con Soluciones Personalizadas,ERP y CRM,Servicios de Consultoría Estratégica en Sistemas ERP,
8423,Integración ERP: Automatiza tu gestión empresarial conectando tus aplicaciones,ERP y CRM,Servicios de Integración de Sistemas ERP con Otras Aplicaciones,
5898,Online Learning Platforms,Formación y Capacitación,Plataformas De Aprendizaje En Línea,8000
5903,Technology Training,Formación y Capacitación,Formación Tecnológica,3000
6000,Consultoría en transformación organizacional y desarrollo de habilidades digitales para el personal,Formación y Capacitación,Consultoría,18000
6007,Consultoría en transformación organizacional y desarrollo de capacidades digitales para el personal,Formación y Capacitación,Consultoría,18000
6098,Capacitación en Ciberseguridad,Formación y Capacitación,Capacitación En Ciberseguridad,2000
6100,Consultoría en Gestión de Proyectos,Formación y Capacitación,Consultoría En Proyectos,4800
6109,Gestión de Proyectos Ágiles,Formación y Capacitación,Gestión De Proyectos Ágiles,5000
6136,Capacitación y Entrenamiento en Herramientas Digitales,Formación y Capacitación,Capacitación Digital,4600
6156,Consultoría en Estrategia de TI,Formación y Capacitación,Estrategia De Ti,3500
6175,Formación y Capacitación Digital,Formación y Capacitación,Capacitación En Transformación Digital,3000
6176,Gestión de Proyectos Digitales,Formación y Capacitación,Gestión De Proyectos Digitales,4500
6215,Capacitación en Herramientas Digitales,Formación y Capacitación,Formación En Herramientas Digitales,800
6246,Plataforma de Aprendizaje en Línea,Formación y Capacitación,Cursos Y Recursos Educativos En Línea,400
6294,Gestión de Proyectos Ágiles con IA,Formación y Capacitación,Solución De Gestión De Proyectos Ágiles Con Ia,149
6308,Capacitación y formación,Formación y Capacitación,Capacitación Y Formación De Usuarios.,75
6322,Capacitación empresarial,Formación y Capacitación,Servicios De Capacitación Y Entrenamiento Corporativo.,500
6336,Capacitación en habilidades blandas,Formación y Capacitación,Servicios De Capacitación En Competencias Blandas Para Profesionales.,600
6339,Capacitación en transformación digital,Formación y Capacitación,Servicios De Capacitación En Habilidades Y Competencias Para La Transformación Digital.,800
6349,Servicios de capacitación,Formación y Capacitación,Servicios De Capacitación Y Entrenamiento Para El Desarrollo De Competencias Del Personal.,1500
6397,Servicios de capacitación y formación en tecnologías digitales,Formación y Capacitación,Servicios De Capacitación Y Formación En Competencias Y Soluciones Tecnológicas Avanzadas.,5000
6407,Servicios de capacitación y entrenamiento en tecnologías digitales,Formación y Capacitación,"Servicios De Capacitación Especializada En Herramientas, Técnicas Y Tendencias Tecnológicas.",12000
6470,Formación en idiomas,Formación y Capacitación,Cursos De Idiomas Con Metodología Efectiva.,400
6472,Taller de emprendimiento,Formación y Capacitación,Taller Práctico De Capacitación En Emprendimiento.,600
6490,Capacitación en habilidades digitales,Formación y Capacitación,Programa De Capacitación En Competencias Digitales.,400
6522,Cursos de idiomas online,Formación y Capacitación,Cursos De Aprendizaje De Idiomas A Distancia A Través De Una Plataforma Online.,30
6605,Capacitación en Procesos de Negocio para ERP Odoo,Formación y Capacitación,Capacitación En Procesos De Negocio Para Erp Odoo.,3000
6713,Servicios de Capacitación en ERP,Formación y Capacitación,Servicios De Capacitación En El Uso De Sistemas Erp.,1000
6721,Servicios de Capacitación y Entrenamiento en ERP,Formación y Capacitación,Servicios De Capacitación Y Entrenamiento En Sistemas Erp.,1000
6778,Formación y Capacitación,Formación y Capacitación,,"1,2"
6779,Cursos en Tecnologías Digitales,Formación y Capacitación,Cursos De Formación En Tecnologías Digitales.,1800
6780,Talleres de Capacitación en Gestión,Formación y Capacitación,Talleres De Capacitación En Gestión.,1500
6781,Cursos de Formación en TI,Formación y Capacitación,Cursos En Tecnologías De La Información.,1000
6782,Capacitación en Herramientas de Gestión,Formación y Capacitación,Capacitación En Herramientas De Gestión.,800
6783,Desarrollo De Competencias Digitales,Formación y Capacitación,Desarrollo De Competencias Digitales.,1500
6784,Cursos de Formación en Tecnologías Digitales,Formación y Capacitación,Formación En Tecnologías Digitales.,1500
6785,Talleres de Capacitación en Herramientas de Gestión,Formación y Capacitación,Capacitación En Herramientas De Gestión.,800
6786,Programas de Capacitación para Empresas,Formación y Capacitación,Capacitación Para Empresas.,4000
6787,Talleres y Seminarios sobre Nuevas Tecnologías,Formación y Capacitación,Talleres Sobre Nuevas Tecnologías.,2000
6788,Programas De Capacitación En Herramientas De Gestión,Formación y Capacitación,Capacitación En Herramientas De Gestión.,2800
6789,Desarrollo de Competencias Digitales para Equipos,Formación y Capacitación,Competencias Digitales Para Equipos.,3500
6790,Capacitación en Marketing Digital,Formación y Capacitación,Capacitación En Marketing Digital,2500
6791,Capacitación en Desarrollo Web,Formación y Capacitación,Capacitación En Desarrollo Web,2000
6792,Capacitación en Uso de CRM,Formación y Capacitación,Capacitación En Crm,2500
6793,Capacitación en Análisis de Datos,Formación y Capacitación,Capacitación En Análisis De Datos,3000
6794,Formación en Gestión de Proyectos,Formación y Capacitación,Gestión De Proyectos,3500
6795,Formación en UX/UI Design,Formación y Capacitación,Formación En Ux/Ui Design,3500
6796,Capacitación en Herramientas de Análisis de Datos,Formación y Capacitación,Capacitación En Análisis De Datos,3000
6797,Formación en Tecnología Avanzada,Formación y Capacitación,Formación En Tecnología Avanzada,4000
6798,Talleres y Seminarios,Formación y Capacitación,Talleres Y Seminarios,3000
6799,Taller de Formación en Transformación Digital,Formación y Capacitación,Taller Transformación Digital,1500
6800,Taller de Innovación en Tecnología,Formación y Capacitación,Taller Innovación Tecnológica,1800
6801,Workshops and Seminars,Formación y Capacitación,Talleres Y Seminarios,800
6840,Mantenimiento de Plataformas de E-Learning,Formación y Capacitación,Mantenimiento De E-Learning,2200
6929,Plataforma E-Learning,Formación y Capacitación,Plataforma De E-Learning,3000
6937,Implementación de Plataforma de E-Learning,Formación y Capacitación,Plataforma De E-Learning,9000
7454,Capacitación en Uso de CMS,Formación y Capacitación,,
7469,Capacitación básica en CMS: Domina los fundamentos para gestionar tu sitio web,Formación y Capacitación,Capacitación básica en CMS: domina el arte de gestionar tu sitio web,
7478,Capacitación Inicial en CMS: Domina la Gestión de Contenidos para tu Sitio Web,Formación y Capacitación,Capacitación Inicial en CMS: La puerta de entrada a la gestión de contenidos,
7483,Capacitación Avanzada en E-Commerce: Domina las Estrategias y Herramientas para Impulsar tu Negocio Online,Formación y Capacitación,Capacitación Avanzada en E-Commerce: Impulsa tu Negocio Online,
7488,Capacitación Integral en Gestión Web: Domina el Arte de Crear y Administrar Sitios Web Exitosos,Formación y Capacitación,"Capacitación integral en gestión web para crear y administrar sitios web profesionales, impulsar el crecimiento digital y desarrollar habilidades valiosas.",
7493,Capacitación Integral en E-Commerce: Domina el Comercio Electrónico y Potencia tu Negocio,Formación y Capacitación,Capacitación Integral en E-Commerce: Tu puerta de entrada al éxito en el comercio electrónico.,
7500,Capacitación básica: el primer paso para tu éxito profesional,Formación y Capacitación,"Capacitación Básica: La clave para el éxito profesional. Cursos en línea y presenciales, instructores expertos, material interactivo y certificación reconocida. Mejora tus habilidades, avanza en tu carrera, gana confianz",
7508,Capacitación Inicial: ¡Adquirí las habilidades esenciales para el éxito!,Formación y Capacitación,"Capacitación Inicial: tu puerta de entrada al mundo del éxito profesional. Cursos prácticos, instructores expertos, aprendizaje flexible y certificación reconocida para mejorar tus habilidades, avanzar en tu carrera y am",
7511,Capacitación Avanzada: Dominá las últimas tendencias y llevá tu carrera al siguiente nivel,Formación y Capacitación,"Capacitación Avanzada: La clave para el éxito profesional. Cursos especializados, instructores expertos, aprendizaje práctico, certificaciones reconocidas y flexibilidad para mejorar habilidades, ampliar conocimientos, a",
7520,Capacitación en Nuevas Funcionalidades: ¡Mejora tus habilidades y lleva tu negocio al siguiente nivel!,Formación y Capacitación,Capacitación en Nuevas Funcionalidades: Impulsa tu Negocio al Siguiente Nivel,
7524,Formación de Usuarios Avanzada: Domina tus habilidades y lleva tu productividad al siguiente nivel,Formación y Capacitación,Capacitación de Usuarios Avanzada: Domina tus herramientas y potencia tu productividad,800
7539,Capacitación Inicial: ¡Adquirí las habilidades esenciales para triunfar!,Formación y Capacitación,"Capacitación Inicial: ¡Tu puerta de entrada al mundo del éxito profesional! Cursos prácticos, instructores expertos, aprendizaje flexible y certificación reconocida para mejorar tus habilidades, avanzar en tu carrera y a",1000
7587,Implementación de soluciones de e-Learning,Formación y Capacitación,Soluciones De E-Learning,800
7612,Capacitación en gestión de proyectos,Formación y Capacitación,Capacitación En Gestión De Proyectos,800
7619,Capacitación en analítica de datos,Formación y Capacitación,Capacitación En Analítica De Datos,600
7627,Capacitación en inteligencia artificial,Formación y Capacitación,Capacitación En Ia,800
7636,Capacitación en liderazgo y gestión de equipos,Formación y Capacitación,Capacitación En Liderazgo,900
7680,Online Learning Platforms,Formación y Capacitación,Plataformas De Aprendizaje En Línea,
7685,Technology Training,Formación y Capacitación,Formación Tecnológica,
7742,Consultoría en transformación organizacional y desarrollo de capacidades digitales,Formación y Capacitación,Transformación Organizacional Y Capacidades Digitales,
7763,Consultoría en transformación organizacional y desarrollo de habilidades digitales para el personal,Formación y Capacitación,Consultoría,
7770,Consultoría en transformación organizacional y desarrollo de capacidades digitales para el personal,Formación y Capacitación,Consultoría,
7783,Consultoría en Transformación Organizacional,Formación y Capacitación,Transformación Organizacional Y Habilidades Digitales,
7802,Transformación organizacional y desarrollo digital,Formación y Capacitación,Transformación Organizacional Y Desarrollo Digital.,
7822,Capacitación en Ciberseguridad,Formación y Capacitación,Capacitación En Ciberseguridad,
7833,Gestión de Proyectos Ágiles,Formación y Capacitación,Gestión De Proyectos Ágiles,
7860,Capacitación y Entrenamiento en Herramientas Digitales,Formación y Capacitación,Capacitación Digital,
7880,Consultoría en Estrategia de TI,Formación y Capacitación,Estrategia De Ti,
7899,Formación y Capacitación Digital,Formación y Capacitación,Capacitación En Transformación Digital,
7900,Gestión de Proyectos Digitales,Formación y Capacitación,Gestión De Proyectos Digitales,
7939,Capacitación en Herramientas Digitales,Formación y Capacitación,Formación En Herramientas Digitales,
7970,Plataforma de Aprendizaje en Línea,Formación y Capacitación,Cursos Y Recursos Educativos En Línea,
8007,Gestión de Proyectos Ágiles con IA,Formación y Capacitación,Solución De Gestión De Proyectos Ágiles Con Ia,
8018,Consultoría especializada,Formación y Capacitación,Consultoría De Expertos En Áreas Especializadas.,
8019,Capacitación y formación,Formación y Capacitación,Capacitación Y Formación De Usuarios.,
8030,Planificación estratégica,Formación y Capacitación,Consultoría En Planificación Estratégica Para Empresas.,
8031,Consultoría legal,Formación y Capacitación,Servicios De Consultoría Y Asesoría Legal Para Empresas.,
8032,Traducción e interpretación,Formación y Capacitación,Servicios De Traducción E Interpretación Multilingüe.,
8033,Capacitación empresarial,Formación y Capacitación,Servicios De Capacitación Y Entrenamiento Corporativo.,
8047,Capacitación en habilidades blandas,Formación y Capacitación,Servicios De Capacitación En Competencias Blandas Para Profesionales.,
8050,Capacitación en transformación digital,Formación y Capacitación,Servicios De Capacitación En Habilidades Y Competencias Para La Transformación Digital.,
8060,Servicios de capacitación,Formación y Capacitación,Servicios De Capacitación Y Entrenamiento Para El Desarrollo De Competencias Del Personal.,
8108,Servicios de capacitación y formación en tecnologías digitales,Formación y Capacitación,Servicios De Capacitación Y Formación En Competencias Y Soluciones Tecnológicas Avanzadas.,
8118,Servicios de capacitación y entrenamiento en tecnologías digitales,Formación y Capacitación,"Servicios De Capacitación Especializada En Herramientas, Técnicas Y Tendencias Tecnológicas.",
8180,Formación en idiomas,Formación y Capacitación,Cursos De Idiomas Con Metodología Efectiva.,
8182,Taller de emprendimiento,Formación y Capacitación,Taller Práctico De Capacitación En Emprendimiento.,
8192,Capacitación en habilidades digitales,Formación y Capacitación,Programa De Capacitación En Competencias Digitales.,
8224,Cursos de idiomas online,Formación y Capacitación,Cursos De Aprendizaje De Idiomas A Distancia A Través De Una Plataforma Online.,
8307,Capacitación en Procesos de Negocio para ERP Odoo,Formación y Capacitación,Capacitación En Procesos De Negocio Para Erp Odoo.,
8414,Capacitación en ERP: Optimiza tus procesos empresariales con nuestros programas personalizados,Formación y Capacitación,Servicios de Capacitación en el Uso de Sistemas ERP,
8422,Capacitación y Entrenamiento en ERP: Maximiza la Adopción y Aprovechamiento de tu Sistema,Formación y Capacitación,Servicios de Capacitación y Entrenamiento en Sistemas Erp,
5881,SEO Basic Package,Marketing Digital,Seo Básico,2000
5884,Advanced SEO Package,Marketing Digital,Seo Avanzado,4000
5887,Social Media Management,Marketing Digital,Gestión De Redes Sociales,3500
5890,Email Marketing Campaign,Marketing Digital,Campañas De Email Marketing,2000
5894,Graphic Design Services,Marketing Digital,Diseño Gráfico Personalizado,3000
5895,Content Creation and Management,Marketing Digital,Gestión De Contenido,4000
5896,Keyword Optimization for SEO,Marketing Digital,Optimización De Palabras Clave,1500
5897,Automated Email Marketing,Marketing Digital,Email Marketing Automatizado,2500
5911,Integración en Estrategias de Marketing,Marketing Digital,Integración De Marketing Con Herramientas Open Source,4000
5953,Automatización de Marketing,Marketing Digital,Automatización De Marketing,
5971,Implementación de soluciones de automatización de marketing,Marketing Digital,Automatización De Marketing,9000
5998,Implementación de soluciones de automatización de marketing y personalización de campañas a escala,Marketing Digital,Marketing,8000
6057,Segmentación Avanzada para Estrategias de Marketing,Marketing Digital,Segmentación De Audiencias Y Personalización De Contenido.,4500
6065,Marketing Digital,Marketing Digital,Segmentación De Mercado,
6101,Servicios de Marketing Digital,Marketing Digital,Marketing Digital,3500
6133,SEO (Optimización de Motores de Búsqueda),Marketing Digital,Optimización Seo,4500
6134,Generación de Contenido Personalizado y Relevante,Marketing Digital,Creación De Contenido,4200
6158,Automatización de Campañas de Marketing,Marketing Digital,Automatización De Marketing,8000
6159,Optimización de Procesos de Ventas y Generación de Leads,Marketing Digital,Optimización De Ventas,7000
6164,Personalización de Experiencias en Tiempo Real,Marketing Digital,Personalización En Tiempo Real,7000
6169,Recomendaciones de Productos Personalizadas,Marketing Digital,Recomendaciones Personalizadas,4500
6172,Diseño de Identidad Corporativa,Marketing Digital,Diseño De Identidad Corporativa,3500
6173,Gestión de Redes Sociales,Marketing Digital,Gestión De Redes Sociales,2500
6178,Generación de Contenido Personalizado,Marketing Digital,Generación De Contenido Personalizado,3500
6180,Algoritmos de Marketing Digital,Marketing Digital,Optimización De Marketing Con Ia,100
6184,Análisis De Datos De Marketing,Marketing Digital,Análisis De Marketing Con Ia,220
6186,Email Marketing con IA,Marketing Digital,Automatización De Email Marketing,150
6187,Gestión de Redes Sociales con IA,Marketing Digital,Gestión De Redes Sociales,180
6189,Plataforma de Email Marketing con IA,Marketing Digital,Email Marketing Con Ia,200
6191,Plataforma de Marketing Digital con IA,Marketing Digital,Marketing Digital Automatizado,250
6192,Optimización de Contenido con IA,Marketing Digital,Optimización De Contenido Con Ia,180
6196,Optimización de Contenido SEO,Marketing Digital,Optimización Seo,200
6197,Generación Automática de Contenido,Marketing Digital,Generación De Contenido Automático,220
6199,Optimización de Estrategias de Marketing,Marketing Digital,Optimización De Marketing,260
6210,Optimización de Estrategias Digitales,Marketing Digital,Optimización Digital,250
6224,Plataforma de Gestión de Campañas Publicitarias,Marketing Digital,Gestión De Campañas Publicitarias,1500
6229,Plataforma de Gestión de Afiliados,Marketing Digital,Gestión De Programas De Afiliados,1300
6236,Plataforma de Marketing de Contenidos,Marketing Digital,Optimización De Marketing De Contenidos,450
6241,Plataforma de Gestión de Redes Sociales,Marketing Digital,Gestión De Redes Sociales,300
6250,Plataforma de Automatización de Tareas de Marketing,Marketing Digital,Automatización De Tareas De Marketing,400
6263,Gestion de Anuncios Facebook (no incluye monto de pauta),Marketing Digital,Gestión De Anuncios Facebook,
6264,Gestion de Anuncios y Creacion de contenido basico Facebook entre 1 y 5 posteos (no incluye monto de pauta),Marketing Digital,Gestión De Anuncios Y Creación De Contenido Básico Facebook,299
6265,Gestion de Anuncios Facebook con contenido nivel intermedio entre 5 y 10 posteos (no incluye monto de pauta),Marketing Digital,Gestión De Anuncios Facebook Con Contenido Intermedio,499
6273,Video spot publicitario baja complejidad,Marketing Digital,Video Spot Publicitario Básico,
6280,Plataformas para Automatización de Marketing,Marketing Digital,Plataforma De Automatización De Marketing Con Ia,149
6282,Gestión de Campañas de Marketing con IA,Marketing Digital,Plataforma De Gestión De Campañas De Marketing Con Ia,249
6283,Lead Scoring con IA,Marketing Digital,Solución De Lead Scoring Basada En Ia,99
6284,Análisis de Atribución de Marketing con IA,Marketing Digital,Solución De Análisis De Atribución De Marketing Con Ia,199
6302,Facilita la ideación y generación de contenidos,Marketing Digital,Herramienta De Generación De Contenidos,40
6314,Diseño gráfico,Marketing Digital,Diseño Gráfico Y Branding.,1000
6329,Diseño gráfico y branding,Marketing Digital,Servicios De Diseño Gráfico Y Desarrollo De Marca.,3000
6330,Producción de contenido audiovisual,Marketing Digital,Servicios De Producción De Contenido Audiovisual Para Marketing Y Comunicación.,4500
6331,Consultoría en marketing digital,Marketing Digital,Servicios De Consultoría En Estrategia Y Ejecución De Marketing Digital.,3500
6332,Campaña de publicidad,Marketing Digital,"Servicios De Planificación, Creación Y Ejecución De Campañas Publicitarias.",6000
6345,Servicios de diseño gráfico,Marketing Digital,"Servicios De Creación De Diseños Gráficos, Piezas De Publicidad Y Materiales Corporativos.",3000
6391,Servicios de diseño gráfico y multimedia,Marketing Digital,"Servicios De Diseño Y Producción De Material Gráfico, Audiovisual Y Multimedia.",8000
6454,Creación de presentaciones,Marketing Digital,Servicio De Diseño De Presentaciones Profesionales.,70
6457,Edición de videos,Marketing Digital,Servicio Completo De Edición Profesional De Videos.,250
6458,Diseño de logotipos,Marketing Digital,Servicio De Diseño Profesional De Logotipos.,150
6459,Diseño de material promocional,Marketing Digital,Servicio De Diseño De Material Promocional.,300
6462,Campañas de marketing digital,Marketing Digital,Servicio Integral De Campañas De Marketing Digital.,500
6463,Optimización Seo,Marketing Digital,Servicio De Optimización De Seo Para Posicionamiento Web.,500
6464,Consultoría de marketing digital,Marketing Digital,Servicio De Consultoría Integral En Marketing Digital.,1500
6466,Fotografía profesional,Marketing Digital,Servicio De Fotografía Profesional A Medida.,500
6467,Producción de video,Marketing Digital,Servicio De Producción De Videos Profesionales.,1000
6475,Servicio de SEO,Marketing Digital,Servicio De Optimización Seo Para Mejorar El Posicionamiento Web.,1200
6476,Campaña de email marketing,Marketing Digital,Servicio De Email Marketing Para Campañas Efectivas.,500
6477,Fotografía de producto,Marketing Digital,Servicio De Fotografía De Productos Para Catálogos Y Ecommerce.,300
6488,Producción de video corporativo,Marketing Digital,Producción De Videos Corporativos Y De Marca.,2000
6491,Diseño de logotipo,Marketing Digital,Creación De Logotipos Y Marcas.,500
6492,Campaña de publicidad en redes sociales,Marketing Digital,Publicidad En Redes Sociales Para Impulsar Marcas Y Productos.,1200
6493,Auditoría de SEO,Marketing Digital,Evaluación Y Optimización Del Posicionamiento En Buscadores.,800
6496,Redacción de contenidos,Marketing Digital,Redacción De Contenidos Persuasivos Y De Calidad.,600
6497,Diseño de folleto,Marketing Digital,Diseño De Piezas Gráficas Impresas Para Marketing.,300
6498,Diseño de infografía,Marketing Digital,Diseño De Piezas Visuales Informativas Y De Alto Impacto.,400
6499,Video promocional,Marketing Digital,"Creación De Contenido Audiovisual Para Promocionar Una Marca, Producto O Servicio.",800
6500,Diseño de presentación,Marketing Digital,Desarrollo De Presentaciones Empresariales Cautivadoras.,400
6501,Estrategia de redes sociales,Marketing Digital,Planificación Y Gestión De La Estrategia De Redes Sociales De Una Empresa.,1800
6503,Creación de contenido,Marketing Digital,Desarrollo De Contenidos Estratégicos Para Atraer Y Fidelizar A La Audiencia.,1200
6505,Campaña de social media,Marketing Digital,Ejecución De Campañas De Social Media Para Aumentar La Visibilidad Y Interacción De La Marca.,2500
6506,Diseño de identidad de marca,Marketing Digital,Diseño De La Identidad Visual De Una Marca Para Fortalecer Su Posicionamiento.,1800
6507,Estrategia de SEO,Marketing Digital,Optimización Del Posicionamiento Web Orgánico Para Aumentar La Visibilidad Y Tráfico.,2000
6508,Animación 2D,Marketing Digital,Producción De Animaciones 2D Para Comunicar Mensajes De Marca De Manera Creativa.,1000
6510,Diseño de empaques,Marketing Digital,Diseño De Empaques Y Etiquetas Para Resaltar La Presencia De Los Productos En El Mercado.,800
6512,Posicionamiento SEO,Marketing Digital,Mejora Del Posicionamiento Web Orgánico A Través De Estrategias De Seo.,1500
6513,Producción de podcast,Marketing Digital,Creación De Un Programa De Podcast Para Ofrecer Contenido De Valor A Los Oyentes.,1800
6514,Campaña de publicidad display,Marketing Digital,Implementación De Campañas De Publicidad Display Para Generar Visibilidad Y Tráfico Web.,2000
6515,Filmación de video corporativo,Marketing Digital,"Producción De Videos Corporativos Para Fines De Comunicación, Marketing Y Promoción.",3000
6524,Diseño de material impreso,Marketing Digital,Servicio De Diseño De Material Impreso Corporativo Y De Marketing.,800
6525,Animación 3D,Marketing Digital,Servicio De Producción De Animaciones 3D Fílmicas Y Para Medios Interactivos.,3500
6526,Edición de video,Marketing Digital,Servicio De Post-Producción De Videos Corporativos Y De Marketing.,1200
6527,Retoque fotográfico,Marketing Digital,Servicio De Retoque Y Edición Avanzada De Fotografías.,400
6528,Copywriting,Marketing Digital,Servicio De Creación De Contenido Publicitario Y De Marketing.,800
6533,Campaña de Google Ads: Impulsa tu negocio con publicidad efectiva en Google,Marketing Digital,Campaña de Google Ads: Impulsa tu negocio a nuevas alturas,1200
6534,"Campaña de Facebook Ads: Diseña, implementa y gestiona tu publicidad en Facebook",Marketing Digital,"Servicio de publicidad en Facebook Ads para llegar a tu público objetivo, generar clientes potenciales y aumentar las ventas.",1000
6535,Campaña de Remarketing: Recupera clientes potenciales y aumenta tus ventas,Marketing Digital,Servicio de Campaña de Remarketing para Ecommerce,900
6537,Diseño de imagen de marca,Marketing Digital,Servicio De Diseño De Imagen De Marca Completa.,800
6538,Diseño de empaquetado,Marketing Digital,Servicio De Diseño De Empaquetado Para Ecommerce.,1000
6539,Análisis SEO: Auditoría y Optimización para tu E-commerce,Marketing Digital,Servicio de análisis y auditoría SEO para e-commerce.,800
6542,Estrategia de Email Marketing para Ecommerce: Diseña y Automatiza tus Campañas,Marketing Digital,Servicio de Estrategia de Email Marketing para Ecommerce,1500
6545,Optimización SEO para Ecommerce: Mejora tu Posicionamiento y Tráfico,Marketing Digital,"Servicio de optimización SEO para e-commerce que mejora la visibilidad, atrae tráfico calificado, aumenta las conversiones y genera un retorno de la inversión.",2500
6555,Servicio de SEO Ecommerce,Marketing Digital,Servicio De Optimización Seo Para Ecommerce.,2500
6556,Servicio de Publicidad Paid,Marketing Digital,Servicio De Publicidad De Pago (Paid Advertising) Para Ecommerce.,3000
6561,Servicio de Gestión de Contenidos,Marketing Digital,Servicio De Gestión De Contenidos Para Ecommerce.,2500
6562,Servicio de Optimización SEO,Marketing Digital,Servicio De Optimización Seo Para Ecommerce.,3500
6563,Servicio de Gestión de Redes Sociales,Marketing Digital,Servicio De Gestión De Redes Sociales Para Ecommerce.,2200
6564,"Servicio de Email Marketing para Ecommerce: Segmentación, Diseño, Contenido, Monitoreo y Optimización",Marketing Digital,Servicio de Email Marketing para Ecommerce: Tu aliado para conectar con tus clientes,1800
6565,Servicio de Publicidad Digital,Marketing Digital,Servicio De Publicidad Digital Para Ecommerce.,4000
6574,Servicio de Gestión de Contenidos y Copywriting,Marketing Digital,Servicio De Gestión De Contenidos Y Copywriting Para Ecommerce.,2000
6575,Servicio de Gestión de Campañas de Publicidad Digital,Marketing Digital,Servicio De Gestión De Campañas De Publicidad Digital Para Ecommerce.,4000
6576,Servicio de Gestión de Redes Sociales para Ecommerce,Marketing Digital,Servicio De Gestión De Redes Sociales Para Ecommerce.,3000
6586,Servicio de Gestión de Publicidad en Redes Sociales,Marketing Digital,Servicio De Gestión De Publicidad En Redes Sociales Para Ecommerce.,3500
6589,Servicio de Implementación de Estrategia de Email Marketing,Marketing Digital,Servicio De Implementación De Estrategia De Email Marketing Para Ecommerce.,5000
6593,Servicio de Desarrollo de Programa de Afiliación: Aumenta el Tráfico y las Ventas de tu Ecommerce,Marketing Digital,Servicio de Desarrollo de Programa de Afiliación para E-commerce: Impulsa tu negocio online con alianzas estratégicas.,5000
6636,Marketing Digital con IA,Marketing Digital,Optimización De Estrategias De Marketing Digital Con Ia.,1000
6646,Publicidad en Plataformas de Ecommerce,Marketing Digital,Publicidad Y Promoción En Plataformas De Comercio Electrónico.,1000
6659,Optimización SEO para Ecommerce: Mejora tu visibilidad y posicionamiento en línea,Marketing Digital,Optimización SEO para Tiendas Virtuales: Impulsa tu tienda virtual al éxito,1000
6660,Campañas de Marketing para Ecommerce: Atrae y Fideliza Clientes en Línea,Marketing Digital,Campañas de Marketing para Ecommerce: Impulsa tu Negocio Online,1500
6664,Desarrollo de Contenido para Ecommerce: Mejora el Engagement y la Experiencia del Cliente,Marketing Digital,Generación De Contenido Para Tiendas Virtuales,1000
6671,Estrategia de Marketing Digital para Ecommerce: Impulsa tu Tienda Virtual,Marketing Digital,Servicios de Estrategia de Marketing Digital para Ecommerce,2000
6682,Servicios de Publicidad Ecommerce,Marketing Digital,Soluciones De Publicidad Digital Para Ecommerce.,1200
6689,Servicios de Optimización SEO Ecommerce,Marketing Digital,Servicios De Optimización Seo Para Ecommerce.,1500
6697,Servicios de Marketing Multicanal Ecommerce,Marketing Digital,Servicios De Marketing Multicanal Para Ecommerce.,3000
6703,Servicios de Gestión de Contenidos Ecommerce,Marketing Digital,Servicios De Gestión De Contenidos Para Ecommerce.,1500
6705,Servicios de Implementación de Cupones y Promociones Ecommerce,Marketing Digital,Servicios De Implementación De Cupones Y Promociones Para Ecommerce.,1200
6706,Servicios de Automatización de Marketing Ecommerce,Marketing Digital,Servicios De Automatización De Marketing Para Ecommerce.,2000
6743,Desarrollo De Estrategias Digitales,Marketing Digital,Estrategias Digitales Personalizadas.,2200
6750,Auditoría SEO,Marketing Digital,Auditoría De Seo,800
6759,Desarrollo de Estrategias de Marketing Digital,Marketing Digital,Estrategias De Marketing Digital,4000
6766,Consultoría en Estrategias de Marketing Digital,Marketing Digital,Estrategias De Marketing Digital,5500
6806,Optimización SEO Básico,Marketing Digital,Optimización Seo Básica.,150
6807,Estrategias de Marketing Digital,Marketing Digital,Estrategias De Marketing Digital,3200
6808,Optimización SEO y SEM,Marketing Digital,Optimización Seo Y Sem.,2500
6809,Campañas SEM,Marketing Digital,Publicidad En Motores De Búsqueda.,1500
6810,Campañas de Email Marketing,Marketing Digital,Marketing Por Correo Electrónico.,800
6811,Estrategias de SEO,Marketing Digital,Estrategias De Optimización En Buscadores.,2500
6812,Campañas de SEM,Marketing Digital,Gestión De Campañas En Motores De Búsqueda.,3000
6813,Generación De Leads,Marketing Digital,Generación Y Automatización De Leads.,2500
6814,Campañas en Redes Sociales,Marketing Digital,Campañas En Redes Sociales.,1200
6815,Estrategias de SEO y SEM,Marketing Digital,Estrategias De Seo Y Sem.,2500
6816,Generación de Leads y Automatización de Marketing,Marketing Digital,Generación De Leads.,3000
6817,Campañas de Google Ads,Marketing Digital,Campañas De Google Ads,500
6818,Producción de Videos Promocionales,Marketing Digital,Producción De Videos Promocionales,1200
6819,Campañas de Redes Sociales,Marketing Digital,Campañas En Redes Sociales.,350
6820,Creación de Video Spot Publicitario,Marketing Digital,Video Spot Publicitario,2000
6821,Video Spot Publicitario Básico,Marketing Digital,Video Spot Básico,1000
6847,Video Promotional,Marketing Digital,Video Promocional,1000
7459,Informe de Optimización SEO: Mejora tu Posicionamiento en Buscadores,Marketing Digital,"Informe de Optimización SEO: La clave para el éxito en línea. Análisis exhaustivo, recomendaciones personalizadas y seguimiento de resultados para mejorar la visibilidad, el tráfico y las conversiones.",
7468,SEO básico: Optimiza tu sitio web para los motores de búsqueda,Marketing Digital,SEO básico: la clave para mejorar la visibilidad de tu sitio web,
7477,Optimización SEO Básica: Mejora el posicionamiento de tu sitio web,Marketing Digital,Optimización SEO Básica: Impulsa tu presencia online y alcanza nuevas cotas.,
7482,Optimización SEO Avanzada: Mejora el posicionamiento de tu sitio web,Marketing Digital,Optimización SEO Avanzada: Impulsa tu presencia en línea y domina los resultados de búsqueda,
7487,Optimización SEO Completa: Mejora tu visibilidad online y aumenta tus ventas,Marketing Digital,"Optimización SEO Completa: La clave para el éxito en línea. Mejora tu visibilidad, atrae tráfico calificado y aumenta las conversiones con nuestra solución integral de SEO.",
7492,Optimización SEO Exhaustiva: Mejora tu Posicionamiento y Visibilidad Online,Marketing Digital,"Optimización SEO Exhaustiva: La clave para el éxito en línea. Análisis de palabras clave, optimización de contenido, construcción de enlaces, optimización técnica y seguimiento para mejorar la visibilidad, atraer tráfico",
7555,Optimización Básica de SEO,Marketing Digital,Seo Básico,150
7559,Campaña publicitaria en Facebook e Instagram,Marketing Digital,Campaña Publicitaria,200
7561,Diseño de Identidad Visual Corporativa,Marketing Digital,Identidad Visual Corporativa,1500
7569,Generación de contenidos de marketing con IA,Marketing Digital,Contenidos De Marketing Con Ia,1000
7570,Identificación de leads calificados,Marketing Digital,Identificación De Leads,1500
7576,Automatización de campañas de marketing con IA,Marketing Digital,Marketing Automatizado Con Ia,550
7578,Gestión de Anuncios Facebook,Marketing Digital,Gestión De Anuncios En Facebook,300
7579,Diseño personalizado de tarjeta de presentación,Marketing Digital,Diseño De Tarjetas De Presentación,100
7628,Desarrollo de soluciones de automatización de marketing,Marketing Digital,Soluciones De Automatización De Marketing,1600
7663,SEO Basic Package,Marketing Digital,Seo Básico,
7666,Advanced SEO Package,Marketing Digital,Seo Avanzado,
7669,Social Media Management,Marketing Digital,Gestión De Redes Sociales,
7672,Email Marketing Campaign,Marketing Digital,Campañas De Email Marketing,
7677,Content Creation and Management,Marketing Digital,Gestión De Contenido,
7678,Keyword Optimization for SEO,Marketing Digital,Optimización De Palabras Clave,
7679,Automated Email Marketing,Marketing Digital,Email Marketing Automatizado,
7693,Integración en Estrategias de Marketing,Marketing Digital,Integración De Marketing Con Herramientas Open Source,
7734,Implementación de soluciones de automatización de marketing,Marketing Digital,Automatización De Marketing,
7747,Servicios de análisis de sentimientos y gestión de la reputación en redes sociales,Marketing Digital,Análisis De Sentimientos Y Reputación En Redes Sociales,
7761,Implementación de soluciones de automatización de marketing y personalización de campañas a escala,Marketing Digital,Marketing,
7792,Segmentación Avanzada para Estrategias de Marketing,Marketing Digital,Segmentación De Audiencias Y Personalización De Contenido.,
7805,Análisis de sentimientos y reputación en redes sociales,Marketing Digital,Análisis De Sentimientos Y Gestión De La Reputación En Redes Sociales.,
7825,Servicios de Marketing Digital,Marketing Digital,Marketing Digital,
7857,SEO (Optimización de Motores de Búsqueda),Marketing Digital,Optimización Seo,
7858,Generación de Contenido Personalizado y Relevante,Marketing Digital,Creación De Contenido,
7882,Automatización de Campañas de Marketing,Marketing Digital,Automatización De Marketing,
7883,Optimización de Procesos de Ventas y Generación de Leads,Marketing Digital,Optimización De Ventas,
7888,Personalización de Experiencias en Tiempo Real,Marketing Digital,Personalización En Tiempo Real,
7893,Recomendaciones de Productos Personalizadas,Marketing Digital,Recomendaciones Personalizadas,
7896,Diseño de Identidad Corporativa,Marketing Digital,Diseño De Identidad Corporativa,
7897,Gestión de Redes Sociales,Marketing Digital,Gestión De Redes Sociales,
7902,Generación de Contenido Personalizado,Marketing Digital,Generación De Contenido Personalizado,
7904,Algoritmos de Marketing Digital,Marketing Digital,Optimización De Marketing Con Ia,
7910,Email Marketing con IA,Marketing Digital,Automatización De Email Marketing,
7911,Gestión de Redes Sociales con IA,Marketing Digital,Gestión De Redes Sociales,
7913,Plataforma de Email Marketing con IA,Marketing Digital,Email Marketing Con Ia,
7915,Plataforma de Marketing Digital con IA,Marketing Digital,Marketing Digital Automatizado,
7916,Optimización de Contenido con IA,Marketing Digital,Optimización De Contenido Con Ia,
7920,Optimización de Contenido SEO,Marketing Digital,Optimización Seo,
7921,Generación Automática de Contenido,Marketing Digital,Generación De Contenido Automático,
7923,Optimización de Estrategias de Marketing,Marketing Digital,Optimización De Marketing,
7934,Optimización de Estrategias Digitales,Marketing Digital,Optimización Digital,
7948,Plataforma de Gestión de Campañas Publicitarias,Marketing Digital,Gestión De Campañas Publicitarias,
7953,Plataforma de Gestión de Afiliados,Marketing Digital,Gestión De Programas De Afiliados,
7960,Plataforma de Marketing de Contenidos,Marketing Digital,Optimización De Marketing De Contenidos,
7965,Plataforma de Gestión de Redes Sociales,Marketing Digital,Gestión De Redes Sociales,
7974,Plataforma de Automatización de Tareas de Marketing,Marketing Digital,Automatización De Tareas De Marketing,
7986,Gestion de Anuncios y Creacion de contenido basico Facebook entre 1 y 5 posteos (no incluye monto de pauta),Marketing Digital,Gestión De Anuncios Y Creación De Contenido Básico Facebook,
7987,Gestion de Anuncios Facebook con contenido nivel intermedio entre 5 y 10 posteos (no incluye monto de pauta),Marketing Digital,Gestión De Anuncios Facebook Con Contenido Intermedio,
7993,Plataformas para Automatización de Marketing,Marketing Digital,Plataforma De Automatización De Marketing Con Ia,
7995,Gestión de Campañas de Marketing con IA,Marketing Digital,Plataforma De Gestión De Campañas De Marketing Con Ia,
7996,Lead Scoring con IA,Marketing Digital,Solución De Lead Scoring Basada En Ia,
7997,Análisis de Atribución de Marketing con IA,Marketing Digital,Solución De Análisis De Atribución De Marketing Con Ia,
8015,Facilita la ideación y generación de contenidos,Marketing Digital,Herramienta De Generación De Contenidos,
8025,Diseño gráfico,Marketing Digital,Diseño Gráfico Y Branding.,
8040,Diseño gráfico y branding,Marketing Digital,Servicios De Diseño Gráfico Y Desarrollo De Marca.,
8041,Producción de contenido audiovisual,Marketing Digital,Servicios De Producción De Contenido Audiovisual Para Marketing Y Comunicación.,
8042,Consultoría en marketing digital,Marketing Digital,Servicios De Consultoría En Estrategia Y Ejecución De Marketing Digital.,
8043,Campaña de publicidad,Marketing Digital,"Servicios De Planificación, Creación Y Ejecución De Campañas Publicitarias.",
8056,Servicios de diseño gráfico,Marketing Digital,"Servicios De Creación De Diseños Gráficos, Piezas De Publicidad Y Materiales Corporativos.",
8102,Servicios de diseño gráfico y multimedia,Marketing Digital,"Servicios De Diseño Y Producción De Material Gráfico, Audiovisual Y Multimedia.",
8164,Redacción de informes,Marketing Digital,Servicio De Redacción Profesional De Informes.,
8165,Creación de presentaciones,Marketing Digital,Servicio De Diseño De Presentaciones Profesionales.,
8166,Transcripción de audio,Marketing Digital,Servicio De Transcripción Profesional De Audio.,
8167,Traducción de documentos,Marketing Digital,Servicio De Traducción De Contenido Profesional.,
8168,Edición de videos,Marketing Digital,Servicio Completo De Edición Profesional De Videos.,
8169,Diseño de logotipos,Marketing Digital,Servicio De Diseño Profesional De Logotipos.,
8170,Diseño de material promocional,Marketing Digital,Servicio De Diseño De Material Promocional.,
8173,Campañas de marketing digital,Marketing Digital,Servicio Integral De Campañas De Marketing Digital.,
8174,Consultoría de marketing digital,Marketing Digital,Servicio De Consultoría Integral En Marketing Digital.,
8176,Fotografía profesional,Marketing Digital,Servicio De Fotografía Profesional A Medida.,
8177,Producción de video,Marketing Digital,Servicio De Producción De Videos Profesionales.,
8185,Servicio de SEO,Marketing Digital,Servicio De Optimización Seo Para Mejorar El Posicionamiento Web.,
8186,Campaña de email marketing,Marketing Digital,Servicio De Email Marketing Para Campañas Efectivas.,
8187,Fotografía de producto,Marketing Digital,Servicio De Fotografía De Productos Para Catálogos Y Ecommerce.,
8189,Servicio de traducción,Marketing Digital,Traducción De Contenido A Múltiples Idiomas.,
8190,Producción de video corporativo,Marketing Digital,Producción De Videos Corporativos Y De Marca.,
8193,Diseño de logotipo,Marketing Digital,Creación De Logotipos Y Marcas.,
8194,Campaña de publicidad en redes sociales,Marketing Digital,Publicidad En Redes Sociales Para Impulsar Marcas Y Productos.,
8195,Auditoría de SEO,Marketing Digital,Evaluación Y Optimización Del Posicionamiento En Buscadores.,
8198,Redacción de contenidos,Marketing Digital,Redacción De Contenidos Persuasivos Y De Calidad.,
8199,Diseño de folleto,Marketing Digital,Diseño De Piezas Gráficas Impresas Para Marketing.,
8200,Diseño de infografía,Marketing Digital,Diseño De Piezas Visuales Informativas Y De Alto Impacto.,
8201,Video promocional,Marketing Digital,"Creación De Contenido Audiovisual Para Promocionar Una Marca, Producto O Servicio.",
8202,Diseño de presentación,Marketing Digital,Desarrollo De Presentaciones Empresariales Cautivadoras.,
8203,Estrategia de redes sociales,Marketing Digital,Planificación Y Gestión De La Estrategia De Redes Sociales De Una Empresa.,
8205,Creación de contenido,Marketing Digital,Desarrollo De Contenidos Estratégicos Para Atraer Y Fidelizar A La Audiencia.,
8207,Campaña de social media,Marketing Digital,Ejecución De Campañas De Social Media Para Aumentar La Visibilidad Y Interacción De La Marca.,
8208,Diseño de identidad de marca,Marketing Digital,Diseño De La Identidad Visual De Una Marca Para Fortalecer Su Posicionamiento.,
8209,Estrategia de SEO,Marketing Digital,Optimización Del Posicionamiento Web Orgánico Para Aumentar La Visibilidad Y Tráfico.,
8210,Animación 2D,Marketing Digital,Producción De Animaciones 2D Para Comunicar Mensajes De Marca De Manera Creativa.,
8212,Diseño de empaques,Marketing Digital,Diseño De Empaques Y Etiquetas Para Resaltar La Presencia De Los Productos En El Mercado.,
8214,Posicionamiento SEO,Marketing Digital,Mejora Del Posicionamiento Web Orgánico A Través De Estrategias De Seo.,
8215,Producción de podcast,Marketing Digital,Creación De Un Programa De Podcast Para Ofrecer Contenido De Valor A Los Oyentes.,
8216,Campaña de publicidad display,Marketing Digital,Implementación De Campañas De Publicidad Display Para Generar Visibilidad Y Tráfico Web.,
8217,Filmación de video corporativo,Marketing Digital,"Producción De Videos Corporativos Para Fines De Comunicación, Marketing Y Promoción.",
8222,Servicios de traducción,Marketing Digital,Servicios De Traducción De Contenido A Diversos Idiomas.,
8223,Servicios de interpretación,Marketing Digital,Servicios De Interpretación En Vivo Para Eventos Y Reuniones Multilinguës.,
8226,Diseño de material impreso,Marketing Digital,Servicio De Diseño De Material Impreso Corporativo Y De Marketing.,
8227,Animación 3D,Marketing Digital,Servicio De Producción De Animaciones 3D Fílmicas Y Para Medios Interactivos.,
8228,Edición de video,Marketing Digital,Servicio De Post-Producción De Videos Corporativos Y De Marketing.,
8229,Retoque fotográfico,Marketing Digital,Servicio De Retoque Y Edición Avanzada De Fotografías.,
8230,Copywriting,Marketing Digital,Servicio De Creación De Contenido Publicitario Y De Marketing.,
8235,Campaña de Google Ads: Impulsa tu negocio con publicidad efectiva en Google,Marketing Digital,Campaña de Google Ads: Impulsa tu negocio con publicidad efectiva en Google,
8236,"Campaña de Facebook Ads: Diseña, implementa y gestiona tu publicidad en Facebook para impulsar tu negocio",Marketing Digital,"Campaña de Facebook Ads: Diseña, implementa y gestiona tu publicidad en Facebook para llegar a tu público objetivo, generar clientes potenciales y aumentar las ventas.",
8237,Campaña de Remarketing: Recupera clientes y dispara tus ventas,Marketing Digital,Campaña de Remarketing para Ecommerce: Recupera clientes potenciales y aumenta tus ventas,
8239,Diseño de imagen de marca,Marketing Digital,Servicio De Diseño De Imagen De Marca Completa.,
8240,Diseño de empaquetado,Marketing Digital,Servicio De Diseño De Empaquetado Para Ecommerce.,
8241,Análisis SEO: Auditoría y Optimización para tu E-commerce,Marketing Digital,"Análisis SEO: Auditoría y Optimización para tu E-commerce. Servicio para potenciar tu presencia online, aumentar ventas y mejorar visibilidad en buscadores.",
8244,Estrategia de Email Marketing para Ecommerce: Diseña y Automatiza tus Campañas para Aumentar Ventas y Fidelizar Clientes,Marketing Digital,Estrategia de Email Marketing para Ecommerce: Diseña y Automatiza tus Campañas,
8247,"Optimización SEO para E-commerce: Mejora tu Posicionamiento, Tráfico y Conversiones",Marketing Digital,"Servicio de optimización SEO para e-commerce que mejora la visibilidad, atrae tráfico calificado y aumenta las conversiones.",
8257,Servicio de SEO para Ecommerce: Optimiza tu tienda online y aumenta tus ventas,Marketing Digital,Servicio de Optimización SEO para Ecommerce,
8258,Servicio de Publicidad Paid para Ecommerce: Aumenta tus Ventas con Anuncios Segmentados,Marketing Digital,"Servicio de Publicidad Paid para E-commerce: Aumenta tu visibilidad, atrae clientes y genera más ventas.",
8263,"Servicio de Gestión de Contenidos para Ecommerce: Planificación, Creación y Optimización SEO",Marketing Digital,Servicio de Gestión de Contenidos para Ecommerce: La clave para el éxito en el comercio electrónico.,
8264,Servicio de Optimización SEO para Ecommerce: Mejora tu Visibilidad y Genera Más Ventas,Marketing Digital,"Servicio de Optimización SEO para E-commerce: Impulsa tu tienda en línea a la cima de los resultados de búsqueda, aumenta el tráfico, las conversiones y las ventas.",
8265,"Servicio de Gestión de Redes Sociales para Ecommerce: Aumenta tu Visibilidad, Engagement y Ventas",Marketing Digital,"Servicio de Gestión de Redes Sociales para Ecommerce: Planificación de contenido, gestión de cuentas, análisis, publicidad y marketing de influencers para aumentar el alcance, generar leads y mejorar la reputación de la ",
8266,"Servicio de Email Marketing para Ecommerce: Segmentación, Diseño, Contenido, Monitoreo y Optimización",Marketing Digital,"Servicio de Email Marketing para Ecommerce: Segmentación, Diseño, Contenido, Monitoreo y Optimización",
8267,"Servicio de Publicidad Digital para Ecommerce: Planificación, Creación y Gestión de Campañas para Potenciar tus Ventas",Marketing Digital,Servicio de Publicidad Digital para Ecommerce: Impulsa tu Negocio Online,
8277,"Servicio de Gestión de Campañas de Publicidad Digital para Ecommerce: Planificación, Ejecución y Optimización para Maximizar el ROI",Marketing Digital,"Servicio de Gestión de Campañas de Publicidad Digital para Ecommerce: gestión integral, segmentación precisa, análisis avanzado, automatización y reportes detallados para potenciar tu negocio online.",
8278,Gestión de Redes Sociales para Ecommerce: Impulsa tu Marca y Ventas Online,Marketing Digital,"Gestión de Redes Sociales para Ecommerce: Impulsa tu negocio online con contenido atractivo, gestión estratégica y análisis detallados.",
8288,Servicio de Gestión de Publicidad en Redes Sociales para Ecommerce: Aumenta tus Ventas y Fideliza Clientes,Marketing Digital,"Servicio de Gestión de Publicidad en Redes Sociales para Ecommerce: Potencia tu presencia en redes sociales, genera leads y aumenta tus ventas.",
8291,"Servicio de Implementación de Estrategia de Email Marketing para Ecommerce: Automatización, Segmentación y Optimización",Marketing Digital,"Servicio de Implementación de Estrategia de Email Marketing para Ecommerce. Segmentación de audiencia, automatización de campañas, optimización de plantillas, seguimiento y análisis de resultados. Mayor alcance, conversi",
8295,Servicio de Desarrollo de Programa de Afiliación: Impulsa tu E-commerce con Alianzas Estratégicas,Marketing Digital,Servicio de Desarrollo de Programa de Afiliación: Impulsá tu E-commerce con Alianzas Estratégicas,
8337,Marketing Digital con IA,Marketing Digital,Optimización De Estrategias De Marketing Digital Con Ia.,
8338,Automatización de Marketing con IA,Marketing Digital,Automatización De Procesos De Marketing Utilizando Ia.,
8347,"Publicidad en Plataformas de Ecommerce: Impulsa tu Visibilidad y Ventas en Amazon, Mercado Libre y AliExpress",Marketing Digital,"Publicidad en plataformas de e-commerce: aumenta tu visibilidad y ventas en Amazon, Mercado Libre y AliExpress",
8360,Optimización SEO para Ecommerce: Impulsa tu tienda virtual al éxito,Marketing Digital,Optimización SEO para Tiendas Virtuales: Impulsa tu tienda virtual al éxito,
8361,Campañas de Marketing para Ecommerce: Atrae y Fideliza Clientes Online,Marketing Digital,"Campañas de Marketing para Ecommerce: Atrae y fideliza clientes en línea con segmentación avanzada, automatización de marketing y análisis para mayor alcance, conversión y fidelidad.",
8365,Desarrollo de Contenido para Ecommerce: Impulsa el Engagement y la Experiencia del Cliente,Marketing Digital,Desarrollo de Contenido para Ecommerce: Mejora el engagement y la experiencia del cliente,
8372,"Estrategia de Marketing Digital para Ecommerce: Impulsa tu Tienda Virtual con Análisis, SEO, Redes Sociales y PPC",Marketing Digital,Estrategia de Marketing Digital para Ecommerce: ¡Impulsa tu Tienda Virtual!,
8373,Servicios de Fidelización de Clientes para Ecommerce: Mejora la Retención y el Engagement,Marketing Digital,Servicios de Fidelización de Clientes para Ecommerce: La clave para el crecimiento sostenible,
8383,Servicios de Publicidad para Ecommerce: Impulsa tu Tienda Virtual,Marketing Digital,Servicios de Publicidad para Ecommerce: Impulsa tu Negocio Online,
8388,Servicios de Retención de Clientes para Ecommerce: Estrategias y Herramientas para Fidelizar y Retener,Marketing Digital,Servicios de Retención de Clientes para Ecommerce: La clave para el crecimiento sostenido.,
8390,Servicios de Optimización SEO para Ecommerce: Aumenta la Visibilidad y el Tráfico de tu Tienda Online,Marketing Digital,Servicios de Optimización SEO para Ecommerce: Impulsa tu Tienda Online al Éxito,
8398,"Servicios de Marketing Multicanal para Ecommerce: Impulsa tu Tienda Virtual con Alcance Amplio, Personalización y Optimización",Marketing Digital,Servicios de Marketing Multicanal para Ecommerce: Impulsa tu Tienda Virtual,
8406,Implementación de Cupones y Promociones para Ecommerce: Impulsa tus Ventas y Fideliza Clientes,Marketing Digital,Implementación de cupones y promociones para ecommerce: impulsa tus ventas y fideliza clientes.,
8407,Servicios de Automatización de Marketing para Ecommerce: Optimiza tus Estrategias de Marketing,Marketing Digital,Servicios de Automatización de Marketing para Ecommerce: Optimiza tus Estrategias de Marketing,
6105,Colaboración y Trabajo Remoto,Plataformas de Comunicación,Colaboración Y Trabajo Remoto,2000
6160,Plataformas de Colaboración en Línea Inteligentes,Plataformas de Comunicación,Colaboración En Línea,9000
6227,Plataforma de Gestión de Eventos Virtuales,Plataformas de Comunicación,Gestión De Eventos Virtuales,2200
6381,Desarrollo de plataformas de colaboración y trabajo remoto,Plataformas de Comunicación,"Servicios De Creación De Plataformas De Colaboración, Comunicación Y Productividad Para Empresas.",22000
6411,Servicios de implementación de soluciones de colaboración y productividad,Plataformas de Comunicación,"Servicios De Consultoría Y Desarrollo De Soluciones De Trabajo Remoto, Comunicación Y Coordinación.",14000
6448,Servicios de desarrollo de aplicaciones de gestión de proyectos y colaboración remota,Plataformas de Comunicación,"Servicios De Consultoría Y Construcción De Soluciones De Gestión De Proyectos, Comunicación, Seguimiento De Tareas Y Trabajo Remoto Para Mejorar La Productividad Y Coordinación De Equipos.",25000
6767,Implementación de Soluciones de Videoconferencia,Plataformas de Comunicación,Soluciones De Videoconferencia,4000
6776,Videoconferencias Seguras y Eficientes,Plataformas de Comunicación,Videoconferencias Seguras,2000
6803,Mantenimiento de Infraestructura de Videoconferencia,Plataformas de Comunicación,Mantenimiento Videoconferencia,2500
6837,Mantenimiento de Sistemas de Videoconferencia,Plataformas de Comunicación,Mantenimiento De Videoconferencias,1200
6851,Plataformas de Comunicación,Plataformas de Comunicación,,6
6951,Implementación de Sistemas de Telefonía IP,Plataformas de Comunicación,Telefonía Ip,3500
6954,Implementación de Sistemas de Videoconferencia,Plataformas de Comunicación,Videoconferencia Segura,5000
7566,Implementación de soluciones de colaboración,Plataformas de Comunicación,Soluciones De Colaboración,2000
7583,Optimización de redes corporativas,Plataformas de Comunicación,Optimización De Redes,600
7829,Colaboración y Trabajo Remoto,Plataformas de Comunicación,Colaboración Y Trabajo Remoto,
7884,Plataformas de Colaboración en Línea Inteligentes,Plataformas de Comunicación,Colaboración En Línea,
7951,Plataforma de Gestión de Eventos Virtuales,Plataformas de Comunicación,Gestión De Eventos Virtuales,
8092,Desarrollo de plataformas de colaboración y trabajo remoto,Plataformas de Comunicación,"Servicios De Creación De Plataformas De Colaboración, Comunicación Y Productividad Para Empresas.",
8122,Servicios de implementación de soluciones de colaboración y productividad,Plataformas de Comunicación,"Servicios De Consultoría Y Desarrollo De Soluciones De Trabajo Remoto, Comunicación Y Coordinación.",
8159,Servicios de desarrollo de aplicaciones de gestión de proyectos y colaboración remota,Plataformas de Comunicación,"Servicios De Consultoría Y Construcción De Soluciones De Gestión De Proyectos, Comunicación, Seguimiento De Tareas Y Trabajo Remoto Para Mejorar La Productividad Y Coordinación De Equipos.",
5882,Web Hosting Starter,Servicios de Hosting,Alojamiento Web Básico.,100
5885,VPS Hosting,Servicios de Hosting,Alojamiento En Vps,500
5905,Web Hosting Maintenance,Servicios de Hosting,Mantenimiento De Hosting Web,500
6145,Servicios de Hosting y Dominio,Servicios de Hosting,Hosting Y Dominios Para Empresas.,100
6271,Dominio Pago anual .com.ar,Servicios de Hosting,Dominio .Com.Ar Anual,
6272,Dominio Anual .com,Servicios de Hosting,Dominio .Com Anual,
6312,Alojamiento web,Servicios de Hosting,Alojamiento De Sitios Web Y Aplicaciones En La Nube.,100
6385,Servicios de hosting y alojamiento web,Servicios de Hosting,Servicios De Hospedaje Y Administración De Infraestructura Web Para Empresas.,1000
6802,Mantenimiento de Hosting Web,Servicios de Hosting,Mantenimiento De Hosting,1200
6848,Paquete de Hosting Básico,Servicios de Hosting,Hosting Básico Con 10 Gb Y 100 Gb Ancho.,20
6867,Hosting Básico,Servicios de Hosting,Plan Básico De Hosting.,100
6900,Servidor Virtual Privado,Servicios de Hosting,Servidor Vps.,1500
6901,Hosting Corporativo,Servicios de Hosting,Hosting Corporativo.,2000
6902,Gestión De Dominios,Servicios de Hosting,Gestión De Dominios.,500
6903,Hosting Web Básico,Servicios de Hosting,Alojamiento Web Básico.,50
6904,Hosting Web Profesional,Servicios de Hosting,Alojamiento Web Profesional.,150
6908,Servidores Virtuales Privados (VPS),Servicios de Hosting,Vps Para Hosting Web.,100
6909,Alojamiento Web Básico,Servicios de Hosting,Alojamiento Web Básico.,50
6914,Servidores Virtuales Privados,Servicios de Hosting,Servidores Vps.,1500
6915,Soluciones de Hosting Confiables y Seguras,Servicios de Hosting,Soluciones De Hosting.,2000
6916,Gestión de Dominios y Servicios Relacionados,Servicios de Hosting,Gestión De Dominios.,500
6925,Hosting Web Starter,Servicios de Hosting,Hosting Básico,100
6930,VPS (Servidor Virtual Privado),Servicios de Hosting,Vps Hosting,200
6932,Migración de Hosting,Servicios de Hosting,Migración De Hosting,500
7557,Servicio de Hosting,Servicios de Hosting,Hosting Seguro,120
7563,Registro y pago anual de un dominio .com,Servicios de Hosting,Registro De Dominio,20
7573,Hosting seguro,Servicios de Hosting,Hosting Web Seguro,100
7664,Web Hosting Starter,Servicios de Hosting,Alojamiento Web Básico.,
7667,VPS Hosting,Servicios de Hosting,Alojamiento En Vps,
7687,Web Hosting Maintenance,Servicios de Hosting,Mantenimiento De Hosting Web,
7869,Servicios de Hosting y Dominio,Servicios de Hosting,Hosting Y Dominios Para Empresas.,
7901,Servicios de Alojamiento y Cloud,Servicios de Hosting,Servicios De Alojamiento Y Cloud,
8023,Alojamiento web,Servicios de Hosting,Alojamiento De Sitios Web Y Aplicaciones En La Nube.,
8096,Servicios de hosting y alojamiento web,Servicios de Hosting,Servicios De Hospedaje Y Administración De Infraestructura Web Para Empresas.,
5931,Realidad aumentada y virtual,Soluciones por Industria,Real,6500
5941,Servicios de Diseño y Desarrollo de Soluciones de Realidad Aumentada y Virtual,Soluciones por Industria,Realidad Aumentada Y Virtual,6000
5996,Servicios de diseño y desarrollo de aplicaciones de Internet de las Cosas (IoT) para optimizar operaciones y procesos,Soluciones por Industria,Desarrollo De Software,20000
6019,Desarrollo Blockchain,Soluciones por Industria,Blockchain,
6022,Desarrollo IoT,Soluciones por Industria,Iot,
6035,Servicios de Diseño y Desarrollo de Aplicaciones IoT,Soluciones por Industria,Aplicaciones De Iot Para Operaciones,14000
6089,Aplicaciones de Internet de las Cosas (IoT),Soluciones por Industria,Desarrollo De Aplicaciones De Iot.,7000
6093,Consultoría en Blockchain,Soluciones por Industria,Soluciones Blockchain,5500
6108,Internet of Things (IoT),Soluciones por Industria,Soluciones Iot,7000
6299,Soluciones de IA para la Industria del Retail,Soluciones por Industria,Soluciones De Ia Para El Sector Retail,249
6300,Soluciones de IA para la Industria de la Salud,Soluciones por Industria,,
6358,Desarrollo de soluciones de Internet of Things (IoT),Soluciones por Industria,"Servicios De Creación De Soluciones De Internet Of Things Para Automatización, Monitoreo Y Control.",22000
6374,Desarrollo de sistemas de Internet de las Cosas (IoT),Soluciones por Industria,"Servicios De Creación De Soluciones Iot Para Automatización, Monitoreo Y Control De Dispositivos.",25000
6394,Servicios de desarrollo de soluciones de IoT,Soluciones por Industria,Servicios De Creación De Soluciones De Internet De Las Cosas (Iot) Para Diferentes Sectores.,20000
6413,Servicios de implementación de soluciones de internet de las cosas (IoT),Soluciones por Industria,Servicios De Consultoría Y Desarrollo De Aplicaciones Y Sistemas Basados En Tecnologías De Iot.,22000
6422,Servicios de desarrollo de aplicaciones de Internet de las Cosas (IoT),Soluciones por Industria,Servicios De Consultoría Y Desarrollo De Software Para Soluciones De Internet De Las Cosas.,24000
6438,Servicios de desarrollo de aplicaciones de realidad extendida para el sector industrial,Soluciones por Industria,"Servicios De Consultoría Y Construcción De Soluciones De Realidad Extendida Para Mejorar La Eficiencia, Seguridad Y Mantenimiento En Operaciones Industriales.",35000
6444,Servicios de desarrollo de aplicaciones de inteligencia artificial para el sector retail,Soluciones por Industria,"Servicios De Consultoría Y Construcción De Soluciones De Ia Para La Optimización De Inventarios, Predicción De Demanda, Personalización De Ofertas Y Atención Al Cliente.",28000
6445,Servicios de implementación de soluciones de realidad extendida para el sector de la salud,Soluciones por Industria,"Servicios De Consultoría Y Despliegue De Tecnologías De Realidad Extendida Para La Visualización De Datos Médicos, Simulación De Intervenciones Y Terapias Inmersivas.",35000
6446,Servicios de desarrollo de aplicaciones de blockchain para la cadena de suministro,Soluciones por Industria,"Servicios De Consultoría Y Construcción De Aplicaciones Blockchain Para La Automatización De Procesos, Gestión De Contratos Y Validación De Transacciones En La Cadena De Suministro.",30000
6450,Servicios de desarrollo de aplicaciones de inteligencia artificial para el sector financiero,Soluciones por Industria,"Servicios De Consultoría Y Construcción De Soluciones De Ia Para La Automatización De Decisiones De Inversión, Detección De Fraudes, Análisis De Riesgos Y Asesoramiento Financiero Personalizado.",28000
6451,Servicios de implementación de soluciones de analítica de big data para el sector manufacturero,Soluciones por Industria,"Servicios De Consultoría Y Despliegue De Soluciones De Analítica Avanzada De Big Data Para Optimizar La Eficiencia Operacional, La Calidad Y El Mantenimiento Predictivo En Procesos De Manufactura.",35000
6452,Servicios de desarrollo de aplicaciones de realidad extendida para el sector de la construcción,Soluciones por Industria,"Servicios De Consultoría Y Construcción De Soluciones De Realidad Extendida Para La Visualización 3D De Proyectos, La Colaboración Remota Y La Capacitación De Trabajadores En Entornos De Construcción.",30000
6609,Servicio de Limpieza Premium,Soluciones por Industria,Limpieza Integral Del Hogar Por Personal Experto.,50
6610,Corte de Césped Estándar,Soluciones por Industria,Corte Básico De Césped Para Mantener El Jardín Cuidado.,25
6611,Instalación de Aire Acondicionado,Soluciones por Industria,Instalación Profesional De Aire Acondicionado Para El Hogar.,150
6612,Reparación de Plomería,Soluciones por Industria,Solución Profesional A Problemas De Plomería En El Hogar.,80
6613,Pintura de Habitación,Soluciones por Industria,Renovación De Pintura En Una Habitación Del Hogar.,150
6614,Mantenimiento de Jardín Básico,Soluciones por Industria,Cuidado Básico Del Jardín Para Mantenerlo Ordenado.,40
6615,Mudanza Pequeña,Soluciones por Industria,Servicio De Mudanza Para Espacios Pequeños.,120
6616,Reparación de Electrodomésticos,Soluciones por Industria,Solución A Problemas En Electrodomésticos Del Hogar.,70
6617,Asesoría de Diseño de Interiores,Soluciones por Industria,Orientación Experta Para Mejorar El Diseño Y Estética Del Hogar.,100
6618,Limpieza de Alfombras,Soluciones por Industria,Servicio De Limpieza Avanzada Para Recuperar El Aspecto De Las Alfombras.,80
6619,Poda de Arboles,Soluciones por Industria,Servicio Profesional De Poda Y Recorte De Árboles Del Jardín.,150
6620,Mantenimiento de Piscina,Soluciones por Industria,Servicio Completo Para Mantener La Piscina En Óptimas Condiciones.,60
6621,Reparación de Cerraduras,Soluciones por Industria,Solución A Problemas Con Cerraduras Del Hogar.,40
6622,Instalación de Cortinas,Soluciones por Industria,Instalación Profesional De Cortinas O Persianas En El Hogar.,60
6623,Limpieza de Ventanas,Soluciones por Industria,Servicio De Limpieza Profunda De Ventanas Del Hogar.,50
6624,Servicio de Plomería,Soluciones por Industria,Solución A Problemas De Plomería En El Hogar.,80
6625,Pintura de Interiores,Soluciones por Industria,Servicio De Pintura Profesional Para Renovar Los Ambientes Interiores.,300
6626,Instalación de Iluminación,Soluciones por Industria,Instalación Experta De Sistemas De Iluminación En El Hogar.,120
6627,Servicio de Jardinería Integral,Soluciones por Industria,Servicio Integral Para El Cuidado Y Embellecimiento Del Jardín.,220
6628,Limpieza de Chimeneas,Soluciones por Industria,Servicio Especializado Para Mantener En Buen Estado Las Chimeneas.,90
6629,Instalación de Electrodomésticos,Soluciones por Industria,Instalación Profesional De Electrodomésticos En El Hogar.,80
6630,Reparación de Muebles,Soluciones por Industria,Solución A Problemas Y Daños En Muebles Del Hogar.,150
6631,Mudanza Local,Soluciones por Industria,Mudanza Local Eficiente Y Confiable Para El Hogar.,300
6632,Poda de Árboles,Soluciones por Industria,Poda Profesional Para Mantener Árboles Sanos Y Cuidados.,200
6633,Mantenimiento de Aire Acondicionado,Soluciones por Industria,Mantenimiento Preventivo Para Un Aire Acondicionado Eficiente.,90
6634,Pintura Interior,Soluciones por Industria,Renovación Y Cambio De Imagen De Los Espacios Interiores.,300
6635,Tapizado de Muebles,Soluciones por Industria,Actualización Del Tapizado Para Renovar La Apariencia De Muebles.,400
6948,Desarrollo de Soluciones para Distribuidores y Mayoristas,Soluciones por Industria,Soluciones Para Distribuidores Y Mayoristas,5000
6949,Implementación de Tecnologías Avanzadas para la Agroindustria,Soluciones por Industria,Tecnologías Para Agroindustria,7000
6956,Technology Advanced for Agroindustry,Soluciones por Industria,Tecnología Agroindustria,3000
6957,Soluciones por Industria,Soluciones por Industria,,"7,5"
6959,Consultoría Inicial para Minoristas,Soluciones por Industria,,500
6960,Implementación de Gestión de Inventarios para Minoristas,Soluciones por Industria,,800
6961,Personalización de Plataforma para Minoristas,Soluciones por Industria,,300
6962,Planificación de Producción para Minoristas,Soluciones por Industria,,1200
6963,Evaluación de Estrategias de Mercado para Minoristas,Soluciones por Industria,Evaluación De Estrategias De Mercado Para Minoristas,800
6964,Soporte Operativo Anual para Minoristas,Soluciones por Industria,Soporte Operativo Anual Para Minoristas,1500
6965,Auditoría de Sistemas para Minoristas,Soluciones por Industria,Auditoría De Sistemas Para Minoristas,1300
6966,Optimización de Procesos para Minoristas,Soluciones por Industria,Optimización De Procesos Para Minoristas,1000
6967,Capacitación en Gestión para Minoristas,Soluciones por Industria,Capacitación En Gestión Para Minoristas,1000
6968,Desarrollo de Estrategias de Expansión para Minoristas,Soluciones por Industria,Desarrollo De Estrategias De Expansión Para Minoristas,1200
6969,Solución para Minoristas (B2C),Soluciones por Industria,Solución B2C Para Minoristas.,4000
6970,Solución para Mayoristas (B2B),Soluciones por Industria,Solución B2B Para Mayoristas.,4500
6971,Optimización para Manufactura,Soluciones por Industria,Optimización En Manufactura.,5000
6972,Integración para Minoristas,Soluciones por Industria,Integración De Ecommerce Para Minoristas.,2000
6973,Control para Agroindustria,Soluciones por Industria,Control De Costos Para Agroindustria.,1800
6974,Gestión para Distribuidores y Mayoristas,Soluciones por Industria,Gestión Logística Y De Stock Para Distribuidores.,2200
6975,Soluciones Para Servicios,Soluciones por Industria,Soluciones De Facturación Para Servicios.,1500
7423,Gestión de Cultivos,Soluciones por Industria,,
7472,¡Llévate el mejor sonido a un precio increíble! Parlante Bluetooth por solo $300,Soluciones por Industria,"¡300 pesos, una inversión que vale la pena!",2500
7474,$80,Soluciones por Industria,,40
7499,Básica: La solución integral para tus necesidades de belleza,Soluciones por Industria,"Básica: la prenda esencial para tu armario. Su diseño minimalista y versátil te permite crear infinitos looks, desde los más casuales hasta los más elegantes.",
7502,¡Increíble oferta! $1.500: El mejor precio para un producto de calidad excepcional,Soluciones por Industria,1.500 pesos: una inversión en tu futuro,10000
7503,¡Llévate el tuyo por solo $500!,Soluciones por Industria,"¡500 pesos, una oportunidad única para transformar tu vida!",3500
7505,¡Llévate el tuyo por solo $100!,Soluciones por Industria,100 pesos: un billete con historia y valor,40
7596,Servicio,Soluciones por Industria,Nombre Corto,
7601,Implementación de soluciones de gestión energética,Soluciones por Industria,Soluciones De Gestión Energética,900
7605,Desarrollo de soluciones de telemedicina,Soluciones por Industria,Desarrollo De Soluciones De Telemedicina,1400
7608,Implementación de soluciones de IoT,Soluciones por Industria,Soluciones De Iot,1300
7622,Consultoría en desarrollo de productos,Soluciones por Industria,Consultoría En Desarrollo De Productos,800
7623,Desarrollo de soluciones de Internet de las Cosas (IoT),Soluciones por Industria,Soluciones De Iot,2000
7626,Consultoría en sostenibilidad y responsabilidad social,Soluciones por Industria,Consultoría En Sostenibilidad,1000
7630,Consultoría en estrategia de negocio,Soluciones por Industria,Consultoría En Estrategia De Negocio,1300
7633,Desarrollo de soluciones de tecnología financiera (FinTech),Soluciones por Industria,Soluciones Fintech,2000
7634,Consultoría en gestión de la cadena de suministro,Soluciones por Industria,Consultoría En Cadena De Suministro,1100
7646,Consultoría en Transformación Digital,Soluciones por Industria,Transformación Digital,
7648,Consultoría en Inteligencia Artificial y Aprendizaje Automático,Soluciones por Industria,Consultoría En Ia Y Ml.,
7654,Consultoría en Estrategia y Transformación Digital,Soluciones por Industria,Estrategia Y Transformación Digital,
7658,Consultoría en Gestión de la Innovación y Desarrollo de Nuevos Productos/Servicios,Soluciones por Industria,Gestión De La Innovación.,
7684,IT Consultancy,Soluciones por Industria,Consultoría It,
7698,Consultoría en inteligencia artificial,Soluciones por Industria,Ia Y Aprendizaje Automático,
7704,Estrategia y transformación digital,Soluciones por Industria,Estrategia Y Transformación Digital,
7708,Gestión de la innovación,Soluciones por Industria,Gestión De La Innovación.,
7713,Realidad Aumentada y Virtual: Experiencias Inmersivas para Mejorar la Experiencia del Usuario,Soluciones por Industria,Realidad Aumentada y Virtual: Una nueva dimensión de experiencias,
7716,Inteligencia artificial aplicada,Soluciones por Industria,Ia Aplicada,
7723,Servicios de Diseño y Desarrollo de Soluciones de Realidad Aumentada y Virtual,Soluciones por Industria,Realidad Aumentada Y Virtual,
7733,Consultoría en estrategia y arquitectura empresarial,Soluciones por Industria,Consultoría En Estrategia Y Arquitectura Empresarial,
7736,Consultoría en transformación digital y adopción de nuevas tecnologías,Soluciones por Industria,Transformación Digital Y Adopción Tecnológica,
7748,Consultoría en innovación y desarrollo de nuevos modelos de negocio digitales,Soluciones por Industria,Innovación Y Modelos De Negocio Digitales,
7753,Consultoría en estrategia y transformación digital para la adopción de tecnologías emergentes,Soluciones por Industria,Estrategia Y Transformación Digital,
7759,Servicios de diseño y desarrollo de aplicaciones de Internet de las Cosas (IoT) para optimizar operaciones y procesos,Soluciones por Industria,Desarrollo De Software,
7768,Consultoría en estrategia y transformación digital para la adopción de tecnologías innovadoras,Soluciones por Industria,Consultoría,
7781,Servicios de Diseño y Desarrollo de Aplicaciones IoT,Soluciones por Industria,Aplicaciones De Iot Para Operaciones,
7806,Innovación y nuevos modelos de negocio digitales,Soluciones por Industria,Innovación Y Desarrollo De Nuevos Modelos De Negocio Digitales.,
7808,Inteligencia artificial y aprendizaje automático,Soluciones por Industria,Soluciones De Ia Y Ml Para Automatización De Procesos.,
7813,Aplicaciones de Internet de las Cosas (IoT),Soluciones por Industria,Desarrollo De Aplicaciones De Iot.,
7816,Implementación de Sistemas de Inteligencia Artificial,Soluciones por Industria,Sistemas De Ia,
7817,Consultoría en Blockchain,Soluciones por Industria,Soluciones Blockchain,
8012,Soluciones de IA para la Industria del Retail,Soluciones por Industria,Soluciones De Ia Para El Sector Retail,
8013,"Soluciones de IA para la Salud: Diagnóstico Preciso, Tratamiento Personalizado y Atención Mejorada",Soluciones por Industria,"Soluciones de IA para la industria de la salud: Diagnóstico mejorado, tratamiento personalizado, monitoreo remoto y automatización de tareas para una mejor atención al paciente, reducción de costos y acceso mejorado.",
8063,Desarrollo de soluciones de inteligencia artificial,Soluciones por Industria,"Servicios De Creación De Soluciones De Ia Para Automatización, Análisis Y Toma De Decisiones.",
8066,Desarrollo de soluciones blockchain,Soluciones por Industria,Servicios De Creación De Soluciones Blockchain Para Diversos Sectores Y Casos De Uso.,
8068,Desarrollo de soluciones de realidad aumentada,Soluciones por Industria,Servicios De Creación De Soluciones De Realidad Aumentada Para Aplicaciones Empresariales Y De Consumo.,
8069,Desarrollo de soluciones de Internet of Things (IoT),Soluciones por Industria,"Servicios De Creación De Soluciones De Internet Of Things Para Automatización, Monitoreo Y Control.",
8080,Desarrollo de soluciones de realidad virtual,Soluciones por Industria,Servicios De Creación De Soluciones De Realidad Virtual Para Entornos Empresariales Y De Consumo.,
8084,Desarrollo de soluciones de blockchain,Soluciones por Industria,"Servicios De Creación De Soluciones Blockchain Para Áreas Como Finanzas, Cadena De Suministro Y Certificación.",
8085,Desarrollo de sistemas de Internet de las Cosas (IoT),Soluciones por Industria,"Servicios De Creación De Soluciones Iot Para Automatización, Monitoreo Y Control De Dispositivos.",
8090,Desarrollo de soluciones de aprendizaje automático (machine learning),Soluciones por Industria,Servicios De Desarrollo De Soluciones De Machine Learning Para Resolver Problemas Empresariales.,
8105,Servicios de desarrollo de soluciones de IoT,Soluciones por Industria,Servicios De Creación De Soluciones De Internet De Las Cosas (Iot) Para Diferentes Sectores.,
8106,Servicios de desarrollo de blockchain y smart contracts,Soluciones por Industria,Servicios De Consultoría Y Desarrollo De Proyectos Blockchain Y Smart Contracts.,
8107,Servicios de desarrollo de aplicaciones de realidad aumentada y virtual,Soluciones por Industria,Servicios De Diseño Y Desarrollo De Soluciones De Realidad Aumentada Y Virtual Para Diversos Sectores.,
8114,Servicios de desarrollo de soluciones de inteligencia artificial y machine learning,Soluciones por Industria,Servicios De Creación De Soluciones Avanzadas De Ia Y Machine Learning Para Diversas Industrias.,
8124,Servicios de implementación de soluciones de internet de las cosas (IoT),Soluciones por Industria,Servicios De Consultoría Y Desarrollo De Aplicaciones Y Sistemas Basados En Tecnologías De Iot.,
8125,Servicios de desarrollo de software blockchain y smart contracts,Soluciones por Industria,"Servicios De Diseño, Desarrollo E Implementación De Sistemas Y Aplicaciones Blockchain.",
8127,Servicios de implementación de soluciones de inteligencia artificial y machine learning,Soluciones por Industria,"Servicios De Consultoría Y Despliegue De Soluciones De Inteligencia Artificial, Aprendizaje De Máquina Y Procesamiento De Datos.",
8128,Servicios de implementación de soluciones de realidad aumentada y realidad virtual,Soluciones por Industria,Servicios De Consultoría Y Despliegue De Soluciones De Realidad Extendida Para Diversos Sectores Y Casos De Uso.,
8131,Servicios de desarrollo de aplicaciones de realidad extendida (XR),Soluciones por Industria,Servicios De Consultoría Y Construcción De Experiencias Interactivas En Entornos Virtuales Y Aumentados.,
8133,Servicios de desarrollo de aplicaciones de Internet de las Cosas (IoT),Soluciones por Industria,Servicios De Consultoría Y Desarrollo De Software Para Soluciones De Internet De Las Cosas.,
8135,Servicios de desarrollo e implementación de soluciones de blockchain,Soluciones por Industria,Servicios De Consultoría Y Desarrollo De Soluciones Descentralizadas Y Seguras Utilizando Blockchain.,
8141,Servicios de desarrollo de aplicaciones de realidad extendida para el metaverso,Soluciones por Industria,"Servicios De Consultoría Y Construcción De Soluciones De Realidad Aumentada, Virtual Y Mixta Para Entornos Virtuales Compartidos.",
8143,Servicios de desarrollo de aplicaciones de inteligencia artificial generativa,Soluciones por Industria,"Servicios De Consultoría Y Construcción De Soluciones De Ia Para La Generación De Contenido, Ideas Y Análisis Personalizados.",
8145,Servicios de implementación de soluciones de inteligencia artificial y aprendizaje automático,Soluciones por Industria,"Servicios De Consultoría Y Despliegue De Soluciones De Ia Para La Automatización De Procesos, Predicción De Tendencias Y Toma De Decisiones.",
8149,Servicios de desarrollo de aplicaciones de realidad extendida para el sector industrial,Soluciones por Industria,"Servicios De Consultoría Y Construcción De Soluciones De Realidad Extendida Para Mejorar La Eficiencia, Seguridad Y Mantenimiento En Operaciones Industriales.",
8155,Servicios de desarrollo de aplicaciones de inteligencia artificial para el sector retail,Soluciones por Industria,"Servicios De Consultoría Y Construcción De Soluciones De Ia Para La Optimización De Inventarios, Predicción De Demanda, Personalización De Ofertas Y Atención Al Cliente.",
8156,Servicios de implementación de soluciones de realidad extendida para el sector de la salud,Soluciones por Industria,"Servicios De Consultoría Y Despliegue De Tecnologías De Realidad Extendida Para La Visualización De Datos Médicos, Simulación De Intervenciones Y Terapias Inmersivas.",
8157,Servicios de desarrollo de aplicaciones de blockchain para la cadena de suministro,Soluciones por Industria,"Servicios De Consultoría Y Construcción De Aplicaciones Blockchain Para La Automatización De Procesos, Gestión De Contratos Y Validación De Transacciones En La Cadena De Suministro.",
8161,Servicios de desarrollo de aplicaciones de inteligencia artificial para el sector financiero,Soluciones por Industria,"Servicios De Consultoría Y Construcción De Soluciones De Ia Para La Automatización De Decisiones De Inversión, Detección De Fraudes, Análisis De Riesgos Y Asesoramiento Financiero Personalizado.",
8162,Servicios de implementación de soluciones de analítica de big data para el sector manufacturero,Soluciones por Industria,"Servicios De Consultoría Y Despliegue De Soluciones De Analítica Avanzada De Big Data Para Optimizar La Eficiencia Operacional, La Calidad Y El Mantenimiento Predictivo En Procesos De Manufactura.",
8163,Servicios de desarrollo de aplicaciones de realidad extendida para el sector de la construcción,Soluciones por Industria,"Servicios De Consultoría Y Construcción De Soluciones De Realidad Extendida Para La Visualización 3D De Proyectos, La Colaboración Remota Y La Capacitación De Trabajadores En Entornos De Construcción.",
