content,page_title,broad_group,category,subcategory,extracto_pagina,imagen_recomendada
"[section label=""Hero"" bg=""24091"" bg_color=""#ffffff"" bg_pos=""57% 100%"" padding=""120px""]

[row label=""Title"" h_align=""center""]

[col span=""8"" span__sm=""12"" align=""center""]

<h6 data-text-color=""#00a86b"">Planes y Precios</h6>
<h2 style=""font-size: 250%;"">Planes para todos</h2>
<p>En Viaweb, ofrecemos soluciones adaptadas a las necesidades de cada cliente. Nuestros planes están diseñados para brindar servicios de alta calidad, asegurando que cada empresa encuentre el soporte adecuado para su crecimiento.</p>
[button text=""Ver planes"" letter_case=""lowercase"" icon=""icon-angle-down"" link=""#planes""]

[/col]

[/row]
[gap height=""100px""]

[scroll_to title=""planes"" bullet=""false""]

[/section]
[section label=""Características"" padding=""70px""]

[row h_align=""center""]

[col span=""9"" span__sm=""10"" span__md=""10"" padding=""40px 0px 0px 0px"" align=""center""]

<h6 data-text-color=""#00a86b"">Características</h6>
<h2 style=""font-size: 220%;"">Todos los planes incluyen</h2>
[gap height=""60px""]

[row_inner label=""Características"" style=""large""]

[col_inner span=""6"" span__sm=""12"" span__md=""12""]

[featured_box img=""24094"" img_width=""40"" pos=""left""]

<h3>Aplicación de escritorio y móvil</h3>
<p>Acceso a nuestras soluciones en cualquier lugar y en cualquier dispositivo.</p>

[/featured_box]

[/col_inner]
[col_inner span=""6"" span__sm=""12"" span__md=""12""]

[featured_box img=""24098"" img_width=""40"" pos=""left""]

<h3>Estimaciones de tiempo</h3>
<p>Análisis de eficiencia para una mejor gestión del tiempo y recursos.</p>

[/featured_box]

[/col_inner]
[col_inner span=""6"" span__sm=""12"" span__md=""12""]

[featured_box img=""24092"" img_width=""40"" pos=""left""]

<h3>Facturación</h3>
<p>Gestión sencilla de facturas y pagos a través de nuestra plataforma.</p>

[/featured_box]

[/col_inner]
[col_inner span=""6"" span__sm=""12"" span__md=""12""]

[featured_box img=""24095"" img_width=""40"" pos=""left""]

<h3>Pagos en línea</h3>
<p>Opciones de pago seguras y rápidas para una experiencia sin complicaciones.</p>

[/featured_box]

[/col_inner]
[col_inner span=""6"" span__sm=""12"" span__md=""12""]

[featured_box img=""24093"" img_width=""40"" pos=""left""]

<h3>Informes avanzados</h3>
<p>Acceso a reportes detallados para la toma de decisiones informadas.</p>

[/featured_box]

[/col_inner]
[col_inner span=""6"" span__sm=""12"" span__md=""12""]

[featured_box img=""24096"" img_width=""40"" pos=""left""]

<h3>Tareas recurrentes</h3>
<p>Automatización de tareas para optimizar el flujo de trabajo.</p>

[/featured_box]

[/col_inner]

[/row_inner]

[/col]

[/row]

[/section]
[section label=""FAQ"" bg_color=""#f7f5f4"" padding=""70px""]

[row label=""Title"" h_align=""center""]

[col span=""9"" span__sm=""10"" span__md=""10"" padding=""40px 0px 0px 0px"" align=""center""]

<h6 data-text-color=""#00a86b"">Preguntas</h6>
<h2 style=""font-size: 220%;"">Preguntas Frecuentes sobre Precios</h2>

[/col]

[/row]
[row label=""Questions Accordion"" h_align=""center"" padding=""40px 40px 40px 40px""]

[col span=""9"" span__sm=""11"" span__md=""10"" align=""left"" bg_color=""#ffffff""]

[accordion]

[accordion-item title=""¿Cuál es el propósito del período de prueba?""]

<p>El período de prueba permite a los usuarios evaluar nuestros servicios antes de comprometerse a un plan de pago.</p>

[/accordion-item]
[accordion-item title=""¿Pago mensual o anual?""]

<p>Ofrecemos opciones de pago mensuales y anuales para adaptarnos a tus necesidades.</p>

[/accordion-item]
[accordion-item title=""¿Puedo cancelar en cualquier momento?""]

<p>Sí, puedes cancelar tu suscripción en cualquier momento sin penalizaciones.</p>

[/accordion-item]
[accordion-item title=""¿Qué métodos de pago aceptan?""]

<p>Aceptamos diversas formas de pago, incluidas tarjetas de crédito y transferencias bancarias.</p>

[/accordion-item]
[accordion-item title=""¿Se calcula el IVA en el precio?""]

<p>El IVA se aplica según la legislación vigente y se reflejará en la factura final.</p>

[/accordion-item]
[accordion-item title=""¿Ofrecen descuentos?""]

<p>Sí, ofrecemos descuentos para planes anuales y para empresas que contratan múltiples servicios.</p>

[/accordion-item]

[/accordion]

[/col]

[/row]
[row label=""More Questions"" h_align=""center""]

[col span=""9"" span__sm=""10"" span__md=""10"" padding=""40px 0px 0px 0px"" align=""center""]

<h2>¿Más preguntas?</h2>
<p>Contacta a nuestro equipo de atención al cliente, estamos aquí para ayudarte.</p>
[button text=""Contáctanos"" letter_case=""lowercase""]

[/col]

[/row]

[/section]
[section label=""Planes de Precios"" bg_color=""#f7f5f4"" padding=""0px""]

[row label=""Planes"" h_align=""center""]

[col span__sm=""11"" margin=""-80px 0px 0px 0px""]

[row_inner class=""pricing-color-box""]

[col_inner span=""4"" span__sm=""12""]

[ux_price_table title=""Mini"" price=""$20"" description=""Por mes"" radius=""10"" depth_hover=""0""]

[bullet_item text=""Hasta 20 proyectos""]

[bullet_item text=""Hasta 20 páginas""]

[bullet_item text=""Dominio personalizado""]

[bullet_item text=""Diseño profesional""]

[button text=""Seleccionar plan"" letter_case=""lowercase"" color=""#00a86b"" expand=""true""]

[/ux_price_table]

[/col_inner]
[col_inner span=""4"" span__sm=""12""]

[ux_price_table title=""Pequeño"" price=""$50"" description=""Por mes"" featured=""true"" radius=""10"" depth_hover=""0""]

[bullet_item text=""Hasta 50 proyectos""]

[bullet_item text=""Hasta 50 páginas""]

[bullet_item text=""Dominio personalizado""]

[bullet_item text=""Diseño profesional""]

[button text=""Seleccionar plan"" letter_case=""lowercase"" color=""#00a86b"" expand=""true""]

[/ux_price_table]

[/col_inner]
[col_inner span=""4"" span__sm=""12""]

[ux_price_table title=""Grande"" price=""$100"" description=""Por mes"" radius=""10"" depth_hover=""0""]

[bullet_item text=""Hasta 100 proyectos""]

[bullet_item text=""Hasta 100 páginas""]

[bullet_item text=""Dominio personalizado""]

[bullet_item text=""Diseño profesional""]

[button text=""Seleccionar plan"" letter_case=""lowercase"" color=""#00a86b"" expand=""true""]

[/ux_price_table]

[/col_inner]

[/row_inner]

[/col]

[/row]
[row label=""Otro Plan"" h_align=""center""]

[col span=""9"" span__sm=""10"" span__md=""10"" padding=""0px 0px 40px 0px"" align=""center""]

<h2>¿Necesitas mayor capacidad?</h2>
<p>No dudes en contactarnos</p>
[button text=""Contáctanos"" letter_case=""lowercase""]

[/col]

[/row]

[/section]",Asociación con Viaweb,Alianzas,Partnerships,Colaboración Empresarial,"Descubre nuestros planes y precios adaptados a tus necesidades. Ofrecemos soluciones de alta calidad para el crecimiento de tu empresa, con características como aplicaciones móviles, facturación y análisis avanzados.","Una imagen que muestre a un grupo diverso de profesionales sonrientes mirando sus dispositivos móviles y tablets, representando la accesibilidad y versatilidad de los planes ofrecidos por Viaweb. El fondo podría incluir gráficos o iconos que representen las características mencionadas como facturación, informes y estimaciones de tiempo."
"[section label=""Hero"" bg=""24091"" bg_color=""#ffffff"" bg_pos=""57% 100%"" padding=""120px""]

[row label=""Title"" h_align=""center""]

[col span=""8"" span__sm=""12"" align=""center""]

<h6 data-text-color=""#24ae7a"">Planes y Precios</h6>
<h2 style=""font-size: 250%;"">Planes para todos</h2>
<p>En Viaweb, ofrecemos soluciones adaptadas a las necesidades de cada cliente. Nuestros planes están diseñados para brindar servicios de alta calidad, asegurando que cada empresa encuentre el soporte adecuado para su crecimiento.</p>
[button text=""Ver planes"" letter_case=""lowercase"" icon=""icon-angle-down"" link=""#planes""]

[/col]

[/row]

[gap height=""100px""]

[scroll_to title=""planes"" bullet=""false""]

[/section]
[section label=""Características"" padding=""70px""]

[row h_align=""center""]

[col span=""9"" span__sm=""10"" span__md=""10"" padding=""40px 0px 0px 0px"" align=""center""]

<h6 data-text-color=""#24ae7a"">Características</h6>
<h2 style=""font-size: 220%;"">Todos los planes incluyen</h2>
[gap height=""60px""]

[row_inner label=""Características"" style=""large""]

[col_inner span=""6"" span__sm=""12"" span__md=""12""]

[featured_box img=""24094"" img_width=""40"" pos=""left""]

<h3>Aplicación de escritorio y móvil</h3>
<p>Acceso a nuestras soluciones en cualquier lugar y en cualquier dispositivo.</p>

[/featured_box]

[/col_inner]
[col_inner span=""6"" span__sm=""12"" span__md=""12""]

[featured_box img=""24098"" img_width=""40"" pos=""left""]

<h3>Estimaciones de tiempo</h3>
<p>Análisis de eficiencia para una mejor gestión del tiempo y recursos.</p>

[/featured_box]

[/col_inner]
[col_inner span=""6"" span__sm=""12"" span__md=""12""]

[featured_box img=""24092"" img_width=""40"" pos=""left""]

<h3>Facturación</h3>
<p>Gestión sencilla de facturas y pagos a través de nuestra plataforma.</p>

[/featured_box]

[/col_inner]
[col_inner span=""6"" span__sm=""12"" span__md=""12""]

[featured_box img=""24095"" img_width=""40"" pos=""left""]

<h3>Pagos en línea</h3>
<p>Opciones de pago seguras y rápidas para una experiencia sin complicaciones.</p>

[/featured_box]

[/col_inner]
[col_inner span=""6"" span__sm=""12"" span__md=""12""]

[featured_box img=""24093"" img_width=""40"" pos=""left""]

<h3>Informes avanzados</h3>
<p>Acceso a reportes detallados para la toma de decisiones informadas.</p>

[/featured_box]

[/col_inner]
[col_inner span=""6"" span__sm=""12"" span__md=""12""]

[featured_box img=""24096"" img_width=""40"" pos=""left""]

<h3>Tareas recurrentes</h3>
<p>Automatización de tareas para optimizar el flujo de trabajo.</p>

[/featured_box]

[/col_inner]

[/row_inner]

[/col]

[/row]

[/section]
[section label=""FAQ"" bg_color=""#f7f5f4"" padding=""70px""]

[row label=""Title"" h_align=""center""]

[col span=""9"" span__sm=""10"" span__md=""10"" padding=""40px 0px 0px 0px"" align=""center""]

<h6 data-text-color=""#24ae7a"">Preguntas</h6>
<h2 style=""font-size: 220%;"">Preguntas Frecuentes sobre Precios</h2>

[/col]

[/row]
[row label=""Questions Accordion"" h_align=""center"" padding=""40px 40px 40px 40px""]

[col span=""9"" span__sm=""11"" span__md=""10"" align=""left"" bg_color=""#ffffff""]

[accordion]
[accordion-item title=""¿Cuál es el propósito del período de prueba?""]
<p>El período de prueba permite a los usuarios evaluar nuestros servicios antes de comprometerse a un plan de pago.</p>
[/accordion-item]
[accordion-item title=""¿Pago mensual o anual?""]
<p>Ofrecemos opciones de pago mensuales y anuales para adaptarnos a tus necesidades.</p>
[/accordion-item]
[accordion-item title=""¿Puedo cancelar en cualquier momento?""]
<p>Sí, puedes cancelar tu suscripción en cualquier momento sin penalizaciones.</p>
[/accordion-item]
[accordion-item title=""¿Qué métodos de pago aceptan?""]
<p>Aceptamos diversas formas de pago, incluidas tarjetas de crédito y transferencias bancarias.</p>
[/accordion-item]
[accordion-item title=""¿Se calcula el IVA en el precio?""]
<p>El IVA se aplica según la legislación vigente y se reflejará en la factura final.</p>
[/accordion-item]
[accordion-item title=""¿Ofrecen descuentos?""]
<p>Sí, ofrecemos descuentos para planes anuales y para empresas que contratan múltiples servicios.</p>
[/accordion-item]
[/accordion]

[/col]

[/row]
[row label=""More Questions"" h_align=""center""]

[col span=""9"" span__sm=""10"" span__md=""10"" padding=""40px 0px 0px 0px"" align=""center""]

<h2>¿Más preguntas?</h2>
<p>Contacta a nuestro equipo de atención al cliente, estamos aquí para ayudarte.</p>
[button text=""Contáctanos"" letter_case=""lowercase""]

[/col]

[/row]

[/section]
[section label=""Planes de Precios"" bg_color=""#f7f5f4"" padding=""0px""]

[row label=""Planes"" h_align=""center""]

[col span__sm=""11"" margin=""-80px 0px 0px 0px""]

[row_inner class=""pricing-color-box""]

[col_inner span=""4"" span__sm=""12""]

[ux_price_table title=""Mini"" price=""$20"" description=""Por mes"" radius=""10"" depth_hover=""0""]
[bullet_item text=""Hasta 20 proyectos""]
[bullet_item text=""Hasta 20 páginas""]
[bullet_item text=""Dominio personalizado""]
[bullet_item text=""Diseño profesional""]
[button text=""Seleccionar plan"" letter_case=""lowercase"" color=""#24ae7a"" expand=""true""]
[/ux_price_table]

[/col_inner]
[col_inner span=""4"" span__sm=""12""]

[ux_price_table title=""Pequeño"" price=""$50"" description=""Por mes"" featured=""true"" radius=""10"" depth_hover=""0""]
[bullet_item text=""Hasta 50 proyectos""]
[bullet_item text=""Hasta 50 páginas""]
[bullet_item text=""Dominio personalizado""]
[bullet_item text=""Diseño profesional""]
[button text=""Seleccionar plan"" letter_case=""lowercase"" color=""#24ae7a"" expand=""true""]
[/ux_price_table]

[/col_inner]
[col_inner span=""4"" span__sm=""12""]

[ux_price_table title=""Grande"" price=""$100"" description=""Por mes"" radius=""10"" depth_hover=""0""]
[bullet_item text=""Hasta 100 proyectos""]
[bullet_item text=""Hasta 100 páginas""]
[bullet_item text=""Dominio personalizado""]
[bullet_item text=""Diseño profesional""]
[button text=""Seleccionar plan"" letter_case=""lowercase"" color=""#24ae7a"" expand=""true""]
[/ux_price_table]

[/col_inner]

[/row_inner]

[/col]

[/row]
[row label=""Otro Plan"" h_align=""center""]

[col span=""9"" span__sm=""10"" span__md=""10"" padding=""0px 0px 40px 0px"" align=""center""]

<h2>¿Necesitas mayor capacidad?</h2>
<p>No dudes en contactarnos</p>
[button text=""Contáctanos"" letter_case=""lowercase""]

[/col]

[/row]

[/section]",Asociación Estratégica Viaweb,Alianzas,Partnerships,Colaboración Empresarial,"Explora nuestros planes y precios diseñados para impulsar tu negocio. Desde aplicaciones móviles hasta informes avanzados, nuestras soluciones se adaptan a las necesidades de cada cliente para garantizar un crecimiento sostenible.","Una imagen que ilustre a un equipo de trabajo colaborando en una oficina moderna, utilizando dispositivos móviles y computadoras. La imagen podría incluir elementos visuales que representen las características destacadas como gráficos de tiempo, facturas y pagos en línea, mostrando cómo estas herramientas facilitan el trabajo en equipo y la gestión empresarial."
"[section label=""Hero"" bg=""24091"" bg_color=""#ffffff"" bg_pos=""57% 100%"" padding=""120px""]

[row label=""Title"" h_align=""center""]

[col span=""8"" span__sm=""12"" align=""center""]

<h6 data-text-color=""#4CAF50"">Planes y Precios</h6>
<h2 style=""font-size: 250%;"">Planes para todos</h2>
<p>En Viaweb, ofrecemos soluciones adaptadas a las necesidades de cada cliente. Nuestros planes están diseñados para brindar servicios de alta calidad, asegurando que cada empresa encuentre el soporte adecuado para su crecimiento.</p>
[button text=""Ver planes"" letter_case=""lowercase"" icon=""icon-angle-down"" link=""#planes""]

[/col]

[/row]
[gap height=""100px""]

[scroll_to title=""planes"" bullet=""false""]

[/section]
[section label=""Características"" padding=""70px""]

[row h_align=""center""]

[col span=""9"" span__sm=""10"" span__md=""10"" padding=""40px 0px 0px 0px"" align=""center""]

<h6 data-text-color=""#4CAF50"">Características</h6>
<h2 style=""font-size: 220%;"">Todos los planes incluyen</h2>
[gap height=""60px""]

[row_inner label=""Características"" style=""large""]

[col_inner span=""6"" span__sm=""12"" span__md=""12""]

[featured_box img=""24094"" img_width=""40"" pos=""left""]

<br />
<h3>Aplicación de escritorio y móvil</h3>
<p>Acceso a nuestras soluciones en cualquier lugar y en cualquier dispositivo.</p>

[/featured_box]

[/col_inner]
[col_inner span=""6"" span__sm=""12"" span__md=""12""]

[featured_box img=""24098"" img_width=""40"" pos=""left""]

<br />
<h3>Estimaciones de tiempo</h3>
<p>Análisis de eficiencia para una mejor gestión del tiempo y recursos.</p>

[/featured_box]

[/col_inner]
[col_inner span=""6"" span__sm=""12"" span__md=""12""]

[featured_box img=""24092"" img_width=""40"" pos=""left""]

<br />
<h3>Facturación</h3>
<p>Gestión sencilla de facturas y pagos a través de nuestra plataforma.</p>

[/featured_box]

[/col_inner]
[col_inner span=""6"" span__sm=""12"" span__md=""12""]

[featured_box img=""24095"" img_width=""40"" pos=""left""]

<br />
<h3>Pagos en línea</h3>
<p>Opciones de pago seguras y rápidas para una experiencia sin complicaciones.</p>

[/featured_box]

[/col_inner]
[col_inner span=""6"" span__sm=""12"" span__md=""12""]

[featured_box img=""24093"" img_width=""40"" pos=""left""]

<br />
<h3>Informes avanzados</h3>
<p>Acceso a reportes detallados para la toma de decisiones informadas.</p>

[/featured_box]

[/col_inner]
[col_inner span=""6"" span__sm=""12"" span__md=""12""]

[featured_box img=""24096"" img_width=""40"" pos=""left""]

<br />
<h3>Tareas recurrentes</h3>
<p>Automatización de tareas para optimizar el flujo de trabajo.</p>

[/featured_box]

[/col_inner]

[/row_inner]

[/col]

[/row]

[/section]
[section label=""FAQ"" bg_color=""#f7f5f4"" padding=""70px""]

[row label=""Title"" h_align=""center""]

[col span=""9"" span__sm=""10"" span__md=""10"" padding=""40px 0px 0px 0px"" align=""center""]

<br />
<h6 data-text-color=""#4CAF50"">Preguntas</h6>
<h2 style=""font-size: 220%;"">Preguntas Frecuentes sobre Precios</h2>

[/col]

[/row]
[row label=""Questions Accordion"" h_align=""center"" padding=""40px 40px 40px 40px""]

[col span=""9"" span__sm=""11"" span__md=""10"" align=""left"" bg_color=""#ffffff""]

[accordion]

[accordion-item title=""¿Cuál es el propósito del período de prueba?""]

<p>El período de prueba permite a los usuarios evaluar nuestros servicios antes de comprometerse a un plan de pago.</p>

[/accordion-item]
[accordion-item title=""¿Pago mensual o anual?""]

<p>Ofrecemos opciones de pago mensuales y anuales para adaptarnos a tus necesidades.</p>

[/accordion-item]
[accordion-item title=""¿Puedo cancelar en cualquier momento?""]

<p>Sí, puedes cancelar tu suscripción en cualquier momento sin penalizaciones.</p>

[/accordion-item]
[accordion-item title=""¿Qué métodos de pago aceptan?""]

<p>Aceptamos diversas formas de pago, incluidas tarjetas de crédito y transferencias bancarias.</p>

[/accordion-item]
[accordion-item title=""¿Se calcula el IVA en el precio?""]

<p>El IVA se aplica según la legislación vigente y se reflejará en la factura final.</p>

[/accordion-item]
[accordion-item title=""¿Ofrecen descuentos?""]

<p>Sí, ofrecemos descuentos para planes anuales y para empresas que contratan múltiples servicios.</p>

[/accordion-item]

[/accordion]

[/col]

[/row]
[row label=""More Questions"" h_align=""center""]

[col span=""9"" span__sm=""10"" span__md=""10"" padding=""40px 0px 0px 0px"" align=""center""]

<h2>¿Más preguntas?</h2>
<p>Contacta a nuestro equipo de atención al cliente, estamos aquí para ayudarte.</p>
[button text=""Contáctanos"" letter_case=""lowercase""]

[/col]

[/row]

[/section]
[section label=""Planes de Precios"" bg_color=""#f7f5f4"" padding=""0px""]

[row label=""Planes"" h_align=""center""]

[col span__sm=""11"" margin=""-80px 0px 0px 0px""]

[row_inner class=""pricing-color-box""]

[col_inner span=""4"" span__sm=""12""]

[ux_price_table title=""Mini"" price=""$20"" description=""Por mes"" radius=""10"" depth_hover=""0""]

[bullet_item text=""Hasta 20 proyectos""]

[bullet_item text=""Hasta 20 páginas""]

[bullet_item text=""Dominio personalizado""]

[bullet_item text=""Diseño profesional""]

[button text=""Seleccionar plan"" letter_case=""lowercase"" color=""#4CAF50"" expand=""true""]

[/ux_price_table]

[/col_inner]
[col_inner span=""4"" span__sm=""12""]

[ux_price_table title=""Pequeño"" price=""$50"" description=""Por mes"" featured=""true"" radius=""10"" depth_hover=""0""]

[bullet_item text=""Hasta 50 proyectos""]

[bullet_item text=""Hasta 50 páginas""]

[bullet_item text=""Dominio personalizado""]

[bullet_item text=""Diseño profesional""]

[button text=""Seleccionar plan"" letter_case=""lowercase"" color=""#4CAF50"" expand=""true""]

[/ux_price_table]

[/col_inner]
[col_inner span=""4"" span__sm=""12""]

[ux_price_table title=""Grande"" price=""$100"" description=""Por mes"" radius=""10"" depth_hover=""0""]

[bullet_item text=""Hasta 100 proyectos""]

[bullet_item text=""Hasta 100 páginas""]

[bullet_item text=""Dominio personalizado""]

[bullet_item text=""Diseño profesional""]

[button text=""Seleccionar plan"" letter_case=""lowercase"" color=""#4CAF50"" expand=""true""]

[/ux_price_table]

[/col_inner]

[/row_inner]

[/col]

[/row]
[row label=""Otro Plan"" h_align=""center""]

[col span=""9"" span__sm=""10"" span__md=""10"" padding=""0px 0px 40px 0px"" align=""center""]

<h2>¿Necesitas mayor capacidad?</h2>
<p>No dudes en contactarnos</p>
[button text=""Contáctanos"" letter_case=""lowercase""]

[/col]

[/row]

[/section]",Programa de Socios,Alianzas,Alianzas,Programa de Socios,"Conoce nuestros planes y precios flexibles para potenciar tu empresa. Ofrecemos soluciones integrales que incluyen aplicaciones móviles, facturación y automatización de tareas, adaptadas a las necesidades específicas de tu negocio.","Una imagen que muestre a un empresario o empresaria satisfecho/a utilizando una tablet o laptop con la interfaz de Viaweb visible en la pantalla. En el fondo, se podrían ver iconos o gráficos representando las diferentes características ofrecidas (como la aplicación móvil, facturación, informes) flotando alrededor del usuario, sugiriendo la integración completa de estas herramientas en su trabajo diario."
"[section label=""Hero"" bg=""24091"" bg_color=""#ffffff"" bg_pos=""57% 100%"" padding=""120px""]

[row label=""Title"" h_align=""center""]

[col span=""8"" span__sm=""12"" align=""center""]

<h6 data-text-color=""#28a745"">Planes y Precios</h6>
<h2 style=""font-size: 250%;"">Planes para todos</h2>
<p>En Viaweb, ofrecemos soluciones adaptadas a las necesidades de cada cliente. Nuestros planes están diseñados para brindar servicios de alta calidad, asegurando que cada empresa encuentre el soporte adecuado para su crecimiento.</p>
[button text=""Ver planes"" letter_case=""lowercase"" icon=""icon-angle-down"" link=""#planes""]

[/col]

[/row]
[gap height=""100px""]

[scroll_to title=""planes"" bullet=""false""]

[/section]
[section label=""Características"" padding=""70px""]

[row h_align=""center""]

[col span=""9"" span__sm=""10"" span__md=""10"" padding=""40px 0px 0px 0px"" align=""center""]

<h6 data-text-color=""#28a745"">Características</h6>
<h2 style=""font-size: 220%;"">Todos los planes incluyen</h2>
[gap height=""60px""]

[row_inner label=""Características"" style=""large""]

[col_inner span=""6"" span__sm=""12"" span__md=""12""]

[featured_box img=""24094"" img_width=""40"" pos=""left""]

<br />
<h3>Aplicación de escritorio y móvil</h3>
<p>Acceso a nuestras soluciones en cualquier lugar y en cualquier dispositivo.</p>

[/featured_box]

[/col_inner]
[col_inner span=""6"" span__sm=""12"" span__md=""12""]

[featured_box img=""24098"" img_width=""40"" pos=""left""]

<br />
<h3>Estimaciones de tiempo</h3>
<p>Análisis de eficiencia para una mejor gestión del tiempo y recursos.</p>

[/featured_box]

[/col_inner]
[col_inner span=""6"" span__sm=""12"" span__md=""12""]

[featured_box img=""24092"" img_width=""40"" pos=""left""]

<br />
<h3>Facturación</h3>
<p>Gestión sencilla de facturas y pagos a través de nuestra plataforma.</p>

[/featured_box]

[/col_inner]
[col_inner span=""6"" span__sm=""12"" span__md=""12""]

[featured_box img=""24095"" img_width=""40"" pos=""left""]

<br />
<h3>Pagos en línea</h3>
<p>Opciones de pago seguras y rápidas para una experiencia sin complicaciones.</p>

[/featured_box]

[/col_inner]
[col_inner span=""6"" span__sm=""12"" span__md=""12""]

[featured_box img=""24093"" img_width=""40"" pos=""left""]

<br />
<h3>Informes avanzados</h3>
<p>Acceso a reportes detallados para la toma de decisiones informadas.</p>

[/featured_box]

[/col_inner]
[col_inner span=""6"" span__sm=""12"" span__md=""12""]

[featured_box img=""24096"" img_width=""40"" pos=""left""]

<br />
<h3>Tareas recurrentes</h3>
<p>Automatización de tareas para optimizar el flujo de trabajo.</p>

[/featured_box]

[/col_inner]

[/row_inner]

[/col]

[/row]

[/section]
[section label=""FAQ"" bg_color=""#f7f5f4"" padding=""70px""]

[row label=""Title"" h_align=""center""]

[col span=""9"" span__sm=""10"" span__md=""10"" padding=""40px 0px 0px 0px"" align=""center""]

<br />
<h6 data-text-color=""#28a745"">Preguntas</h6>
<h2 style=""font-size: 220%;"">Preguntas Frecuentes sobre Precios</h2>

[/col]

[/row]
[row label=""Questions Accordion"" h_align=""center"" padding=""40px 40px 40px 40px""]

[col span=""9"" span__sm=""11"" span__md=""10"" align=""left"" bg_color=""#ffffff""]

[accordion]

[accordion-item title=""¿Cuál es el propósito del período de prueba?""]

<p>El período de prueba permite a los usuarios evaluar nuestros servicios antes de comprometerse a un plan de pago.</p>

[/accordion-item]
[accordion-item title=""¿Pago mensual o anual?""]

<p>Ofrecemos opciones de pago mensuales y anuales para adaptarnos a tus necesidades.</p>

[/accordion-item]
[accordion-item title=""¿Puedo cancelar en cualquier momento?""]

<p>Sí, puedes cancelar tu suscripción en cualquier momento sin penalizaciones.</p>

[/accordion-item]
[accordion-item title=""¿Qué métodos de pago aceptan?""]

<p>Aceptamos diversas formas de pago, incluidas tarjetas de crédito y transferencias bancarias.</p>

[/accordion-item]
[accordion-item title=""¿Se calcula el IVA en el precio?""]

<p>El IVA se aplica según la legislación vigente y se reflejará en la factura final.</p>

[/accordion-item]
[accordion-item title=""¿Ofrecen descuentos?""]

<p>Sí, ofrecemos descuentos para planes anuales y para empresas que contratan múltiples servicios.</p>

[/accordion-item]

[/accordion]

[/col]

[/row]
[row label=""More Questions"" h_align=""center""]

[col span=""9"" span__sm=""10"" span__md=""10"" padding=""40px 0px 0px 0px"" align=""center""]

<h2>¿Más preguntas?</h2>
<p>Contacta a nuestro equipo de atención al cliente, estamos aquí para ayudarte.</p>
[button text=""Contáctanos"" letter_case=""lowercase""]

[/col]

[/row]

[/section]
[section label=""Planes de Precios"" bg_color=""#f7f5f4"" padding=""0px""]

[row label=""Planes"" h_align=""center""]

[col span__sm=""11"" margin=""-80px 0px 0px 0px""]

[row_inner class=""pricing-color-box""]

[col_inner span=""4"" span__sm=""12""]

[ux_price_table title=""Mini"" price=""$20"" description=""Por mes"" radius=""10"" depth_hover=""0""]

[bullet_item text=""Hasta 20 proyectos""]

[bullet_item text=""Hasta 20 páginas""]

[bullet_item text=""Dominio personalizado""]

[bullet_item text=""Diseño profesional""]

[button text=""Seleccionar plan"" letter_case=""lowercase"" color=""#28a745"" expand=""true""]

[/ux_price_table]

[/col_inner]
[col_inner span=""4"" span__sm=""12""]

[ux_price_table title=""Pequeño"" price=""$50"" description=""Por mes"" featured=""true"" radius=""10"" depth_hover=""0""]

[bullet_item text=""Hasta 50 proyectos""]

[bullet_item text=""Hasta 50 páginas""]

[bullet_item text=""Dominio personalizado""]

[bullet_item text=""Diseño profesional""]

[button text=""Seleccionar plan"" letter_case=""lowercase"" color=""#28a745"" expand=""true""]

[/ux_price_table]

[/col_inner]
[col_inner span=""4"" span__sm=""12""]

[ux_price_table title=""Grande"" price=""$100"" description=""Por mes"" radius=""10"" depth_hover=""0""]

[bullet_item text=""Hasta 100 proyectos""]

[bullet_item text=""Hasta 100 páginas""]

[bullet_item text=""Dominio personalizado""]

[bullet_item text=""Diseño profesional""]

[button text=""Seleccionar plan"" letter_case=""lowercase"" color=""#28a745"" expand=""true""]

[/ux_price_table]

[/col_inner]

[/row_inner]

[/col]

[/row]
[row label=""Otro Plan"" h_align=""center""]

[col span=""9"" span__sm=""10"" span__md=""10"" padding=""0px 0px 40px 0px"" align=""center""]

<h2>¿Necesitas mayor capacidad?</h2>
<p>No dudes en contactarnos</p>
[button text=""Contáctanos"" letter_case=""lowercase""]

[/col]

[/row]

[/section]",Asociación Estratégica,Alianzas,Partnerships,Colaboración Empresarial,"Descubre nuestros planes y precios personalizados para impulsar tu empresa. Desde aplicaciones móviles hasta informes avanzados, nuestras soluciones se adaptan a tus necesidades, garantizando un crecimiento sostenible y eficiente.","Una imagen que muestre a tres personas representando diferentes tamaños de empresas (pequeña, mediana y grande) utilizando dispositivos con la plataforma Viaweb. Cada persona podría estar rodeada de iconos que representen las características específicas de su plan, como proyectos, páginas y diseño profesional. El fondo podría incluir gráficos ascendentes para simbolizar el crecimiento y éxito empresarial."
"[section label=""Planes y Precios"" bg_color=""#ffffff"" padding=""60px""]

[row]

[col align=""center""]

<br />
<h6 class=""uppercase secondary-color"">Elige el Plan Ideal</h6>
<h2 style=""font-size: 220%;"">Planes y Precios Adaptados a tu Negocio</h2>
<p>Selecciona el plan que mejor se adapte a las necesidades de tu empresa.</p>

[/col]

[/row]
[gap height=""40px""]

[row style=""collapse""]

[col span=""4"" span__sm=""12""]

[featured_box img=""https://example.com/plan-basico.png""]

<h4>Plan Básico</h4>
<p>Funciones esenciales para comenzar. Ideal para pequeñas empresas.</p>
<p style=""font-size: 150%;""><strong>$99/mes</strong></p>
[button text=""Contratar"" size=""large"" radius=""4"" link=""#plan-basico""]


[/featured_box]

[/col]
[col span=""4"" span__sm=""12""]

[featured_box img=""https://example.com/plan-profesional.png""]

<h4>Plan Profesional</h4>
<p>Funciones avanzadas para empresas en crecimiento.</p>
<p style=""font-size: 150%;""><strong>$199/mes</strong></p>
[button text=""Contratar"" color=""secondary"" size=""large"" radius=""4"" link=""#plan-profesional""]


[/featured_box]

[/col]
[col span=""4"" span__sm=""12""]

[featured_box img=""https://example.com/plan-premium.png""]

<h4>Plan Premium</h4>
<p>Todas las funciones y soporte personalizado. Ideal para grandes empresas.</p>
<p style=""font-size: 150%;""><strong>$299/mes</strong></p>
[button text=""Contratar"" color=""tertiary"" size=""large"" radius=""4"" link=""#plan-premium""]


[/featured_box]

[/col]

[/row]

[/section]
[section label=""FAQ"" bg_color=""#f7f5f4"" padding=""60px""]

[row]

[col align=""center""]

<br />
<h2 style=""font-size: 220%;"">Preguntas Frecuentes</h2>
<p>Resolvemos tus dudas sobre nuestras soluciones ERP.</p>

[/col]

[/row]
[gap height=""40px""]

[row style=""collapse""]

[col span=""6"" span__sm=""12""]

<br />
<h4>¿Qué es un ERP?</h4>
<p>Un ERP (Enterprise Resource Planning) es un sistema que integra todas las operaciones de una empresa en una única plataforma, facilitando la gestión y el análisis de datos en tiempo real.</p>

[/col]
[col span=""6"" span__sm=""12""]

<br />
<h4>¿Cómo puede ayudarme un ERP?</h4>
<p>Un ERP puede mejorar la eficiencia operativa, reducir costos, y proporcionar información valiosa para la toma de decisiones estratégicas.</p>

[/col]

[/row]
[row style=""collapse""]

[col span=""6"" span__sm=""12""]

<br />
<h4>¿Es fácil de implementar?</h4>
<p>Nuestro equipo te guiará a través de cada paso del proceso de implementación para asegurar una transición suave y exitosa.</p>

[/col]
[col span=""6"" span__sm=""12""]

<br />
<h4>¿Ofrecen soporte técnico?</h4>
<p>Sí, ofrecemos soporte técnico continuo para resolver cualquier problema que puedas encontrar.</p>

[/col]

[/row]

[/section]",Asociación y Beneficios,Alianzas,Partnerships,Beneficios,"Elige el plan ideal para tu negocio con nuestras opciones flexibles de precios. Desde soluciones básicas hasta premium, ofrecemos funcionalidades adaptadas a las necesidades de pequeñas y grandes empresas, con soporte técnico incluido.","Una imagen que muestre tres dispositivos electrónicos (por ejemplo, un smartphone, una tablet y una laptop) mostrando diferentes interfaces del ERP, cada uno representando un plan distinto (Básico, Profesional y Premium). En el fondo, se podrían ver iconos o gráficos que representen las funcionalidades clave del sistema, como gestión de proyectos, análisis de datos y soporte al cliente, todo enmarcado en un diseño moderno y profesional."
"[section padding=""60px"" bg_color=""#F6F6F7""]

[thrivedesk_portal]
[/thrivedesk_portal]
[/section]",Portal de Soporte,Atención al Cliente,Atención al Cliente,Portal de Ayuda,Portal de soporte al cliente de Viaweb. Acceda a nuestra base de conocimientos y obtenga asistencia para sus consultas.,"Una imagen de un portal de soporte al cliente moderno y profesional, con una interfaz limpia y fácil de usar. Podría mostrar una pantalla de computadora con iconos de chat, base de conocimientos y tickets de soporte."
"[section label=""Info Page: Corporate Minimal"" bg=""24110"" bg_color=""#F4F4F4"" bg_pos=""35% 26%"" padding=""80px""]
[row label=""Hero""]
[col span=""6"" span__sm=""12"" span__md=""8"" padding=""20px 0px 0px 0px""]
<h3>Hacemos la diferencia</h3>
<h2 style=""font-size:250%;"">Ayudamos a los innovadores a construir productos valiosos.</h2>
<p>Ingeniería de software de pila completa</p>
[button text=""Ver nuestro trabajo"" radius=""4"" link=""https://domains.connaxis.hosting/"" target=""_blank""]
[button text=""Clientes"" style=""outline"" radius=""4"" link=""https://domains.connaxis.hosting/"" target=""_blank""]
[/col]
[/row]
[/section]
[section label=""Content"" padding=""80px""]
[row label=""Intro"" h_align=""center""]
[col span=""7"" span__sm=""12"" align=""center""]
<h2>Un vistazo a nuestra cultura<br /> </h2>
<p>En Viaweb, estamos comprometidos con la excelencia y el crecimiento sostenible. Cada proyecto que emprendemos refleja nuestra misión y visión, asegurando que cada solución esté alineada con las necesidades de nuestros clientes. Nuestra cultura se basa en la innovación, la dedicación al cliente y el trabajo en equipo.</p>
[gap]
[/col]
[/row]
[row label=""Bullets"" style=""large"" h_align=""center""]
[col span=""6"" span__sm=""12""]
[featured_box img=""24117"" img_width=""25"" pos=""left"" margin=""0px 0px 10px 0px"" icon_color=""#F8951D"" class=""icon-sets""]
<h4>Investigación inicial</h4>
[/featured_box]
<p>Realizamos un análisis detallado sobre las necesidades de su negocio, asegurando que nuestras soluciones sean personalizadas y efectivas. Desde el ERP y CRM hasta soluciones de inteligencia de negocios, nos aseguramos de entender su contexto antes de avanzar.</p>
[/col]
[col span=""6"" span__sm=""12""]
[featured_box img=""24116"" img_width=""25"" pos=""left"" margin=""0px 0px 10px 0px"" icon_color=""#F8951D"" class=""icon-sets""]
<h4>Validación</h4>
[/featured_box]
<p>Implementamos un enfoque de validación continua, garantizando que cada etapa del proceso de desarrollo cumpla con los estándares de calidad. Utilizamos casos de estudio y ejemplos de éxito para medir el impacto de nuestras soluciones.</p>
[/col]
[col span=""6"" span__sm=""12""]
[featured_box img=""24115"" img_width=""25"" pos=""left"" margin=""0px 0px 10px 0px"" icon_color=""#F8951D"" class=""icon-sets""]
<h4>Agilidad</h4>
[/featured_box]
<p>Adoptamos metodologías ágiles para asegurar que nuestros proyectos se adapten rápidamente a los cambios de requisitos y necesidades del mercado. Nuestra capacidad de respuesta nos permite entregar resultados efectivos en tiempos reducidos.</p>
[/col]
[col span=""6"" span__sm=""12""]
[featured_box img=""24114"" img_width=""25"" pos=""left"" margin=""0px 0px 10px 0px"" icon_color=""#F8951D"" class=""icon-sets""]
<h4>Liderazgo</h4>
[/featured_box]
<p>Contamos con un equipo directivo experimentado que guía a Viaweb hacia el éxito. Nuestros valores corporativos, como el compromiso y la innovación, son reflejados en cada proyecto que llevamos a cabo.</p>
[/col]
[/row]
[/section]
[section label=""Call to action"" bg_color=""#F4F4F4""]
[row]
[col span__sm=""12"" margin=""-80px 0px 0px 0px"" align=""center""]
[featured_box img=""22796"" img_width=""100"" pos=""center"" class=""circle""]
<h5>Trabajemos juntos</h5>
<h2>¿Listo para construir algo valioso?<br /> </h2>
[/featured_box]
[gap height=""20px""]
[button text=""Intentémoslo"" color=""secondary"" radius=""4"" icon=""icon-angle-right"" icon_reveal=""true""]
[/col]
[/row]
[gap]
[/section]",Página de Contacto,Atención al Cliente,Atención al Cliente,Formulario de Contacto,"Viaweb ofrece soluciones de ingeniería de software de pila completa. Ayudamos a innovadores a construir productos valiosos mediante investigación, validación, agilidad y liderazgo.","Una imagen de un equipo diverso de profesionales trabajando juntos en un espacio de oficina moderno y colaborativo, utilizando tecnología avanzada como tablets y pantallas interactivas para representar la innovación y el trabajo en equipo."
"[section label=""Características Principales"" bg_color=""#f7f5f4"" padding=""60px""]

[ux_text text_align=""center""]

<h6>Servicios de Desarrollo Web</h6> <h3><span style=""font-size: 150%;"">Simplificando la experiencia digital y redefiniendo el comercio electrónico.</span></h3>
[/ux_text]
[gap height=""52px""]

[row style=""large""]

[col span=""4"" span__sm=""12""]

[featured_box img=""https://example.com/nuevo-icono-1.png"" img_width=""40""]

<br />
<h4>Automatización de Procesos</h4>
<p>Aumenta la productividad automatizando tareas y flujos de trabajo repetitivos.</p>

[/featured_box]

[/col]
[col span=""4"" span__sm=""12""]

[featured_box img=""https://example.com/nuevo-icono-2.png"" img_width=""40""]

<br />
<h4>Analíticas en Tiempo Real</h4>
<p>Toma decisiones informadas con datos actualizados y análisis accionables.</p>

[/featured_box]

[/col]
[col span=""4"" span__sm=""12""]

[featured_box img=""https://example.com/nuevo-icono-3.png"" img_width=""40""]

<br />
<h4>Soluciones Escalables</h4>
<p>Haz crecer tu negocio con sistemas ERP que se adaptan a tus necesidades.</p>

[/featured_box]

[/col]

[/row]

[/section]
[section label=""Especificaciones"" padding=""80px""]

[row]

[col span__sm=""12"" align=""center""]

<h6 class=""uppercase secondary-color"">Especificaciones Técnicas</h6>
<h2 style=""font-size: 220%;"">Especificaciones del ERP</h2>
<p>Explora las potentes características y capacidades de nuestros sistemas ERP:</p>
[row_inner style=""large""]

[col_inner span=""4"" span__sm=""12""]

[featured_box img=""https://example.com/nuevo-icono-4.png"" img_width=""40""]

<br />
<h4>Basado en la Nube</h4>
<p>Accede a tu sistema ERP desde cualquier lugar con hosting seguro en la nube.</p>

[/featured_box]

[/col_inner]
[col_inner span=""4"" span__sm=""12""]

[featured_box img=""https://example.com/nuevo-icono-5.png"" img_width=""40""]

<br />
<h4>Soporte Multilenguaje</h4>
<p>Opera a nivel global con soporte para múltiples idiomas.</p>

[/featured_box]

[/col_inner]
[col_inner span=""4"" span__sm=""12""]

[featured_box img=""https://example.com/nuevo-icono-6.png"" img_width=""40""]

<br />
<h4>Paneles Personalizados</h4>
<p>Monitorea tus KPIs y métricas con paneles de control fáciles de usar.</p>

[/featured_box]

[/col_inner]

[/row_inner]

[/col]

[/row]

[/section]",Contacto Viaweb,Atención al Cliente,Contacto,Formulario de Contacto,"Servicios de desarrollo web de Viaweb. Ofrecemos soluciones escalables, automatización de procesos y análisis en tiempo real para impulsar su negocio.","Una imagen que muestre un collage de iconos representando diferentes aspectos de un sistema ERP, como gráficos de análisis, engranajes para automatización, y dispositivos conectados para ilustrar soluciones escalables y basadas en la nube."
"[section label=""Hero"" bg=""8808"" bg_size=""original"" bg_pos=""24% 63%"" parallax=""4"" dark=""true"" padding=""100px"" padding__sm=""60px"" padding__md=""80px""]

[row]

[col span=""6"" span__sm=""10"" span__md=""8"" padding=""20px 20px 20px 20px"" align=""left"" bg_color=""rgba(0, 0, 0, 0.349)""]

<h6 class=""uppercase"" style=""color: #FFFFFF;"">Aprendizaje en línea para negocios exitosos</h6>
<h1 style=""font-size: 200%; color: #FFFFFF;"">Impulsa tu potencial empresarial con cursos especializados</h1>
<p style=""color: #E0E0E0;"">En Viaweb Academia, ofrecemos una experiencia educativa diseñada para transformar tu visión de negocio. Aprende de expertos en tecnología, marketing y gestión empresarial, y aplica conocimientos prácticos para obtener resultados inmediatos en un mercado competitivo.</p>
[button text=""Explorar Cursos Ahora"" color=""#24AE7A""]

[/col]

[/row]

[/section]
[section label=""Intro"" padding=""80px"" padding__sm=""100px""]

[row style=""collapse"" h_align=""center""]

[col span__sm=""10"" span__md=""8"" align=""center""]

<h6 class=""uppercase"" style=""color: #294ca7;"">Nuestros Cursos Especializados</h6>
<h2 style=""color: #294ca7;"">Explora una amplia variedad de temas diseñados para el éxito empresarial</h2>
<p>Descubre cómo nuestros cursos te brindan herramientas efectivas y conocimientos prácticos para afrontar los desafíos actuales de tu negocio. Cada curso está diseñado para potenciar tus habilidades y llevar tu empresa al siguiente nivel.</p>

[/col]

[/row]

[/section]
[section label=""Product Categories"" bg_color=""#E0E0E0"" padding=""60px""]

[gap height=""60px""]

[row]

[col align=""center""]

<h6 class=""uppercase"">Nuestros Cursos</h6>
<h2 style=""color: #294CA7;"">Tecnología, Marketing y Gestión Empresarial</h2>
<p>Contamos con una selección de cursos cuidadosamente diseñados para cubrir las áreas más esenciales en el desarrollo de negocios. Aprende desde estrategias avanzadas de marketing digital hasta el uso de tecnologías innovadoras para optimizar tus operaciones empresariales.</p>
[gap]

[ux_products_list cat=""5205"" products=""20""]

[/col]

[/row]

[/section]
[section label=""Info Boxes"" bg_color=""#FFFFFF"" padding=""60px""]

[row label=""Image + Text"" style=""large"" v_align=""middle""]

[col span=""6"" span__sm=""12""]

[ux_image id=""4924""]

[/col]
[col span=""6"" span__sm=""12""]

<h6 class=""uppercase"">Acerca de Nosotros</h6>
<h2>Innovación y Educación para el Crecimiento Empresarial</h2>
<p>Viaweb Academia es una plataforma creada para transformar la forma en que las pequeñas y medianas empresas acceden a la educación. Ofrecemos cursos prácticos impartidos por profesionales con amplia experiencia, brindando soluciones adaptadas a las necesidades reales del mercado.</p>
[button text=""Conoce Más"" radius=""99""]

[/col]

[/row]
[row label=""Image + Text"" style=""large"" v_align=""middle""]

[col span=""6"" span__sm=""12""]

<h6 class=""uppercase"">Nuestra Propuesta de Valor</h6>
<h2>Formación Especializada con Resultados Reales</h2>
<p>Nuestro enfoque está centrado en la aplicabilidad inmediata. Cada curso está diseñado para que los conocimientos adquiridos puedan implementarse rápidamente, permitiéndote alcanzar objetivos concretos y mejorar la competitividad de tu negocio.</p>
[button text=""Descubre Nuestros Cursos"" radius=""99""]

[/col]
[col span=""6"" span__sm=""12"" force_first=""small""]

[ux_image id=""4569""]

[/col]

[/row]

[/section]
[section label=""Call to action"" bg_color=""#F5F7FB"" padding=""80px"" padding__sm=""100px""]

[row style=""collapse"" h_align=""center""]

[col span=""8"" span__sm=""11"" span__md=""10"" align=""center""]

<h1>¡Transforma tu Negocio Hoy!</h1>
<p class=""lead"">Con Viaweb Academia, obtendrás las herramientas necesarias para llevar tu empresa al siguiente nivel. Aprovecha nuestra oferta de cursos especializados y comienza a optimizar tus procesos, aumentar tus ventas y mejorar tu competitividad en el mercado.</p>
[button text=""Inscríbete Ahora"" radius=""99""]

[/col]

[/row]

[/section]
[section label=""Newsletter"" bg_color=""#2467a2"" bg_overlay=""rgba(0,0,0,.5)"" dark=""true"" padding=""80px""]

[row h_align=""center""]

[col span=""8"" align=""center""]

<h2 style=""color: #FFFFFF;"">Mantente Actualizado</h2>
<p style=""color: #E0E0E0;"">Suscríbete a nuestro boletín y recibe las últimas noticias, recursos y ofertas exclusivas directamente en tu correo electrónico.</p>
[button text=""Suscribirme"" color=""#24AE7A"" radius=""99""]

[/col]

[/row]

[/section]
[section label=""Cursos Destacados"" bg_color=""#F7F5F4"" padding=""60px""]

[row]

[col span__sm=""12""]

<h2 style=""font-size: 220%; text-align: center;"">Cursos Destacados</h2>
[row_inner style=""large""]

[col_inner span=""4"" span__sm=""12""]

[ux_image_box style=""overlay"" img=""https://web.viaweb.net.ar/wp-content/uploads/2019/05/course1.jpg"" image_height=""240px"" text_pos=""middle""]

[button text=""Dominio de las métricas de marketing digital"" radius=""99""]

<p class=""description"">Descubre cómo analizar y optimizar tus estrategias de marketing digital.</p>

[/ux_image_box]

[/col_inner]
[col_inner span=""4"" span__sm=""12""]

[ux_image_box style=""overlay"" img=""https://web.viaweb.net.ar/wp-content/uploads/2019/05/course2.jpg"" image_height=""240px"" text_pos=""middle""]

[button text=""Crea tu Tienda Online ¡YA! con Woocommerce"" radius=""99""]

<p class=""description"">Vende más que nunca y despídete del trabajo tradicional.</p>

[/ux_image_box]

[/col_inner]
[col_inner span=""4"" span__sm=""12""]

[ux_image_box style=""overlay"" img=""https://web.viaweb.net.ar/wp-content/uploads/2019/05/course3.jpg"" image_height=""240px"" text_pos=""middle""]

[button text=""Automatiza tu Negocio y Multiplica tu Tiempo Libre"" radius=""99""]

<p class=""description"">¡Adiós al estrés, hola a la eficiencia y la productividad!</p>

[/ux_image_box]

[/col_inner]

[/row_inner]

[/col]

[/row]

[/section]
[section label=""Testimonios de Estudiantes"" bg_color=""#F7F5F4"" padding=""60px""]

[row]

[col span__sm=""12""]

<h2 style=""font-size: 220%; text-align: center;"">Lo Que Dicen Nuestros Estudiantes</h2>
[row_inner style=""large""]

[col_inner span=""4"" span__sm=""12""]

[featured_box img=""https://web.viaweb.net.ar/wp-content/uploads/2019/05/testimonio1.jpg"" img_width=""100"" pos=""left""]

<h4>Felix Harder</h4>
<p>Coach de Fitness y Autor Best Seller</p>
<p>""El curso de Nutrición me ayudó a entender cómo construir un plan de dieta perfecto. ¡Recomendado!""</p>

[/featured_box]

[/col_inner]
[col_inner span=""4"" span__sm=""12""]

[featured_box img=""https://web.viaweb.net.ar/wp-content/uploads/2019/05/testimonio2.jpg"" img_width=""100"" pos=""left""]

<h4>María López</h4>
<p>Emprendedora</p>
<p>""Los cursos de Viaweb Academia son prácticos y aplicables. He visto resultados inmediatos en mi negocio.""</p>

[/featured_box]

[/col_inner]
[col_inner span=""4"" span__sm=""12""]

[featured_box img=""https://web.viaweb.net.ar/wp-content/uploads/2019/05/testimonio3.jpg"" img_width=""100"" pos=""left""]

<h4>Carlos Fernández</h4>
<p>CEO de Innovatech</p>
<p>""La formación en marketing digital me ha permitido atraer más clientes y aumentar mis ventas.""</p>

[/featured_box]

[/col_inner]

[/row_inner]

[/col]

[/row]

[/section]
[section label=""Explora Más Cursos"" bg_color=""#F7F5F4"" padding=""60px""]

[row]

[col span__sm=""12""]

<h2 style=""font-size: 220%; text-align: center;"">Explora Más Sobre Nuestros Cursos</h2>
[row_inner style=""large""]

[col_inner span=""4"" span__sm=""12""]

[ux_image_box style=""overlay"" img=""https://web.viaweb.net.ar/wp-content/uploads/2019/05/course4.jpg"" image_height=""240px"" text_pos=""middle""]

[button text=""Finanzas para Emprendedores"" radius=""99""]

<p class=""description"">Toma el control de tus finanzas y lleva tu negocio al siguiente nivel.</p>

[/ux_image_box]

[/col_inner]
[col_inner span=""4"" span__sm=""12""]

[ux_image_box style=""overlay"" img=""https://web.viaweb.net.ar/wp-content/uploads/2019/05/course5.jpg"" image_height=""240px"" text_pos=""middle""]

[button text=""SEO Avanzado"" radius=""99""]

<p class=""description"">Posiciona tu web en el TOP de Google y recibe miles de visitas sin esfuerzo.</p>

[/ux_image_box]

[/col_inner]
[col_inner span=""4"" span__sm=""12""]

[ux_image_box style=""overlay"" img=""https://web.viaweb.net.ar/wp-content/uploads/2019/05/course6.jpg"" image_height=""240px""]

[button text=""Comunicación Empresarial Efectiva"" radius=""99""]

<p class=""description"">Domina el arte de hablar en público y convence a tus clientes.</p>

[/ux_image_box]

[/col_inner]

[/row_inner]

[/col]

[/row]

[/section]
[section label=""Footer"" bg_color=""#294ca7"" padding=""60px""]

[row]

[col]

<h2 style=""text-align: center; color: #FFFFFF;"">¡Únete a Viaweb Academia y transforma tu futuro!</h2>
<p style=""text-align: center; color: #E0E0E0;"">Inscríbete hoy y comienza a aprender de los mejores en la industria.</p>
[button text=""Inscríbete Ahora"" color=""#24AE7A""]

[/col]

[/row]

[/section]",Portal de Soporte,Atención al Cliente,Soporte,Portal de Clientes,"Viaweb Academia: Plataforma de aprendizaje en línea para empresas. Ofrecemos cursos especializados en tecnología, marketing y gestión empresarial para impulsar su potencial de negocio.",Una imagen de un aula virtual moderna con estudiantes diversos participando en una sesión de aprendizaje en línea. La imagen podría mostrar pantallas de computadora con gráficos de negocios y estudiantes interactuando a través de videoconferencia.
"[section label=""Blog"" padding=""60px""]

[row]

[col align=""center""]

<h2 style=""font-size: 220%;"">Últimos Artículos del Blog</h2>
<p>Lee nuestros artículos para obtener más información sobre ERP y tendencias en la industria.</p>

[/col]

[/row]
[gap height=""40px""]

[row style=""collapse""]

[col span=""4"" span__sm=""12""]

[featured_box img=""https://example.com/articulo-1.jpg""]

<h4>5 Beneficios de Implementar un ERP</h4>
<p>Descubre cómo un ERP puede transformar tu negocio.</p>
[button text=""Leer Más"" link=""#articulo-1""]


[/featured_box]

[/col]
[col span=""4"" span__sm=""12""]

[featured_box img=""https://example.com/articulo-2.jpg""]

<h4>Cómo Elegir el ERP Adecuado</h4>
<p>Consejos para seleccionar el sistema ERP que mejor se adapte a tus necesidades.</p>
[button text=""Leer Más"" link=""#articulo-2""]


[/featured_box]

[/col]
[col span=""4"" span__sm=""12""]

[featured_box img=""https://example.com/articulo-3.jpg""]

<h4>Casos de Éxito: Empresas que Usan ERP</h4>
<p>Historias inspiradoras de empresas que han mejorado su rendimiento con un ERP.</p>
[button text=""Leer Más"" link=""#articulo-3""]


[/featured_box]

[/col]

[/row]

[/section]

[section label=""Newsletter"" bg_color=""#273647"" dark=""true"" padding=""80px""]

[row width=""custom"" custom_width=""1200px"" v_align=""bottom""]

[col span=""6"" span__sm=""12"" span__md=""12""]

<h2>Suscríbete a Nuestro Boletín</h2>
<p>Recibe las últimas noticias y actualizaciones sobre nuestros productos y servicios directamente en tu bandeja de entrada.</p>
<div class=""elementor-element elementor-element-81420ae elementor-headline--style-highlight elementor-widget elementor-widget-animated-headline"" data-id=""81420ae"" data-element_type=""widget"" data-settings=""{&quot;highlighted_text&quot;:&quot; communautu00e9 forte&quot;,&quot;headline_style&quot;:&quot;highlight&quot;,&quot;marker&quot;:&quot;circle&quot;,&quot;loop&quot;:&quot;yes&quot;,&quot;highlight_animation_duration&quot;:1200,&quot;highlight_iteration_delay&quot;:8000}"" data-widget_type=""animated-headline.default"">
<div class=""elementor-widget-container"">
<h3 class=""elementor-headline e-animated""><span class=""elementor-headline-plain-text elementor-headline-text-wrapper"">Únase a un </span><span class=""elementor-headline-dynamic-wrapper elementor-headline-text-wrapper""><span class=""elementor-headline-dynamic-text elementor-headline-text-active"">comunidad fuerte </span></span></h3>
</div>
</div>

[/col]
[col span=""6"" span__sm=""12"" span__md=""12"" padding=""0px 0px 0px 30px"" padding__md=""0px 0px 0px 0"" margin=""-70px 0px 0px 0px"" margin__md=""0 0px 0px 0px""]

[contact-form-7 id=""16183""]


[/col]

[/row]

[/section]
[section label=""Newsletter"" padding=""60px""]

[row]

[col span__sm=""12""]

[ux_text text_align=""center""]

<h2>Suscríbete a Nuestro Boletín</h2>
<p>Recibe las últimas noticias, consejos y ofertas exclusivas directamente en tu correo.</p>
[/ux_text]
[contact-form-7 id=""5044""]


[/col]

[/row]

[/section]",Preguntas Frecuentes,Atención al Cliente,Soporte,FAQ,Blog de Viaweb con los últimos artículos sobre ERP y tendencias de la industria. Suscríbase a nuestro boletín para recibir actualizaciones y noticias.,"Un collage de imágenes que representen diferentes aspectos del aprendizaje en línea y el desarrollo empresarial, como un laptop mostrando un curso en línea, gráficos de crecimiento empresarial, y personas trabajando en proyectos colaborativos virtualmente."
"[section padding=""60px""]

[thrivedesk_portal]
[/thrivedesk_portal]
[/section]

[ux_slider label=""Hero"" slide_width=""6000px"" draggable=""false"" nav_style=""simple"" bullets=""false"" bullet_style=""simple"" timer=""3000"" pause_hover=""false""]

[section label=""Hero"" bg=""8822"" bg_size=""original"" bg_overlay=""rgba(0, 0, 0, 0.41)"" bg_pos=""0% 36%"" dark=""true""]

[gap height=""100px"" height__sm=""60px""]

[row label=""Title + Buttons"" padding__md=""0px 10% 0px 10%""]

[col span=""6"" span__sm=""12"" span__md=""9"" margin=""0px 20px 0px 0px""]

[ux_text text_color=""#ffffff""]

<h6 class=""uppercase"">¡Bienvenido a Viaweb!</h6> <h1 style=""font-size: 350%; line-height: 100%;"">Transforma Tu Negocio con Soluciones Innovadoras</h1> <p>En Viaweb, nos especializamos en ofrecer soluciones tecnológicas personalizadas que no solo optimizan la eficiencia, sino que también impulsan el crecimiento y la competitividad de tu empresa en un mercado en constante evolución.</p>
[/ux_text]
[button text=""Más Información"" letter_case=""lowercase"" color=""secondary"" size=""large"" radius=""4"" expand=""true"" link=""#learn-more""]

[/col]
[col span=""6"" span__sm=""12"" padding=""15px 15px 15px 15px"" bg_color=""rgba(36, 103, 162, 0.785)"" bg_radius=""22"" depth=""2"" depth_hover=""2""]

<h2>Solicita una demo</h2>
[contact-form-7 id=""25163""]

[/col]

[/row]
[gap height=""98px"" height__sm=""50px"" height__md=""20px""]

[row label=""Icons"" padding__md=""0px 10% 0px 10%""]

[col span__sm=""12"" padding=""25px 25px 25px 25px"" bg_color=""rgba(0, 0, 0, 0.401)"" bg_radius=""16""]

[row_inner style=""collapse""]

[col_inner span=""4"" span__sm=""12"" span__md=""12""]

[featured_box img_width=""45"" pos=""left""]

[gap height=""10px""]

<h3>Consultoría Especializada</h3>

[/featured_box]
[gap height=""10px""]

<p>Asesoramiento experto en la implementación de sistemas ERP y CRM que se adaptan a las necesidades de tu negocio.</p>

[/col_inner]
[col_inner span=""4"" span__sm=""12"" span__md=""12""]

[featured_box img_width=""45"" pos=""left""]

[gap height=""10px""]

<h3>Desarrollo Personalizado</h3>

[/featured_box]
[gap height=""10px""]

<p>Creación de sitios web y aplicaciones a medida que optimizan tus procesos y mejoran la experiencia del cliente.</p>

[/col_inner]
[col_inner span=""4"" span__sm=""12"" span__md=""12""]

[featured_box img_width=""45"" pos=""left""]

[gap height=""10px""]

<h3>Soporte Continuo</h3>

[/featured_box]
[gap height=""10px""]

<p>Asistencia técnica y soporte al cliente para garantizar el éxito y la continuidad de tu negocio.</p>

[/col_inner]

[/row_inner]

[/col]

[/row]
[gap height=""19px"" height__sm=""50px"" height__md=""20px""]

[gap]

[/section]
[section label=""Hero"" bg=""8819"" bg_color=""#ffffff"" bg_overlay=""rgba(0, 0, 0, 0.459)"" padding=""60px"" height=""600px"" scroll_for_more=""true""]

[row v_align=""middle""]

[col span=""5"" span__sm=""12"" span__md=""8""]

[ux_text text_color=""#ffffff""]

<h6 class=""uppercase"">Tu Negocio, Optimizado</h6> <h1 style=""font-size: 350%; line-height: 100%;"">ERP Personalizado para el Éxito</h1> <p>Optimiza operaciones, mejora la eficiencia y obtén información clave con nuestras soluciones ERP.</p> <h1 style=""font-size: 200%;"">Empieza Hoy</h1>
[/ux_text]
[gap height=""5px""]

[row_inner style=""collapse"" padding=""0px 5px 0px 5px""]

[col_inner span=""6"" span__sm=""12""]

[button text=""Más Información"" letter_case=""lowercase"" color=""secondary"" size=""large"" radius=""4"" expand=""true"" link=""#learn-more""]

[/col_inner]
[col_inner span=""6"" span__sm=""12""]

[button text=""Solicitar una Demo"" letter_case=""lowercase"" color=""white"" size=""large"" radius=""4"" expand=""true"" link=""#request-demo""]

[/col_inner]

[/row_inner]

[/col]

[/row]

[/section]
[section label=""Hero"" bg=""8819"" bg_color=""#ffffff"" bg_overlay=""rgba(0, 0, 0, 0.459)"" padding=""60px"" height=""600px"" scroll_for_more=""true""]

[row v_align=""middle""]

[col span=""5"" span__sm=""12"" span__md=""8""]

[ux_text text_color=""#ffffff""]

<h6 class=""uppercase"">Desarrollo Web E-commerce</h6> <h1 style=""font-size: 350%; line-height: 100%;"">Innovación y Tecnología Omnicanal</h1> <p>¿Querés llevar tu negocio al siguiente nivel? Ofrecemos desarrollo de sitios web enfocados en la tecnología omnicanal que potencia tu tienda online al máximo.</p> <h1 style=""font-size: 200%;"">Empieza Hoy</h1>
[/ux_text]
[gap height=""5px""]

[row_inner style=""collapse"" padding=""0px 5px 0px 5px""]

[col_inner span=""6"" span__sm=""12""]

[button text=""WhatsApp"" letter_case=""lowercase"" color=""secondary"" size=""large"" radius=""4"" expand=""true"" link=""https://wa.me/5492984372962""]

[/col_inner]
[col_inner span=""6"" span__sm=""12""]

[button text=""Enviar un correo"" letter_case=""lowercase"" color=""white"" size=""large"" radius=""4"" expand=""true"" link=""mailto:consultas@viaweb.net.ar""]

[/col_inner]

[/row_inner]

[/col]

[/row]

[/section]

[/ux_slider]",Portal de soporte,Atención al Cliente,Soporte,Portal del cliente,"Página principal de Viaweb. Ofrecemos soluciones tecnológicas personalizadas para transformar su negocio, incluyendo consultoría especializada, desarrollo web y soporte continuo.","Una imagen de un empresario exitoso utilizando una tableta o laptop, rodeado de gráficos holográficos que muestran datos de negocios y análisis, simbolizando la transformación digital y las soluciones innovadoras para empresas."
"[ux_slider]

[section label=""Hero"" bg=""8819"" bg_color=""#ffffff"" bg_overlay=""rgba(0, 0, 0, 0.459)"" padding=""60px"" height=""600px"" scroll_for_more=""true""]

[row v_align=""middle""]

[col span=""5"" span__sm=""12"" span__md=""8""]

[ux_text text_color=""#ffffff""]

<h6 class=""uppercase"">Tu Negocio, Optimizado</h6> <h1 style=""font-size: 350%; line-height: 100%;"">ERP Personalizado para el Éxito</h1> <p>Optimiza operaciones, mejora la eficiencia y obtén información clave con nuestras soluciones ERP.</p> <h1 style=""font-size: 200%;"">Empieza Hoy</h1>
[/ux_text]
[gap height=""5px""]

[row_inner style=""collapse"" padding=""0px 5px 0px 5px""]

[col_inner span=""6"" span__sm=""12""]

[button text=""Más Información"" letter_case=""lowercase"" color=""secondary"" size=""large"" radius=""4"" expand=""true"" link=""#learn-more""]


[/col_inner]
[col_inner span=""6"" span__sm=""12""]

[button text=""Solicitar una Demo"" letter_case=""lowercase"" color=""white"" size=""large"" radius=""4"" expand=""true"" link=""#request-demo""]


[/col_inner]

[/row_inner]

[/col]

[/row]

[/section]
[section label=""Hero"" bg=""8819"" bg_color=""#ffffff"" bg_overlay=""rgba(0, 0, 0, 0.459)"" padding=""60px"" height=""600px"" scroll_for_more=""true""]

[row v_align=""middle""]

[col span=""5"" span__sm=""12"" span__md=""8""]

[ux_text text_color=""#ffffff""]

<h6 class=""uppercase"">Desarrollo Web E-commerce</h6> <h1 style=""font-size: 350%; line-height: 100%;"">Innovación y Tecnología Omnicanal</h1> <p>¿Querés llevar tu negocio al siguiente nivel? Ofrecemos desarrollo de sitios web enfocados en la tecnología omnicanal que potencia tu tienda online al máximo.</p> <h1 style=""font-size: 200%;"">Empieza Hoy</h1>
[/ux_text]
[gap height=""5px""]

[row_inner style=""collapse"" padding=""0px 5px 0px 5px""]

[col_inner span=""6"" span__sm=""12""]

[button text=""Contactarnos por WhatsApp"" letter_case=""lowercase"" color=""secondary"" size=""large"" radius=""4"" expand=""true"" link=""https://wa.me/5492984372962""]


[/col_inner]
[col_inner span=""6"" span__sm=""12""]

[button text=""Enviar un correo"" letter_case=""lowercase"" color=""white"" size=""large"" radius=""4"" expand=""true"" link=""mailto:consultas@viaweb.net.ar""]


[/col_inner]

[/row_inner]

[/col]

[/row]

[/section]

[/ux_slider]",Portal de soporte,Atención al Cliente,Soporte,Portal del cliente,Soluciones ERP personalizadas y desarrollo web e-commerce de Viaweb. Optimice sus operaciones y potencie su tienda online con nuestra tecnología omnicanal.,"Una imagen dividida que muestre, por un lado, una interfaz de ERP moderna y fácil de usar, y por otro lado, una tienda en línea atractiva y funcional, representando las soluciones de ERP y desarrollo web e-commerce ofrecidas."
"[block id=""education-online-business-courses""]
[block id=""online-learning-course-catalog""]
[block id=""recursos-materiales-educativos""]",Contacto,Atención al Cliente,Contacto,Formulario,Recursos educativos de Viaweb Academia. Acceda a nuestro catálogo de cursos en línea y materiales educativos para el desarrollo empresarial.,"Un collage de imágenes que representen diferentes aspectos de la educación en línea para negocios, como una pantalla de computadora mostrando un webinar, estudiantes participando en una clase virtual, y recursos educativos digitales como e-books y infografías sobre temas empresariales."
"[block id=""contact-business-transformation""]
[block id=""contact-call-to-action""]
[block id=""contact-contact-form""]
[block id=""customer-support-portal""]",Preguntas frecuentes,Atención al Cliente,Soporte,FAQ,"Explora nuestra colección de bloques personalizados para crear una experiencia web única. Desde secciones de contacto hasta portales de soporte al cliente, tenemos todo lo que necesitas para construir un sitio web profesional y funcional.","Una imagen que muestre una interfaz de usuario de un sistema ERP moderno, con gráficos y paneles de control coloridos y fáciles de entender. Esto complementaría los bloques de contenido mencionados que se refieren a soluciones ERP y transformación empresarial."
"<!-- wp:flatsome/uxbuilder -->
<p>—No hay categorías	Publicada<br />
20/03/2025 a las 3:01 pm<br />
Seleccionar Blog-ERP<br />
Blog-ERP<br />
Editar | Edit with UX Builder | Edición rápida | Papelera | Ver | Merge</p>
<p>Filter by date<br />
Todas las fechas<br />
62 elementos<br />
Pages list<br />
Tabla ordenada por fecha. Descendente.<br />
Seleccionar todos<br />
Título<br />
Orden ascendente.<br />
Shortcode	Categorías<br />
Fecha<br />
Seleccionar About-Us-Company-Culture<br />
About-Us-Company-Culture<br />
Editar | Edit with UX Builder | Edición rápida | Papelera | Ver | Merge</p>
<p>—No hay categorías	Publicada<br />
20/03/2025 a las 3:01 pm<br />
Seleccionar Company-Overview-Culture<br />
Company-Overview-Culture<br />
Editar | Edit with UX Builder | Edición rápida | Papelera | Ver | Merge</p>
<p>—No hay categorías	Publicada<br />
20/03/2025 a las 3:01 pm<br />
Seleccionar Consultoría-Empresarial-Estrategia-y-Optimización<br />
Consultoría-Empresarial-Estrategia-y-Optimización<br />
Editar | Edit with UX Builder | Edición rápida | Papelera | Ver | Merge</p>
<p>—No hay categorías	Publicada<br />
20/03/2025 a las 3:01 pm<br />
Seleccionar Contact-Contact-Form<br />
Contact-Contact-Form<br />
Editar | Edit with UX Builder | Edición rápida | Papelera | Ver | Merge</p>
<p>—No hay categorías	Publicada<br />
20/03/2025 a las 3:01 pm<br />
Seleccionar Customer-Support-Portal<br />
Customer-Support-Portal<br />
Editar | Edit with UX Builder | Edición rápida | Papelera | Ver | Merge</p>
<p>—No hay categorías	Publicada<br />
20/03/2025 a las 3:01 pm<br />
Seleccionar Contact-Call-to-Action<br />
Contact-Call-to-Action<br />
Editar | Edit with UX Builder | Edición rápida | Papelera | Ver | Merge</p>
<p>—No hay categorías	Publicada<br />
20/03/2025 a las 3:01 pm<br />
Seleccionar Digital-Marketing-Branding-and-Design<br />
Digital-Marketing-Branding-and-Design<br />
Editar | Edit with UX Builder | Edición rápida | Papelera | Ver | Merge</p>
<p>—No hay categorías	Publicada<br />
20/03/2025 a las 3:01 pm<br />
Seleccionar Desarrollo-Web-E-Commerce<br />
Desarrollo-Web-E-Commerce<br />
Editar | Edit with UX Builder | Edición rápida | Papelera | Ver | Merge</p>
<p>—No hay categorías	Publicada<br />
20/03/2025 a las 3:01 pm<br />
Seleccionar Education-Online-Business-Courses<br />
Education-Online-Business-Courses<br />
Editar | Edit with UX Builder | Edición rápida | Papelera | Ver | Merge</p>
<p>—No hay categorías	Publicada<br />
20/03/2025 a las 3:01 pm<br />
Seleccionar Contact-Business-Transformation<br />
Contact-Business-Transformation<br />
Editar | Edit with UX Builder | Edición rápida | Papelera | Ver | Merge</p>
<p>—No hay categorías	Publicada<br />
20/03/2025 a las 3:01 pm<br />
Seleccionar ERP-Implementaciones-Personalizadas<br />
ERP-Implementaciones-Personalizadas<br />
Editar | Edit with UX Builder | Edición rápida | Papelera | Ver | Merge</p>
[block id=""about-us-company-culture""]

[block id=""blog-erp""]

[block id=""company-overview-culture""]

[block id=""consultoria-empresarial-estrategia-y-optimizacion""]

[block id=""contact-business-transformation""]

[block id=""contact-call-to-action""]

[block id=""customer-support-portal""]

[block id=""desarrollo-web-e-commerce-2""]

[block id=""contact-contact-form""]

[block id=""digital-marketing-branding-and-design""]

[block id=""education-online-business-courses""]

[block id=""erp-implementaciones-personalizadas""]

<p>—No hay categorías	Publicada<br />
20/03/2025 a las 3:01 pm<br />
Seleccionar ERP-Implementation-Custom-Solutions<br />
ERP-Implementation-Custom-Solutions<br />
Editar | Edit with UX Builder | Edición rápida | Papelera | Ver | Merge</p>
[block id=""erp-implementation-custom-solutions""]

<p>—No hay categorías	Publicada<br />
20/03/2025 a las 3:01 pm<br />
Seleccionar Especificaciones-ERP<br />
Especificaciones-ERP<br />
Editar | Edit with UX Builder | Edición rápida | Papelera | Ver | Merge</p>
[block id=""especificaciones-erp""]

<p>—No hay categorías	Publicada<br />
20/03/2025 a las 3:01 pm<br />
Seleccionar FAQ-General-Questions<br />
FAQ-General-Questions<br />
Editar | Edit with UX Builder | Edición rápida | Papelera | Ver | Merge</p>
[block id=""faq-general-questions""]

<p>—No hay categorías	Publicada<br />
20/03/2025 a las 3:01 pm<br />
Seleccionar Features-Main-Features<br />
Features-Main-Features<br />
Editar | Edit with UX Builder | Edición rápida | Papelera | Ver | Merge</p>
[block id=""features-main-features""]

<p>—No hay categorías	Publicada<br />
20/03/2025 a las 3:01 pm<br />
Seleccionar Hero-E-commerce<br />
Hero-E-commerce<br />
Editar | Edit with UX Builder | Edición rápida | Papelera | Ver | Merge</p>
[block id=""hero-e-commerce""]

<p>—No hay categorías	Publicada<br />
20/03/2025 a las 3:01 pm<br />
Seleccionar Hero-ERP-Solutions<br />
Hero-ERP-Solutions<br />
Editar | Edit with UX Builder | Edición rápida | Papelera | Ver | Merge</p>
[block id=""hero-erp-solutions""]

<p>—No hay categorías	Publicada<br />
20/03/2025 a las 3:01 pm<br />
Seleccionar Hero-Section-Slider<br />
Hero-Section-Slider<br />
Editar | Edit with UX Builder | Edición rápida | Papelera | Ver | Merge</p>
[block id=""hero-section-slider""]

<p>—No hay categorías	Publicada<br />
20/03/2025 a las 3:01 pm<br />
Seleccionar Home-Hero<br />
Home-Hero<br />
Editar | Edit with UX Builder | Edición rápida | Papelera | Ver | Merge</p>
[block id=""home-hero""]

<p>—No hay categorías	Publicada<br />
20/03/2025 a las 3:01 pm<br />
Seleccionar Homepage-Hero-Section<br />
Homepage-Hero-Section<br />
Editar | Edit with UX Builder | Edición rápida | Papelera | Ver | Merge</p>
[block id=""homepage-hero-section""]

<p>—No hay categorías	Publicada<br />
20/03/2025 a las 3:01 pm<br />
Seleccionar Homepage-Hero-Slider<br />
Homepage-Hero-Slider<br />
Editar | Edit with UX Builder | Edición rápida | Papelera | Ver | Merge</p>
[block id=""homepage-hero-slider""]

<p>—No hay categorías	Publicada<br />
20/03/2025 a las 3:01 pm<br />
Seleccionar HTML-WordPress<br />
HTML-WordPress<br />
Editar | Edit with UX Builder | Edición rápida | Papelera | Ver | Merge</p>
[block id=""html-wordpress""]

<p>—No hay categorías	Publicada<br />
20/03/2025 a las 3:01 pm<br />
Seleccionar Industry-Solutions-Retail,-Manufacturing,-Agroindustry<br />
Industry-Solutions-Retail,-Manufacturing,-Agroindustry<br />
Editar | Edit with UX Builder | Edición rápida | Papelera | Ver | Merge</p>
[block id=""industry-solutions-retail-manufacturing-agroindustry""]

<p>—No hay categorías	Publicada<br />
20/03/2025 a las 3:01 pm<br />
Seleccionar Job-Management-Job-Dashboard<br />
Job-Management-Job-Dashboard<br />
Editar | Edit with UX Builder | Edición rápida | Papelera | Ver | Merge</p>
[block id=""job-management-job-dashboard""]

<p>—No hay categorías	Publicada<br />
20/03/2025 a las 3:01 pm<br />
Seleccionar Job-Management-Job-Listings<br />
Job-Management-Job-Listings<br />
Editar | Edit with UX Builder | Edición rápida | Papelera | Ver | Merge</p>
[block id=""job-management-job-listings""]

<p>—No hay categorías	Publicada<br />
20/03/2025 a las 3:01 pm<br />
Seleccionar Job-Management-Job-Submission<br />
Job-Management-Job-Submission<br />
Editar | Edit with UX Builder | Edición rápida | Papelera | Ver | Merge</p>
[block id=""job-management-job-submission""]

<p>—No hay categorías	Publicada<br />
20/03/2025 a las 3:01 pm<br />
Seleccionar Layout-Section-Padding<br />
Layout-Section-Padding<br />
Editar | Edit with UX Builder | Edición rápida | Papelera | Ver | Merge</p>
[block id=""layout-section-padding""]

<p>—No hay categorías	Publicada<br />
20/03/2025 a las 3:01 pm<br />
Seleccionar Legal-Privacy-Policy<br />
Legal-Privacy-Policy<br />
Editar | Edit with UX Builder | Edición rápida | Papelera | Ver | Merge</p>
[block id=""legal-privacy-policy""]

<p>—No hay categorías	Publicada<br />
20/03/2025 a las 3:01 pm<br />
Seleccionar Marketing-Digital-Consultoría-Integrada<br />
Marketing-Digital-Consultoría-Integrada<br />
Editar | Edit with UX Builder | Edición rápida | Papelera | Ver | Merge</p>
[block id=""marketing-digital-consultoria-integrada""]

<p>—No hay categorías	Publicada<br />
20/03/2025 a las 3:01 pm<br />
Seleccionar Newsletter-Subscription<br />
Newsletter-Subscription<br />
Editar | Edit with UX Builder | Edición rápida | Papelera | Ver | Merge</p>
[block id=""newsletter-subscription""]

<p>—No hay categorías	Publicada<br />
20/03/2025 a las 3:01 pm<br />
Seleccionar Online-Learning-Course-Catalog<br />
Online-Learning-Course-Catalog<br />
Editar | Edit with UX Builder | Edición rápida | Papelera | Ver | Merge</p>
[block id=""online-learning-course-catalog""]

<p>—No hay categorías	Publicada<br />
20/03/2025 a las 3:01 pm<br />
Seleccionar Partners-Partnerships<br />
Partners-Partnerships<br />
Editar | Edit with UX Builder | Edición rápida | Papelera | Ver | Merge</p>
[block id=""partners-partnerships""]

<p>—No hay categorías	Publicada<br />
20/03/2025 a las 3:01 pm<br />
Seleccionar Partnerships-Benefits<br />
Partnerships-Benefits<br />
Editar | Edit with UX Builder | Edición rápida | Papelera | Ver | Merge</p>
[block id=""partnerships-benefits""]

<p>—No hay categorías	Publicada<br />
20/03/2025 a las 3:01 pm<br />
Seleccionar Partnerships-Business-Collaboration<br />
Partnerships-Business-Collaboration<br />
Editar | Edit with UX Builder | Edición rápida | Papelera | Ver | Merge</p>
[block id=""partnerships-business-collaboration""]

<p>—No hay categorías	Publicada<br />
20/03/2025 a las 3:01 pm<br />
Seleccionar Partnerships-Strategic-Alliances<br />
Partnerships-Strategic-Alliances<br />
Editar | Edit with UX Builder | Edición rápida | Papelera | Ver | Merge</p>
[block id=""partnerships-strategic-alliances""]

<p>—No hay categorías	Publicada<br />
20/03/2025 a las 3:01 pm<br />
Seleccionar Pricing-License-Plans<br />
Pricing-License-Plans<br />
Editar | Edit with UX Builder | Edición rápida | Papelera | Ver | Merge</p>
[block id=""pricing-license-plans""]

<p>—No hay categorías	Publicada<br />
20/03/2025 a las 3:01 pm<br />
Seleccionar Pricing-Plans<br />
Pricing-Plans<br />
Editar | Edit with UX Builder | Edición rápida | Papelera | Ver | Merge</p>
[block id=""pricing-plans""]

<p>—No hay categorías	Publicada<br />
20/03/2025 a las 3:01 pm<br />
Seleccionar Pricing-Plans-and-FAQ<br />
Pricing-Plans-and-FAQ<br />
Editar | Edit with UX Builder | Edición rápida | Papelera | Ver | Merge</p>
[block id=""pricing-plans-and-faq""]

<p>—No hay categorías	Publicada<br />
20/03/2025 a las 3:01 pm<br />
Seleccionar Pricing-Plans-and-Features<br />
Pricing-Plans-and-Features<br />
Editar | Edit with UX Builder | Edición rápida | Papelera | Ver | Merge</p>
[block id=""pricing-plans-and-features""]

<p>—No hay categorías	Publicada<br />
20/03/2025 a las 3:01 pm<br />
Seleccionar Pricing-Service-Comparison<br />
Pricing-Service-Comparison<br />
Editar | Edit with UX Builder | Edición rápida | Papelera | Ver | Merge</p>
[block id=""pricing-service-comparison""]

<p>—No hay categorías	Publicada<br />
20/03/2025 a las 3:01 pm<br />
Seleccionar Product-Specifications-ERP-Features<br />
Product-Specifications-ERP-Features<br />
Editar | Edit with UX Builder | Edición rápida | Papelera | Ver | Merge</p>
[block id=""product-specifications-erp-features""]

<p>—No hay categorías	Publicada<br />
20/03/2025 a las 3:01 pm<br />
Seleccionar Recursos-Materiales-Educativos<br />
Recursos-Materiales-Educativos<br />
Editar | Edit with UX Builder | Edición rápida | Papelera | Ver | Merge</p>
[block id=""recursos-materiales-educativos""]

<p>—No hay categorías	Publicada<br />
20/03/2025 a las 3:01 pm<br />
Seleccionar Resources-Downloads<br />
Resources-Downloads<br />
Editar | Edit with UX Builder | Edición rápida | Papelera | Ver | Merge</p>
[block id=""resources-downloads""]

<p>—No hay categorías	Publicada<br />
20/03/2025 a las 3:01 pm<br />
Seleccionar Resources-Knowledge-Base<br />
Resources-Knowledge-Base<br />
Editar | Edit with UX Builder | Edición rápida | Papelera | Ver | Merge</p>
[block id=""resources-knowledge-base""]

<p>—No hay categorías	Publicada<br />
20/03/2025 a las 3:01 pm<br />
Seleccionar Search-Results<br />
Search-Results<br />
Editar | Edit with UX Builder | Edición rápida | Papelera | Ver | Merge</p>
[block id=""search-results""]

<p>—No hay categorías	Publicada<br />
20/03/2025 a las 3:01 pm<br />
Seleccionar Services-Comparison<br />
Services-Comparison<br />
Editar | Edit with UX Builder | Edición rápida | Papelera | Ver | Merge</p>
[block id=""services-comparison""]

<p>—No hay categorías	Publicada<br />
20/03/2025 a las 3:01 pm<br />
Seleccionar Services-E-commerce-and-Digital-Marketing<br />
Services-E-commerce-and-Digital-Marketing<br />
Editar | Edit with UX Builder | Edición rápida | Papelera | Ver | Merge</p>
[block id=""services-e-commerce-and-digital-marketing""]

<p>—No hay categorías	Publicada<br />
20/03/2025 a las 3:01 pm<br />
Seleccionar Services-ERP-Solutions<br />
Services-ERP-Solutions<br />
Editar | Edit with UX Builder | Edición rápida | Papelera | Ver | Merge</p>
[block id=""services-erp-solutions""]

<p>—No hay categorías	Publicada<br />
20/03/2025 a las 3:01 pm<br />
Seleccionar Services-Features<br />
Services-Features<br />
Editar | Edit with UX Builder | Edición rápida | Papelera | Ver | Merge</p>
[block id=""services-features""]

<p>—No hay categorías	Publicada<br />
20/03/2025 a las 3:01 pm<br />
Seleccionar Services-Industry-Solutions<br />
Services-Industry-Solutions<br />
Editar | Edit with UX Builder | Edición rápida | Papelera | Ver | Merge</p>
[block id=""services-industry-solutions""]

<p>—No hay categorías	Publicada<br />
20/03/2025 a las 3:01 pm<br />
Seleccionar Services-Marketing-Digital<br />
Services-Marketing-Digital<br />
Editar | Edit with UX Builder | Edición rápida | Papelera | Ver | Merge</p>
[block id=""services-marketing-digital""]

<p>—No hay categorías	Publicada<br />
20/03/2025 a las 3:01 pm<br />
Seleccionar Services-Technology-Solutions<br />
Services-Technology-Solutions<br />
Editar | Edit with UX Builder | Edición rápida | Papelera | Ver | Merge</p>
[block id=""services-technology-solutions""]

<p>—No hay categorías	Publicada<br />
20/03/2025 a las 3:01 pm<br />
Seleccionar Servicios-Ingeniería-de-Software<br />
Servicios-Ingeniería-de-Software<br />
Editar | Edit with UX Builder | Edición rápida | Papelera | Ver | Merge</p>
[block id=""servicios-ingenieria-de-software""]

<p>—No hay categorías	Publicada<br />
20/03/2025 a las 3:01 pm<br />
Seleccionar Slider-Hero<br />
Slider-Hero<br />
Editar | Edit with UX Builder | Edición rápida | Papelera | Ver | Merge</p>
[block id=""slider-hero""]

<p>—No hay categorías	Publicada<br />
20/03/2025 a las 3:01 pm<br />
Seleccionar Soluciones-Tecnológicas-ERP-y-CRM<br />
Soluciones-Tecnológicas-ERP-y-CRM<br />
Editar | Edit with UX Builder | Edición rápida | Papelera | Ver | Merge</p>
[block id=""soluciones-tecnologicas-erp-y-crm""]

<p>—No hay categorías	Publicada<br />
20/03/2025 a las 3:01 pm<br />
Seleccionar Success-Metrics-Client-Achievements<br />
Success-Metrics-Client-Achievements<br />
Editar | Edit with UX Builder | Edición rápida | Papelera | Ver | Merge</p>
[block id=""success-metrics-client-achievements""]

<p>—No hay categorías	Publicada<br />
20/03/2025 a las 3:01 pm<br />
Seleccionar Testimonials-Client-Feedback<br />
Testimonials-Client-Feedback<br />
Editar | Edit with UX Builder | Edición rápida | Papelera | Ver | Merge</p>
[block id=""testimonials-client-feedback""]

<p>—No hay categorías	Publicada<br />
20/03/2025 a las 3:01 pm<br />
Seleccionar Undefined-Undefined<br />
Undefined-Undefined<br />
Editar | Edit with UX Builder | Edición rápida | Papelera | Ver | Merge</p>
[block id=""undefined-undefined""]

<p>—No hay categorías	Publicada<br />
20/03/2025 a las 3:01 pm<br />
Seleccionar Web-Development-E-Commerce<br />
Web-Development-E-Commerce<br />
Editar | Edit with UX Builder | Edición rápida | Papelera | Ver | Merge</p>
[block id=""web-development-e-commerce""]

<p>—No hay categorías	Publicada<br />
20/03/2025 a las 3:01 pm<br />
Seleccionar Website-Design-Hero-Section<br />
Website-Design-Hero-Section<br />
Editar | Edit with UX Builder | Edición rápida | Papelera | Ver | Merge</p>
[block id=""website-design-hero-section""]

<p>—No hay categorías	Publicada<br />
20/03/2025 a las 3:01 pm<br />
Seleccionar Website-Design-Slider<br />
Website-Design-Slider<br />
Editar | Edit with UX Builder | Edición rápida | Papelera | Ver | Merge</p>
[block id=""website-design-slider""]

<p>—No hay categorías	Publicada<br />
20/03/2025 a las 3:01 pm<br />
Seleccionar todos<br />
Título<br />
Orden ascendente.<br />
Shortcode	Categorías<br />
Fecha<br />
Selecciona acción en lote</p>

<!-- /wp:flatsome/uxbuilder -->",Portal de Soporte,Atención al Cliente,Atención al Cliente,Portal de Ayuda,"Descubre nuestra amplia gama de servicios y soluciones empresariales. Desde implementaciones de ERP hasta marketing digital y desarrollo web, ofrecemos las herramientas necesarias para impulsar tu negocio hacia el éxito en la era digital.","Una imagen que represente la privacidad y seguridad de datos, como un escudo protegiendo información digital o un candado sobre documentos. Esto se alinearía con el contenido de la política de privacidad descrita en esta sección."
"[section padding=""60px""]
<!-- wp:heading --> <h2 class=""wp-block-heading"">Quiénes somos</h2> <!-- /wp:heading --> <!-- wp:paragraph --> <p><strong class=""privacy-policy-tutorial"">Texto sugerido: </strong>La dirección de nuestra web es: https://web.viaweb.net.ar.</p> <!-- /wp:paragraph --> <!-- wp:heading --> <h2 class=""wp-block-heading"">Comentarios</h2> <!-- /wp:heading --> <!-- wp:paragraph --> <p><strong class=""privacy-policy-tutorial"">Texto sugerido: </strong>Cuando los visitantes dejan comentarios en la web, recopilamos los datos que se muestran en el formulario de comentarios, así como la dirección IP del visitante y la cadena de agentes de usuario del navegador, para ayudar a la detección de spam.</p> <!-- /wp:paragraph --> <!-- wp:paragraph --> <p>Una cadena anónima creada a partir de tu dirección de correo electrónico (también llamada hash) puede ser proporcionada al servicio de Gravatar para ver si la estás usando. La política de privacidad del servicio Gravatar está disponible en https://automattic.com/privacy/. Después de la aprobación de tu comentario, la imagen de tu perfil será visible para el público en el contexto de su comentario.</p> <!-- /wp:paragraph --> <!-- wp:heading --> <h2 class=""wp-block-heading"">Multimedia</h2> <!-- /wp:heading --> <!-- wp:paragraph --> <p><strong class=""privacy-policy-tutorial"">Texto sugerido: </strong>Si subís imágenes a la web deberías evitar subir imágenes con datos de ubicación (GPS EXIF) incluidos. Los visitantes de la web pueden descargar y extraer cualquier dato de localización de las imágenes de la web.</p> <!-- /wp:paragraph --> <!-- wp:heading --> <h2 class=""wp-block-heading"">Cookies</h2> <!-- /wp:heading --> <!-- wp:paragraph --> <p><strong class=""privacy-policy-tutorial"">Texto sugerido: </strong>Si dejás un comentario en nuestro sitio, podés optar por guardar tu nombre, dirección de correo electrónico y sitio web en las cookies. Estos son para tu conveniencia para que no tengas que volver a ingresar tus datos cuando dejés otro comentario. Estas cookies durarán un año.</p> <!-- /wp:paragraph --> <!-- wp:paragraph --> <p>Si tenés una cuenta e iniciás sesión en este sitio, estableceremos una cookie temporal para determinar si tu navegador acepta cookies. Esta cookie no contiene datos personales y es descartada al cerrar el navegador.</p> <!-- /wp:paragraph --> <!-- wp:paragraph --> <p>Cuando iniciás sesión, también configuraremos varias cookies para guardar tu información de inicio de sesión y tus opciones de visualización en pantalla. Las cookies de inicio de sesión duran dos días y las cookies de opciones de pantalla duran un año. Si seleccionás &quot;Recordarme&quot;, tu inicio de sesión se mantendrá durante dos semanas. Si cerrás la sesión, se eliminarán las cookies de inicio de sesión.</p> <!-- /wp:paragraph --> <!-- wp:paragraph --> <p>Si editás o publicás un artículo, se guardará una cookie adicional en tu navegador. Esta cookie no incluye datos personales y simplemente indica el ID de publicación del artículo que acabás de editar. Caduca después de 1 día.</p> <!-- /wp:paragraph --> <!-- wp:heading --> <h2 class=""wp-block-heading"">Contenido embebido desde otros sitios web</h2> <!-- /wp:heading --> <!-- wp:paragraph --> <p><strong class=""privacy-policy-tutorial"">Texto sugerido: </strong>Los artículos en este sitio pueden incluir contenido incrustado (por ejemplo, videos, imágenes, artículos, etc.). El contenido incrustado de otros sitios web se comporta de la misma manera que si el visitante hubiera visitado el otro sitio web.</p> <!-- /wp:paragraph --> <!-- wp:paragraph --> <p>Estos sitios web pueden recopilar tus datos, utilizar cookies, incrustar un sistema de seguimiento de terceros y supervisar su interacción con ese contenido incrustado, incluyendo el rastreo de tu interacción con el contenido incrustado si tenés una cuenta y estás conectado a ese sitio web.</p> <!-- /wp:paragraph --> <!-- wp:heading --> <h2 class=""wp-block-heading"">Con quién compartimos datos</h2> <!-- /wp:heading --> <!-- wp:paragraph --> <p><strong class=""privacy-policy-tutorial"">Texto sugerido: </strong>Si solicitás un restablecimiento de contraseña, tu dirección IP será incluida en el correo electrónico de restablecimiento.</p> <!-- /wp:paragraph --> <!-- wp:heading --> <h2 class=""wp-block-heading"">Cuánto tiempo guardamos tus datos</h2> <!-- /wp:heading --> <!-- wp:paragraph --> <p><strong class=""privacy-policy-tutorial"">Texto sugerido: </strong>Si dejás un comentario, el comentario y sus metadatos se conservan indefinidamente. Esto es para que podamos reconocer y aprobar cualquier comentario de seguimiento de forma automática en lugar de mantenerlos en una cola de moderación.</p> <!-- /wp:paragraph --> <!-- wp:paragraph --> <p>Para los usuarios que se registran en nuestro sitio web (si corresponde), también almacenamos la información personal que proporcionan en su perfil de usuario. Todos los usuarios pueden ver, editar o eliminar su información personal en cualquier momento (excepto que no pueden cambiar su nombre de usuario). Los administradores del sitio web también pueden ver y editar esa información.</p> <!-- /wp:paragraph --> <!-- wp:heading --> <h2 class=""wp-block-heading"">Qué derechos tenés sobre tus datos</h2> <!-- /wp:heading --> <!-- wp:paragraph --> <p><strong class=""privacy-policy-tutorial"">Texto sugerido: </strong>Si tenés una cuenta en este sitio o has dejado comentarios, podés solicitar un archivo exportado de los datos personales tuyos que tenemos, incluidos los datos que nos hayas proporcionado. También podés solicitar que borremos cualquier dato personal tuyo que tengamos. Esto no incluye datos que estamos obligados a mantener para fines administrativos, legales o de seguridad.</p> <!-- /wp:paragraph --> <!-- wp:heading --> <h2 class=""wp-block-heading"">Dónde se envían tus datos</h2> <!-- /wp:heading --> <!-- wp:paragraph --> <p><strong class=""privacy-policy-tutorial"">Texto sugerido: </strong>Los comentarios de los visitantes se pueden verificar a través de un servicio automático de detección de spam.</p> <!-- /wp:paragraph -->
[/section]",Portal de Soporte al Cliente,Atención al Cliente,Atención al Cliente,Centro de Ayuda,"Conoce nuestra política de privacidad. Nos comprometemos a proteger tus datos personales y a ser transparentes sobre cómo los recopilamos, utilizamos y compartimos. Aprende sobre tus derechos y cómo ejercerlos.","Un collage de imágenes que muestre: 1) Profesionales trabajando en una oficina moderna con computadoras, representando el uso de ERP. 2) Un gráfico de barras ascendente, simbolizando el crecimiento empresarial. 3) Clientes satisfechos en una reunión, ilustrando los testimonios positivos. Esto complementaría los diversos elementos de la página, incluyendo artículos del blog, testimonios y casos de éxito mencionados."
"[block id=""blog-erp""]
[block id=""resources-knowledge-base""]
[section label=""Blog"" padding=""60px""]
[row]
[col align=""center""]
<p></p>
<h2 style=""font-size: 220%;"">Últimos Artículos del Blog</h2>
<p>Lee nuestros artículos para obtener más información sobre ERP y tendencias en la industria.</p>
[/col]
[/row]
[row style=""collapse""]
[col span=""4"" span__sm=""12""]
[featured_box img=""https://example.com/articulo-1.jpg""]
<h4>5 Beneficios de Implementar un ERP</h4>
<p>Descubre cómo un ERP puede transformar tu negocio.</p>
[button text=""Leer Más"" link=""#articulo-1""]
[/featured_box]
[/col]
[col span=""4"" span__sm=""12""]
[featured_box img=""https://example.com/articulo-2.jpg""]
<h4>Cómo Elegir el ERP Adecuado</h4>
<p>Consejos para seleccionar el sistema ERP que mejor se adapte a tus necesidades.</p>
[button text=""Leer Más"" link=""#articulo-2""]
[/featured_box]
[/col]
[col span=""4"" span__sm=""12""]
[featured_box img=""https://example.com/articulo-3.jpg""]
<h4>Empresas que Usan ERP</h4>
<p>Historias inspiradoras de empresas que han mejorado su rendimiento con un ERP.</p>
[button text=""Leer Más"" link=""#articulo-3""]
[/featured_box]
[/col]
[/row]
[/section]
[section label=""Testimonios"" bg_color=""#f7f7f7"" padding=""60px""]
[row]
[col align=""center""]
<p></p>
<h6 class=""uppercase secondary-color"">Qué dicen nuestros clientes</h6>
<h2 style=""font-size: 220%;"">Testimonios de Clientes Satisfechos</h2>
<p>Historias reales de éxito que muestran cómo nuestros servicios han transformado negocios.</p>
[/col]
[/row]
[gap height=""40px""]
[row]
[col span=""4"" span__sm=""12""]
[testimonial]
<p>""El equipo entendió nuestras necesidades desde el principio y superó todas nuestras expectativas.""</p>
<h4>- Ana Pérez</h4>
<p class=""meta"">CEO de TechCorp</p>
[/testimonial]
[/col]
[col span=""4"" span__sm=""12""]
[testimonial]
<p>""Gracias a ellos, nuestro negocio se ha digitalizado por completo, aumentando nuestras ventas un 200%.""</p>
<h4>- Carlos Gómez</h4>
<p class=""meta"">Fundador de GreenFoods</p>
[/testimonial]
[/col]
[col span=""4"" span__sm=""12""]
[testimonial]
<p>""No podríamos haber elegido un socio más confiable para nuestro proyecto de comercio electrónico.""</p>
<h4>- Laura Méndez</h4>
<p class=""meta"">Directora de ModaOnline</p>
[/testimonial]
[/col]
[/row]
[/section]
[section label=""Blog"" padding=""60px""]
[row]
[col align=""center""]
<p></p>
<h2 style=""font-size: 220%;"">Últimos Artículos del Blog</h2>
<p>Lee nuestros artículos para obtener más información sobre ERP y tendencias en la industria.</p>
[/col]
[/row]
[gap height=""40px""]
[row style=""collapse""]
[col span=""4"" span__sm=""12""]
[featured_box img=""https://example.com/articulo-1.jpg""]
<h4>5 Beneficios de Implementar un ERP</h4>
<p>Descubre cómo un ERP puede transformar tu negocio.</p>
[button text=""Leer Más"" link=""#articulo-1""]
[/featured_box]
[/col]
[col span=""4"" span__sm=""12""]
[featured_box img=""https://example.com/articulo-2.jpg""]
<h4>Cómo Elegir el ERP Adecuado</h4>
<p>Consejos para seleccionar el sistema ERP que mejor se adapte a tus necesidades.</p>
[button text=""Leer Más"" link=""#articulo-2""]
[/featured_box]
[/col]
[col span=""4"" span__sm=""12""]
[featured_box img=""https://example.com/articulo-3.jpg""]
<h4>Casos de Éxito: Empresas que Usan ERP</h4>
<p>Historias inspiradoras de empresas que han mejorado su rendimiento con un ERP.</p>
[button text=""Leer Más"" link=""#articulo-3""]
[/featured_box]
[/col]
[/row]
[/section]
[section label=""Blog"" padding=""60px""]
[row]
[col align=""center""]
<p></p>
<h2 style=""font-size: 220%;"">Últimos Artículos del Blog</h2>
<p>Lee nuestros artículos para obtener más información sobre ERP y tendencias en la industria.</p>
[/col]
[/row]
[row style=""collapse""]
[col span=""4"" span__sm=""12""]
[featured_box img=""https://example.com/articulo-1.jpg""]
<h4>5 Beneficios de Implementar un ERP</h4>
<p>Descubre cómo un ERP puede transformar tu negocio.</p>
[button text=""Leer Más"" link=""#articulo-1""]
[/featured_box]
[/col]
[col span=""4"" span__sm=""12""]
[featured_box img=""https://example.com/articulo-2.jpg""]
<h4>Cómo Elegir el ERP Adecuado</h4>
<p>Consejos para seleccionar el sistema ERP que mejor se adapte a tus necesidades.</p>
[button text=""Leer Más"" link=""#articulo-2""]
[/featured_box]
[/col]
[col span=""4"" span__sm=""12""]
[featured_box img=""https://example.com/articulo-3.jpg""]
<h4>Empresas que Usan ERP</h4>
<p>Historias inspiradoras de empresas que han mejorado su rendimiento con un ERP.</p>
[button text=""Leer Más"" link=""#articulo-3""]
[/featured_box]
[/col]
[/row]
[/section]
[section label=""Testimonios"" bg_color=""#f7f7f7"" padding=""60px""]
[row]
[col align=""center""]
<p></p>
<h6 class=""uppercase secondary-color"">Qué dicen nuestros clientes</h6>
<h2 style=""font-size: 220%;"">Testimonios de Clientes Satisfechos</h2>
<p>Historias reales de éxito que muestran cómo nuestros servicios han transformado negocios.</p>
[/col]
[/row]
[gap height=""40px""]
[row]
[col span=""4"" span__sm=""12""]
[testimonial]
<p>""El equipo entendió nuestras necesidades desde el principio y superó todas nuestras expectativas.""</p>
<h4>- Ana Pérez</h4>
<p class=""meta"">CEO de TechCorp</p>
[/testimonial]
[/col]
[col span=""4"" span__sm=""12""]
[testimonial]
<p>""Gracias a ellos, nuestro negocio se ha digitalizado por completo, aumentando nuestras ventas un 200%.""</p>
<h4>- Carlos Gómez</h4>
<p class=""meta"">Fundador de GreenFoods</p>
[/testimonial]
[/col]
[col span=""4"" span__sm=""12""]
[testimonial]
<p>""No podríamos haber elegido un socio más confiable para nuestro proyecto de comercio electrónico.""</p>
<h4>- Laura Méndez</h4>
<p class=""meta"">Directora de ModaOnline</p>
[/testimonial]
[/col]
[/row]
[/section]
[section label=""Blog"" padding=""60px""]
[row]
[col align=""center""]
<p></p>
<h2 style=""font-size: 220%;"">Últimos Artículos del Blog</h2>
<p>Lee nuestros artículos para obtener más información sobre ERP y tendencias en la industria.</p>
[/col]
[/row]
[gap height=""40px""]
[row style=""collapse""]
[col span=""4"" span__sm=""12""]
[featured_box img=""https://example.com/articulo-1.jpg""]
<h4>5 Beneficios de Implementar un ERP</h4>
<p>Descubre cómo un ERP puede transformar tu negocio.</p>
[button text=""Leer Más"" link=""#articulo-1""]
[/featured_box]
[/col]
[col span=""4"" span__sm=""12""]
[featured_box img=""https://example.com/articulo-2.jpg""]
<h4>Cómo Elegir el ERP Adecuado</h4>
<p>Consejos para seleccionar el sistema ERP que mejor se adapte a tus necesidades.</p>
[button text=""Leer Más"" link=""#articulo-2""]
[/featured_box]
[/col]
[col span=""4"" span__sm=""12""]
[featured_box img=""https://example.com/articulo-3.jpg""]
<h4>Casos de Éxito: Empresas que Usan ERP</h4>
<p>Historias inspiradoras de empresas que han mejorado su rendimiento con un ERP.</p>
[button text=""Leer Más"" link=""#articulo-3""]
[/featured_box]
[/col]
[/row]
[/section]",Portal de Soporte,Atención al Cliente,Atención al Cliente,Soporte Técnico,"Mantente informado con nuestro blog de ERP y recursos de conocimiento. Descubre los últimos artículos sobre implementación de ERP, mejores prácticas y casos de éxito. Además, lee testimonios de clientes satisfechos que han transformado sus negocios con nuestras soluciones.","Una imagen que muestre una pantalla de computadora con un blog abierto, mostrando títulos de artículos sobre ERP y transformación digital. Junto a la pantalla, se podría ver a profesionales discutiendo o señalando la información, lo que ilustraría el concepto de compartir conocimientos y aprender sobre las últimas tendencias en ERP y tecnología empresarial."
"[section label=""Intro & Numbers"" bg_color=""rgb(237, 233, 227)""]
[row width=""custom"" custom_width=""1200px""]
[col span__sm=""12"" margin=""-150px 0px 0px 0px"" margin__sm=""-100px 0px 0px 0px"" bg_color=""rgb(255, 255, 255)""]
[row_inner width=""custom"" custom_width=""1200px"" v_align=""middle"" h_align=""right""]
[col_inner span=""6"" span__sm=""12"" span__md=""12"" padding=""50px 50px 50px 70px"" padding__sm=""10px 30px 0px 30px"" padding__md=""0 50px 20px 50px""]
[gap height=""50px"" height__sm=""5px""]
<h6>elegancia y tecnología</h6>
[ux_text font_size=""1.75""]
<h2>Avanza a tu ritmo</h2>
[/ux_text]
<p>En Viaweb, ofrecemos soluciones tecnológicas avanzadas que integran sistemas de ERP y CRM, desarrollo web y comercio electrónico, y herramientas de inteligencia de negocios. Nuestro enfoque personalizado asegura que cada cliente obtenga el máximo beneficio.</p>
[button text=""Haz tu reserva"" color=""secondary"" padding=""5px 30px 5px 30px"" radius=""30"" expand=""0""]
[/col_inner]
[col_inner span=""6"" span__sm=""12"" span__md=""12"" force_first=""medium"" padding=""50px 50px 20px 0px"" padding__sm=""20px 20px 10px 20px"" padding__md=""50px 50px 0 50px""]
[ux_banner height=""500px"" height__sm=""300px"" height__md=""400px"" bg=""24130"" bg_color=""rgb(255, 255, 255)"" bg_pos=""95% 100%""]
[text_box width__sm=""60"" position_x=""50"" position_y=""50""]
[/text_box]
[/ux_banner]
[/col_inner]
[/row_inner]
[/col]
[/row]
[gap height=""55px"" height__sm=""15px""]
[row col_style=""solid""]
[col span=""4"" span__sm=""12"" align=""center""]
[ux_text font_size=""2.5"" text_align=""center""]
<h3><span class=""count-up"">365</span></h3>
[/ux_text]
[ux_text text_align=""center""]
<h6>Días de servicio al año</h6>
[/ux_text]
[/col]
[col span=""4"" span__sm=""12"" align=""center""]
[ux_text font_size=""2.5"" text_align=""center""]
<h3><span class=""count-up"">1750</span></h3>
[/ux_text]
[ux_text text_align=""center""]
<h6>Clientes satisfechos</h6>
[/ux_text]
[/col]
[col span=""4"" span__sm=""12"" align=""center""]
[ux_text font_size=""2.5"" text_align=""center""]
<h3><span class=""count-up"">145</span></h3>
[/ux_text]
[ux_text text_align=""center""]
<h6>Soluciones disponibles</h6>
[/ux_text]
[/col]
[/row]
[gap]
[/section]
[section label=""Historia"" bg_color=""rgb(237, 233, 227)""]
[row width=""custom"" custom_width=""1200px""]
[col span__sm=""12"" margin=""-100px 0px 0px 0px"" bg_color=""rgb(255, 255, 255)""]
[row_inner width=""custom"" custom_width=""1200px""]
[col_inner span__sm=""12"" padding=""50px 50px 0px 50px"" padding__sm=""50px 20px 0px 20px""]
[ux_text text_align=""center""]
<h6>Apreciamos la calidad</h6>
[/ux_text]
[ux_text font_size=""1.75"" font_size__sm=""2"" text_align=""center""]
<h2>Soluciones tecnológicas icónicas</h2>
[/ux_text]
[/col_inner]
[/row_inner]
[row_inner width=""custom"" custom_width=""1200px"" h_align=""center""]
[col_inner span=""6"" span__sm=""12"" padding=""0px 10px 0px 60px"" padding__sm=""0px 30px 0px 30px"" padding__md=""0px 0px 0px 50px"" margin=""-25px 0px 0px 0px"" margin__sm=""-20px 0px 0px 0px""]
<p>Implementamos tecnologías avanzadas como inteligencia artificial y soluciones en la nube para optimizar los procesos empresariales. Nuestra experiencia en integraciones asegura que cada cliente obtenga el máximo rendimiento de sus sistemas.</p>
[/col_inner]
[col_inner span=""6"" span__sm=""12"" padding=""0px 60px 0px 10px"" padding__sm=""0px 30px 0px 30px"" padding__md=""0px 20px 0px 30px"" margin=""-25px 0px 0px 0px"" margin__sm=""-20px 0px 0px 0px"" border=""0px 0px 0px 3px"" border_margin=""0px 0px 0px -17px""]
<p>Además, ofrecemos formación y capacitación para asegurar que tu equipo esté preparado para utilizar las nuevas herramientas eficientemente.</p>
[/col_inner]
[/row_inner]
[/col]
[/row]
[/section]
[section label=""Llamado a la Acción"" bg=""24137"" bg_pos=""74% 51%"" height=""400px""]
[gap]
[row col_bg=""rgb(255, 255, 255)"" width=""custom"" custom_width=""1200px""]
[col span__sm=""12"" padding=""50px 50px 50px 50px"" align=""center""]
[gap height=""15px""]
[ux_text text_align=""center""]
<h6>Contáctanos</h6>
[/ux_text]
[ux_text font_size=""1.75"" text_align=""center""]
<h2>¿Tienes alguna pregunta?</h2>
[/ux_text]
[button text=""Ponte en contacto"" color=""secondary"" padding=""5px 30px 5px 30px"" radius=""30""]
[/col]
[/row]
[/section]
[section label=""Hero Text"" padding=""0px""]
[row width=""custom"" custom_width=""1200px"" v_align=""bottom""]
[col span=""10"" span__sm=""12"" span__md=""9""]
[gap height=""150px"" height__sm=""100px""]
[ux_text font_size=""1"" font_size__sm=""1"" font_size__md=""0.75""]
<h2><span style=""font-size: 190%;"">Tu comodidad es nuestra única prioridad</span></h2>
[/ux_text]
[/col]
[col span=""2"" span__sm=""12"" span__md=""3"" align=""right""]
[button text=""Solicitar ahora"" color=""secondary"" padding=""5px 30px 5px 30px"" radius=""30"" expand=""true""]
[/col]
[/row]
[/section]
[section label=""Intro & Numbers"" bg_color=""rgb(237, 233, 227)""] [row width=""custom"" custom_width=""1200px""] [col span__sm=""12"" margin=""-150px 0px 0px 0px"" margin__sm=""-100px 0px 0px 0px"" bg_color=""rgb(255, 255, 255)""] [row_inner width=""custom"" custom_width=""1200px"" v_align=""middle"" h_align=""right""] [col_inner span=""6"" span__sm=""12"" span__md=""12"" padding=""50px 50px 50px 70px"" padding__sm=""10px 30px 0px 30px"" padding__md=""0 50px 20px 50px""] [gap height=""50px"" height__sm=""5px""] <h6>elegancia y tecnología</h6> [ux_text font_size=""1.75""] <h2>Avanza a tu ritmo</h2> [/ux_text] <p>En Viaweb, ofrecemos soluciones tecnológicas avanzadas que integran sistemas de ERP y CRM, desarrollo web y comercio electrónico, y herramientas de inteligencia de negocios. Nuestro enfoque personalizado asegura que cada cliente obtenga el máximo beneficio.</p> [button text=""Haz tu reserva"" color=""secondary"" padding=""5px 30px 5px 30px"" radius=""30"" expand=""0""] [/col_inner] [col_inner span=""6"" span__sm=""12"" span__md=""12"" force_first=""medium"" padding=""50px 50px 20px 0px"" padding__sm=""20px 20px 10px 20px"" padding__md=""50px 50px 0 50px""] [ux_banner height=""500px"" height__sm=""300px"" height__md=""400px"" bg=""24130"" bg_color=""rgb(255, 255, 255)"" bg_pos=""95% 100%""] [text_box width__sm=""60"" position_x=""50"" position_y=""50""] [/text_box] [/ux_banner] [/col_inner] [/row_inner] [/col] [/row] [gap height=""55px"" height__sm=""15px""] [row col_style=""solid""] [col span=""4"" span__sm=""12"" align=""center""] [ux_text font_size=""2.5"" text_align=""center""] <h3><span class=""count-up"">365</span></h3> [/ux_text] [ux_text text_align=""center""] <h6>Días de servicio al año</h6> [/ux_text] [/col] [col span=""4"" span__sm=""12"" align=""center""] [ux_text font_size=""2.5"" text_align=""center""] <h3><span class=""count-up"">1750</span></h3> [/ux_text] [ux_text text_align=""center""] <h6>Clientes satisfechos</h6> [/ux_text] [/col] [col span=""4"" span__sm=""12"" align=""center""] [ux_text font_size=""2.5"" text_align=""center""] <h3><span class=""count-up"">145</span></h3> [/ux_text] [ux_text text_align=""center""] <h6>Soluciones disponibles</h6> [/ux_text] [/col] [/row] [gap] [/section] [section label=""Historia"" bg_color=""rgb(237, 233, 227)""] [row width=""custom"" custom_width=""1200px""] [col span__sm=""12"" margin=""-100px 0px 0px 0px"" bg_color=""rgb(255, 255, 255)""] [row_inner width=""custom"" custom_width=""1200px""] [col_inner span__sm=""12"" padding=""50px 50px 0px 50px"" padding__sm=""50px 20px 0px 20px""] [ux_text text_align=""center""] <h6>Apreciamos la calidad</h6> [/ux_text] [ux_text font_size=""1.75"" font_size__sm=""2"" text_align=""center""] <h2>Soluciones tecnológicas icónicas</h2> [/ux_text] [/col_inner] [/row_inner] [row_inner width=""custom"" custom_width=""1200px"" h_align=""center""] [col_inner span=""6"" span__sm=""12"" padding=""0px 10px 0px 60px"" padding__sm=""0px 30px 0px 30px"" padding__md=""0px 0px 0px 50px"" margin=""-25px 0px 0px 0px"" margin__sm=""-20px 0px 0px 0px""] <p>Implementamos tecnologías avanzadas como inteligencia artificial y soluciones en la nube para optimizar los procesos empresariales. Nuestra experiencia en integraciones asegura que cada cliente obtenga el máximo rendimiento de sus sistemas.</p> [/col_inner] [col_inner span=""6"" span__sm=""12"" padding=""0px 60px 0px 10px"" padding__sm=""0px 30px 0px 30px"" padding__md=""0px 20px 0px 30px"" margin=""-25px 0px 0px 0px"" margin__sm=""-20px 0px 0px 0px"" border=""0px 0px 0px 3px"" border_margin=""0px 0px 0px -17px""] <p>Además, ofrecemos formación y capacitación para asegurar que tu equipo esté preparado para utilizar las nuevas herramientas eficientemente.</p> [/col_inner] [/row_inner] [/col] [/row] [/section] [section label=""Llamado a la Acción"" bg=""24137"" bg_pos=""74% 51%"" height=""400px""] [gap] [row col_bg=""rgb(255, 255, 255)"" width=""custom"" custom_width=""1200px""] [col span__sm=""12"" padding=""50px 50px 50px 50px"" align=""center""] [gap height=""15px""] [ux_text text_align=""center""] <h6>Contáctanos</h6> [/ux_text] [ux_text font_size=""1.75"" text_align=""center""] <h2>¿Tienes alguna pregunta?</h2> [/ux_text] [button text=""Ponte en contacto"" color=""secondary"" padding=""5px 30px 5px 30px"" radius=""30""] [/col] [/row] [/section] [section label=""Hero Text"" padding=""0px""] [row width=""custom"" custom_width=""1200px"" v_align=""bottom""] [col span=""10"" span__sm=""12"" span__md=""9""] [gap height=""150px"" height__sm=""100px""] [ux_text font_size=""1"" font_size__sm=""1"" font_size__md=""0.75""] <h2><span style=""font-size: 190%;"">Tu comodidad es nuestra única prioridad</span></h2> [/ux_text] [/col] [col span=""2"" span__sm=""12"" span__md=""3"" align=""right""] [button text=""Solicitar ahora"" color=""secondary"" padding=""5px 30px 5px 30px"" radius=""30"" expand=""true""] [/col] [/row] [/section] [section label=""Hero Image"" bg=""24125"" bg_pos=""48% 62%"" parallax=""7"" height=""550px"" height__sm=""350px"" height__md=""450px""] [/section] [section label=""Image Section"" bg=""24128"" parallax=""7"" height=""400px"" height__sm=""300px"" height__md=""350px""] [/section] [section label=""Galería"" bg_color=""rgb(237, 233, 227)""] [row width=""custom"" custom_width=""1200px""] [col span__sm=""12""] [ux_banner_grid spacing=""xsmall"" height=""561"" height__md=""373"" width=""full-width""] [col_grid span=""3"" span__sm=""12"" height=""2-3""] [ux_banner height=""500px"" height__md=""300px"" bg=""24132"" bg_color=""rgb(237, 233, 227)"" bg_pos=""42% 86%"" hover=""glow"" link=""#""] [text_box width__sm=""60"" position_x=""50"" position_y=""50""] [/text_box] [/ux_banner] [/col_grid] [col_grid span=""6"" span__sm=""12""] [ux_banner height=""500px"" height__md=""400px"" bg=""24127"" bg_color=""rgb(237, 233, 227)"" hover=""glow"" link=""#""] [text_box width__sm=""60"" position_x=""50"" position_y=""50""] [/text_box] [/ux_banner] [/col_grid] [col_grid span=""3"" span__sm=""12"" height=""1-3""] [ux_banner height=""500px"" height__md=""300px"" bg=""24134"" bg_color=""rgb(237, 233, 227)"" bg_pos=""42% 86%"" hover=""glow"" link=""#""] [text_box width__sm=""60"" position_x=""50"" position_y=""50""] [/text_box] [/ux_banner] [/col_grid] [col_grid span=""3"" span__sm=""12"" height=""2-3""] [ux_banner height=""500px"" height__md=""300px"" bg=""24130"" bg_color=""rgb(237, 233, 227)"" bg_pos=""90% 96%"" hover=""glow"" link=""#""] [text_box width__sm=""60"" position_x=""50"" position_y=""50""] [/text_box] [/ux_banner] [/col_grid] [col_grid span=""3"" span__sm=""12"" height=""1-3""] [ux_banner height=""500px"" height__md=""300px"" bg=""24126"" bg_color=""rgb(237, 233, 227)"" bg_pos=""100% 43%"" hover=""glow"" link=""#""] [text_box width__sm=""60"" position_x=""50"" position_y=""50""] [/text_box] [/ux_banner] [/col_grid] [/ux_banner_grid] [/col] [/row] [gap height=""80px"" height__md=""40px""] [/section]
[/section label=""Intro & Numbers"" bg_color=""rgb(237, 233, 227)""][/row width=""custom"" custom_width=""1200px""][/col span__sm=""12"" margin=""-150px 0px 0px 0px"" margin__sm=""-100px 0px 0px 0px"" bg_color=""rgb(255, 255, 255)""][/row_inner width=""custom"" custom_width=""1200px"" v_align=""middle"" h_align=""right""][/col_inner span=""6"" span__sm=""12"" span__md=""12"" padding=""50px 50px 50px 70px"" padding__sm=""10px 30px 0px 30px"" padding__md=""0 50px 20px 50px""][/gap height=""50px"" height__sm=""5px""][/ux_text font_size=""1.75""][//ux_text][/button text=""Haz tu reserva"" color=""secondary"" padding=""5px 30px 5px 30px"" radius=""30"" expand=""0""][//col_inner][/col_inner span=""6"" span__sm=""12"" span__md=""12"" force_first=""medium"" padding=""50px 50px 20px 0px"" padding__sm=""20px 20px 10px 20px"" padding__md=""50px 50px 0 50px""][/ux_banner height=""500px"" height__sm=""300px"" height__md=""400px"" bg=""24130"" bg_color=""rgb(255, 255, 255)"" bg_pos=""95% 100%""][/text_box width__sm=""60"" position_x=""50"" position_y=""50""][//text_box][//ux_banner][//col_inner][//row_inner][//col][//row][/gap height=""55px"" height__sm=""15px""][/row col_style=""solid""][/col span=""4"" span__sm=""12"" align=""center""][/ux_text font_size=""2.5"" text_align=""center""][//ux_text][/ux_text text_align=""center""][//ux_text][//col][/col span=""4"" span__sm=""12"" align=""center""][/ux_text font_size=""2.5"" text_align=""center""][//ux_text][/ux_text text_align=""center""][//ux_text][//col][/col span=""4"" span__sm=""12"" align=""center""][/ux_text font_size=""2.5"" text_align=""center""][//ux_text][/ux_text text_align=""center""][//ux_text][//col][//row][/gap][//section][/section label=""Historia"" bg_color=""rgb(237, 233, 227)""][/row width=""custom"" custom_width=""1200px""][/col span__sm=""12"" margin=""-100px 0px 0px 0px"" bg_color=""rgb(255, 255, 255)""][/row_inner width=""custom"" custom_width=""1200px""][/col_inner span__sm=""12"" padding=""50px 50px 0px 50px"" padding__sm=""50px 20px 0px 20px""][/ux_text text_align=""center""][//ux_text][/ux_text font_size=""1.75"" font_size__sm=""2"" text_align=""center""][//ux_text][//col_inner][//row_inner][/row_inner width=""custom"" custom_width=""1200px"" h_align=""center""][/col_inner span=""6"" span__sm=""12"" padding=""0px 10px 0px 60px"" padding__sm=""0px 30px 0px 30px"" padding__md=""0px 0px 0px 50px"" margin=""-25px 0px 0px 0px"" margin__sm=""-20px 0px 0px 0px""][//col_inner][/col_inner span=""6"" span__sm=""12"" padding=""0px 60px 0px 10px"" padding__sm=""0px 30px 0px 30px"" padding__md=""0px 20px 0px 30px"" margin=""-25px 0px 0px 0px"" margin__sm=""-20px 0px 0px 0px"" border=""0px 0px 0px 3px"" border_margin=""0px 0px 0px -17px""][//col_inner][//row_inner][//col][//row][//section][/section label=""Llamado a la Acción"" bg=""24137"" bg_pos=""74% 51%"" height=""400px""][/gap][/row col_bg=""rgb(255, 255, 255)"" width=""custom"" custom_width=""1200px""][/col span__sm=""12"" padding=""50px 50px 50px 50px"" align=""center""][/gap height=""15px""][/ux_text text_align=""center""][//ux_text][/ux_text font_size=""1.75"" text_align=""center""][//ux_text][/button text=""Ponte en contacto"" color=""secondary"" padding=""5px 30px 5px 30px"" radius=""30""][//col][//row][//section][/section label=""Hero Text"" padding=""0px""][/row width=""custom"" custom_width=""1200px"" v_align=""bottom""][/col span=""10"" span__sm=""12"" span__md=""9""][/gap height=""150px"" height__sm=""100px""][/ux_text font_size=""1"" font_size__sm=""1"" font_size__md=""0.75""][//ux_text][//col][/col span=""2"" span__sm=""12"" span__md=""3"" align=""right""][/button text=""Solicitar ahora"" color=""secondary"" padding=""5px 30px 5px 30px"" radius=""30"" expand=""true""][//col][//row][//section][/section label=""Hero Image"" bg=""24125"" bg_pos=""48% 62%"" parallax=""7"" height=""550px"" height__sm=""350px"" height__md=""450px""][//section][/section label=""Image Section"" bg=""24128"" parallax=""7"" height=""400px"" height__sm=""300px"" height__md=""350px""][//section][/section label=""Galería"" bg_color=""rgb(237, 233, 227)""][/row width=""custom"" custom_width=""1200px""][/col span__sm=""12""][/ux_banner_grid spacing=""xsmall"" height=""561"" height__md=""373"" width=""full-width""][/col_grid span=""3"" span__sm=""12"" height=""2-3""][/ux_banner height=""500px"" height__md=""300px"" bg=""24132"" bg_color=""rgb(237, 233, 227)"" bg_pos=""42% 86%"" hover=""glow"" link=""#""][/text_box width__sm=""60"" position_x=""50"" position_y=""50""][//text_box][//ux_banner][//col_grid][/col_grid span=""6"" span__sm=""12""][/ux_banner height=""500px"" height__md=""400px"" bg=""24127"" bg_color=""rgb(237, 233, 227)"" hover=""glow"" link=""#""][/text_box width__sm=""60"" position_x=""50"" position_y=""50""][//text_box][//ux_banner][//col_grid][/col_grid span=""3"" span__sm=""12"" height=""1-3""][/ux_banner height=""500px"" height__md=""300px"" bg=""24134"" bg_color=""rgb(237, 233, 227)"" bg_pos=""42% 86%"" hover=""glow"" link=""#""][/text_box width__sm=""60"" position_x=""50"" position_y=""50""][//text_box][//ux_banner][//col_grid][/col_grid span=""3"" span__sm=""12"" height=""2-3""][/ux_banner height=""500px"" height__md=""300px"" bg=""24130"" bg_color=""rgb(237, 233, 227)"" bg_pos=""90% 96%"" hover=""glow"" link=""#""][/text_box width__sm=""60"" position_x=""50"" position_y=""50""][//text_box][//ux_banner][//col_grid][/col_grid span=""3"" span__sm=""12"" height=""1-3""][/ux_banner height=""500px"" height__md=""300px"" bg=""24126"" bg_color=""rgb(237, 233, 227)"" bg_pos=""100% 43%"" hover=""glow"" link=""#""][/text_box width__sm=""60"" position_x=""50"" position_y=""50""][//text_box][//ux_banner][//col_grid][//ux_banner_grid][//col][//row][/gap height=""80px"" height__md=""40px""][//section]
[section label=""Intro & Numbers"" bg_color=""rgb(237, 233, 227)""] [row width=""custom"" custom_width=""1200px""] [col span__sm=""12"" margin=""-150px 0px 0px 0px"" margin__sm=""-100px 0px 0px 0px"" bg_color=""rgb(255, 255, 255)""] [row_inner width=""custom"" custom_width=""1200px"" v_align=""middle"" h_align=""right""] [col_inner span=""6"" span__sm=""12"" span__md=""12"" padding=""50px 50px 50px 70px"" padding__sm=""10px 30px 0px 30px"" padding__md=""0 50px 20px 50px""] [gap height=""50px"" height__sm=""5px""] <h6>elegancia y tecnología</h6> [ux_text font_size=""1.75""] <h2>Avanza a tu ritmo</h2> [/ux_text] <p>En Viaweb, ofrecemos soluciones tecnológicas avanzadas que integran sistemas de ERP y CRM, desarrollo web y comercio electrónico, y herramientas de inteligencia de negocios. Nuestro enfoque personalizado asegura que cada cliente obtenga el máximo beneficio.</p> [button text=""Haz tu reserva"" color=""secondary"" padding=""5px 30px 5px 30px"" radius=""30"" expand=""0""] [/col_inner] [col_inner span=""6"" span__sm=""12"" span__md=""12"" force_first=""medium"" padding=""50px 50px 20px 0px"" padding__sm=""20px 20px 10px 20px"" padding__md=""50px 50px 0 50px""] [ux_banner height=""500px"" height__sm=""300px"" height__md=""400px"" bg=""24130"" bg_color=""rgb(255, 255, 255)"" bg_pos=""95% 100%""] [text_box width__sm=""60"" position_x=""50"" position_y=""50""] [/text_box] [/ux_banner] [/col_inner] [/row_inner] [/col] [/row] [gap height=""55px"" height__sm=""15px""] [row col_style=""solid""] [col span=""4"" span__sm=""12"" align=""center""] [ux_text font_size=""2.5"" text_align=""center""] <h3><span class=""count-up"">365</span></h3> [/ux_text] [ux_text text_align=""center""] <h6>Días de servicio al año</h6> [/ux_text] [/col] [col span=""4"" span__sm=""12"" align=""center""] [ux_text font_size=""2.5"" text_align=""center""] <h3><span class=""count-up"">1750</span></h3> [/ux_text] [ux_text text_align=""center""] <h6>Clientes satisfechos</h6> [/ux_text] [/col] [col span=""4"" span__sm=""12"" align=""center""] [ux_text font_size=""2.5"" text_align=""center""] <h3><span class=""count-up"">145</span></h3> [/ux_text] [ux_text text_align=""center""] <h6>Soluciones disponibles</h6> [/ux_text] [/col] [/row] [gap] [/section] [section label=""Historia"" bg_color=""rgb(237, 233, 227)""] [row width=""custom"" custom_width=""1200px""] [col span__sm=""12"" margin=""-100px 0px 0px 0px"" bg_color=""rgb(255, 255, 255)""] [row_inner width=""custom"" custom_width=""1200px""] [col_inner span__sm=""12"" padding=""50px 50px 0px 50px"" padding__sm=""50px 20px 0px 20px""] [ux_text text_align=""center""] <h6>Apreciamos la calidad</h6> [/ux_text] [ux_text font_size=""1.75"" font_size__sm=""2"" text_align=""center""] <h2>Soluciones tecnológicas icónicas</h2> [/ux_text] [/col_inner] [/row_inner] [row_inner width=""custom"" custom_width=""1200px"" h_align=""center""] [col_inner span=""6"" span__sm=""12"" padding=""0px 10px 0px 60px"" padding__sm=""0px 30px 0px 30px"" padding__md=""0px 0px 0px 50px"" margin=""-25px 0px 0px 0px"" margin__sm=""-20px 0px 0px 0px""] <p>Implementamos tecnologías avanzadas como inteligencia artificial y soluciones en la nube para optimizar los procesos empresariales. Nuestra experiencia en integraciones asegura que cada cliente obtenga el máximo rendimiento de sus sistemas.</p> [/col_inner] [col_inner span=""6"" span__sm=""12"" padding=""0px 60px 0px 10px"" padding__sm=""0px 30px 0px 30px"" padding__md=""0px 20px 0px 30px"" margin=""-25px 0px 0px 0px"" margin__sm=""-20px 0px 0px 0px"" border=""0px 0px 0px 3px"" border_margin=""0px 0px 0px -17px""] <p>Además, ofrecemos formación y capacitación para asegurar que tu equipo esté preparado para utilizar las nuevas herramientas eficientemente.</p> [/col_inner] [/row_inner] [/col] [/row] [/section] [section label=""Llamado a la Acción"" bg=""24137"" bg_pos=""74% 51%"" height=""400px""] [gap] [row col_bg=""rgb(255, 255, 255)"" width=""custom"" custom_width=""1200px""] [col span__sm=""12"" padding=""50px 50px 50px 50px"" align=""center""] [gap height=""15px""] [ux_text text_align=""center""] <h6>Contáctanos</h6> [/ux_text] [ux_text font_size=""1.75"" text_align=""center""] <h2>¿Tienes alguna pregunta?</h2> [/ux_text] [button text=""Ponte en contacto"" color=""secondary"" padding=""5px 30px 5px 30px"" radius=""30""] [/col] [/row] [/section] [section label=""Hero Text"" padding=""0px""] [row width=""custom"" custom_width=""1200px"" v_align=""bottom""] [col span=""10"" span__sm=""12"" span__md=""9""] [gap height=""150px"" height__sm=""100px""] [ux_text font_size=""1"" font_size__sm=""1"" font_size__md=""0.75""] <h2><span style=""font-size: 190%;"">Tu comodidad es nuestra única prioridad</span></h2> [/ux_text] [/col] [col span=""2"" span__sm=""12"" span__md=""3"" align=""right""] [button text=""Solicitar ahora"" color=""secondary"" padding=""5px 30px 5px 30px"" radius=""30"" expand=""true""] [/col] [/row] [/section] [section label=""Hero Image"" bg=""24125"" bg_pos=""48% 62%"" parallax=""7"" height=""550px"" height__sm=""350px"" height__md=""450px""] [/section] [section label=""Image Section"" bg=""24128"" parallax=""7"" height=""400px"" height__sm=""300px"" height__md=""350px""] [/section] [section label=""Galería"" bg_color=""rgb(237, 233, 227)""] [row width=""custom"" custom_width=""1200px""] [col span__sm=""12""] [ux_banner_grid spacing=""xsmall"" height=""561"" height__md=""373"" width=""full-width""] [col_grid span=""3"" span__sm=""12"" height=""2-3""] [ux_banner height=""500px"" height__md=""300px"" bg=""24132"" bg_color=""rgb(237, 233, 227)"" bg_pos=""42% 86%"" hover=""glow"" link=""#""] [text_box width__sm=""60"" position_x=""50"" position_y=""50""] [/text_box] [/ux_banner] [/col_grid] [col_grid span=""6"" span__sm=""12""] [ux_banner height=""500px"" height__md=""400px"" bg=""24127"" bg_color=""rgb(237, 233, 227)"" hover=""glow"" link=""#""] [text_box width__sm=""60"" position_x=""50"" position_y=""50""] [/text_box] [/ux_banner] [/col_grid] [col_grid span=""3"" span__sm=""12"" height=""1-3""] [ux_banner height=""500px"" height__md=""300px"" bg=""24134"" bg_color=""rgb(237, 233, 227)"" bg_pos=""42% 86%"" hover=""glow"" link=""#""] [text_box width__sm=""60"" position_x=""50"" position_y=""50""] [/text_box] [/ux_banner] [/col_grid] [col_grid span=""3"" span__sm=""12"" height=""2-3""] [ux_banner height=""500px"" height__md=""300px"" bg=""24130"" bg_color=""rgb(237, 233, 227)"" bg_pos=""90% 96%"" hover=""glow"" link=""#""] [text_box width__sm=""60"" position_x=""50"" position_y=""50""] [/text_box] [/ux_banner] [/col_grid] [col_grid span=""3"" span__sm=""12"" height=""1-3""] [ux_banner height=""500px"" height__md=""300px"" bg=""24126"" bg_color=""rgb(237, 233, 227)"" bg_pos=""100% 43%"" hover=""glow"" link=""#""] [text_box width__sm=""60"" position_x=""50"" position_y=""50""] [/text_box] [/ux_banner] [/col_grid] [/ux_banner_grid] [/col] [/row] [gap height=""80px"" height__md=""40px""] [/section]
[/section label=""Intro & Numbers"" bg_color=""rgb(237, 233, 227)""][/row width=""custom"" custom_width=""1200px""][/col span__sm=""12"" margin=""-150px 0px 0px 0px"" margin__sm=""-100px 0px 0px 0px"" bg_color=""rgb(255, 255, 255)""][/row_inner width=""custom"" custom_width=""1200px"" v_align=""middle"" h_align=""right""][/col_inner span=""6"" span__sm=""12"" span__md=""12"" padding=""50px 50px 50px 70px"" padding__sm=""10px 30px 0px 30px"" padding__md=""0 50px 20px 50px""][/gap height=""50px"" height__sm=""5px""][/ux_text font_size=""1.75""][//ux_text][/button text=""Haz tu reserva"" color=""secondary"" padding=""5px 30px 5px 30px"" radius=""30"" expand=""0""][//col_inner][/col_inner span=""6"" span__sm=""12"" span__md=""12"" force_first=""medium"" padding=""50px 50px 20px 0px"" padding__sm=""20px 20px 10px 20px"" padding__md=""50px 50px 0 50px""][/ux_banner height=""500px"" height__sm=""300px"" height__md=""400px"" bg=""24130"" bg_color=""rgb(255, 255, 255)"" bg_pos=""95% 100%""][/text_box width__sm=""60"" position_x=""50"" position_y=""50""][//text_box][//ux_banner][//col_inner][//row_inner][//col][//row][/gap height=""55px"" height__sm=""15px""][/row col_style=""solid""][/col span=""4"" span__sm=""12"" align=""center""][/ux_text font_size=""2.5"" text_align=""center""][//ux_text][/ux_text text_align=""center""][//ux_text][//col][/col span=""4"" span__sm=""12"" align=""center""][/ux_text font_size=""2.5"" text_align=""center""][//ux_text][/ux_text text_align=""center""][//ux_text][//col][/col span=""4"" span__sm=""12"" align=""center""][/ux_text font_size=""2.5"" text_align=""center""][//ux_text][/ux_text text_align=""center""][//ux_text][//col][//row][/gap][//section][/section label=""Historia"" bg_color=""rgb(237, 233, 227)""][/row width=""custom"" custom_width=""1200px""][/col span__sm=""12"" margin=""-100px 0px 0px 0px"" bg_color=""rgb(255, 255, 255)""][/row_inner width=""custom"" custom_width=""1200px""][/col_inner span__sm=""12"" padding=""50px 50px 0px 50px"" padding__sm=""50px 20px 0px 20px""][/ux_text text_align=""center""][//ux_text][/ux_text font_size=""1.75"" font_size__sm=""2"" text_align=""center""][//ux_text][//col_inner][//row_inner][/row_inner width=""custom"" custom_width=""1200px"" h_align=""center""][/col_inner span=""6"" span__sm=""12"" padding=""0px 10px 0px 60px"" padding__sm=""0px 30px 0px 30px"" padding__md=""0px 0px 0px 50px"" margin=""-25px 0px 0px 0px"" margin__sm=""-20px 0px 0px 0px""][//col_inner][/col_inner span=""6"" span__sm=""12"" padding=""0px 60px 0px 10px"" padding__sm=""0px 30px 0px 30px"" padding__md=""0px 20px 0px 30px"" margin=""-25px 0px 0px 0px"" margin__sm=""-20px 0px 0px 0px"" border=""0px 0px 0px 3px"" border_margin=""0px 0px 0px -17px""][//col_inner][//row_inner][//col][//row][//section][/section label=""Llamado a la Acción"" bg=""24137"" bg_pos=""74% 51%"" height=""400px""][/gap][/row col_bg=""rgb(255, 255, 255)"" width=""custom"" custom_width=""1200px""][/col span__sm=""12"" padding=""50px 50px 50px 50px"" align=""center""][/gap height=""15px""][/ux_text text_align=""center""][//ux_text][/ux_text font_size=""1.75"" text_align=""center""][//ux_text][/button text=""Ponte en contacto"" color=""secondary"" padding=""5px 30px 5px 30px"" radius=""30""][//col][//row][//section][/section label=""Hero Text"" padding=""0px""][/row width=""custom"" custom_width=""1200px"" v_align=""bottom""][/col span=""10"" span__sm=""12"" span__md=""9""][/gap height=""150px"" height__sm=""100px""][/ux_text font_size=""1"" font_size__sm=""1"" font_size__md=""0.75""][//ux_text][//col][/col span=""2"" span__sm=""12"" span__md=""3"" align=""right""][/button text=""Solicitar ahora"" color=""secondary"" padding=""5px 30px 5px 30px"" radius=""30"" expand=""true""][//col][//row][//section][/section label=""Hero Image"" bg=""24125"" bg_pos=""48% 62%"" parallax=""7"" height=""550px"" height__sm=""350px"" height__md=""450px""][//section][/section label=""Image Section"" bg=""24128"" parallax=""7"" height=""400px"" height__sm=""300px"" height__md=""350px""][//section][/section label=""Galería"" bg_color=""rgb(237, 233, 227)""][/row width=""custom"" custom_width=""1200px""][/col span__sm=""12""][/ux_banner_grid spacing=""xsmall"" height=""561"" height__md=""373"" width=""full-width""][/col_grid span=""3"" span__sm=""12"" height=""2-3""][/ux_banner height=""500px"" height__md=""300px"" bg=""24132"" bg_color=""rgb(237, 233, 227)"" bg_pos=""42% 86%"" hover=""glow"" link=""#""][/text_box width__sm=""60"" position_x=""50"" position_y=""50""][//text_box][//ux_banner][//col_grid][/col_grid span=""6"" span__sm=""12""][/ux_banner height=""500px"" height__md=""400px"" bg=""24127"" bg_color=""rgb(237, 233, 227)"" hover=""glow"" link=""#""][/text_box width__sm=""60"" position_x=""50"" position_y=""50""][//text_box][//ux_banner][//col_grid][/col_grid span=""3"" span__sm=""12"" height=""1-3""][/ux_banner height=""500px"" height__md=""300px"" bg=""24134"" bg_color=""rgb(237, 233, 227)"" bg_pos=""42% 86%"" hover=""glow"" link=""#""][/text_box width__sm=""60"" position_x=""50"" position_y=""50""][//text_box][//ux_banner][//col_grid][/col_grid span=""3"" span__sm=""12"" height=""2-3""][/ux_banner height=""500px"" height__md=""300px"" bg=""24130"" bg_color=""rgb(237, 233, 227)"" bg_pos=""90% 96%"" hover=""glow"" link=""#""][/text_box width__sm=""60"" position_x=""50"" position_y=""50""][//text_box][//ux_banner][//col_grid][/col_grid span=""3"" span__sm=""12"" height=""1-3""][/ux_banner height=""500px"" height__md=""300px"" bg=""24126"" bg_color=""rgb(237, 233, 227)"" bg_pos=""100% 43%"" hover=""glow"" link=""#""][/text_box width__sm=""60"" position_x=""50"" position_y=""50""][//text_box][//ux_banner][//col_grid][//ux_banner_grid][//col][//row][/gap height=""80px"" height__md=""40px""][//section]
[section label=""Intro & Numbers"" bg_color=""rgb(237, 233, 227)""] [row width=""custom"" custom_width=""1200px""] [col span__sm=""12"" margin=""-150px 0px 0px 0px"" margin__sm=""-100px 0px 0px 0px"" bg_color=""rgb(255, 255, 255)""] [row_inner width=""custom"" custom_width=""1200px"" v_align=""middle"" h_align=""right""] [col_inner span=""6"" span__sm=""12"" span__md=""12"" padding=""50px 50px 50px 70px"" padding__sm=""10px 30px 0px 30px"" padding__md=""0 50px 20px 50px""] [gap height=""50px"" height__sm=""5px""] <h6>elegancia y tecnología</h6> [ux_text font_size=""1.75""] <h2>Avanza a tu ritmo</h2> [/ux_text] <p>En Viaweb, ofrecemos soluciones tecnológicas avanzadas que integran sistemas de ERP y CRM, desarrollo web y comercio electrónico, y herramientas de inteligencia de negocios. Nuestro enfoque personalizado asegura que cada cliente obtenga el máximo beneficio.</p> [button text=""Haz tu reserva"" color=""secondary"" padding=""5px 30px 5px 30px"" radius=""30"" expand=""0""] [/col_inner] [col_inner span=""6"" span__sm=""12"" span__md=""12"" force_first=""medium"" padding=""50px 50px 20px 0px"" padding__sm=""20px 20px 10px 20px"" padding__md=""50px 50px 0 50px""] [ux_banner height=""500px"" height__sm=""300px"" height__md=""400px"" bg=""24130"" bg_color=""rgb(255, 255, 255)"" bg_pos=""95% 100%""] [text_box width__sm=""60"" position_x=""50"" position_y=""50""] [/text_box] [/ux_banner] [/col_inner] [/row_inner] [/col] [/row] [gap height=""55px"" height__sm=""15px""] [row col_style=""solid""] [col span=""4"" span__sm=""12"" align=""center""] [ux_text font_size=""2.5"" text_align=""center""] <h3><span class=""count-up"">365</span></h3> [/ux_text] [ux_text text_align=""center""] <h6>Días de servicio al año</h6> [/ux_text] [/col] [col span=""4"" span__sm=""12"" align=""center""] [ux_text font_size=""2.5"" text_align=""center""] <h3><span class=""count-up"">1750</span></h3> [/ux_text] [ux_text text_align=""center""] <h6>Clientes satisfechos</h6> [/ux_text] [/col] [col span=""4"" span__sm=""12"" align=""center""] [ux_text font_size=""2.5"" text_align=""center""] <h3><span class=""count-up"">145</span></h3> [/ux_text] [ux_text text_align=""center""] <h6>Soluciones disponibles</h6> [/ux_text] [/col] [/row] [gap] [/section] [section label=""Historia"" bg_color=""rgb(237, 233, 227)""] [row width=""custom"" custom_width=""1200px""] [col span__sm=""12"" margin=""-100px 0px 0px 0px"" bg_color=""rgb(255, 255, 255)""] [row_inner width=""custom"" custom_width=""1200px""] [col_inner span__sm=""12"" padding=""50px 50px 0px 50px"" padding__sm=""50px 20px 0px 20px""] [ux_text text_align=""center""] <h6>Apreciamos la calidad</h6> [/ux_text] [ux_text font_size=""1.75"" font_size__sm=""2"" text_align=""center""] <h2>Soluciones tecnológicas icónicas</h2> [/ux_text] [/col_inner] [/row_inner] [row_inner width=""custom"" custom_width=""1200px"" h_align=""center""] [col_inner span=""6"" span__sm=""12"" padding=""0px 10px 0px 60px"" padding__sm=""0px 30px 0px 30px"" padding__md=""0px 0px 0px 50px"" margin=""-25px 0px 0px 0px"" margin__sm=""-20px 0px 0px 0px""] <p>Implementamos tecnologías avanzadas como inteligencia artificial y soluciones en la nube para optimizar los procesos empresariales. Nuestra experiencia en integraciones asegura que cada cliente obtenga el máximo rendimiento de sus sistemas.</p> [/col_inner] [col_inner span=""6"" span__sm=""12"" padding=""0px 60px 0px 10px"" padding__sm=""0px 30px 0px 30px"" padding__md=""0px 20px 0px 30px"" margin=""-25px 0px 0px 0px"" margin__sm=""-20px 0px 0px 0px"" border=""0px 0px 0px 3px"" border_margin=""0px 0px 0px -17px""] <p>Además, ofrecemos formación y capacitación para asegurar que tu equipo esté preparado para utilizar las nuevas herramientas eficientemente.</p> [/col_inner] [/row_inner] [/col] [/row] [/section] [section label=""Llamado a la Acción"" bg=""24137"" bg_pos=""74% 51%"" height=""400px""] [gap] [row col_bg=""rgb(255, 255, 255)"" width=""custom"" custom_width=""1200px""] [col span__sm=""12"" padding=""50px 50px 50px 50px"" align=""center""] [gap height=""15px""] [ux_text text_align=""center""] <h6>Contáctanos</h6> [/ux_text] [ux_text font_size=""1.75"" text_align=""center""] <h2>¿Tienes alguna pregunta?</h2> [/ux_text] [button text=""Ponte en contacto"" color=""secondary"" padding=""5px 30px 5px 30px"" radius=""30""] [/col] [/row] [/section] [section label=""Hero Text"" padding=""0px""] [row width=""custom"" custom_width=""1200px"" v_align=""bottom""] [col span=""10"" span__sm=""12"" span__md=""9""] [gap height=""150px"" height__sm=""100px""] [ux_text font_size=""1"" font_size__sm=""1"" font_size__md=""0.75""] <h2><span style=""font-size: 190%;"">Tu comodidad es nuestra única prioridad</span></h2> [/ux_text] [/col] [col span=""2"" span__sm=""12"" span__md=""3"" align=""right""] [button text=""Solicitar ahora"" color=""secondary"" padding=""5px 30px 5px 30px"" radius=""30"" expand=""true""] [/col] [/row] [/section] [section label=""Hero Image"" bg=""24125"" bg_pos=""48% 62%"" parallax=""7"" height=""550px"" height__sm=""350px"" height__md=""450px""] [/section] [section label=""Image Section"" bg=""24128"" parallax=""7"" height=""400px"" height__sm=""300px"" height__md=""350px""] [/section] [section label=""Galería"" bg_color=""rgb(237, 233, 227)""] [row width=""custom"" custom_width=""1200px""] [col span__sm=""12""] [ux_banner_grid spacing=""xsmall"" height=""561"" height__md=""373"" width=""full-width""] [col_grid span=""3"" span__sm=""12"" height=""2-3""] [ux_banner height=""500px"" height__md=""300px"" bg=""24132"" bg_color=""rgb(237, 233, 227)"" bg_pos=""42% 86%"" hover=""glow"" link=""#""] [text_box width__sm=""60"" position_x=""50"" position_y=""50""] [/text_box] [/ux_banner] [/col_grid] [col_grid span=""6"" span__sm=""12""] [ux_banner height=""500px"" height__md=""400px"" bg=""24127"" bg_color=""rgb(237, 233, 227)"" hover=""glow"" link=""#""] [text_box width__sm=""60"" position_x=""50"" position_y=""50""] [/text_box] [/ux_banner] [/col_grid] [col_grid span=""3"" span__sm=""12"" height=""1-3""] [ux_banner height=""500px"" height__md=""300px"" bg=""24134"" bg_color=""rgb(237, 233, 227)"" bg_pos=""42% 86%"" hover=""glow"" link=""#""] [text_box width__sm=""60"" position_x=""50"" position_y=""50""] [/text_box] [/ux_banner] [/col_grid] [col_grid span=""3"" span__sm=""12"" height=""2-3""] [ux_banner height=""500px"" height__md=""300px"" bg=""24130"" bg_color=""rgb(237, 233, 227)"" bg_pos=""90% 96%"" hover=""glow"" link=""#""] [text_box width__sm=""60"" position_x=""50"" position_y=""50""] [/text_box] [/ux_banner] [/col_grid] [col_grid span=""3"" span__sm=""12"" height=""1-3""] [ux_banner height=""500px"" height__md=""300px"" bg=""24126"" bg_color=""rgb(237, 233, 227)"" bg_pos=""100% 43%"" hover=""glow"" link=""#""] [text_box width__sm=""60"" position_x=""50"" position_y=""50""] [/text_box] [/ux_banner] [/col_grid] [/ux_banner_grid] [/col] [/row] [gap height=""80px"" height__md=""40px""] [/section]
[/section label=""Intro & Numbers"" bg_color=""rgb(237, 233, 227)""][/row width=""custom"" custom_width=""1200px""][/col span__sm=""12"" margin=""-150px 0px 0px 0px"" margin__sm=""-100px 0px 0px 0px"" bg_color=""rgb(255, 255, 255)""][/row_inner width=""custom"" custom_width=""1200px"" v_align=""middle"" h_align=""right""][/col_inner span=""6"" span__sm=""12"" span__md=""12"" padding=""50px 50px 50px 70px"" padding__sm=""10px 30px 0px 30px"" padding__md=""0 50px 20px 50px""][/gap height=""50px"" height__sm=""5px""][/ux_text font_size=""1.75""][//ux_text][/button text=""Haz tu reserva"" color=""secondary"" padding=""5px 30px 5px 30px"" radius=""30"" expand=""0""][//col_inner][/col_inner span=""6"" span__sm=""12"" span__md=""12"" force_first=""medium"" padding=""50px 50px 20px 0px"" padding__sm=""20px 20px 10px 20px"" padding__md=""50px 50px 0 50px""][/ux_banner height=""500px"" height__sm=""300px"" height__md=""400px"" bg=""24130"" bg_color=""rgb(255, 255, 255)"" bg_pos=""95% 100%""][/text_box width__sm=""60"" position_x=""50"" position_y=""50""][//text_box][//ux_banner][//col_inner][//row_inner][//col][//row][/gap height=""55px"" height__sm=""15px""][/row col_style=""solid""][/col span=""4"" span__sm=""12"" align=""center""][/ux_text font_size=""2.5"" text_align=""center""][//ux_text][/ux_text text_align=""center""][//ux_text][//col][/col span=""4"" span__sm=""12"" align=""center""][/ux_text font_size=""2.5"" text_align=""center""][//ux_text][/ux_text text_align=""center""][//ux_text][//col][/col span=""4"" span__sm=""12"" align=""center""][/ux_text font_size=""2.5"" text_align=""center""][//ux_text][/ux_text text_align=""center""][//ux_text][//col][//row][/gap][//section][/section label=""Historia"" bg_color=""rgb(237, 233, 227)""][/row width=""custom"" custom_width=""1200px""][/col span__sm=""12"" margin=""-100px 0px 0px 0px"" bg_color=""rgb(255, 255, 255)""][/row_inner width=""custom"" custom_width=""1200px""][/col_inner span__sm=""12"" padding=""50px 50px 0px 50px"" padding__sm=""50px 20px 0px 20px""][/ux_text text_align=""center""][//ux_text][/ux_text font_size=""1.75"" font_size__sm=""2"" text_align=""center""][//ux_text][//col_inner][//row_inner][/row_inner width=""custom"" custom_width=""1200px"" h_align=""center""][/col_inner span=""6"" span__sm=""12"" padding=""0px 10px 0px 60px"" padding__sm=""0px 30px 0px 30px"" padding__md=""0px 0px 0px 50px"" margin=""-25px 0px 0px 0px"" margin__sm=""-20px 0px 0px 0px""][//col_inner][/col_inner span=""6"" span__sm=""12"" padding=""0px 60px 0px 10px"" padding__sm=""0px 30px 0px 30px"" padding__md=""0px 20px 0px 30px"" margin=""-25px 0px 0px 0px"" margin__sm=""-20px 0px 0px 0px"" border=""0px 0px 0px 3px"" border_margin=""0px 0px 0px -17px""][//col_inner][//row_inner][//col][//row][//section][/section label=""Llamado a la Acción"" bg=""24137"" bg_pos=""74% 51%"" height=""400px""][/gap][/row col_bg=""rgb(255, 255, 255)"" width=""custom"" custom_width=""1200px""][/col span__sm=""12"" padding=""50px 50px 50px 50px"" align=""center""][/gap height=""15px""][/ux_text text_align=""center""][//ux_text][/ux_text font_size=""1.75"" text_align=""center""][//ux_text][/button text=""Ponte en contacto"" color=""secondary"" padding=""5px 30px 5px 30px"" radius=""30""][//col][//row][//section][/section label=""Hero Text"" padding=""0px""][/row width=""custom"" custom_width=""1200px"" v_align=""bottom""][/col span=""10"" span__sm=""12"" span__md=""9""][/gap height=""150px"" height__sm=""100px""][/ux_text font_size=""1"" font_size__sm=""1"" font_size__md=""0.75""][//ux_text][//col][/col span=""2"" span__sm=""12"" span__md=""3"" align=""right""][/button text=""Solicitar ahora"" color=""secondary"" padding=""5px 30px 5px 30px"" radius=""30"" expand=""true""][//col][//row][//section][/section label=""Hero Image"" bg=""24125"" bg_pos=""48% 62%"" parallax=""7"" height=""550px"" height__sm=""350px"" height__md=""450px""][//section][/section label=""Image Section"" bg=""24128"" parallax=""7"" height=""400px"" height__sm=""300px"" height__md=""350px""][//section][/section label=""Galería"" bg_color=""rgb(237, 233, 227)""][/row width=""custom"" custom_width=""1200px""][/col span__sm=""12""][/ux_banner_grid spacing=""xsmall"" height=""561"" height__md=""373"" width=""full-width""][/col_grid span=""3"" span__sm=""12"" height=""2-3""][/ux_banner height=""500px"" height__md=""300px"" bg=""24132"" bg_color=""rgb(237, 233, 227)"" bg_pos=""42% 86%"" hover=""glow"" link=""#""][/text_box width__sm=""60"" position_x=""50"" position_y=""50""][//text_box][//ux_banner][//col_grid][/col_grid span=""6"" span__sm=""12""][/ux_banner height=""500px"" height__md=""400px"" bg=""24127"" bg_color=""rgb(237, 233, 227)"" hover=""glow"" link=""#""][/text_box width__sm=""60"" position_x=""50"" position_y=""50""][//text_box][//ux_banner][//col_grid][/col_grid span=""3"" span__sm=""12"" height=""1-3""][/ux_banner height=""500px"" height__md=""300px"" bg=""24134"" bg_color=""rgb(237, 233, 227)"" bg_pos=""42% 86%"" hover=""glow"" link=""#""][/text_box width__sm=""60"" position_x=""50"" position_y=""50""][//text_box][//ux_banner][//col_grid][/col_grid span=""3"" span__sm=""12"" height=""2-3""][/ux_banner height=""500px"" height__md=""300px"" bg=""24130"" bg_color=""rgb(237, 233, 227)"" bg_pos=""90% 96%"" hover=""glow"" link=""#""][/text_box width__sm=""60"" position_x=""50"" position_y=""50""][//text_box][//ux_banner][//col_grid][/col_grid span=""3"" span__sm=""12"" height=""1-3""][/ux_banner height=""500px"" height__md=""300px"" bg=""24126"" bg_color=""rgb(237, 233, 227)"" bg_pos=""100% 43%"" hover=""glow"" link=""#""][/text_box width__sm=""60"" position_x=""50"" position_y=""50""][//text_box][//ux_banner][//col_grid][//ux_banner_grid][//col][//row][/gap height=""80px"" height__md=""40px""][//section]
[section label=""Intro & Numbers"" bg_color=""rgb(237, 233, 227)""]
[row width=""custom"" custom_width=""1200px""]
[col span__sm=""12"" margin=""-150px 0px 0px 0px"" margin__sm=""-100px 0px 0px 0px"" bg_color=""rgb(255, 255, 255)""]
[row_inner width=""custom"" custom_width=""1200px"" v_align=""middle"" h_align=""right""]
[col_inner span=""6"" span__sm=""12"" span__md=""12"" padding=""50px 50px 50px 70px"" padding__sm=""10px 30px 0px 30px"" padding__md=""0 50px 20px 50px""]
[gap height=""50px"" height__sm=""5px""]
<h6>elegancia y tecnología</h6>
[ux_text font_size=""1.75""]
<h2>Avanza a tu ritmo</h2>
[/ux_text]
<p>En Viaweb, ofrecemos soluciones tecnológicas avanzadas que integran sistemas de ERP y CRM, desarrollo web y comercio electrónico, y herramientas de inteligencia de negocios. Nuestro enfoque personalizado asegura que cada cliente obtenga el máximo beneficio.</p>
[button text=""Haz tu reserva"" color=""secondary"" padding=""5px 30px 5px 30px"" radius=""30"" expand=""0""]
[/col_inner]
[col_inner span=""6"" span__sm=""12"" span__md=""12"" force_first=""medium"" padding=""50px 50px 20px 0px"" padding__sm=""20px 20px 10px 20px"" padding__md=""50px 50px 0 50px""]
[ux_banner height=""500px"" height__sm=""300px"" height__md=""400px"" bg=""24130"" bg_color=""rgb(255, 255, 255)"" bg_pos=""95% 100%""]
[text_box width__sm=""60"" position_x=""50"" position_y=""50""]
[/text_box]
[/ux_banner]
[/col_inner]
[/row_inner]
[/col]
[/row]
[gap height=""55px"" height__sm=""15px""]
[row col_style=""solid""]
[col span=""4"" span__sm=""12"" align=""center""]
[ux_text font_size=""2.5"" text_align=""center""]
<h3><span class=""count-up"">365</span></h3>
[/ux_text]
[ux_text text_align=""center""]
<h6>Días de servicio al año</h6>
[/ux_text]
[/col]
[col span=""4"" span__sm=""12"" align=""center""]
[ux_text font_size=""2.5"" text_align=""center""]
<h3><span class=""count-up"">1750</span></h3>
[/ux_text]
[ux_text text_align=""center""]
<h6>Clientes satisfechos</h6>
[/ux_text]
[/col]
[col span=""4"" span__sm=""12"" align=""center""]
[ux_text font_size=""2.5"" text_align=""center""]
<h3><span class=""count-up"">145</span></h3>
[/ux_text]
[ux_text text_align=""center""]
<h6>Soluciones disponibles</h6>
[/ux_text]
[/col]
[/row]
[gap]
[/section]
[section label=""Historia"" bg_color=""rgb(237, 233, 227)""]
[row width=""custom"" custom_width=""1200px""]
[col span__sm=""12"" margin=""-100px 0px 0px 0px"" bg_color=""rgb(255, 255, 255)""]
[row_inner width=""custom"" custom_width=""1200px""]
[col_inner span__sm=""12"" padding=""50px 50px 0px 50px"" padding__sm=""50px 20px 0px 20px""]
[ux_text text_align=""center""]
<h6>Apreciamos la calidad</h6>
[/ux_text]
[ux_text font_size=""1.75"" font_size__sm=""2"" text_align=""center""]
<h2>Soluciones tecnológicas icónicas</h2>
[/ux_text]
[/col_inner]
[/row_inner]
[row_inner width=""custom"" custom_width=""1200px"" h_align=""center""]
[col_inner span=""6"" span__sm=""12"" padding=""0px 10px 0px 60px"" padding__sm=""0px 30px 0px 30px"" padding__md=""0px 0px 0px 50px"" margin=""-25px 0px 0px 0px"" margin__sm=""-20px 0px 0px 0px""]
<p>Implementamos tecnologías avanzadas como inteligencia artificial y soluciones en la nube para optimizar los procesos empresariales. Nuestra experiencia en integraciones asegura que cada cliente obtenga el máximo rendimiento de sus sistemas.</p>
[/col_inner]
[col_inner span=""6"" span__sm=""12"" padding=""0px 60px 0px 10px"" padding__sm=""0px 30px 0px 30px"" padding__md=""0px 20px 0px 30px"" margin=""-25px 0px 0px 0px"" margin__sm=""-20px 0px 0px 0px"" border=""0px 0px 0px 3px"" border_margin=""0px 0px 0px -17px""]
<p>Además, ofrecemos formación y capacitación para asegurar que tu equipo esté preparado para utilizar las nuevas herramientas eficientemente.</p>
[/col_inner]
[/row_inner]
[/col]
[/row]
[/section]
[section label=""Llamado a la Acción"" bg=""24137"" bg_pos=""74% 51%"" height=""400px""]
[gap]
[row col_bg=""rgb(255, 255, 255)"" width=""custom"" custom_width=""1200px""]
[col span__sm=""12"" padding=""50px 50px 50px 50px"" align=""center""]
[gap height=""15px""]
[ux_text text_align=""center""]
<h6>Contáctanos</h6>
[/ux_text]
[ux_text font_size=""1.75"" text_align=""center""]
<h2>¿Tienes alguna pregunta?</h2>
[/ux_text]
[button text=""Ponte en contacto"" color=""secondary"" padding=""5px 30px 5px 30px"" radius=""30""]
[/col]
[/row]
[/section]
[section label=""Hero Text"" padding=""0px""]
[row width=""custom"" custom_width=""1200px"" v_align=""bottom""]
[col span=""10"" span__sm=""12"" span__md=""9""]
[gap height=""150px"" height__sm=""100px""]
[ux_text font_size=""1"" font_size__sm=""1"" font_size__md=""0.75""]
<h2><span style=""font-size: 190%;"">Tu comodidad es nuestra única prioridad</span></h2>
[/ux_text]
[/col]
[col span=""2"" span__sm=""12"" span__md=""3"" align=""right""]
[button text=""Solicitar ahora"" color=""secondary"" padding=""5px 30px 5px 30px"" radius=""30"" expand=""true""]
[/col]
[/row]
[/section]
[section label=""Hero Image"" bg=""24125"" bg_pos=""48% 62%"" parallax=""7"" height=""550px"" height__sm=""350px"" height__md=""450px""]
[/section]
[section label=""Image Section"" bg=""24128"" parallax=""7"" height=""400px"" height__sm=""300px"" height__md=""350px""]
[/section]
[section label=""Galería"" bg_color=""rgb(237, 233, 227)""]
[row width=""custom"" custom_width=""1200px""]
[col span__sm=""12""]
[ux_banner_grid spacing=""xsmall"" height=""561"" height__md=""373"" width=""full-width""]
[col_grid span=""3"" span__sm=""12"" height=""2-3""]
[ux_banner height=""500px"" height__md=""300px"" bg=""24132"" bg_color=""rgb(237, 233, 227)"" bg_pos=""42% 86%"" hover=""glow"" link=""#""]
[text_box width__sm=""60"" position_x=""50"" position_y=""50""]
[/text_box]
[/ux_banner]
[/col_grid]
[col_grid span=""6"" span__sm=""12""]
[ux_banner height=""500px"" height__md=""400px"" bg=""24127"" bg_color=""rgb(237, 233, 227)"" hover=""glow"" link=""#""]
[text_box width__sm=""60"" position_x=""50"" position_y=""50""]
[/text_box]
[/ux_banner]
[/col_grid]
[col_grid span=""3"" span__sm=""12"" height=""1-3""]
[ux_banner height=""500px"" height__md=""300px"" bg=""24134"" bg_color=""rgb(237, 233, 227)"" bg_pos=""42% 86%"" hover=""glow"" link=""#""]
[text_box width__sm=""60"" position_x=""50"" position_y=""50""]
[/text_box]
[/ux_banner]
[/col_grid]
[col_grid span=""3"" span__sm=""12"" height=""2-3""]
[ux_banner height=""500px"" height__md=""300px"" bg=""24130"" bg_color=""rgb(237, 233, 227)"" bg_pos=""90% 96%"" hover=""glow"" link=""#""]
[text_box width__sm=""60"" position_x=""50"" position_y=""50""]
[/text_box]
[/ux_banner]
[/col_grid]
[col_grid span=""3"" span__sm=""12"" height=""1-3""]
[ux_banner height=""500px"" height__md=""300px"" bg=""24126"" bg_color=""rgb(237, 233, 227)"" bg_pos=""100% 43%"" hover=""glow"" link=""#""]
[text_box width__sm=""60"" position_x=""50"" position_y=""50""]
[/text_box]
[/ux_banner]
[/col_grid]
[/ux_banner_grid]
[/col]
[/row]
[gap height=""80px"" height__md=""40px""]
[/section]",Centro de Ayuda Viaweb,Atención al Cliente,Soporte al Cliente,Base de Conocimientos,"Viaweb ofrece soluciones tecnológicas avanzadas que integran ERP, CRM, desarrollo web y comercio electrónico. Nuestro enfoque personalizado garantiza el máximo beneficio para cada cliente, con 365 días de servicio al año, 1750 clientes satisfechos y 145 soluciones disponibles.","Una imagen que muestre a profesionales utilizando dispositivos tecnológicos modernos en un entorno de oficina elegante y luminoso. La imagen debe transmitir la idea de eficiencia, innovación y colaboración, reflejando el enfoque de Viaweb en soluciones tecnológicas avanzadas e integradas."
"[ux_slider]
[section label=""Características Principales"" bg_color=""#f7f5f4"" padding=""60px""]
[ux_text text_align=""center""]
<h6>Servicios de Desarrollo Web</h6> <h3><span style=""font-size: 150%;"">Simplificando la experiencia digital y redefiniendo el comercio electrónico.</span></h3>
[/ux_text]
[gap height=""52px""]
[row style=""large""]
[col span=""4"" span__sm=""12""]
[featured_box img=""https://example.com/nuevo-icono-1.png"" img_width=""40""]
<p></p>
<h4>Automatización de Procesos</h4>
<p>Aumenta la productividad automatizando tareas y flujos de trabajo repetitivos.</p>
[/featured_box]
[/col]
[col span=""4"" span__sm=""12""]
[featured_box img=""https://example.com/nuevo-icono-2.png"" img_width=""40""]
<p></p>
<h4>Analíticas en Tiempo Real</h4>
<p>Toma decisiones informadas con datos actualizados y análisis accionables.</p>
[/featured_box]
[/col]
[col span=""4"" span__sm=""12""]
[featured_box img=""https://example.com/nuevo-icono-3.png"" img_width=""40""]
<p></p>
<h4>Soluciones Escalables</h4>
<p>Haz crecer tu negocio con sistemas ERP que se adaptan a tus necesidades.</p>
[/featured_box]
[/col]
[/row]
[/section]
[section label=""Características Principales"" bg_color=""rgb(247, 245, 244)"" padding=""60px""]
[ux_text text_align=""center""]
<h6>Servicios de Desarrollo Web</h6> <h3><span style=""font-size: 150%;"">Simplificando la experiencia digital y redefiniendo el comercio electrónico.</span></h3>
[/ux_text]
[gap height=""52px""]
[row style=""large""]
[col span=""4"" span__sm=""12""]
[featured_box img=""https://example.com/nuevo-icono-1.png"" img_width=""40""]
<p></p>
<h4>Automatización de Procesos</h4>
<p>Aumenta la productividad automatizando tareas y flujos de trabajo repetitivos.</p>
[/featured_box]
[/col]
[col span=""4"" span__sm=""12""]
[featured_box img=""https://example.com/nuevo-icono-2.png"" img_width=""40""]
<p></p>
<h4>Analíticas en Tiempo Real</h4>
<p>Toma decisiones informadas con datos actualizados y análisis accionables.</p>
[/featured_box]
[/col]
[col span=""4"" span__sm=""12""]
[featured_box img=""https://example.com/nuevo-icono-3.png"" img_width=""40""]
<p></p>
<h4>Soluciones Escalables</h4>
<p>Haz crecer tu negocio con sistemas ERP que se adaptan a tus necesidades.</p>
[/featured_box]
[/col]
[/row]
[/section]
[section label=""Características Principales"" bg_color=""#f7f5f4"" padding=""60px""]
[ux_text text_align=""center""]
<h6>Servicios de Desarrollo Web</h6> <h3><span style=""font-size: 150%;"">Simplificando la experiencia digital y redefiniendo el comercio electrónico.</span></h3>
[/ux_text]
[gap height=""52px""]
[row style=""large""]
[col span=""4"" span__sm=""12""]
[featured_box img=""https://example.com/nuevo-icono-1.png"" img_width=""40""]
<p></p>
<h4>Automatización de Procesos</h4>
<p>Aumenta la productividad automatizando tareas y flujos de trabajo repetitivos.</p>
[/featured_box]
[/col]
[col span=""4"" span__sm=""12""]
[featured_box img=""https://example.com/nuevo-icono-2.png"" img_width=""40""]
<p></p>
<h4>Analíticas en Tiempo Real</h4>
<p>Toma decisiones informadas con datos actualizados y análisis accionables.</p>
[/featured_box]
[/col]
[col span=""4"" span__sm=""12""]
[featured_box img=""https://example.com/nuevo-icono-3.png"" img_width=""40""]
<p></p>
<h4>Soluciones Escalables</h4>
<p>Haz crecer tu negocio con sistemas ERP que se adaptan a tus necesidades.</p>
[/featured_box]
[/col]
[/row]
[/section]
[/ux_slider]
[section label=""Especificaciones"" padding=""80px""]
[row]
[col span__sm=""12"" align=""center""]
<h6 class=""uppercase secondary-color"">Especificaciones Técnicas</h6>
<h2 style=""font-size: 220%;"">Especificaciones del ERP</h2>
<p>Explora las potentes características y capacidades de nuestros sistemas ERP:</p>
[row_inner style=""large""]
[col_inner span=""4"" span__sm=""12""]
[featured_box img=""https://example.com/nuevo-icono-4.png"" img_width=""40""]
<p></p>
<h4>Basado en la Nube</h4>
<p>Accede a tu sistema ERP desde cualquier lugar con hosting seguro en la nube.</p>
[/featured_box]
[/col_inner]
[col_inner span=""4"" span__sm=""12""]
[featured_box img=""https://example.com/nuevo-icono-5.png"" img_width=""40""]
<p></p>
<h4>Soporte Multilenguaje</h4>
<p>Opera a nivel global con soporte para múltiples idiomas.</p>
[/featured_box]
[/col_inner]
[col_inner span=""4"" span__sm=""12""]
[featured_box img=""https://example.com/nuevo-icono-6.png"" img_width=""40""]
<p></p>
<h4>Paneles Personalizados</h4>
<p>Monitorea tus KPIs y métricas con paneles de control fáciles de usar.</p>
[/featured_box]
[/col_inner]
[/row_inner]
[/col]
[/row]
[/section]
[section label=""Características Principales"" bg_color=""#f7f5f4"" padding=""60px""]
[ux_text text_align=""center""]
<h6>Servicios de Desarrollo Web</h6> <h3><span style=""font-size: 150%;"">Simplificando la experiencia digital y redefiniendo el comercio electrónico.</span></h3>
[/ux_text]
[gap height=""52px""]
[row style=""large""]
[col span=""4"" span__sm=""12""]
[featured_box img=""https://example.com/nuevo-icono-1.png"" img_width=""40""]
<br />
<h4>Automatización de Procesos</h4>
<p>Aumenta la productividad automatizando tareas y flujos de trabajo repetitivos.</p>
[/featured_box]
[/col]
[col span=""4"" span__sm=""12""]
[featured_box img=""https://example.com/nuevo-icono-2.png"" img_width=""40""]
<br />
<h4>Analíticas en Tiempo Real</h4>
<p>Toma decisiones informadas con datos actualizados y análisis accionables.</p>
[/featured_box]
[/col]
[col span=""4"" span__sm=""12""]
[featured_box img=""https://example.com/nuevo-icono-3.png"" img_width=""40""]
<br />
<h4>Soluciones Escalables</h4>
<p>Haz crecer tu negocio con sistemas ERP que se adaptan a tus necesidades.</p>
[/featured_box]
[/col]
[/row]
[/section]
[section label=""Especificaciones"" padding=""80px""]
[row]
[col span__sm=""12"" align=""center""]
<h6 class=""uppercase secondary-color"">Especificaciones Técnicas</h6>
<h2 style=""font-size: 220%;"">Especificaciones del ERP</h2>
<p>Explora las potentes características y capacidades de nuestros sistemas ERP:</p>
[row_inner style=""large""]
[col_inner span=""4"" span__sm=""12""]
[featured_box img=""https://example.com/nuevo-icono-4.png"" img_width=""40""]
<br />
<h4>Basado en la Nube</h4>
<p>Accede a tu sistema ERP desde cualquier lugar con hosting seguro en la nube.</p>
[/featured_box]
[/col_inner]
[col_inner span=""4"" span__sm=""12""]
[featured_box img=""https://example.com/nuevo-icono-5.png"" img_width=""40""]
<br />
<h4>Soporte Multilenguaje</h4>
<p>Opera a nivel global con soporte para múltiples idiomas.</p>
[/featured_box]
[/col_inner]
[col_inner span=""4"" span__sm=""12""]
[featured_box img=""https://example.com/nuevo-icono-6.png"" img_width=""40""]
<br />
<h4>Paneles Personalizados</h4>
<p>Monitorea tus KPIs y métricas con paneles de control fáciles de usar.</p>
[/featured_box]
[/col_inner]
[/row_inner]
[/col]
[/row]
[/section]
[section label=""Características Principales"" bg_color=""#f7f5f4"" padding=""60px""]
[ux_text text_align=""center""]
<h6>Servicios de Desarrollo Web</h6> <h3><span style=""font-size: 150%;"">Simplificando la experiencia digital y redefiniendo el comercio electrónico.</span></h3>
[/ux_text]
[gap height=""52px""]
[row style=""large""]
[col span=""4"" span__sm=""12""]
[featured_box img=""https://example.com/nuevo-icono-1.png"" img_width=""40""]
<br />
<h4>Automatización de Procesos</h4>
<p>Aumenta la productividad automatizando tareas y flujos de trabajo repetitivos.</p>
[/featured_box]
[/col]
[col span=""4"" span__sm=""12""]
[featured_box img=""https://example.com/nuevo-icono-2.png"" img_width=""40""]
<br />
<h4>Analíticas en Tiempo Real</h4>
<p>Toma decisiones informadas con datos actualizados y análisis accionables.</p>
[/featured_box]
[/col]
[col span=""4"" span__sm=""12""]
[featured_box img=""https://example.com/nuevo-icono-3.png"" img_width=""40""]
<br />
<h4>Soluciones Escalables</h4>
<p>Haz crecer tu negocio con sistemas ERP que se adaptan a tus necesidades.</p>
[/featured_box]
[/col]
[/row]
[/section]
[section label=""Características Principales"" bg_color=""rgb(247, 245, 244)"" padding=""60px""]
[ux_text text_align=""center""]
<h6>Servicios de Desarrollo Web</h6> <h3><span style=""font-size: 150%;"">Simplificando la experiencia digital y redefiniendo el comercio electrónico.</span></h3>
[/ux_text]
[gap height=""52px""]
[row style=""large""]
[col span=""4"" span__sm=""12""]
[featured_box img=""https://example.com/nuevo-icono-1.png"" img_width=""40""]
<br />
<h4>Automatización de Procesos</h4>
<p>Aumenta la productividad automatizando tareas y flujos de trabajo repetitivos.</p>
[/featured_box]
[/col]
[col span=""4"" span__sm=""12""]
[featured_box img=""https://example.com/nuevo-icono-2.png"" img_width=""40""]
<br />
<h4>Analíticas en Tiempo Real</h4>
<p>Toma decisiones informadas con datos actualizados y análisis accionables.</p>
[/featured_box]
[/col]
[col span=""4"" span__sm=""12""]
[featured_box img=""https://example.com/nuevo-icono-3.png"" img_width=""40""]
<br />
<h4>Soluciones Escalables</h4>
<p>Haz crecer tu negocio con sistemas ERP que se adaptan a tus necesidades.</p>
[/featured_box]
[/col]
[/row]
[/section]
[section label=""Características Principales"" bg_color=""#f7f5f4"" padding=""60px""]
[ux_text text_align=""center""]
<h6>Servicios de Desarrollo Web</h6> <h3><span style=""font-size: 150%;"">Simplificando la experiencia digital y redefiniendo el comercio electrónico.</span></h3>
[/ux_text]
[gap height=""52px""]
[row style=""large""]
[col span=""4"" span__sm=""12""]
[featured_box img=""https://example.com/nuevo-icono-1.png"" img_width=""40""]
<br />
<h4>Automatización de Procesos</h4>
<p>Aumenta la productividad automatizando tareas y flujos de trabajo repetitivos.</p>
[/featured_box]
[/col]
[col span=""4"" span__sm=""12""]
[featured_box img=""https://example.com/nuevo-icono-2.png"" img_width=""40""]
<br />
<h4>Analíticas en Tiempo Real</h4>
<p>Toma decisiones informadas con datos actualizados y análisis accionables.</p>
[/featured_box]
[/col]
[col span=""4"" span__sm=""12""]
[featured_box img=""https://example.com/nuevo-icono-3.png"" img_width=""40""]
<br />
<h4>Soluciones Escalables</h4>
<p>Haz crecer tu negocio con sistemas ERP que se adaptan a tus necesidades.</p>
[/featured_box]
[/col]
[/row]
[/section]
[section label=""Especificaciones"" padding=""80px""]
[row]
[col span__sm=""12"" align=""center""]
<h6 class=""uppercase secondary-color"">Especificaciones Técnicas</h6>
<h2 style=""font-size: 220%;"">Especificaciones del ERP</h2>
<p>Explora las potentes características y capacidades de nuestros sistemas ERP:</p>
[row_inner style=""large""]
[col_inner span=""4"" span__sm=""12""]
[featured_box img=""https://example.com/nuevo-icono-4.png"" img_width=""40""]
<br />
<h4>Basado en la Nube</h4>
<p>Accede a tu sistema ERP desde cualquier lugar con hosting seguro en la nube.</p>
[/featured_box]
[/col_inner]
[col_inner span=""4"" span__sm=""12""]
[featured_box img=""https://example.com/nuevo-icono-5.png"" img_width=""40""]
<br />
<h4>Soporte Multilenguaje</h4>
<p>Opera a nivel global con soporte para múltiples idiomas.</p>
[/featured_box]
[/col_inner]
[col_inner span=""4"" span__sm=""12""]
[featured_box img=""https://example.com/nuevo-icono-6.png"" img_width=""40""]
<br />
<h4>Paneles Personalizados</h4>
<p>Monitorea tus KPIs y métricas con paneles de control fáciles de usar.</p>
[/featured_box]
[/col_inner]
[/row_inner]
[/col]
[/row]
[/section]
[ux_slider]
[section label=""Características Principales"" bg_color=""#f7f5f4"" padding=""60px""]
[ux_text text_align=""center""]
<h6>Servicios de Desarrollo Web</h6> <h3><span style=""font-size: 150%;"">Simplificando la experiencia digital y redefiniendo el comercio electrónico.</span></h3>
[/ux_text]
[gap height=""52px""]
[row style=""large""]
[col span=""4"" span__sm=""12""]
[featured_box img=""https://example.com/nuevo-icono-1.png"" img_width=""40""]
<p></p>
<h4>Automatización de Procesos</h4>
<p>Aumenta la productividad automatizando tareas y flujos de trabajo repetitivos.</p>
[/featured_box]
[/col]
[col span=""4"" span__sm=""12""]
[featured_box img=""https://example.com/nuevo-icono-2.png"" img_width=""40""]
<p></p>
<h4>Analíticas en Tiempo Real</h4>
<p>Toma decisiones informadas con datos actualizados y análisis accionables.</p>
[/featured_box]
[/col]
[col span=""4"" span__sm=""12""]
[featured_box img=""https://example.com/nuevo-icono-3.png"" img_width=""40""]
<p></p>
<h4>Soluciones Escalables</h4>
<p>Haz crecer tu negocio con sistemas ERP que se adaptan a tus necesidades.</p>
[/featured_box]
[/col]
[/row]
[/section]
[section label=""Características Principales"" bg_color=""rgb(247, 245, 244)"" padding=""60px""]
[ux_text text_align=""center""]
<h6>Servicios de Desarrollo Web</h6> <h3><span style=""font-size: 150%;"">Simplificando la experiencia digital y redefiniendo el comercio electrónico.</span></h3>
[/ux_text]
[gap height=""52px""]
[row style=""large""]
[col span=""4"" span__sm=""12""]
[featured_box img=""https://example.com/nuevo-icono-1.png"" img_width=""40""]
<p></p>
<h4>Automatización de Procesos</h4>
<p>Aumenta la productividad automatizando tareas y flujos de trabajo repetitivos.</p>
[/featured_box]
[/col]
[col span=""4"" span__sm=""12""]
[featured_box img=""https://example.com/nuevo-icono-2.png"" img_width=""40""]
<p></p>
<h4>Analíticas en Tiempo Real</h4>
<p>Toma decisiones informadas con datos actualizados y análisis accionables.</p>
[/featured_box]
[/col]
[col span=""4"" span__sm=""12""]
[featured_box img=""https://example.com/nuevo-icono-3.png"" img_width=""40""]
<p></p>
<h4>Soluciones Escalables</h4>
<p>Haz crecer tu negocio con sistemas ERP que se adaptan a tus necesidades.</p>
[/featured_box]
[/col]
[/row]
[/section]
[section label=""Características Principales"" bg_color=""#f7f5f4"" padding=""60px""]
[ux_text text_align=""center""]
<h6>Servicios de Desarrollo Web</h6> <h3><span style=""font-size: 150%;"">Simplificando la experiencia digital y redefiniendo el comercio electrónico.</span></h3>
[/ux_text]
[gap height=""52px""]
[row style=""large""]
[col span=""4"" span__sm=""12""]
[featured_box img=""https://example.com/nuevo-icono-1.png"" img_width=""40""]
<p></p>
<h4>Automatización de Procesos</h4>
<p>Aumenta la productividad automatizando tareas y flujos de trabajo repetitivos.</p>
[/featured_box]
[/col]
[col span=""4"" span__sm=""12""]
[featured_box img=""https://example.com/nuevo-icono-2.png"" img_width=""40""]
<p></p>
<h4>Analíticas en Tiempo Real</h4>
<p>Toma decisiones informadas con datos actualizados y análisis accionables.</p>
[/featured_box]
[/col]
[col span=""4"" span__sm=""12""]
[featured_box img=""https://example.com/nuevo-icono-3.png"" img_width=""40""]
<p></p>
<h4>Soluciones Escalables</h4>
<p>Haz crecer tu negocio con sistemas ERP que se adaptan a tus necesidades.</p>
[/featured_box]
[/col]
[/row]
[/section]
[/ux_slider]
[section label=""Especificaciones"" padding=""80px""]
[row]
[col span__sm=""12"" align=""center""]
<h6 class=""uppercase secondary-color"">Especificaciones Técnicas</h6>
<h2 style=""font-size: 220%;"">Especificaciones del ERP</h2>
<p>Explora las potentes características y capacidades de nuestros sistemas ERP:</p>
[row_inner style=""large""]
[col_inner span=""4"" span__sm=""12""]
[featured_box img=""https://example.com/nuevo-icono-4.png"" img_width=""40""]
<p></p>
<h4>Basado en la Nube</h4>
<p>Accede a tu sistema ERP desde cualquier lugar con hosting seguro en la nube.</p>
[/featured_box]
[/col_inner]
[col_inner span=""4"" span__sm=""12""]
[featured_box img=""https://example.com/nuevo-icono-5.png"" img_width=""40""]
<p></p>
<h4>Soporte Multilenguaje</h4>
<p>Opera a nivel global con soporte para múltiples idiomas.</p>
[/featured_box]
[/col_inner]
[col_inner span=""4"" span__sm=""12""]
[featured_box img=""https://example.com/nuevo-icono-6.png"" img_width=""40""]
<p></p>
<h4>Paneles Personalizados</h4>
<p>Monitorea tus KPIs y métricas con paneles de control fáciles de usar.</p>
[/featured_box]
[/col_inner]
[/row_inner]
[/col]
[/row]
[/section]
[section label=""Características Principales"" bg_color=""#f7f5f4"" padding=""60px""]
[ux_text text_align=""center""]
<h6>Servicios de Desarrollo Web</h6> <h3><span style=""font-size: 150%;"">Simplificando la experiencia digital y redefiniendo el comercio electrónico.</span></h3>
[/ux_text]
[gap height=""52px""]
[row style=""large""]
[col span=""4"" span__sm=""12""]
[featured_box img=""https://example.com/nuevo-icono-1.png"" img_width=""40""]
<br />
<h4>Automatización de Procesos</h4>
<p>Aumenta la productividad automatizando tareas y flujos de trabajo repetitivos.</p>
[/featured_box]
[/col]
[col span=""4"" span__sm=""12""]
[featured_box img=""https://example.com/nuevo-icono-2.png"" img_width=""40""]
<br />
<h4>Analíticas en Tiempo Real</h4>
<p>Toma decisiones informadas con datos actualizados y análisis accionables.</p>
[/featured_box]
[/col]
[col span=""4"" span__sm=""12""]
[featured_box img=""https://example.com/nuevo-icono-3.png"" img_width=""40""]
<br />
<h4>Soluciones Escalables</h4>
<p>Haz crecer tu negocio con sistemas ERP que se adaptan a tus necesidades.</p>
[/featured_box]
[/col]
[/row]
[/section]
[section label=""Especificaciones"" padding=""80px""]
[row]
[col span__sm=""12"" align=""center""]
<h6 class=""uppercase secondary-color"">Especificaciones Técnicas</h6>
<h2 style=""font-size: 220%;"">Especificaciones del ERP</h2>
<p>Explora las potentes características y capacidades de nuestros sistemas ERP:</p>
[row_inner style=""large""]
[col_inner span=""4"" span__sm=""12""]
[featured_box img=""https://example.com/nuevo-icono-4.png"" img_width=""40""]
<br />
<h4>Basado en la Nube</h4>
<p>Accede a tu sistema ERP desde cualquier lugar con hosting seguro en la nube.</p>
[/featured_box]
[/col_inner]
[col_inner span=""4"" span__sm=""12""]
[featured_box img=""https://example.com/nuevo-icono-5.png"" img_width=""40""]
<br />
<h4>Soporte Multilenguaje</h4>
<p>Opera a nivel global con soporte para múltiples idiomas.</p>
[/featured_box]
[/col_inner]
[col_inner span=""4"" span__sm=""12""]
[featured_box img=""https://example.com/nuevo-icono-6.png"" img_width=""40""]
<br />
<h4>Paneles Personalizados</h4>
<p>Monitorea tus KPIs y métricas con paneles de control fáciles de usar.</p>
[/featured_box]
[/col_inner]
[/row_inner]
[/col]
[/row]
[/section]
[section label=""Características Principales"" bg_color=""#f7f5f4"" padding=""60px""]
[ux_text text_align=""center""]
<h6>Servicios de Desarrollo Web</h6> <h3><span style=""font-size: 150%;"">Simplificando la experiencia digital y redefiniendo el comercio electrónico.</span></h3>
[/ux_text]
[gap height=""52px""]
[row style=""large""]
[col span=""4"" span__sm=""12""]
[featured_box img=""https://example.com/nuevo-icono-1.png"" img_width=""40""]
<br />
<h4>Automatización de Procesos</h4>
<p>Aumenta la productividad automatizando tareas y flujos de trabajo repetitivos.</p>
[/featured_box]
[/col]
[col span=""4"" span__sm=""12""]
[featured_box img=""https://example.com/nuevo-icono-2.png"" img_width=""40""]
<br />
<h4>Analíticas en Tiempo Real</h4>
<p>Toma decisiones informadas con datos actualizados y análisis accionables.</p>
[/featured_box]
[/col]
[col span=""4"" span__sm=""12""]
[featured_box img=""https://example.com/nuevo-icono-3.png"" img_width=""40""]
<br />
<h4>Soluciones Escalables</h4>
<p>Haz crecer tu negocio con sistemas ERP que se adaptan a tus necesidades.</p>
[/featured_box]
[/col]
[/row]
[/section]
[section label=""Características Principales"" bg_color=""rgb(247, 245, 244)"" padding=""60px""]
[ux_text text_align=""center""]
<h6>Servicios de Desarrollo Web</h6> <h3><span style=""font-size: 150%;"">Simplificando la experiencia digital y redefiniendo el comercio electrónico.</span></h3>
[/ux_text]
[gap height=""52px""]
[row style=""large""]
[col span=""4"" span__sm=""12""]
[featured_box img=""https://example.com/nuevo-icono-1.png"" img_width=""40""]
<br />
<h4>Automatización de Procesos</h4>
<p>Aumenta la productividad automatizando tareas y flujos de trabajo repetitivos.</p>
[/featured_box]
[/col]
[col span=""4"" span__sm=""12""]
[featured_box img=""https://example.com/nuevo-icono-2.png"" img_width=""40""]
<br />
<h4>Analíticas en Tiempo Real</h4>
<p>Toma decisiones informadas con datos actualizados y análisis accionables.</p>
[/featured_box]
[/col]
[col span=""4"" span__sm=""12""]
[featured_box img=""https://example.com/nuevo-icono-3.png"" img_width=""40""]
<br />
<h4>Soluciones Escalables</h4>
<p>Haz crecer tu negocio con sistemas ERP que se adaptan a tus necesidades.</p>
[/featured_box]
[/col]
[/row]
[/section]
[section label=""Características Principales"" bg_color=""#f7f5f4"" padding=""60px""]
[ux_text text_align=""center""]
<h6>Servicios de Desarrollo Web</h6> <h3><span style=""font-size: 150%;"">Simplificando la experiencia digital y redefiniendo el comercio electrónico.</span></h3>
[/ux_text]
[gap height=""52px""]
[row style=""large""]
[col span=""4"" span__sm=""12""]
[featured_box img=""https://example.com/nuevo-icono-1.png"" img_width=""40""]
<br />
<h4>Automatización de Procesos</h4>
<p>Aumenta la productividad automatizando tareas y flujos de trabajo repetitivos.</p>
[/featured_box]
[/col]
[col span=""4"" span__sm=""12""]
[featured_box img=""https://example.com/nuevo-icono-2.png"" img_width=""40""]
<br />
<h4>Analíticas en Tiempo Real</h4>
<p>Toma decisiones informadas con datos actualizados y análisis accionables.</p>
[/featured_box]
[/col]
[col span=""4"" span__sm=""12""]
[featured_box img=""https://example.com/nuevo-icono-3.png"" img_width=""40""]
<br />
<h4>Soluciones Escalables</h4>
<p>Haz crecer tu negocio con sistemas ERP que se adaptan a tus necesidades.</p>
[/featured_box]
[/col]
[/row]
[/section]
[section label=""Especificaciones"" padding=""80px""]
[row]
[col span__sm=""12"" align=""center""]
<h6 class=""uppercase secondary-color"">Especificaciones Técnicas</h6>
<h2 style=""font-size: 220%;"">Especificaciones del ERP</h2>
<p>Explora las potentes características y capacidades de nuestros sistemas ERP:</p>
[row_inner style=""large""]
[col_inner span=""4"" span__sm=""12""]
[featured_box img=""https://example.com/nuevo-icono-4.png"" img_width=""40""]
<br />
<h4>Basado en la Nube</h4>
<p>Accede a tu sistema ERP desde cualquier lugar con hosting seguro en la nube.</p>
[/featured_box]
[/col_inner]
[col_inner span=""4"" span__sm=""12""]
[featured_box img=""https://example.com/nuevo-icono-5.png"" img_width=""40""]
<br />
<h4>Soporte Multilenguaje</h4>
<p>Opera a nivel global con soporte para múltiples idiomas.</p>
[/featured_box]
[/col_inner]
[col_inner span=""4"" span__sm=""12""]
[featured_box img=""https://example.com/nuevo-icono-6.png"" img_width=""40""]
<br />
<h4>Paneles Personalizados</h4>
<p>Monitorea tus KPIs y métricas con paneles de control fáciles de usar.</p>
[/featured_box]
[/col_inner]
[/row_inner]
[/col]
[/row]
[/section]
[ux_slider]
[section label=""Características Principales"" bg_color=""#f7f5f4"" padding=""60px""]
[ux_text text_align=""center""]
<h6>Servicios de Desarrollo Web</h6> <h3><span style=""font-size: 150%;"">Simplificando la experiencia digital y redefiniendo el comercio electrónico.</span></h3>
[/ux_text]
[gap height=""52px""]
[row style=""large""]
[col span=""4"" span__sm=""12""]
[featured_box img=""https://example.com/nuevo-icono-1.png"" img_width=""40""]
<p></p>
<h4>Automatización de Procesos</h4>
<p>Aumenta la productividad automatizando tareas y flujos de trabajo repetitivos.</p>
[/featured_box]
[/col]
[col span=""4"" span__sm=""12""]
[featured_box img=""https://example.com/nuevo-icono-2.png"" img_width=""40""]
<p></p>
<h4>Analíticas en Tiempo Real</h4>
<p>Toma decisiones informadas con datos actualizados y análisis accionables.</p>
[/featured_box]
[/col]
[col span=""4"" span__sm=""12""]
[featured_box img=""https://example.com/nuevo-icono-3.png"" img_width=""40""]
<p></p>
<h4>Soluciones Escalables</h4>
<p>Haz crecer tu negocio con sistemas ERP que se adaptan a tus necesidades.</p>
[/featured_box]
[/col]
[/row]
[/section]
[section label=""Características Principales"" bg_color=""rgb(247, 245, 244)"" padding=""60px""]
[ux_text text_align=""center""]
<h6>Servicios de Desarrollo Web</h6> <h3><span style=""font-size: 150%;"">Simplificando la experiencia digital y redefiniendo el comercio electrónico.</span></h3>
[/ux_text]
[gap height=""52px""]
[row style=""large""]
[col span=""4"" span__sm=""12""]
[featured_box img=""https://example.com/nuevo-icono-1.png"" img_width=""40""]
<p></p>
<h4>Automatización de Procesos</h4>
<p>Aumenta la productividad automatizando tareas y flujos de trabajo repetitivos.</p>
[/featured_box]
[/col]
[col span=""4"" span__sm=""12""]
[featured_box img=""https://example.com/nuevo-icono-2.png"" img_width=""40""]
<p></p>
<h4>Analíticas en Tiempo Real</h4>
<p>Toma decisiones informadas con datos actualizados y análisis accionables.</p>
[/featured_box]
[/col]
[col span=""4"" span__sm=""12""]
[featured_box img=""https://example.com/nuevo-icono-3.png"" img_width=""40""]
<p></p>
<h4>Soluciones Escalables</h4>
<p>Haz crecer tu negocio con sistemas ERP que se adaptan a tus necesidades.</p>
[/featured_box]
[/col]
[/row]
[/section]
[section label=""Características Principales"" bg_color=""#f7f5f4"" padding=""60px""]
[ux_text text_align=""center""]
<h6>Servicios de Desarrollo Web</h6> <h3><span style=""font-size: 150%;"">Simplificando la experiencia digital y redefiniendo el comercio electrónico.</span></h3>
[/ux_text]
[gap height=""52px""]
[row style=""large""]
[col span=""4"" span__sm=""12""]
[featured_box img=""https://example.com/nuevo-icono-1.png"" img_width=""40""]
<p></p>
<h4>Automatización de Procesos</h4>
<p>Aumenta la productividad automatizando tareas y flujos de trabajo repetitivos.</p>
[/featured_box]
[/col]
[col span=""4"" span__sm=""12""]
[featured_box img=""https://example.com/nuevo-icono-2.png"" img_width=""40""]
<p></p>
<h4>Analíticas en Tiempo Real</h4>
<p>Toma decisiones informadas con datos actualizados y análisis accionables.</p>
[/featured_box]
[/col]
[col span=""4"" span__sm=""12""]
[featured_box img=""https://example.com/nuevo-icono-3.png"" img_width=""40""]
<p></p>
<h4>Soluciones Escalables</h4>
<p>Haz crecer tu negocio con sistemas ERP que se adaptan a tus necesidades.</p>
[/featured_box]
[/col]
[/row]
[/section]
[/ux_slider]
[section label=""Especificaciones"" padding=""80px""]
[row]
[col span__sm=""12"" align=""center""]
<h6 class=""uppercase secondary-color"">Especificaciones Técnicas</h6>
<h2 style=""font-size: 220%;"">Especificaciones del ERP</h2>
<p>Explora las potentes características y capacidades de nuestros sistemas ERP:</p>
[row_inner style=""large""]
[col_inner span=""4"" span__sm=""12""]
[featured_box img=""https://example.com/nuevo-icono-4.png"" img_width=""40""]
<p></p>
<h4>Basado en la Nube</h4>
<p>Accede a tu sistema ERP desde cualquier lugar con hosting seguro en la nube.</p>
[/featured_box]
[/col_inner]
[col_inner span=""4"" span__sm=""12""]
[featured_box img=""https://example.com/nuevo-icono-5.png"" img_width=""40""]
<p></p>
<h4>Soporte Multilenguaje</h4>
<p>Opera a nivel global con soporte para múltiples idiomas.</p>
[/featured_box]
[/col_inner]
[col_inner span=""4"" span__sm=""12""]
[featured_box img=""https://example.com/nuevo-icono-6.png"" img_width=""40""]
<p></p>
<h4>Paneles Personalizados</h4>
<p>Monitorea tus KPIs y métricas con paneles de control fáciles de usar.</p>
[/featured_box]
[/col_inner]
[/row_inner]
[/col]
[/row]
[/section]
[section label=""Características Principales"" bg_color=""#f7f5f4"" padding=""60px""]
[ux_text text_align=""center""]
<h6>Servicios de Desarrollo Web</h6> <h3><span style=""font-size: 150%;"">Simplificando la experiencia digital y redefiniendo el comercio electrónico.</span></h3>
[/ux_text]
[gap height=""52px""]
[row style=""large""]
[col span=""4"" span__sm=""12""]
[featured_box img=""https://example.com/nuevo-icono-1.png"" img_width=""40""]
<br />
<h4>Automatización de Procesos</h4>
<p>Aumenta la productividad automatizando tareas y flujos de trabajo repetitivos.</p>
[/featured_box]
[/col]
[col span=""4"" span__sm=""12""]
[featured_box img=""https://example.com/nuevo-icono-2.png"" img_width=""40""]
<br />
<h4>Analíticas en Tiempo Real</h4>
<p>Toma decisiones informadas con datos actualizados y análisis accionables.</p>
[/featured_box]
[/col]
[col span=""4"" span__sm=""12""]
[featured_box img=""https://example.com/nuevo-icono-3.png"" img_width=""40""]
<br />
<h4>Soluciones Escalables</h4>
<p>Haz crecer tu negocio con sistemas ERP que se adaptan a tus necesidades.</p>
[/featured_box]
[/col]
[/row]
[/section]
[section label=""Especificaciones"" padding=""80px""]
[row]
[col span__sm=""12"" align=""center""]
<h6 class=""uppercase secondary-color"">Especificaciones Técnicas</h6>
<h2 style=""font-size: 220%;"">Especificaciones del ERP</h2>
<p>Explora las potentes características y capacidades de nuestros sistemas ERP:</p>
[row_inner style=""large""]
[col_inner span=""4"" span__sm=""12""]
[featured_box img=""https://example.com/nuevo-icono-4.png"" img_width=""40""]
<br />
<h4>Basado en la Nube</h4>
<p>Accede a tu sistema ERP desde cualquier lugar con hosting seguro en la nube.</p>
[/featured_box]
[/col_inner]
[col_inner span=""4"" span__sm=""12""]
[featured_box img=""https://example.com/nuevo-icono-5.png"" img_width=""40""]
<br />
<h4>Soporte Multilenguaje</h4>
<p>Opera a nivel global con soporte para múltiples idiomas.</p>
[/featured_box]
[/col_inner]
[col_inner span=""4"" span__sm=""12""]
[featured_box img=""https://example.com/nuevo-icono-6.png"" img_width=""40""]
<br />
<h4>Paneles Personalizados</h4>
<p>Monitorea tus KPIs y métricas con paneles de control fáciles de usar.</p>
[/featured_box]
[/col_inner]
[/row_inner]
[/col]
[/row]
[/section]
[section label=""Características Principales"" bg_color=""#f7f5f4"" padding=""60px""]
[ux_text text_align=""center""]
<h6>Servicios de Desarrollo Web</h6> <h3><span style=""font-size: 150%;"">Simplificando la experiencia digital y redefiniendo el comercio electrónico.</span></h3>
[/ux_text]
[gap height=""52px""]
[row style=""large""]
[col span=""4"" span__sm=""12""]
[featured_box img=""https://example.com/nuevo-icono-1.png"" img_width=""40""]
<br />
<h4>Automatización de Procesos</h4>
<p>Aumenta la productividad automatizando tareas y flujos de trabajo repetitivos.</p>
[/featured_box]
[/col]
[col span=""4"" span__sm=""12""]
[featured_box img=""https://example.com/nuevo-icono-2.png"" img_width=""40""]
<br />
<h4>Analíticas en Tiempo Real</h4>
<p>Toma decisiones informadas con datos actualizados y análisis accionables.</p>
[/featured_box]
[/col]
[col span=""4"" span__sm=""12""]
[featured_box img=""https://example.com/nuevo-icono-3.png"" img_width=""40""]
<br />
<h4>Soluciones Escalables</h4>
<p>Haz crecer tu negocio con sistemas ERP que se adaptan a tus necesidades.</p>
[/featured_box]
[/col]
[/row]
[/section]
[section label=""Características Principales"" bg_color=""rgb(247, 245, 244)"" padding=""60px""]
[ux_text text_align=""center""]
<h6>Servicios de Desarrollo Web</h6> <h3><span style=""font-size: 150%;"">Simplificando la experiencia digital y redefiniendo el comercio electrónico.</span></h3>
[/ux_text]
[gap height=""52px""]
[row style=""large""]
[col span=""4"" span__sm=""12""]
[featured_box img=""https://example.com/nuevo-icono-1.png"" img_width=""40""]
<br />
<h4>Automatización de Procesos</h4>
<p>Aumenta la productividad automatizando tareas y flujos de trabajo repetitivos.</p>
[/featured_box]
[/col]
[col span=""4"" span__sm=""12""]
[featured_box img=""https://example.com/nuevo-icono-2.png"" img_width=""40""]
<br />
<h4>Analíticas en Tiempo Real</h4>
<p>Toma decisiones informadas con datos actualizados y análisis accionables.</p>
[/featured_box]
[/col]
[col span=""4"" span__sm=""12""]
[featured_box img=""https://example.com/nuevo-icono-3.png"" img_width=""40""]
<br />
<h4>Soluciones Escalables</h4>
<p>Haz crecer tu negocio con sistemas ERP que se adaptan a tus necesidades.</p>
[/featured_box]
[/col]
[/row]
[/section]
[section label=""Características Principales"" bg_color=""#f7f5f4"" padding=""60px""]
[ux_text text_align=""center""]
<h6>Servicios de Desarrollo Web</h6> <h3><span style=""font-size: 150%;"">Simplificando la experiencia digital y redefiniendo el comercio electrónico.</span></h3>
[/ux_text]
[gap height=""52px""]
[row style=""large""]
[col span=""4"" span__sm=""12""]
[featured_box img=""https://example.com/nuevo-icono-1.png"" img_width=""40""]
<br />
<h4>Automatización de Procesos</h4>
<p>Aumenta la productividad automatizando tareas y flujos de trabajo repetitivos.</p>
[/featured_box]
[/col]
[col span=""4"" span__sm=""12""]
[featured_box img=""https://example.com/nuevo-icono-2.png"" img_width=""40""]
<br />
<h4>Analíticas en Tiempo Real</h4>
<p>Toma decisiones informadas con datos actualizados y análisis accionables.</p>
[/featured_box]
[/col]
[col span=""4"" span__sm=""12""]
[featured_box img=""https://example.com/nuevo-icono-3.png"" img_width=""40""]
<br />
<h4>Soluciones Escalables</h4>
<p>Haz crecer tu negocio con sistemas ERP que se adaptan a tus necesidades.</p>
[/featured_box]
[/col]
[/row]
[/section]
[section label=""Especificaciones"" padding=""80px""]
[row]
[col span__sm=""12"" align=""center""]
<h6 class=""uppercase secondary-color"">Especificaciones Técnicas</h6>
<h2 style=""font-size: 220%;"">Especificaciones del ERP</h2>
<p>Explora las potentes características y capacidades de nuestros sistemas ERP:</p>
[row_inner style=""large""]
[col_inner span=""4"" span__sm=""12""]
[featured_box img=""https://example.com/nuevo-icono-4.png"" img_width=""40""]
<br />
<h4>Basado en la Nube</h4>
<p>Accede a tu sistema ERP desde cualquier lugar con hosting seguro en la nube.</p>
[/featured_box]
[/col_inner]
[col_inner span=""4"" span__sm=""12""]
[featured_box img=""https://example.com/nuevo-icono-5.png"" img_width=""40""]
<br />
<h4>Soporte Multilenguaje</h4>
<p>Opera a nivel global con soporte para múltiples idiomas.</p>
[/featured_box]
[/col_inner]
[col_inner span=""4"" span__sm=""12""]
[featured_box img=""https://example.com/nuevo-icono-6.png"" img_width=""40""]
<br />
<h4>Paneles Personalizados</h4>
<p>Monitorea tus KPIs y métricas con paneles de control fáciles de usar.</p>
[/featured_box]
[/col_inner]
[/row_inner]
[/col]
[/row]
[/section]
[section label=""Especificaciones"" padding=""80px""]
[row]
[col span__sm=""12"" align=""center""]
<h6 class=""uppercase secondary-color"">Especificaciones Técnicas</h6>
<h2 style=""font-size: 220%;"">Especificaciones del ERP</h2>
<p>Explora las potentes características y capacidades de nuestros sistemas ERP:</p>
[row_inner style=""large""]
[col_inner span=""4"" span__sm=""12""]
[featured_box img=""https://example.com/nuevo-icono-4.png"" img_width=""40""]
<br />
<h4>Basado en la Nube</h4>
<p>Accede a tu sistema ERP desde cualquier lugar con hosting seguro en la nube.</p>
[/featured_box]
[/col_inner]
[col_inner span=""4"" span__sm=""12""]
[featured_box img=""https://example.com/nuevo-icono-5.png"" img_width=""40""]
<br />
<h4>Soporte Multilenguaje</h4>
<p>Opera a nivel global con soporte para múltiples idiomas.</p>
[/featured_box]
[/col_inner]
[col_inner span=""4"" span__sm=""12""]
[featured_box img=""https://example.com/nuevo-icono-6.png"" img_width=""40""]
<br />
<h4>Paneles Personalizados</h4>
<p>Monitorea tus KPIs y métricas con paneles de control fáciles de usar.</p>
[/featured_box]
[/col_inner]
[/row_inner]
[/col]
[/row]
[/section]
[section label=""Especificaciones"" padding=""80px""]
[row]
[col span__sm=""12"" align=""center""]
<h6 class=""uppercase secondary-color"">Especificaciones Técnicas</h6>
<h2 style=""font-size: 220%;"">Especificaciones del ERP</h2>
<p>Explora las potentes características y capacidades de nuestros sistemas ERP:</p>
[row_inner style=""large""]
[col_inner span=""4"" span__sm=""12""]
[featured_box img=""https://example.com/nuevo-icono-4.png"" img_width=""40""]
<br />
<h4>Basado en la Nube</h4>
<p>Accede a tu sistema ERP desde cualquier lugar con hosting seguro en la nube.</p>
[/featured_box]
[/col_inner]
[col_inner span=""4"" span__sm=""12""]
[featured_box img=""https://example.com/nuevo-icono-5.png"" img_width=""40""]
<br />
<h4>Soporte Multilenguaje</h4>
<p>Opera a nivel global con soporte para múltiples idiomas.</p>
[/featured_box]
[/col_inner]
[col_inner span=""4"" span__sm=""12""]
[/col_inner]
[featured_box img=""https://example.com/nuevo-icono-6.png"" img_width=""40""]
<br />
<h4>Paneles Personalizados</h4>
<p>Monitorea tus KPIs y métricas con paneles de control fáciles de usar.</p>
[/featured_box]
<p>[/col_inner]</p>
[/row_inner]
[/col]
[/row]
[/section]
[section label=""Especificaciones"" padding=""80px""]
[row]
[col span__sm=""12"" align=""center""]
<h6 class=""uppercase secondary-color"">Especificaciones Técnicas</h6>
<h2 style=""font-size: 220%;"">Especificaciones del ERP</h2>
<p>Explora las potentes características y capacidades de nuestros sistemas ERP:</p>
[row_inner style=""large""]
[col_inner span=""4"" span__sm=""12""]
[featured_box img=""https://example.com/nuevo-icono-4.png"" img_width=""40""]
<br />
<h4>Basado en la Nube</h4>
<p>Accede a tu sistema ERP desde cualquier lugar con hosting seguro en la nube.</p>
[/featured_box]
[/col_inner]
[col_inner span=""4"" span__sm=""12""]
[featured_box img=""https://example.com/nuevo-icono-5.png"" img_width=""40""]
<br />
<h4>Soporte Multilenguaje</h4>
<p>Opera a nivel global con soporte para múltiples idiomas.</p>
[/featured_box]
[/col_inner]
[col_inner span=""4"" span__sm=""12""]
[featured_box img=""https://example.com/nuevo-icono-6.png"" img_width=""40""]
<br />
<h4>Paneles Personalizados</h4>
<p>Monitorea tus KPIs y métricas con paneles de control fáciles de usar.</p>
[/featured_box]
[/col_inner]
[/row_inner]
[/col]
[/row]
[/section]
[section label=""Especificaciones"" padding=""80px""]
[row]
[col span__sm=""12"" align=""center""]
<h6 class=""uppercase secondary-color"">Especificaciones Técnicas</h6>
<h2 style=""font-size: 220%;"">Especificaciones del ERP</h2>
<p>Explora las potentes características y capacidades de nuestros sistemas ERP:</p>
[row_inner style=""large""]
[col_inner span=""4"" span__sm=""12""]
[featured_box img=""https://example.com/nuevo-icono-4.png"" img_width=""40""]
<br />
<h4>Basado en la Nube</h4>
<p>Accede a tu sistema ERP desde cualquier lugar con hosting seguro en la nube.</p>
[/featured_box]
[/col_inner]
[col_inner span=""4"" span__sm=""12""]
[featured_box img=""https://example.com/nuevo-icono-5.png"" img_width=""40""]
<br />
<h4>Soporte Multilenguaje</h4>
<p>Opera a nivel global con soporte para múltiples idiomas.</p>
[/featured_box]
[/col_inner]
[col_inner span=""4"" span__sm=""12""]
[featured_box img=""https://example.com/nuevo-icono-6.png"" img_width=""40""]
<br />
<h4>Paneles Personal izados</h4>
<p>Monitorea tus KPIs y métricas con paneles de control fáciles de usar.</p>
[/featured_box]
[/col_inner]
[/row_inner]
[/col]
[/row]
[/section]
[section label=""Especificaciones"" padding=""80px""]
[row]
[col span__sm=""12"" align=""center""]
[/col]
<h6 class=""uppercase secondary-color"">Especificaciones Técnicas</h6>
<h2 style=""font-size: 220%;"">Especificaciones del ERP</h2>
<p>Explora las potentes características y capacidades de nuestros sistemas ERP:</p>
[row_inner style=""large""]
[col span=""4"" span__sm=""12""]
[featured_box img=""https://example.com/nuevo-icono-4.png"" img_width=""40""]
<br />
<h4>Basado en la Nube</h4>
<p>Accede a tu sistema ERP desde cualquier lugar con hosting seguro en la nube.</p>
[/featured_box]
[/col]
[col span=""4"" span__sm=""12""]
[featured_box img=""https://example.com/nuevo-icono-5.png"" img_width=""40""]
<br />
<h4>Soporte Multilenguaje</h4>
<p>Opera a nivel global con soporte para múltiples idiomas.</p>
[/featured_box]
[/col]
[col span=""4"" span__sm=""12""]
[featured_box img=""https://example.com/nuevo-icono-6.png"" img_width=""40""]
<br />
<h4>Paneles Personalizados</h4>
<p>Monitorea tus KPIs y métricas con paneles de control fáciles de usar.</p>
[/featured_box]
[/col]
[/row_inner]
<p>[/ col]</p>
[/row]
[/section]
[section label=""Especificaciones"" padding=""80px""]
[row]
[col span__sm=""12"" align=""center""]
<h6 class=""uppercase secondary-color"">Especificaciones Técnicas</h6>
<h2 style=""font-size: 220%;"">Especificaciones del ERP</h2>
<p>Explora las potentes características y capacidades de nuestros sistemas ERP:</p>
[row_inner style=""large""]
[col_inner span=""4"" span__sm=""12""]
[featured_box img=""https://example.com/nuevo-icono-4.png"" img_width=""40""]
<br />
<h4>Basado en la Nube</h4>
<p>Accede a tu sistema ERP desde cualquier lugar con hosting seguro en la nube.</p>
[/featured_box]
[/col_inner]
[col_inner span=""4"" span__sm=""12""]
[featured_box img=""https://example.com/nuevo-icono-5.png"" img_width=""40""]
<br />
<h4>Soporte Multilenguaje</h4>
<p>Opera a nivel global con soporte para múltiples idiomas.</p>
[/featured_box]
[/col_inner]
[col_inner span=""4"" span__sm=""12""]
[featured_box img=""https://example.com/nuevo-icono-6.png"" img_width=""40""]
<br />
<h4>Paneles Personal izados</h4>
<p>Monitorea tus KPIs y métricas con paneles de control fáciles de usar.</p>
[/featured_box]
[/col_inner]
[/row_inner]
[/col]
[/row]
[/section]
[block id=""product-specifications-erp-features""]
[block id=""especificaciones-erp""]
[section label=""Especificaciones"" padding=""80px""]
[row]
[col span__sm=""12"" align=""center""]
<h6 class=""uppercase secondary-color"">Especificaciones Técnicas</h6>
<h2 style=""font-size: 220%;"">Especificaciones del ERP</h2>
<p>Explora las potentes características y capacidades de nuestros sistemas ERP:</p>
[row_inner style=""large""]
[col_inner span=""4"" span__sm=""12""]
[featured_box img=""https://example.com/nuevo-icono-4.png"" img_width=""40""]
<br />
<h4>Basado en la Nube</h4>
<p>Accede a tu sistema ERP desde cualquier lugar con hosting seguro en la nube.</p>
[/featured_box]
[/col_inner]
[col_inner span=""4"" span__sm=""12""]
[featured_box img=""https://example.com/nuevo-icono-5.png"" img_width=""40""]
<br />
<h4>Soporte Multilenguaje</h4>
<p>Opera a nivel global con soporte para múltiples idiomas.</p>
[/featured_box]
[/col_inner]
[col_inner span=""4"" span__sm=""12""]
[featured_box img=""https://example.com/nuevo-icono-6.png"" img_width=""40""]
<br />
<h4>Paneles Personalizados</h4>
<p>Monitorea tus KPIs y métricas con paneles de control fáciles de usar.</p>
[/featured_box]
[/col_inner]
[/row_inner]
[/col]
[/row]
[/section]
[section label=""Especificaciones"" padding=""80px""]
[row]
[col span__sm=""12"" align=""center""]
<h6 class=""uppercase secondary-color"">Especificaciones Técnicas</h6>
<h2 style=""font-size: 220%;"">Especificaciones del ERP</h2>
<p>Explora las potentes características y capacidades de nuestros sistemas ERP:</p>
[row_inner style=""large""]
[col_inner span=""4"" span__sm=""12""]
[featured_box img=""https://example.com/nuevo-icono-4.png"" img_width=""40""]
<br />
<h4>Basado en la Nube</h4>
<p>Accede a tu sistema ERP desde cualquier lugar con hosting seguro en la nube.</p>
[/featured_box]
[/col_inner]
[col_inner span=""4"" span__sm=""12""]
[featured_box img=""https://example.com/nuevo-icono-5.png"" img_width=""40""]
<br />
<h4>Soporte Multilenguaje</h4>
<p>Opera a nivel global con soporte para múltiples idiomas.</p>
[/featured_box]
[/col_inner]
[col_inner span=""4"" span__sm=""12""]
[/col_inner]
[featured_box img=""https://example.com/nuevo-icono-6.png"" img_width=""40""]
<br />
<h4>Paneles Personalizados</h4>
<p>Monitorea tus KPIs y métricas con paneles de control fáciles de usar.</p>
[/featured_box]
<p>[/col_inner]</p>
[/row_inner]
[/col]
[/row]
[/section]
[section label=""Especificaciones"" padding=""80px""]
[row]
[col span__sm=""12"" align=""center""]
<h6 class=""uppercase secondary-color"">Especificaciones Técnicas</h6>
<h2 style=""font-size: 220%;"">Especificaciones del ERP</h2>
<p>Explora las potentes características y capacidades de nuestros sistemas ERP:</p>
[row_inner style=""large""]
[col_inner span=""4"" span__sm=""12""]
[featured_box img=""https://example.com/nuevo-icono-4.png"" img_width=""40""]
<br />
<h4>Basado en la Nube</h4>
<p>Accede a tu sistema ERP desde cualquier lugar con hosting seguro en la nube.</p>
[/featured_box]
[/col_inner]
[col_inner span=""4"" span__sm=""12""]
[featured_box img=""https://example.com/nuevo-icono-5.png"" img_width=""40""]
<br />
<h4>Soporte Multilenguaje</h4>
<p>Opera a nivel global con soporte para múltiples idiomas.</p>
[/featured_box]
[/col_inner]
[col_inner span=""4"" span__sm=""12""]
[featured_box img=""https://example.com/nuevo-icono-6.png"" img_width=""40""]
<br />
<h4>Paneles Personalizados</h4>
<p>Monitorea tus KPIs y métricas con paneles de control fáciles de usar.</p>
[/featured_box]
[/col_inner]
[/row_inner]
[/col]
[/row]
[/section]
[section label=""Especificaciones"" padding=""80px""]
[row]
[col span__sm=""12"" align=""center""]
<h6 class=""uppercase secondary-color"">Especificaciones Técnicas</h6>
<h2 style=""font-size: 220%;"">Especificaciones del ERP</h2>
<p>Explora las potentes características y capacidades de nuestros sistemas ERP:</p>
[row_inner style=""large""]
[col_inner span=""4"" span__sm=""12""]
[featured_box img=""https://example.com/nuevo-icono-4.png"" img_width=""40""]
<br />
<h4>Basado en la Nube</h4>
<p>Accede a tu sistema ERP desde cualquier lugar con hosting seguro en la nube.</p>
[/featured_box]
[/col_inner]
[col_inner span=""4"" span__sm=""12""]
[featured_box img=""https://example.com/nuevo-icono-5.png"" img_width=""40""]
<br />
<h4>Soporte Multilenguaje</h4>
<p>Opera a nivel global con soporte para múltiples idiomas.</p>
[/featured_box]
[/col_inner]
[col_inner span=""4"" span__sm=""12""]
[featured_box img=""https://example.com/nuevo-icono-6.png"" img_width=""40""]
<br />
<h4>Paneles Personal izados</h4>
<p>Monitorea tus KPIs y métricas con paneles de control fáciles de usar.</p>
[/featured_box]
[/col_inner]
[/row_inner]
[/col]
[/row]
[/section]
[section label=""Especificaciones"" padding=""80px""]
[row]
[col span__sm=""12"" align=""center""]
[/col]
<h6 class=""uppercase secondary-color"">Especificaciones Técnicas</h6>
<h2 style=""font-size: 220%;"">Especificaciones del ERP</h2>
<p>Explora las potentes características y capacidades de nuestros sistemas ERP:</p>
[row_inner style=""large""]
[col span=""4"" span__sm=""12""]
[featured_box img=""https://example.com/nuevo-icono-4.png"" img_width=""40""]
<br />
<h4>Basado en la Nube</h4>
<p>Accede a tu sistema ERP desde cualquier lugar con hosting seguro en la nube.</p>
[/featured_box]
[/col]
[col span=""4"" span__sm=""12""]
[featured_box img=""https://example.com/nuevo-icono-5.png"" img_width=""40""]
<br />
<h4>Soporte Multilenguaje</h4>
<p>Opera a nivel global con soporte para múltiples idiomas.</p>
[/featured_box]
[/col]
[col span=""4"" span__sm=""12""]
[featured_box img=""https://example.com/nuevo-icono-6.png"" img_width=""40""]
<br />
<h4>Paneles Personalizados</h4>
<p>Monitorea tus KPIs y métricas con paneles de control fáciles de usar.</p>
[/featured_box]
[/col]
[/row_inner]
<p>[/ col]</p>
[/row]
[/section]
[section label=""Especificaciones"" padding=""80px""]
[row]
[col span__sm=""12"" align=""center""]
<h6 class=""uppercase secondary-color"">Especificaciones Técnicas</h6>
<h2 style=""font-size: 220%;"">Especificaciones del ERP</h2>
<p>Explora las potentes características y capacidades de nuestros sistemas ERP:</p>
[row_inner style=""large""]
[col_inner span=""4"" span__sm=""12""]
[featured_box img=""https://example.com/nuevo-icono-4.png"" img_width=""40""]
<br />
<h4>Basado en la Nube</h4>
<p>Accede a tu sistema ERP desde cualquier lugar con hosting seguro en la nube.</p>
[/featured_box]
[/col_inner]
[col_inner span=""4"" span__sm=""12""]
[featured_box img=""https://example.com/nuevo-icono-5.png"" img_width=""40""]
<br />
<h4>Soporte Multilenguaje</h4>
<p>Opera a nivel global con soporte para múltiples idiomas.</p>
[/featured_box]
[/col_inner]
[col_inner span=""4"" span__sm=""12""]
[featured_box img=""https://example.com/nuevo-icono-6.png"" img_width=""40""]
<br />
<h4>Paneles Personal izados</h4>
<p>Monitorea tus KPIs y métricas con paneles de control fáciles de usar.</p>
[/featured_box]
[/col_inner]
[/row_inner]
[/col]
[/row]
[/section]",Portal de Soporte,Atención al Cliente,Servicios al Cliente,Soporte Técnico,"Descubre nuestros servicios de desarrollo web que simplifican la experiencia digital y redefinen el comercio electrónico. Ofrecemos soluciones que incluyen automatización de procesos, análisis en tiempo real y sistemas escalables para impulsar el crecimiento de tu negocio.","Una imagen que muestre una interfaz de usuario moderna y elegante de un sistema ERP, con gráficos, paneles de control y elementos visuales que representen la automatización de procesos, análisis en tiempo real y escalabilidad. La imagen debe transmitir la idea de simplicidad y eficiencia en la gestión empresarial digital."
"[scroll_to title=""contacto"" link=""contacto"" bullet=""false""]

[section label=""Preguntas Frecuentes"" bg_color=""#f7f5f4"" padding=""60px""]

[row]

[col span__sm=""12"" align=""center""]

<br />
<h2>Preguntas Frecuentes</h2>
<p>Conoce más sobre nuestras soluciones y cómo pueden beneficiar a tu negocio.</p>

[/col]

[/row]

[row]

[col span=""6"" span__sm=""12"" padding=""20px""]

[accordion]

[accordion-item title=""¿Qué servicios ofrece Viaweb?""]

<p>Viaweb se especializa en proporcionar soluciones integrales que optimizan la gestión empresarial. Nuestros servicios incluyen:</p>
<ul>
<li><strong>Inteligencia Artificial (AI):</strong> Implementamos soluciones de AI que permiten a las empresas automatizar procesos y obtener insights valiosos a partir de sus datos.</li>
<li><strong>Business Intelligence (BI):</strong> Ofrecemos herramientas de BI que facilitan el análisis de datos y la generación de informes, ayudando a las empresas a tomar decisiones estratégicas basadas en información precisa.</li>
<li><strong>Capacitación:</strong> Proporcionamos formación especializada para tu equipo, asegurando que puedan utilizar nuestras herramientas de manera efectiva y maximizar su potencial.</li>
<li><strong>Consultoría:</strong> Nuestros expertos brindan asesoría personalizada para identificar las mejores soluciones tecnológicas que se adapten a las necesidades específicas de tu negocio.</li>
<li><strong>CRM:</strong> Implementamos sistemas de gestión de relaciones con clientes que mejoran la comunicación y el seguimiento de interacciones, optimizando la experiencia del cliente.</li>
<li><strong>E-commerce:</strong> Desarrollamos plataformas de comercio electrónico que permiten a las empresas expandir su alcance y mejorar la experiencia de compra en línea.</li>
<li><strong>ERP:</strong> Nuestros sistemas de planificación de recursos empresariales integran todas las operaciones de tu empresa en una única plataforma, facilitando la gestión y el análisis de datos en tiempo real.</li>
<li><strong>Hosting y Dominios:</strong> Ofrecemos servicios de alojamiento web y registro de dominios, garantizando que tu presencia en línea sea segura y confiable.</li>
<li><strong>Desarrollo Web:</strong> Creamos sitios web personalizados que reflejan la identidad de tu marca y mejoran la interacción con tus clientes.</li>
</ul>

[/accordion-item]

[accordion-item title=""¿Cómo puedo solicitar una demo?""]

<p>Para solicitar una demo, completa nuestro formulario de contacto o haz clic en el botón ""Solicitar una Demo"" en la sección de inicio.</p>

[/accordion-item]

[accordion-item title=""¿Qué industrias atendemos?""]

<p>Atendemos diversas industrias como retail, manufactura y agroindustria, adaptando nuestras soluciones a las necesidades específicas de cada sector.</p>

[/accordion-item]

[accordion-item title=""¿Cómo funciona el soporte técnico?""]

<p>Brindamos soporte técnico remoto y asistencia continua para resolver cualquier inconveniente que pueda surgir.</p>

[/accordion-item]

[accordion-item title=""¿Puedo personalizar mi ERP?""]

<p>Sí, nuestros sistemas ERP son altamente personalizables para satisfacer las necesidades específicas de tu negocio.</p>

[/accordion-item]

[accordion-item title=""¿Qué tipo de capacitación ofrecen?""]

<p>Ofrecemos capacitación y formación para tu equipo, asegurando que puedan aprovechar al máximo nuestras herramientas.</p>

[/accordion-item]

[/accordion]

[/col]

[col span=""6"" span__sm=""12"" padding=""20px""]

[accordion]

[accordion-item title=""¿Cómo puede ayudarme un ERP?""]

<p>Un ERP puede mejorar la eficiencia operativa, reducir costos y proporcionar información valiosa para la toma de decisiones estratégicas.</p>
<p class=""description"">Conoce los beneficios de implementar un sistema ERP en tu empresa.</p>

[/accordion-item]

[accordion-item title=""¿Ofrecen ejemplos de flujos de trabajo automatizados?""]

<p>Sí, aquí tienes algunos ejemplos de flujos de trabajo automatizados que puedes implementar:</p>
<ul>
<li><strong>Generación de Leads:</strong> Captura de información de prospectos de manera automática, facilitando el seguimiento y la conversión.</li>
<li><strong>Gestión de Pedidos:</strong> Procesamiento automático de pedidos que actualiza inventarios y notifica al equipo de logística.</li>
<li><strong>Recordatorios de Pagos:</strong> Envío automático de recordatorios a clientes, mejorando la cobranza y reduciendo impagos.</li>
<li><strong>Seguimiento de Proyectos:</strong> Informes automáticos sobre el estado de proyectos, mejorando la comunicación con los clientes.</li>
<li><strong>Onboarding de Empleados:</strong> Proceso de incorporación automatizado que asegura que los nuevos empleados reciban toda la información necesaria.</li>
<li><strong>Actualización de Inventario:</strong> Sincronización automática de inventarios al recibir nuevos productos, manteniendo la información actualizada.</li>
<li><strong>Informes Periódicos:</strong> Generación automática de informes de rendimiento, facilitando la toma de decisiones informadas.</li>
<li><strong>Feedback de Clientes:</strong> Encuestas automáticas de satisfacción que permiten recopilar y analizar la retroalimentación de los clientes.</li>
</ul>
<p>Estos flujos de trabajo automatizados mejoran la eficiencia, reducen errores y optimizan la experiencia del cliente.</p>

[/accordion-item]

[accordion-item title=""¿Cómo garantizan la seguridad de los datos?""]

<p>Implementamos medidas de seguridad avanzadas, incluyendo cifrado de datos, autenticación de múltiples factores y copias de seguridad regulares, para proteger la información de nuestros clientes y garantizar su confidencialidad.</p>

[/accordion-item]

[accordion-item title=""¿Puedo integrar el ERP con otras herramientas?""]

<p>Sí, nuestros sistemas ERP son compatibles con una variedad de aplicaciones y pueden integrarse fácilmente con herramientas de CRM, plataformas de e-commerce y otras soluciones de software que ya utilizas en tu negocio.</p>

[/accordion-item]

[accordion-item title=""¿Cuál es el costo de sus servicios?""]

<p>El costo de nuestros servicios varía según las soluciones y el alcance del proyecto. Te invitamos a contactarnos para obtener una cotización personalizada que se ajuste a las necesidades de tu empresa.</p>

[/accordion-item]

[accordion-item title=""¿Ofrecen soporte post-implementación?""]

<p>Sí, ofrecemos soporte post-implementación para asegurarnos de que tu equipo esté completamente capacitado y que cualquier inconveniente que surja sea resuelto de manera oportuna.</p>

[/accordion-item]

[/accordion]

[/col]

[/row]

[/section]",Contenido Único,Contenido,Páginas de contenido,Contenido personalizado,"Descubre las respuestas a las preguntas más frecuentes sobre nuestras soluciones y servicios. Desde información sobre nuestro ERP hasta detalles sobre implementación y soporte, aquí encontrarás la información que necesitas para tomar decisiones informadas.","Una imagen que muestre a un grupo diverso de profesionales colaborando en una oficina moderna, utilizando dispositivos tecnológicos y pantallas que muestren gráficos y datos, representando la implementación exitosa de soluciones empresariales."
"[section label=""Testimonios"" bg_color=""rgb(255,255,255)"" padding=""60px""]

[row]

[col span=""4"" span__sm=""12""]

[testimonial image=""25115""]

<p>""Digitalizar nuestro negocio nos ayudó a expandirnos y alcanzar nuevos clientes.""</p>
<h4>- Álvaro Vázquez</h4>
<p class=""meta"">Dueño de Natan Motos</p>

[/testimonial]

[/col]
[col span=""4"" span__sm=""12""]

[testimonial image=""25116""]

<p>""Su tecnología y soporte nos permitieron mejorar la eficiencia y aumentar nuestra rentabilidad.""</p>
<h4>- Daniel Martínez</h4>
<p class=""meta"">Socio Gerente de Cabarcos Motores</p>

[/testimonial]

[/col]
[col span=""4"" span__sm=""12""]

[testimonial image=""25111""]

<p>""Nos ayudaron a optimizar nuestros proyectos de construcción con soluciones innovadoras.""</p>
<h4>- Juan Urdinez</h4>
<p class=""meta"">CEO de SIA Construcciones</p>

[/testimonial]

[/col]

[/row]
[gap height=""40px""]

[row]

[col span=""4"" span__sm=""12""]

[testimonial image=""25110""]

<p>""La transformación digital que logramos con su apoyo ha sido un gran paso adelante para nuestra empresa.""</p>
<h4>- Oscar De Piano</h4>
<p class=""meta"">CEO de Edilicias SRL</p>

[/testimonial]

[/col]
[col span=""4"" span__sm=""12""]

[testimonial image=""25107""]

<p>""Su plataforma y asesoramiento nos permitieron optimizar la gestión de nuestros talleres mecánicos.""</p>
<h4>- Germán Van Der Braver</h4>
<p class=""meta"">Socio Gerente de Motocenter Pro Boxes</p>

[/testimonial]

[/col]
[col span=""4"" span__sm=""12""]

[testimonial image=""25114""]

<p>""Las estrategias de marketing que implementamos con su ayuda nos dieron excelentes resultados.""</p>
<h4>- Lorena Yañez</h4>
<p class=""meta"">Marketing en Morgado Hogar</p>

[/testimonial]

[/col]

[/row]
[gap height=""40px""]


[/section]",Blog ERP,Contenido,Contenido,Artículos,"Conoce las historias de éxito de nuestros clientes satisfechos. Desde pequeñas empresas hasta grandes corporaciones, descubre cómo nuestras soluciones han transformado negocios en diversos sectores, mejorando su eficiencia y rentabilidad.","Un collage de retratos de los clientes satisfechos mencionados en los testimonios, mostrando sus rostros sonrientes junto a los logotipos de sus respectivas empresas."
"[block]

[block]

[block]

[block]

[block]

[block]

[block]

[block]",Blog y Testimonios,Contenido,Contenido,Artículos y Reseñas,Este contenido parece ser un marcador de posición o un bloque vacío. No hay información suficiente para generar un extracto significativo.,No se requiere imagen para este contenido.
"[block id=""blog-erp""]
[block id=""resources-knowledge-base""]

[section label=""Blog"" padding=""60px""]

[row]

[col align=""center""]

<p></p>
<h2 style=""font-size: 220%;"">Últimos Artículos del Blog</h2>
<p>Lee nuestros artículos para obtener más información sobre ERP y tendencias en la industria.</p>

[/col]

[/row]
[row style=""collapse""]

[col span=""4"" span__sm=""12""]

[featured_box img=""https://example.com/articulo-1.jpg""]

<h4>5 Beneficios de Implementar un ERP</h4>
<p>Descubre cómo un ERP puede transformar tu negocio.</p>
[button text=""Leer Más"" link=""#articulo-1""]


[/featured_box]

[/col]
[col span=""4"" span__sm=""12""]

[featured_box img=""https://example.com/articulo-2.jpg""]

<h4>Cómo Elegir el ERP Adecuado</h4>
<p>Consejos para seleccionar el sistema ERP que mejor se adapte a tus necesidades.</p>
[button text=""Leer Más"" link=""#articulo-2""]


[/featured_box]

[/col]
[col span=""4"" span__sm=""12""]

[featured_box img=""https://example.com/articulo-3.jpg""]

<h4>Empresas que Usan ERP</h4>
<p>Historias inspiradoras de empresas que han mejorado su rendimiento con un ERP.</p>

[button text=""Leer Más"" link=""#articulo-3""]


[/featured_box]

[/col]

[/row]

[/section]
[section label=""Testimonios"" bg_color=""#f7f7f7"" padding=""60px""]

[row]

[col align=""center""]

<p></p>
<h6 class=""uppercase secondary-color"">Qué dicen nuestros clientes</h6>
<h2 style=""font-size: 220%;"">Testimonios de Clientes Satisfechos</h2>
<p>Historias reales de éxito que muestran cómo nuestros servicios han transformado negocios.</p>

[/col]

[/row]
[gap height=""40px""]

[row]

[col span=""4"" span__sm=""12""]

[testimonial]

<p>""El equipo entendió nuestras necesidades desde el principio y superó todas nuestras expectativas.""</p>
<h4>- Ana Pérez</h4>
<p class=""meta"">CEO de TechCorp</p>

[/testimonial]

[/col]
[col span=""4"" span__sm=""12""]

[testimonial]

<p>""Gracias a ellos, nuestro negocio se ha digitalizado por completo, aumentando nuestras ventas un 200%.""</p>
<h4>- Carlos Gómez</h4>
<p class=""meta"">Fundador de GreenFoods</p>

[/testimonial]

[/col]
[col span=""4"" span__sm=""12""]

[testimonial]

<p>""No podríamos haber elegido un socio más confiable para nuestro proyecto de comercio electrónico.""</p>
<h4>- Laura Méndez</h4>
<p class=""meta"">Directora de ModaOnline</p>

[/testimonial]

[/col]

[/row]

[/section]",Páginas del Sitio Web,Contenido,Gestión de Contenido,Listado de Páginas,"Mantente al día con las últimas tendencias en tecnología empresarial y ERP. Nuestro blog ofrece artículos informativos, consejos prácticos y análisis de la industria para ayudarte a optimizar tu negocio y mantenerte a la vanguardia.","Una imagen que muestre una pantalla de computadora o tablet con un blog abierto, mostrando títulos de artículos relacionados con ERP y tendencias de la industria."
"[block id=""legal-privacy-policy""]",Componentes de diseño,Diseño,Diseño,Elementos,"Este contenido parece ser un marcador de posición para una política de privacidad. Sin más información, no es posible generar un extracto específico.",No se requiere imagen para este contenido.
"[block id=""industry-solutions-retail-manufacturing-agroindustry""]",Bloques de contenido,Diseño,Diseño,Componentes,"Este contenido parece ser un marcador de posición para soluciones industriales específicas. Sin más detalles, no es posible generar un extracto concreto.",No se requiere imagen para este contenido.
"[section label=""Características Principales"" bg_color=""#f7f5f4"" padding=""60px""]

[ux_text text_align=""center""]

<h6>Servicios de Desarrollo Web</h6> <h3><span style=""font-size: 150%;"">Simplificando la experiencia digital y redefiniendo el comercio electrónico.</span></h3>
[/ux_text]
[gap height=""52px""]

[row style=""large""]

[col span=""4"" span__sm=""12""]

[featured_box img=""https://example.com/nuevo-icono-1.png"" img_width=""40""]

<p></p>
<h4>Automatización de Procesos</h4>
<p>Aumenta la productividad automatizando tareas y flujos de trabajo repetitivos.</p>

[/featured_box]

[/col]
[col span=""4"" span__sm=""12""]

[featured_box img=""https://example.com/nuevo-icono-2.png"" img_width=""40""]

<p></p>
<h4>Analíticas en Tiempo Real</h4>
<p>Toma decisiones informadas con datos actualizados y análisis accionables.</p>

[/featured_box]

[/col]
[col span=""4"" span__sm=""12""]

[featured_box img=""https://example.com/nuevo-icono-3.png"" img_width=""40""]

<p></p>
<h4>Soluciones Escalables</h4>
<p>Haz crecer tu negocio con sistemas ERP que se adaptan a tus necesidades.</p>

[/featured_box]

[/col]

[/row]

[/section]

[section label=""Especificaciones"" padding=""80px""]

[row]

[col span__sm=""12"" align=""center""]

<h6 class=""uppercase secondary-color"">Especificaciones Técnicas</h6>
<h2 style=""font-size: 220%;"">Especificaciones del ERP</h2>
<p>Explora las potentes características y capacidades de nuestros sistemas ERP:</p>
[row_inner style=""large""]

[col_inner span=""4"" span__sm=""12""]

[featured_box img=""https://example.com/nuevo-icono-4.png"" img_width=""40""]

<p></p>
<h4>Basado en la Nube</h4>
<p>Accede a tu sistema ERP desde cualquier lugar con hosting seguro en la nube.</p>

[/featured_box]

[/col_inner]
[col_inner span=""4"" span__sm=""12""]

[featured_box img=""https://example.com/nuevo-icono-5.png"" img_width=""40""]

<p></p>
<h4>Soporte Multilenguaje</h4>
<p>Opera a nivel global con soporte para múltiples idiomas.</p>

[/featured_box]

[/col_inner]
[col_inner span=""4"" span__sm=""12""]

[featured_box img=""https://example.com/nuevo-icono-6.png"" img_width=""40""]

<p></p>
<h4>Paneles Personalizados</h4>
<p>Monitorea tus KPIs y métricas con paneles de control fáciles de usar.</p>

[/featured_box]

[/col_inner]

[/row_inner]

[/col]

[/row]

[/section]",Bloques de Contenido,Diseño,Diseño Web,Elementos de Página,"Explora las características principales de nuestros servicios de desarrollo web y ERP. Desde la automatización de procesos hasta análisis en tiempo real, descubre cómo nuestras soluciones escalables pueden impulsar el crecimiento de tu negocio.","Una imagen que muestre un dashboard de ERP moderno y atractivo, con gráficos coloridos y datos en tiempo real, representando las características principales del sistema."
"[section label=""Métricas de Éxito"" bg_color=""#2467a2"" dark=""true"" padding=""60px""]

[row]

[col span__sm=""12"" align=""center""]

<h2>Métricas de Éxito</h2>
<p>En Viaweb, medimos nuestro éxito a través de los logros de nuestros clientes. Aquí te mostramos algunas de nuestras métricas clave:</p>
[row_inner style=""large""]

[col_inner span=""4"" span__sm=""12""]

<p></p>
<h3>+30%</h3>
<p>Aumento en la eficiencia operativa de nuestros clientes tras implementar nuestras soluciones.</p>

[/col_inner]
[col_inner span=""4"" span__sm=""12""]

<p></p>
<h3>+40%</h3>
<p>Incremento en la satisfacción del cliente gracias a un mejor servicio y soporte.</p>

[/col_inner]
[col_inner span=""4"" span__sm=""12""]

<p></p>
<h3>+25%</h3>
<p>Reducción de costos operativos mediante la optimización de procesos.</p>

[/col_inner]

[/row_inner]

[/col]

[/row]

[/section]",Viaweb Academia,Educación,Educación,Cursos en línea,"Descubre el impacto real de nuestras soluciones a través de métricas de éxito concretas. Desde aumentos en la eficiencia operativa hasta mejoras en la satisfacción del cliente, ve cómo nuestros servicios pueden transformar tu negocio.","Una imagen que muestre un gráfico de barras o circular con porcentajes que representen las métricas de éxito mencionadas, como el aumento en la eficiencia operativa y la satisfacción del cliente."
"[block id=""pricing-plans""]
[block id=""pricing-plans-and-features""]
[block id=""pricing-plans-and-faq""]
[block id=""pricing-service-comparison""]
[block id=""pricing-license-plans""]",Cursos en línea,Educación,Educación,Catálogo de cursos,"Este contenido parece ser un marcador de posición para planes de precios y características. Sin más información, no es posible generar un extracto específico.",No se requiere imagen para este contenido.
"[section label=""Hero"" bg=""24033"" bg_pos=""50% 37%"" parallax=""7"" dark=""true"" height=""650px"" height__sm=""500px"" height__md=""550px""]

[row]

[col span=""5"" span__sm=""12"" span__md=""6""]

<h1 style=""font-size:200%"">Asóciate con Viaweb<br /> y lleva tu negocio al siguiente nivel.</h1>
<p style=""font-size:130%"">En Viaweb, creemos en la colaboración para generar valor y crecer juntos.</p>
[gap height=""10px""]

[button text=""Nuestros Socios"" letter_case=""lowercase"" color=""#24ae7a""]

[button text=""Contáctanos"" letter_case=""lowercase"" color=""#ffffff"" style=""link"" icon=""icon-angle-right""]


[/col]

[/row]

[/section]
[section label=""Partnerships"" bg_color=""#f4f2f2"" padding=""70px""]

[row]

[col span__sm=""12""]

[row_inner style=""small"" h_align=""center""]

[col_inner span=""3"" span__sm=""12"" span__md=""12""]

<h2>Partnerships</h2>

[/col_inner]
[col_inner span=""3"" span__sm=""12"" span__md=""4"" margin=""0px 0px -15px 0px""]

<h5>Socios Estratégicos</h5>
<p>Colaboramos con empresas que comparten nuestra visión y valores.</p>

[/col_inner]
[col_inner span=""3"" span__sm=""12"" span__md=""4"" margin=""0px 0px -15px 0px""]

<h5>Beneficios de las Alianzas</h5>
<p>Las alianzas estratégicas ofrecen ventajas competitivas y acceso a nuevos mercados.</p>

[/col_inner]
[col_inner span=""3"" span__sm=""12"" span__md=""4"" margin=""0px 0px -15px 0px""]

<h5>Cómo Convertirse en Socio</h5>
<p>Te invitamos a conocer el proceso y requisitos para formar parte de nuestra red de socios.</p>

[/col_inner]

[/row_inner]

[/col]

[/row]

[/section]
[section label=""Text Call Out"" dark=""true"" height__sm=""500px"" height__md=""550px""]

[row v_align=""bottom"" h_align=""center""]

[col span=""7"" span__sm=""12"" align=""center""]

<h2>¡Hablemos de asociación!</h2>
<p>Estamos aquí para explorar oportunidades de colaboración que beneficien a ambas partes. Contáctanos para discutir cómo podemos trabajar juntos.</p>
[button text=""Contáctanos"" letter_case=""lowercase"" color=""#24ae7a"" icon=""icon-angle-right"" link=""#""]


[/col]

[/row]

[/section]",Cultura y Servicios Viaweb,Empresa,Empresa,Cultura Corporativa,"Únete a nuestra red de socios estratégicos y lleva tu negocio al siguiente nivel. Descubre los beneficios de asociarte con Viaweb, desde ventajas competitivas hasta nuevas oportunidades de crecimiento. Contáctanos para explorar cómo podemos colaborar juntos.","Una imagen aérea de una ciudad moderna con edificios de oficinas y calles iluminadas, simbolizando el crecimiento y las oportunidades de negocio."
"[section label=""Contacto"" bg_color=""#2467a2"" dark=""true"" padding=""80px""]

[row h_align=""center""]

[col span=""9"" span__sm=""12"" align=""center""]

[gap]

<h2 style=""font-size: 220%;"">¿Listo para Transformar tu Negocio?</h2>
<p>Contáctanos hoy para obtener más información sobre nuestras soluciones ERP y cómo pueden ayudarte a alcanzar tus objetivos.</p>
[gap height=""20px""]

[button text=""Contáctanos"" color=""#24ae7a"" size=""large"" radius=""4"" link=""/contacto""]


[/col]

[/row]

[/section]",Métricas de Éxito Viaweb,Empresa,Empresa,Resultados,¿Listo para transformar tu negocio? Contáctanos hoy para obtener más información sobre nuestras soluciones ERP y cómo pueden ayudarte a alcanzar tus objetivos empresariales. Estamos aquí para impulsar tu éxito.,"Una imagen que muestre a dos profesionales estrechando las manos, con un fondo de oficina moderna y dispositivos tecnológicos, representando la colaboración y el éxito en los negocios."
"[section label=""Hero"" bg=""24033"" bg_pos=""50% 37%"" parallax=""7"" dark=""true"" height=""650px"" height__sm=""500px"" height__md=""550px""]

[row]

[col span=""6"" span__sm=""12"" span__md=""6""]

<h1 style=""font-size:220%; font-weight:700; line-height:1.2;"">Asóciate con Viaweb<br />y lleva tu negocio al siguiente nivel.</h1>
<p style=""font-size:140%; max-width:500px;"">En Viaweb, creemos en la colaboración para generar valor y crecer juntos.</p>
[gap height=""15px""]

[button text=""Nuestros Socios"" letter_case=""capitalize"" color=""custom"" radius=""8px"" expand=""true""]

[button text=""Contáctanos"" letter_case=""capitalize"" color=""white"" style=""outline"" radius=""8px"" expand=""true"" icon=""icon-angle-right""]


[/col]

[/row]

[/section]
[section label=""Partnerships"" bg_color=""#f6f6f7"" padding=""80px""]

[row]

[col align=""center""]

<br />
<h2 style=""font-size:180%; font-weight:700; color:#2f2e70;"">Beneficios de Asociarte con Nosotros</h2>

[/col]

[/row]
[row style=""small"" h_align=""center""]

[col span=""4"" span__sm=""12""]

<p>[ux_icon name=""fa-handshake"" size=""60px""] </p>
<h5>Socios Estratégicos</h5>
<p>Colaboramos con empresas que comparten nuestra visión y valores.</p>

[/col]
[col span=""4"" span__sm=""12""]

<p>[ux_icon name=""fa-chart-line"" size=""60px""] </p>
<h5>Ventajas Competitivas</h5>
<p>Las alianzas ofrecen acceso a nuevos mercados y crecimiento sostenible.</p>

[/col]
[col span=""4"" span__sm=""12""]

<p>[ux_icon name=""fa-user-plus"" size=""60px""] </p>
<h5>¡Forma Parte!</h5>
<p>Conoce el proceso para unirte a nuestra red de socios.</p>

[/col]

[/row]

[/section]
[section label=""CTA"" bg_color=""#761c8f"" dark=""true"" padding=""60px""]

[row h_align=""center""]

[col span=""8"" span__sm=""12"" align=""center""]

<h2 style=""font-size:170%;"">Hablemos de Asociación</h2>
<p>Exploramos oportunidades que beneficien a ambas partes. ¡Contáctanos!</p>
[button text=""Contáctanos"" letter_case=""capitalize"" color=""white"" style=""solid"" radius=""8px"" icon=""icon-angle-right"" link=""#""]


[/col]

[/row]

[/section]",Nuestra Cultura,Empresa,Empresa,Cultura Corporativa,"Descubre los beneficios de asociarte con Viaweb. Desde colaboraciones estratégicas hasta ventajas competitivas, te ofrecemos la oportunidad de crecer y expandir tu negocio. Contáctanos para explorar cómo podemos trabajar juntos para alcanzar nuevos niveles de éxito.","Una imagen que muestre a dos profesionales estrechando las manos frente a un edificio de oficinas moderno, simbolizando la asociación y el crecimiento empresarial."
"[section padding=""60px""]

[thrivedesk_portal]
[/thrivedesk_portal]
[/section]

[section label=""Servicios"" padding=""60px""]

[row h_align=""center""]

[col span=""9"" span__sm=""12"" span__md=""8"" align=""center""]

[ux_text text_align=""center""]

<h2 style=""font-size: 220%;"">Nuestros Servicios</h2> <p>Ofrecemos una amplia gama de servicios diseñados para optimizar tu negocio y mejorar la eficiencia operativa:</p>
[/ux_text]

[/col]

[/row]
[row h_align=""center""]

[col span=""10"" span__sm=""12"" span__md=""12""]

[row_inner style=""large""]

[col_inner span=""6"" span__sm=""12""]

[featured_box inline_svg=""0"" img_width=""55"" pos=""left"" icon_border=""3"" icon_color=""#273647""]

</p>
<h4>Implementación de ERP y CRM</h4>
<p>Configuramos y personalizamos sistemas ERP y CRM para que se adapten a tus necesidades específicas.</p>

[/featured_box]

[/col_inner]
[col_inner span=""6"" span__sm=""12""]

[featured_box inline_svg=""0"" img_width=""55"" pos=""left"" icon_border=""3"" icon_color=""#273647""]

</p>
<h4>Mantenimiento de Sistemas</h4>
<p>Brindamos soporte continuo y actualizaciones para asegurar el óptimo funcionamiento de tus sistemas.</p>

[/featured_box]

[/col_inner]
[col_inner span=""6"" span__sm=""12""]

[featured_box inline_svg=""0"" img_width=""55"" pos=""left"" icon_border=""3"" icon_color=""#273647""]

</p>
<h4>Integración de Plataformas</h4>
<p>Conectamos tu ERP y CRM con otras plataformas para una gestión más eficiente.</p>

[/featured_box]

[/col_inner]
[col_inner span=""6"" span__sm=""12""]

[featured_box inline_svg=""0"" img_width=""55"" pos=""left"" icon_border=""3"" icon_color=""#273647""]

</p>
<h4>Auditoría de Procesos</h4>
<p>Evaluamos y optimizamos tus procesos para mejorar la eficiencia operativa y reducir costos.</p>

[/featured_box]
[gap height=""15px""]


[/col_inner]
[col_inner span=""6"" span__sm=""12""]

[featured_box inline_svg=""0"" img_width=""55"" pos=""left"" icon_border=""3"" icon_color=""#273647""]

</p>
<h4>Soporte Técnico Remoto</h4>
<p>Asistencia técnica a distancia para resolver cualquier inconveniente que pueda surgir.</p>

[/featured_box]

[/col_inner]
[col_inner span=""6"" span__sm=""12""]

[featured_box inline_svg=""0"" img_width=""55"" pos=""left"" icon_border=""3"" icon_color=""#273647""]

</p>
<h4>Capacitación y Formación</h4>
<p>Entrenamos a tu equipo para maximizar el uso de las herramientas ERP y CRM.</p>

[/featured_box]

[/col_inner]

[/row_inner]

[/col]

[/row]

[/section]
[section label=""Especificaciones"" bg_color=""#2467a2"" bg_overlay=""rgba(0, 0, 0, 0.215)"" dark=""true"" padding=""60px""]

[row]

[col span__sm=""12"" align=""center""]

<h6 class=""uppercase secondary-color"">Especificaciones Técnicas</h6>
<h2 style=""font-size: 220%;"">Especificaciones del ERP</h2>
<p>Explora las potentes características y capacidades de nuestros sistemas ERP:</p>
[row_inner style=""large""]

[col_inner span=""4"" span__sm=""12""]

[featured_box img=""https://example.com/nuevo-icono-4.png"" img_width=""40""]

</p>
<h4>Basado en la Nube</h4>
<p>Accede a tu sistema ERP desde cualquier lugar con hosting seguro en la nube.</p>

[/featured_box]

[/col_inner]
[col_inner span=""4"" span__sm=""12""]

[featured_box img=""https://example.com/nuevo-icono-5.png"" img_width=""40""]

</p>
<h4>Soporte Multilenguaje</h4>
<p>Opera a nivel global con soporte para múltiples idiomas.</p>

[/featured_box]

[/col_inner]
[col_inner span=""4"" span__sm=""12""]

[featured_box img=""https://example.com/nuevo-icono-6.png"" img_width=""40""]

</p>
<h4>Paneles Personalizados</h4>
<p>Monitorea tus KPIs y métricas con paneles de control fáciles de usar.</p>

[/featured_box]

[/col_inner]

[/row_inner]

[/col]

[/row]

[/section]
[section padding=""100px""]

[row]

[col span__sm=""12""]

<h2 style=""font-size: 220%; text-align: center;"">Soluciones por Industria</h2>
[ux_text text_align=""center""]

<p>Con una dedicación a la excelencia y un enfoque en la innovación</p>
[/ux_text]
[row_inner label=""Grid Boxes"" style=""small"" width=""full-width""]

[col_inner span=""6"" span__sm=""12""]

[ux_image_box style=""overlay"" img=""4890"" image_height=""240px"" text_pos=""middle""]

[button text=""ver demo Minoristas"" radius=""99""]

<p class=""description"">Herramientas específicas para mejorar la gestión y ventas del sector minorista.</p>

[/ux_image_box]
[gap height=""21px""]

[ux_image_box style=""overlay"" img=""4947"" image_height=""240px"" text_pos=""middle""]

[button text=""ver demo Manufactura"" radius=""75""]

<p class=""description"">Soluciones tecnológicas para optimizar la producción en la industria manufacturera.</p>

[/ux_image_box]

[/col_inner]
[col_inner span=""6"" span__sm=""12""]

[ux_image_box style=""overlay"" img=""8818"" image_height=""500px"" text_pos=""middle""]

[button text=""ver demo Agroindustria"" radius=""99""]

<p class=""description"">Innovaciones digitales diseñadas para el sector agrícola y agroindustrial.</p>

[/ux_image_box]

[/col_inner]

[/row_inner]

[/col]

[/row]

[/section]
[section label=""FAQ"" bg_color=""#2467a2"" bg_overlay=""rgba(0, 0, 0, 0.215)"" dark=""true"" padding=""100px""]

[row]

[col align=""center""]

</p>
<h2 style=""font-size: 220%;"">Preguntas Frecuentes</h2>
<p>Resolvemos tus dudas sobre nuestras soluciones ERP.</p>

[/col]

[/row]
[row style=""collapse""]

[col span=""6"" span__sm=""12""]

</p>
<h4>¿Qué es un ERP?</h4>
<p>Un ERP (Enterprise Resource Planning) es un sistema que integra todas las operaciones de una empresa en una única plataforma, facilitando la gestión y el análisis de datos en tiempo real.</p>

[/col]
[col span=""6"" span__sm=""12""]

</p>
<h4>¿Cómo puede ayudarme un ERP?</h4>
<p>Un ERP puede mejorar la eficiencia operativa, reducir costos, y proporcionar información valiosa para la toma de decisiones estratégicas.</p>

[/col]

[/row]
[row style=""collapse""]

[col span=""6"" span__sm=""12""]

</p>
<h4>¿Es fácil de implementar?</h4>
<p>Nuestro equipo te guiará a través de cada paso del proceso de implementación para asegurar una transición suave y exitosa.</p>

[/col]
[col span=""6"" span__sm=""12""]

</p>
<h4>¿Ofrecen soporte técnico?</h4>
<p>Sí, ofrecemos soporte técnico continuo para resolver cualquier problema que puedas encontrar.</p>

[/col]

[/row]

[/section]
[section label=""Planes y Precios"" bg_color=""#ffffff"" padding=""60px""]

[row]

[col align=""center""]

</p>
<h6 class=""uppercase secondary-color"">Elige el Plan Ideal</h6>
<h2 style=""font-size: 220%;"">Planes y Precios Adaptados a tu Negocio</h2>
<p>Selecciona el plan que mejor se adapte a las necesidades de tu empresa.</p>

[/col]

[/row]
[row style=""collapse""]

[col span=""4"" span__sm=""12""]

[featured_box img=""https://example.com/plan-basico.png""]

<h4>Plan Básico</h4>
<p>Funciones esenciales para comenzar. Ideal para pequeñas empresas.</p>
<p style=""font-size: 150%;""><strong>$99/mes</strong></p>
[button text=""Contratar"" size=""large"" radius=""4"" link=""#plan-basico""]


[/featured_box]

[/col]
[col span=""4"" span__sm=""12""]

[featured_box img=""https://example.com/plan-profesional.png""]

<h4>Plan Profesional</h4>
<p>Funciones avanzadas para empresas en crecimiento.</p>
<p style=""font-size: 150%;""><strong>$199/mes</strong></p>
[button text=""Contratar"" color=""secondary"" size=""large"" radius=""4"" link=""#plan-profesional""]


[/featured_box]

[/col]
[col span=""4"" span__sm=""12""]

[featured_box img=""https://example.com/plan-premium.png""]

<h4>Plan Premium</h4>
<p>Todas las funciones y soporte personalizado. Ideal para grandes empresas.</p>
<p style=""font-size: 150%;""><strong>$299/mes</strong></p>
[button text=""Contratar"" color=""tertiary"" size=""large"" radius=""4"" link=""#plan-premium""]


[/featured_box]

[/col]

[/row]

[/section]",Métricas de éxito,Empresa,Acerca de nosotros,Logros,"Explora nuestra amplia gama de servicios diseñados para optimizar tu negocio. Desde implementación de ERP y CRM hasta soporte técnico y capacitación, ofrecemos soluciones integrales adaptadas a las necesidades específicas de tu industria. Descubre cómo podemos impulsar la eficiencia y el crecimiento de tu empresa.","Una imagen que muestre un centro de atención al cliente moderno, con agentes sonrientes utilizando computadoras y auriculares, representando el soporte técnico y la atención al cliente de Viaweb."
"[block id=""home-hero""]
[block id=""homepage-hero-section""]
[block id=""homepage-hero-slider""]
[block id=""hero-section-slider""]
[block id=""hero-e-commerce""]
[block id=""hero-erp-solutions""]
[block id=""testimonials-client-feedback""]
[block id=""success-metrics-client-achievements""]",Información de la empresa,Empresa,Acerca de nosotros,Cultura empresarial,"Explora nuestras soluciones innovadoras para tu negocio. Desde sistemas ERP hasta comercio electrónico, ofrecemos herramientas poderosas para impulsar tu crecimiento y éxito.","Una imagen de un panel de control moderno y elegante que muestre gráficos, métricas y widgets interactivos, representando las diversas funcionalidades de un sistema ERP y comercio electrónico."
"[section label=""Planes y Precios"" bg_color=""#ffffff"" padding=""60px""]
[row]
[col align=""center""]
<br />
<h6 class=""uppercase secondary-color"">Elige el Plan Ideal</h6>
<h2 style=""font-size: 220%;"">Planes y Precios Adaptados a tu Negocio</h2>
<p>Selecciona el plan que mejor se adapte a las necesidades de tu empresa.</p>
[/col]
[/row]
[gap height=""40px""]
[row style=""collapse""]
[col span=""4"" span__sm=""12""]
[featured_box img=""https://example.com/plan-basico.png""]
<h4>Plan Básico</h4>
<p>Funciones esenciales para comenzar. Ideal para pequeñas empresas.</p>
<p style=""font-size: 150%;""><strong>$99/mes</strong></p>
[button text=""Contratar"" size=""large"" radius=""4"" link=""#plan-basico""]
[/featured_box]
[/col]
[col span=""4"" span__sm=""12""]
[featured_box img=""https://example.com/plan-profesional.png""]
<h4>Plan Profesional</h4>
<p>Funciones avanzadas para empresas en crecimiento.</p>
<p style=""font-size: 150%;""><strong>$199/mes</strong></p>
[button text=""Contratar"" color=""secondary"" size=""large"" radius=""4"" link=""#plan-profesional""]
[/featured_box]
[/col]
[col span=""4"" span__sm=""12""]
[featured_box img=""https://example.com/plan-premium.png""]
<h4>Plan Premium</h4>
<p>Todas las funciones y soporte personalizado. Ideal para grandes empresas.</p>
<p style=""font-size: 150%;""><strong>$299/mes</strong></p>
[button text=""Contratar"" color=""tertiary"" size=""large"" radius=""4"" link=""#plan-premium""]
[/featured_box]
[/col]
[/row]
[/section]
[section label=""FAQ"" bg_color=""#f7f5f4"" padding=""60px""]
[row]
[col align=""center""]
<br />
<h2 style=""font-size: 220%;"">Preguntas Frecuentes</h2>
<p>Resolvemos tus dudas sobre nuestras soluciones ERP.</p>
[/col]
[/row]
[gap height=""40px""]
[row style=""collapse""]
[col span=""6"" span__sm=""12""]
<br />
<h4>¿Qué es un ERP?</h4>
<p>Un ERP (Enterprise Resource Planning) es un sistema que integra todas las operaciones de una empresa en una única plataforma, facilitando la gestión y el análisis de datos en tiempo real.</p>
[/col]
[col span=""6"" span__sm=""12""]
<br />
<h4>¿Cómo puede ayudarme un ERP?</h4>
<p>Un ERP puede mejorar la eficiencia operativa, reducir costos, y proporcionar información valiosa para la toma de decisiones estratégicas.</p>
[/col]
[/row]
[row style=""collapse""]
[col span=""6"" span__sm=""12""]
<br />
<h4>¿Es fácil de implementar?</h4>
<p>Nuestro equipo te guiará a través de cada paso del proceso de implementación para asegurar una transición suave y exitosa.</p>
[/col]
[col span=""6"" span__sm=""12""]
<br />
<h4>¿Ofrecen soporte técnico?</h4>
<p>Sí, ofrecemos soporte técnico continuo para resolver cualquier problema que puedas encontrar.</p>
[/col]
[/row]
[/section]",Nuestra Cultura,Empresa,Empresa,Valores,"Descubre nuestros planes y precios adaptados a las necesidades de tu empresa. Ofrecemos soluciones escalables desde pequeñas empresas hasta grandes corporaciones, con funciones esenciales y avanzadas para potenciar tu negocio.","Un collage de imágenes que muestre tres planes de precios diferentes, cada uno representado por un icono distintivo: una estrella para el plan básico, un engranaje para el profesional y una corona para el premium. Junto a esto, una imagen de personas trabajando en equipo, simbolizando la colaboración y el soporte."
"[section label=""Características Principales"" bg_color=""#f7f5f4"" padding=""60px""]

[ux_text text_align=""center""]

<h6>Servicios de Desarrollo Web</h6> <h3><span style=""font-size: 150%;"">Simplificando la experiencia digital y redefiniendo el comercio electrónico.</span></h3>
[/ux_text]
[gap height=""52px""]

[row style=""large""]

[col span=""4"" span__sm=""12""]

[featured_box img=""https://example.com/nuevo-icono-1.png"" img_width=""40""]

<br />
<h4>Automatización de Procesos</h4>
<p>Aumenta la productividad automatizando tareas y flujos de trabajo repetitivos.</p>

[/featured_box]

[/col]
[col span=""4"" span__sm=""12""]

[featured_box img=""https://example.com/nuevo-icono-2.png"" img_width=""40""]

<br />
<h4>Analíticas en Tiempo Real</h4>
<p>Toma decisiones informadas con datos actualizados y análisis accionables.</p>

[/featured_box]

[/col]
[col span=""4"" span__sm=""12""]

[featured_box img=""https://example.com/nuevo-icono-3.png"" img_width=""40""]

<br />
<h4>Soluciones Escalables</h4>
<p>Haz crecer tu negocio con sistemas ERP que se adaptan a tus necesidades.</p>

[/featured_box]

[/col]

[/row]

[/section]

[section label=""Especificaciones"" padding=""80px""]

[row]

[col span__sm=""12"" align=""center""]

<h6 class=""uppercase secondary-color"">Especificaciones Técnicas</h6>
<h2 style=""font-size: 220%;"">Especificaciones del ERP</h2>
<p>Explora las potentes características y capacidades de nuestros sistemas ERP:</p>
[row_inner style=""large""]

[col_inner span=""4"" span__sm=""12""]

[featured_box img=""https://example.com/nuevo-icono-4.png"" img_width=""40""]

<br />
<h4>Basado en la Nube</h4>
<p>Accede a tu sistema ERP desde cualquier lugar con hosting seguro en la nube.</p>

[/featured_box]

[/col_inner]
[col_inner span=""4"" span__sm=""12""]

[featured_box img=""https://example.com/nuevo-icono-5.png"" img_width=""40""]

<br />
<h4>Soporte Multilenguaje</h4>
<p>Opera a nivel global con soporte para múltiples idiomas.</p>

[/featured_box]

[/col_inner]
[col_inner span=""4"" span__sm=""12""]

[featured_box img=""https://example.com/nuevo-icono-6.png"" img_width=""40""]

<br />
<h4>Paneles Personalizados</h4>
<p>Monitorea tus KPIs y métricas con paneles de control fáciles de usar.</p>

[/featured_box]

[/col_inner]

[/row_inner]

[/col]

[/row]

[/section]",Búsqueda de Resultados,Funcionalidad,Funcionalidad,Búsqueda,"Simplificamos tu experiencia digital y redefinimos el comercio electrónico. Nuestros servicios de desarrollo web incluyen automatización de procesos, analíticas en tiempo real y soluciones escalables para hacer crecer tu negocio.","Una imagen que muestre un engranaje grande en el centro, rodeado por iconos más pequeños que representen la automatización, análisis en tiempo real y escalabilidad. Esto podría complementarse con una interfaz de usuario moderna en segundo plano, ilustrando un sistema ERP en acción."
"[section label=""Hero"" bg=""24033"" bg_pos=""50% 37%"" parallax=""7"" dark=""true"" height=""650px"" height__sm=""500px"" height__md=""550px""]

[row]

[col span=""5"" span__sm=""12"" span__md=""6""]

<h1 style=""font-size:200%; color:#ffffff;"">Asóciate con Viaweb<br /> y lleva tu negocio al siguiente nivel.</h1>
<p style=""font-size:130%; color:#ffffff;"">En Viaweb, creemos en la colaboración para generar valor y crecer juntos.</p>
[gap height=""10px""]

[button text=""Nuestros Socios"" letter_case=""lowercase"" color=""#2467A2""]

[button text=""Contáctanos"" letter_case=""lowercase"" color=""#ffffff"" style=""link"" icon=""icon-angle-right""]

[/col]

[/row]

[/section]
[section label=""Partnerships"" bg_color=""#F4F2F2"" padding=""70px""]

[row]

[col span__sm=""12""]

[row_inner style=""small"" h_align=""center""]

[col_inner span=""3"" span__sm=""12"" span__md=""12""]

<br />
<h2 style=""color:#2467A2;"">Partnerships</h2>

[/col_inner]
[col_inner span=""3"" span__sm=""12"" span__md=""4"" margin=""0px 0px -15px 0px""]

<br />
<h5 style=""color:#2467A2;"">Socios Estratégicos</h5>
<p>Colaboramos con empresas que comparten nuestra visión y valores.</p>

[/col_inner]
[col_inner span=""3"" span__sm=""12"" span__md=""4"" margin=""0px 0px -15px 0px""]

<br />
<h5 style=""color:#2467A2;"">Beneficios de las Alianzas</h5>
<p>Las alianzas estratégicas ofrecen ventajas competitivas y acceso a nuevos mercados.</p>

[/col_inner]
[col_inner span=""3"" span__sm=""12"" span__md=""4"" margin=""0px 0px -15px 0px""]

<br />
<h5 style=""color:#2467A2;"">Cómo Convertirse en Socio</h5>
<p>Te invitamos a conocer el proceso y requisitos para formar parte de nuestra red de socios.</p>

[/col_inner]

[/row_inner]

[/col]

[/row]
</section>
[section_inner label=""Text Call Out""]

[/section_inner]
[row h_align=""right""]

[col span=""5"" span__sm=""12"" padding=""0px 0px 10px 0px""]

<h2 style=""color:#2467A2;"">¡Hablemos de asociación!</h2>
<p>Estamos aquí para explorar oportunidades de colaboración que beneficien a ambas partes. Contáctanos para discutir cómo podemos trabajar juntos.</p>
[button text=""Contáctanos"" letter_case=""lowercase"" style=""link"" icon=""icon-angle-right"" link=""#"" color=""#2467A2""]

[/col]

[/row]

[/section]",Política de Privacidad,Legal,Legal,Privacidad,Únete a Viaweb y lleva tu negocio al siguiente nivel. Exploramos oportunidades de colaboración que benefician a ambas partes. Descubre cómo nuestras alianzas estratégicas pueden impulsar tu crecimiento y acceso a nuevos mercados.,"Una imagen de un apretón de manos entre dos personas vestidas de negocios, con un fondo que muestre edificios de oficinas modernos, simbolizando la asociación y colaboración empresarial."
"[block id=""resources-downloads""]
[block id=""newsletter-subscription""]
[block id=""search-results""]",Política de privacidad,Legal,Legal,Políticas,"Accede a nuestros recursos y descargas, suscríbete a nuestro boletín informativo y utiliza nuestra función de búsqueda para encontrar la información que necesitas rápidamente.","Una imagen que muestre una variedad de recursos digitales como e-books, infografías y videos tutoriales, junto con un icono de lupa para representar la funcionalidad de búsqueda y un sobre para la suscripción al boletín."
"[section label=""Info Page: Corporate Minimal"" bg=""26988"" bg_color=""rgb(244, 244, 244)"" bg_overlay=""rgba(36, 103, 162, 0.576)"" bg_pos=""35% 26%"" padding=""80px""]
[row label=""Hero""]
[col span=""6"" span__sm=""12"" span__md=""8"" padding=""20px 0px 0px 0px""]
[ux_text text_color=""rgb(255,255,255)""]
<h3>Hacemos la diferencia</h3>
<h2 style=""font-size:250%;"">Ayudamos a los innovadores a construir productos valiosos.</h2>
<p>Ingeniería de software de pila completa</p>
[/ux_text]
[button text=""Ver nuestro trabajo"" color=""secondary"" radius=""4"" link=""https://domains.connaxis.hosting/"" target=""_blank""]
[button text=""Clientes"" color=""white"" radius=""4"" link=""https://domains.connaxis.hosting/"" target=""_blank""]
[/col]
[/row]
[/section]
[section label=""Content"" padding=""80px""]
[row label=""Intro"" h_align=""center""]
[col span=""10"" span__sm=""12"" align=""center""]
<h1>Un vistazo a nuestra cultura</h1>
<p>En Viaweb, estamos comprometidos con la excelencia y el crecimiento sostenible. Cada proyecto que emprendemos refleja nuestra misión y visión, asegurando que cada solución esté alineada con las necesidades de nuestros clientes. Nuestra cultura se basa en la innovación, la dedicación al cliente y el trabajo en equipo.</p>
[gap]
[/col]
[/row]
[row label=""Bullets"" style=""large"" h_align=""center""]
[col span=""6"" span__sm=""12""]
[featured_box img=""24117"" img_width=""25"" pos=""left"" margin=""0px 0px 10px 0px"" icon_color=""rgb(248, 149, 29)"" class=""icon-sets""]
[ux_text text_align=""left""]
<h4><strong>Investigación inicial</strong></h4>
[/ux_text]
[/featured_box]
<p>Realizamos un análisis detallado sobre las necesidades de su negocio, asegurando que nuestras soluciones sean personalizadas y efectivas. Desde el ERP y CRM hasta soluciones de inteligencia de negocios, nos aseguramos de entender su contexto antes de avanzar.</p>
[/col]
[col span=""6"" span__sm=""12""]
[featured_box img=""24116"" img_width=""25"" pos=""left"" margin=""0px 0px 10px 0px"" icon_color=""rgb(248, 149, 29)"" class=""icon-sets""]
<h4><strong>Validación</strong></h4>
[/featured_box]
<p>Implementamos un enfoque de validación continua, garantizando que cada etapa del proceso de desarrollo cumpla con los estándares de calidad. Utilizamos casos de estudio y ejemplos de éxito para medir el impacto de nuestras soluciones.</p>
[/col]
[col span=""6"" span__sm=""12""]
[featured_box img=""24115"" img_width=""25"" pos=""left"" margin=""0px 0px 10px 0px"" icon_color=""rgb(248, 149, 29)"" class=""icon-sets""]
<h4><strong>Agilidad</strong></h4>
[/featured_box]
<p>Adoptamos metodologías ágiles para asegurar que nuestros proyectos se adapten rápidamente a los cambios de requisitos y necesidades del mercado. Nuestra capacidad de respuesta nos permite entregar resultados efectivos en tiempos reducidos.</p>
[/col]
[col span=""6"" span__sm=""12""]
[featured_box img=""24114"" img_width=""25"" pos=""left"" margin=""0px 0px 10px 0px"" icon_color=""rgb(248, 149, 29)"" class=""icon-sets""]
<h4><strong>Liderazgo</strong></h4>
[/featured_box]
<p>Contamos con un equipo directivo experimentado que guía a Viaweb hacia el éxito. Nuestros valores corporativos, como el compromiso y la innovación, son reflejados en cada proyecto que llevamos a cabo.</p>
[/col]
[/row]
[/section]
[section label=""Call to action"" bg_color=""#2467a2""]
[row]
[col span__sm=""12"" margin=""-80px 0px 0px 0px"" align=""center""]
[gap height=""20px""]
[/col]
[/row]
[row]
[col span__sm=""12"" align=""center""]
[ux_text text_align=""center"" text_color=""rgb(255, 255, 255)""]
</p>
<h5>Trabajemos juntos</h5>
<h2>¿Listo para construir algo valioso?<br /> </h2>
[/ux_text]
[button text=""Intentémoslo"" color=""secondary"" radius=""4"" icon=""icon-angle-right"" icon_reveal=""true""]
[/col]
[/row]
[/section]
[section label=""Info Page: Corporate Minimal"" bg=""24110"" bg_color=""rgb(244, 244, 244)"" bg_pos=""35% 26%"" padding=""80px""] [row label=""Hero""] [col span=""6"" span__sm=""12"" span__md=""8"" padding=""20px 0px 0px 0px""] <h3>Hacemos la diferencia</h3> <h2 style=""font-size:250%;"">Ayudamos a los innovadores a construir productos valiosos.</h2> <p>Ingeniería de software de pila completa</p> [button text=""Ver nuestro trabajo"" radius=""4"" link=""https://domains.connaxis.hosting/"" target=""_blank""] [button text=""Clientes"" style=""outline"" radius=""4"" link=""https://domains.connaxis.hosting/"" target=""_blank""] [/col] [/row] [/section] [section label=""Content"" padding=""80px""] [row label=""Intro"" h_align=""center""] [col span=""7"" span__sm=""12"" align=""center""] <h2>Un vistazo a nuestra cultura<br /> </h2> <p>En Viaweb, estamos comprometidos con la excelencia y el crecimiento sostenible. Cada proyecto que emprendemos refleja nuestra misión y visión, asegurando que cada solución esté alineada con las necesidades de nuestros clientes. Nuestra cultura se basa en la innovación, la dedicación al cliente y el trabajo en equipo.</p> [gap] [/col] [/row] [row label=""Bullets"" style=""large"" h_align=""center""] [col span=""6"" span__sm=""12""] [featured_box img=""24117"" img_width=""25"" pos=""left"" margin=""0px 0px 10px 0px"" icon_color=""rgb(248, 149, 29)"" class=""icon-sets""] <h4>Investigación inicial</h4> [/featured_box] <p>Realizamos un análisis detallado sobre las necesidades de su negocio, asegurando que nuestras soluciones sean personalizadas y efectivas. Desde el ERP y CRM hasta soluciones de inteligencia de negocios, nos aseguramos de entender su contexto antes de avanzar.</p> [/col] [col span=""6"" span__sm=""12""] [featured_box img=""24116"" img_width=""25"" pos=""left"" margin=""0px 0px 10px 0px"" icon_color=""rgb(248, 149, 29)"" class=""icon-sets""] <h4>Validación</h4> [/featured_box] <p>Implementamos un enfoque de validación continua, garantizando que cada etapa del proceso de desarrollo cumpla con los estándares de calidad. Utilizamos casos de estudio y ejemplos de éxito para medir el impacto de nuestras soluciones.</p> [/col] [col span=""6"" span__sm=""12""] [featured_box img=""24115"" img_width=""25"" pos=""left"" margin=""0px 0px 10px 0px"" icon_color=""rgb(248, 149, 29)"" class=""icon-sets""] <h4>Agilidad</h4> [/featured_box] <p>Adoptamos metodologías ágiles para asegurar que nuestros proyectos se adapten rápidamente a los cambios de requisitos y necesidades del mercado. Nuestra capacidad de respuesta nos permite entregar resultados efectivos en tiempos reducidos.</p> [/col] [col span=""6"" span__sm=""12""] [featured_box img=""24114"" img_width=""25"" pos=""left"" margin=""0px 0px 10px 0px"" icon_color=""rgb(248, 149, 29)"" class=""icon-sets""] <h4>Liderazgo</h4> [/featured_box] <p>Contamos con un equipo directivo experimentado que guía a Viaweb hacia el éxito. Nuestros valores corporativos, como el compromiso y la innovación, son reflejados en cada proyecto que llevamos a cabo.</p> [/col] [/row] [/section] [section label=""Call to action"" bg_color=""rgb(244, 244, 244)""] [row] [col span__sm=""12"" margin=""-80px 0px 0px 0px"" align=""center""] [featured_box img=""22796"" img_width=""100"" pos=""center"" class=""circle""] <h5>Trabajemos juntos</h5> <h2>¿Listo para construir algo valioso?<br /> </h2> [/featured_box] [gap height=""20px""] [button text=""Intentémoslo"" color=""secondary"" radius=""4"" icon=""icon-angle-right"" icon_reveal=""true""] [/col] [/row] [gap] [/section]
[/section label=""Info Page: Corporate Minimal"" bg=""24110"" bg_color=""rgb(244, 244, 244)"" bg_pos=""35% 26%"" padding=""80px""][/row label=""Hero""][/col span=""6"" span__sm=""12"" span__md=""8"" padding=""20px 0px 0px 0px""][/button text=""Ver nuestro trabajo"" radius=""4"" link=""https://domains.connaxis.hosting/"" target=""_blank""][/button text=""Clientes"" style=""outline"" radius=""4"" link=""https://domains.connaxis.hosting/"" target=""_blank""][//col][//row][//section][/section label=""Content"" padding=""80px""][/row label=""Intro"" h_align=""center""][/col span=""7"" span__sm=""12"" align=""center""][/gap][//col][//row][/row label=""Bullets"" style=""large"" h_align=""center""][/col span=""6"" span__sm=""12""][/featured_box img=""24117"" img_width=""25"" pos=""left"" margin=""0px 0px 10px 0px"" icon_color=""rgb(248, 149, 29)"" class=""icon-sets""][//featured_box][//col][/col span=""6"" span__sm=""12""][/featured_box img=""24116"" img_width=""25"" pos=""left"" margin=""0px 0px 10px 0px"" icon_color=""rgb(248, 149, 29)"" class=""icon-sets""][//featured_box][//col][/col span=""6"" span__sm=""12""][/featured_box img=""24115"" img_width=""25"" pos=""left"" margin=""0px 0px 10px 0px"" icon_color=""rgb(248, 149, 29)"" class=""icon-sets""][//featured_box][//col][/col span=""6"" span__sm=""12""][/featured_box img=""24114"" img_width=""25"" pos=""left"" margin=""0px 0px 10px 0px"" icon_color=""rgb(248, 149, 29)"" class=""icon-sets""][//featured_box][//col][//row][//section][/section label=""Call to action"" bg_color=""rgb(244, 244, 244)""][/col span__sm=""12"" margin=""-80px 0px 0px 0px"" align=""center""][/featured_box img=""22796"" img_width=""100"" pos=""center"" class=""circle""][//featured_box][/gap height=""20px""][/button text=""Intentémoslo"" color=""secondary"" radius=""4"" icon=""icon-angle-right"" icon_reveal=""true""][//col][//row][/gap][//section]
[section label=""Info Page: Corporate Minimal"" bg=""24110"" bg_color=""rgb(244, 244, 244)"" bg_pos=""35% 26%"" padding=""80px""] [row label=""Hero""] [col span=""6"" span__sm=""12"" span__md=""8"" padding=""20px 0px 0px 0px""] <h3>Hacemos la diferencia</h3> <h2 style=""font-size:250%;"">Ayudamos a los innovadores a construir productos valiosos.</h2> <p>Ingeniería de software de pila completa</p> [button text=""Ver nuestro trabajo"" radius=""4"" link=""https://domains.connaxis.hosting/"" target=""_blank""] [button text=""Clientes"" style=""outline"" radius=""4"" link=""https://domains.connaxis.hosting/"" target=""_blank""] [/col] [/row] [/section] [section label=""Content"" padding=""80px""] [row label=""Intro"" h_align=""center""] [col span=""7"" span__sm=""12"" align=""center""] <h2>Un vistazo a nuestra cultura<br /> </h2> <p>En Viaweb, estamos comprometidos con la excelencia y el crecimiento sostenible. Cada proyecto que emprendemos refleja nuestra misión y visión, asegurando que cada solución esté alineada con las necesidades de nuestros clientes. Nuestra cultura se basa en la innovación, la dedicación al cliente y el trabajo en equipo.</p> [gap] [/col] [/row] [row label=""Bullets"" style=""large"" h_align=""center""] [col span=""6"" span__sm=""12""] [featured_box img=""24117"" img_width=""25"" pos=""left"" margin=""0px 0px 10px 0px"" icon_color=""rgb(248, 149, 29)"" class=""icon-sets""] <h4>Investigación inicial</h4> [/featured_box] <p>Realizamos un análisis detallado sobre las necesidades de su negocio, asegurando que nuestras soluciones sean personalizadas y efectivas. Desde el ERP y CRM hasta soluciones de inteligencia de negocios, nos aseguramos de entender su contexto antes de avanzar.</p> [/col] [col span=""6"" span__sm=""12""] [featured_box img=""24116"" img_width=""25"" pos=""left"" margin=""0px 0px 10px 0px"" icon_color=""rgb(248, 149, 29)"" class=""icon-sets""] <h4>Validación</h4> [/featured_box] <p>Implementamos un enfoque de validación continua, garantizando que cada etapa del proceso de desarrollo cumpla con los estándares de calidad. Utilizamos casos de estudio y ejemplos de éxito para medir el impacto de nuestras soluciones.</p> [/col] [col span=""6"" span__sm=""12""] [featured_box img=""24115"" img_width=""25"" pos=""left"" margin=""0px 0px 10px 0px"" icon_color=""rgb(248, 149, 29)"" class=""icon-sets""] <h4>Agilidad</h4> [/featured_box] <p>Adoptamos metodologías ágiles para asegurar que nuestros proyectos se adapten rápidamente a los cambios de requisitos y necesidades del mercado. Nuestra capacidad de respuesta nos permite entregar resultados efectivos en tiempos reducidos.</p> [/col] [col span=""6"" span__sm=""12""] [featured_box img=""24114"" img_width=""25"" pos=""left"" margin=""0px 0px 10px 0px"" icon_color=""rgb(248, 149, 29)"" class=""icon-sets""] <h4>Liderazgo</h4> [/featured_box] <p>Contamos con un equipo directivo experimentado que guía a Viaweb hacia el éxito. Nuestros valores corporativos, como el compromiso y la innovación, son reflejados en cada proyecto que llevamos a cabo.</p> [/col] [/row] [/section] [section label=""Call to action"" bg_color=""rgb(244, 244, 244)""] [row] [col span__sm=""12"" margin=""-80px 0px 0px 0px"" align=""center""] [featured_box img=""22796"" img_width=""100"" pos=""center"" class=""circle""] <h5>Trabajemos juntos</h5> <h2>¿Listo para construir algo valioso?<br /> </h2> [/featured_box] [gap height=""20px""] [button text=""Intentémoslo"" color=""secondary"" radius=""4"" icon=""icon-angle-right"" icon_reveal=""true""] [/col] [/row] [gap] [/section]
[/section label=""Info Page: Corporate Minimal"" bg=""24110"" bg_color=""rgb(244, 244, 244)"" bg_pos=""35% 26%"" padding=""80px""][/row label=""Hero""][/col span=""6"" span__sm=""12"" span__md=""8"" padding=""20px 0px 0px 0px""][/button text=""Ver nuestro trabajo"" radius=""4"" link=""https://domains.connaxis.hosting/"" target=""_blank""][/button text=""Clientes"" style=""outline"" radius=""4"" link=""https://domains.connaxis.hosting/"" target=""_blank""][//col][//row][//section][/section label=""Content"" padding=""80px""][/row label=""Intro"" h_align=""center""][/col span=""7"" span__sm=""12"" align=""center""][/gap][//col][//row][/row label=""Bullets"" style=""large"" h_align=""center""][/col span=""6"" span__sm=""12""][/featured_box img=""24117"" img_width=""25"" pos=""left"" margin=""0px 0px 10px 0px"" icon_color=""rgb(248, 149, 29)"" class=""icon-sets""][//featured_box][//col][/col span=""6"" span__sm=""12""][/featured_box img=""24116"" img_width=""25"" pos=""left"" margin=""0px 0px 10px 0px"" icon_color=""rgb(248, 149, 29)"" class=""icon-sets""][//featured_box][//col][/col span=""6"" span__sm=""12""][/featured_box img=""24115"" img_width=""25"" pos=""left"" margin=""0px 0px 10px 0px"" icon_color=""rgb(248, 149, 29)"" class=""icon-sets""][//featured_box][//col][/col span=""6"" span__sm=""12""][/featured_box img=""24114"" img_width=""25"" pos=""left"" margin=""0px 0px 10px 0px"" icon_color=""rgb(248, 149, 29)"" class=""icon-sets""][//featured_box][//col][//row][//section][/section label=""Call to action"" bg_color=""rgb(244, 244, 244)""][/col span__sm=""12"" margin=""-80px 0px 0px 0px"" align=""center""][/featured_box img=""22796"" img_width=""100"" pos=""center"" class=""circle""][//featured_box][/gap height=""20px""][/button text=""Intentémoslo"" color=""secondary"" radius=""4"" icon=""icon-angle-right"" icon_reveal=""true""][//col][//row][/gap][//section]
[section label=""Info Page: Corporate Minimal"" bg=""24110"" bg_color=""rgb(244, 244, 244)"" bg_pos=""35% 26%"" padding=""80px""]
[row label=""Hero""]
[col span=""6"" span__sm=""12"" span__md=""8"" padding=""20px 0px 0px 0px""]
<h3>Hacemos la diferencia</h3>
<h2 style=""font-size:250%;"">Ayudamos a los innovadores a construir productos valiosos.</h2>
<p>Ingeniería de software de pila completa</p>
[button text=""Ver nuestro trabajo"" radius=""4"" link=""https://domains.connaxis.hosting/"" target=""_blank""]
[button text=""Clientes"" style=""outline"" radius=""4"" link=""https://domains.connaxis.hosting/"" target=""_blank""]
[/col]
[/row]
[/section]
[section label=""Content"" padding=""80px""]
[row label=""Intro"" h_align=""center""]
[col span=""7"" span__sm=""12"" align=""center""]
<h2>Un vistazo a nuestra cultura<br /> </h2>
<p>En Viaweb, estamos comprometidos con la excelencia y el crecimiento sostenible. Cada proyecto que emprendemos refleja nuestra misión y visión, asegurando que cada solución esté alineada con las necesidades de nuestros clientes. Nuestra cultura se basa en la innovación, la dedicación al cliente y el trabajo en equipo.</p>
[gap]
[/col]
[/row]
[row label=""Bullets"" style=""large"" h_align=""center""]
[col span=""6"" span__sm=""12""]
[featured_box img=""24117"" img_width=""25"" pos=""left"" margin=""0px 0px 10px 0px"" icon_color=""rgb(248, 149, 29)"" class=""icon-sets""]
<br />
<h4>Investigación inicial</h4>
[/featured_box]
<p>Realizamos un análisis detallado sobre las necesidades de su negocio, asegurando que nuestras soluciones sean personalizadas y efectivas. Desde el ERP y CRM hasta soluciones de inteligencia de negocios, nos aseguramos de entender su contexto antes de avanzar.</p>
[/col]
[col span=""6"" span__sm=""12""]
[featured_box img=""24116"" img_width=""25"" pos=""left"" margin=""0px 0px 10px 0px"" icon_color=""rgb(248, 149, 29)"" class=""icon-sets""]
<br />
<h4>Validación</h4>
[/featured_box]
<p>Implementamos un enfoque de validación continua, garantizando que cada etapa del proceso de desarrollo cumpla con los estándares de calidad. Utilizamos casos de estudio y ejemplos de éxito para medir el impacto de nuestras soluciones.</p>
[/col]
[col span=""6"" span__sm=""12""]
[featured_box img=""24115"" img_width=""25"" pos=""left"" margin=""0px 0px 10px 0px"" icon_color=""rgb(248, 149, 29)"" class=""icon-sets""]
<br />
<h4>Agilidad</h4>
[/featured_box]
<p>Adoptamos metodologías ágiles para asegurar que nuestros proyectos se adapten rápidamente a los cambios de requisitos y necesidades del mercado. Nuestra capacidad de respuesta nos permite entregar resultados efectivos en tiempos reducidos.</p>
[/col]
[col span=""6"" span__sm=""12""]
[featured_box img=""24114"" img_width=""25"" pos=""left"" margin=""0px 0px 10px 0px"" icon_color=""rgb(248, 149, 29)"" class=""icon-sets""]
<br />
<h4>Liderazgo</h4>
[/featured_box]
<p>Contamos con un equipo directivo experimentado que guía a Viaweb hacia el éxito. Nuestros valores corporativos, como el compromiso y la innovación, son reflejados en cada proyecto que llevamos a cabo.</p>
[/col]
[/row]
[/section]
[section label=""Call to action"" bg_color=""rgb(244, 244, 244)""]
[row]
[col span__sm=""12"" margin=""-80px 0px 0px 0px"" align=""center""]
[featured_box img=""22796"" img_width=""100"" pos=""center"" class=""circle""]
<br />
<h5>Trabajemos juntos</h5>
<h2>¿Listo para construir algo valioso?<br /> </h2>
[/featured_box]
[gap height=""20px""]
[button text=""Intentémoslo"" color=""secondary"" radius=""4"" icon=""icon-angle-right"" icon_reveal=""true""]
[/col]
[/row]
[gap]
[/section]",Política de Privacidad,Legal,Legal,Privacidad,"En Viaweb, nos dedicamos a ayudar a los innovadores a construir productos valiosos. Nuestra cultura se basa en la excelencia, la innovación y el compromiso con el cliente. Descubre cómo nuestra experiencia en ingeniería de software puede impulsar tu proyecto.","Una imagen panorámica de un equipo diverso de profesionales trabajando juntos en un espacio de oficina moderno y abierto, con pantallas que muestran código y gráficos, representando la cultura de innovación y colaboración de Viaweb."
"[section padding=""60px"" bg_color=""#F6F6F7""]

[jobs]
[/jobs]
[/section]",Página de Inicio,Marketing,Marketing,Página Principal,Explora nuestras oportunidades laborales y únete a nuestro equipo innovador.,Una imagen de un tablero de trabajo con notas adhesivas y diagramas que representen ofertas de empleo y oportunidades laborales.
"[section label=""Info Page: Corporate Minimal"" bg=""24110"" bg_color=""#F6F6F7"" bg_pos=""35% 26%"" padding=""80px""]
[row label=""Hero""]
[col span=""6"" span__sm=""12"" span__md=""8"" padding=""20px 0px 0px 0px""]
<h3 style=""color:#2F2E70;"">Hacemos la diferencia</h3>
<h2 style=""font-size:250%; color:#2F2E70;"">Ayudamos a los innovadores a construir productos valiosos.</h2>
<p>Ingeniería de software de pila completa</p>
[button text=""Ver nuestro trabajo"" radius=""4"" color=""#2F2E70"" link=""https://domains.connaxis.hosting/"" target=""_blank""]
[button text=""Clientes"" style=""outline"" radius=""4"" color=""#2F2E70"" link=""https://domains.connaxis.hosting/"" target=""_blank""]
[/col]
[/row]
[/section]
[section label=""Content"" padding=""80px""]
[row label=""Intro"" h_align=""center""]
[col span=""7"" span__sm=""12"" align=""center""]
<h2 style=""color:#2F2E70;"">Un vistazo a nuestra cultura<br /> </h2>
<p>En Viaweb, estamos comprometidos con la excelencia y el crecimiento sostenible. Cada proyecto que emprendemos refleja nuestra misión y visión, asegurando que cada solución esté alineada con las necesidades de nuestros clientes. Nuestra cultura se basa en la innovación, la dedicación al cliente y el trabajo en equipo.</p>
[gap]
[/col]
[/row]
[row label=""Bullets"" style=""large"" h_align=""center""]
[col span=""6"" span__sm=""12""]
[featured_box img=""24117"" img_width=""25"" pos=""left"" margin=""0px 0px 10px 0px"" icon_color=""#761C8F"" class=""icon-sets""]
<h4 style=""color:#2F2E70;"">Investigación inicial</h4>
[/featured_box]
<p>Realizamos un análisis detallado sobre las necesidades de su negocio, asegurando que nuestras soluciones sean personalizadas y efectivas. Desde el ERP y CRM hasta soluciones de inteligencia de negocios, nos aseguramos de entender su contexto antes de avanzar.</p>
[/col]
[col span=""6"" span__sm=""12""]
[featured_box img=""24116"" img_width=""25"" pos=""left"" margin=""0px 0px 10px 0px"" icon_color=""#761C8F"" class=""icon-sets""]
<h4 style=""color:#2F2E70;"">Validación</h4>
[/featured_box]
<p>Implementamos un enfoque de validación continua, garantizando que cada etapa del proceso de desarrollo cumpla con los estándares de calidad. Utilizamos casos de estudio y ejemplos de éxito para medir el impacto de nuestras soluciones.</p>
[/col]
[col span=""6"" span__sm=""12""]
[featured_box img=""24115"" img_width=""25"" pos=""left"" margin=""0px 0px 10px 0px"" icon_color=""#761C8F"" class=""icon-sets""]
<h4 style=""color:#2F2E70;"">Agilidad</h4>
[/featured_box]
<p>Adoptamos metodologías ágiles para asegurar que nuestros proyectos se adapten rápidamente a los cambios de requisitos y necesidades del mercado. Nuestra capacidad de respuesta nos permite entregar resultados efectivos en tiempos reducidos.</p>
[/col]
[col span=""6"" span__sm=""12""]
[featured_box img=""24114"" img_width=""25"" pos=""left"" margin=""0px 0px 10px 0px"" icon_color=""#761C8F"" class=""icon-sets""]
<h4 style=""color:#2F2E70;"">Liderazgo</h4>
[/featured_box]
<p>Contamos con un equipo directivo experimentado que guía a Viaweb hacia el éxito. Nuestros valores corporativos, como el compromiso y la innovación, son reflejados en cada proyecto que llevamos a cabo.</p>
[/col]
[/row]
[/section]
[section label=""Call to action"" bg_color=""#F6F6F7""]
[row]
[col span__sm=""12"" margin=""-80px 0px 0px 0px"" align=""center""]
[featured_box img=""22796"" img_width=""100"" pos=""center"" class=""circle""]
<h5 style=""color:#2F2E70;"">Trabajemos juntos</h5>
<h2 style=""color:#2F2E70;"">¿Listo para construir algo valioso?<br /> </h2>
[/featured_box]
[gap height=""20px""]
[button text=""Intentémoslo"" color=""#761C8F"" radius=""4"" icon=""icon-angle-right"" icon_reveal=""true""]
[/col]
[/row]
[gap]
[/section]",Página de Inicio Alternativa,Marketing,Marketing,Página Principal,Somos expertos en ingeniería de software que ayudan a los innovadores a construir productos valiosos. Descubre cómo podemos impulsar tu negocio.,"Una imagen de un equipo diverso de profesionales trabajando juntos en una oficina moderna, con pantallas mostrando gráficos y datos."
"[section label=""Newsletter"" bg_color=""#273647"" dark=""true"" padding=""80px""]

[row width=""custom"" custom_width=""1200px"" v_align=""bottom""]

[col span=""6"" span__sm=""12"" span__md=""12""]

<br />
<h2>Suscríbete a Nuestro Boletín</h2>
<p>Recibe las últimas noticias y actualizaciones sobre nuestros productos y servicios directamente en tu bandeja de entrada.</p>
<div class=""elementor-element elementor-element-81420ae elementor-headline--style-highlight elementor-widget elementor-widget-animated-headline"" data-id=""81420ae"" data-element_type=""widget"" data-settings=""{&quot;highlighted_text&quot;:&quot; communautu00e9 forte&quot;,&quot;headline_style&quot;:&quot;highlight&quot;,&quot;marker&quot;:&quot;circle&quot;,&quot;loop&quot;:&quot;yes&quot;,&quot;highlight_animation_duration&quot;:1200,&quot;highlight_iteration_delay&quot;:8000}"" data-widget_type=""animated-headline.default"">
<div class=""elementor-widget-container"">
<h3 class=""elementor-headline e-animated""><span class=""elementor-headline-plain-text elementor-headline-text-wrapper"">Únase a un </span><span class=""elementor-headline-dynamic-wrapper elementor-headline-text-wrapper""><span class=""elementor-headline-dynamic-text elementor-headline-text-active"">comunidad fuerte </span></span></h3>
</p></div>
</p></div>

[/col]
[col span=""6"" span__sm=""12"" span__md=""12"" padding=""0px 0px 0px 30px"" padding__md=""0px 0px 0px 0"" margin=""-70px 0px 0px 0px"" margin__md=""0 0px 0px 0px""]

<form action=""https://example.com/subscribe"" method=""post""> <input type=""email"" name=""email"" placeholder=""Tu correo electrónico"" required></p>
[button text=""Suscribirse"" radius=""99""]


[/col]

[/row]

[/section]",Boletín Informativo,Marketing,Marketing,Suscripción,Suscríbete a nuestro boletín para recibir las últimas noticias y actualizaciones sobre nuestros productos y servicios.,"Una imagen de un profesional sonriente sosteniendo una tableta con un gráfico de crecimiento, rodeado de iconos que representan diferentes aspectos de marketing digital."
"[section label=""Especificaciones"" padding=""80px""]

[row]

[col span__sm=""12"" align=""center""]

<h6 class=""uppercase"" style=""color:#2467a2;"">Especificaciones Técnicas</h6>
<h2 style=""font-size: 220%;"">Especificaciones del ERP</h2>
<p>Explora las potentes características y capacidades de nuestros sistemas ERP:</p>
[row_inner style=""large""]

[col_inner span=""4"" span__sm=""12""]

[featured_box img=""https://example.com/nuevo-icono-4.png"" img_width=""40""]

<br />
<h4>Basado en la Nube</h4>
<p>Accede a tu sistema ERP desde cualquier lugar con hosting seguro en la nube.</p>

[/featured_box]

[/col_inner]
[col_inner span=""4"" span__sm=""12""]

[featured_box img=""https://example.com/nuevo-icono-5.png"" img_width=""40""]

<br />
<h4>Soporte Multilenguaje</h4>
<p>Opera a nivel global con soporte para múltiples idiomas.</p>

[/featured_box]

[/col_inner]
[col_inner span=""4"" span__sm=""12""]

[featured_box img=""https://example.com/nuevo-icono-6.png"" img_width=""40""]

<br />
<h4>Paneles Personalizados</h4>
<p>Monitorea tus KPIs y métricas con paneles de control fáciles de usar.</p>

[/featured_box]

[/col_inner]

[/row_inner]

[/col]

[/row]

[/section]",Página de Inicio,Marketing,Marketing,Página Principal,"Conoce las potentes características y capacidades de nuestros sistemas ERP, diseñados para optimizar tu negocio.","Una imagen panorámica de una ciudad moderna con rascacielos, que simbolice el crecimiento y la innovación empresarial."
"[ux_slider]

[section label=""Hero"" bg_color=""#ffffff"" bg_overlay=""rgba(0, 0, 0, 0.459)"" padding=""60px"" height=""600px"" scroll_for_more=""true""]

[row v_align=""middle""]

[col span=""5"" span__sm=""12"" span__md=""8""]

[ux_text text_color=""#ffffff""]

<h6 class=""uppercase"">Desarrollo Web E-commerce</h6> <h1 style=""font-size: 350%; line-height: 100%;"">Innovación y Tecnología Omnicanal</h1> <p>¿Querés llevar tu negocio al siguiente nivel? Ofrecemos desarrollo de sitios web enfocados en la tecnología omnicanal que potencia tu tienda online al máximo.</p> <h1 style=""font-size: 200%;"">Empieza Hoy</h1>
[/ux_text]
[gap height=""5px""]

[row_inner style=""collapse"" padding=""0px 5px 0px 5px""]

[col_inner span=""6"" span__sm=""12""]

[button text=""Contactarnos por WhatsApp"" letter_case=""lowercase"" color=""secondary"" size=""large"" radius=""4"" expand=""true"" link=""https://wa.me/5492984372962""]


[/col_inner]
[col_inner span=""6"" span__sm=""12""]

[button text=""Enviar un correo"" letter_case=""lowercase"" color=""white"" size=""large"" radius=""4"" expand=""true"" link=""mailto:consultas@viaweb.net.ar""]


[/col_inner]

[/row_inner]

[/col]

[/row]

[/section]
[section label=""Hero"" bg_color=""#ffffff"" bg_overlay=""rgba(0, 0, 0, 0.459)"" padding=""60px"" height=""600px"" scroll_for_more=""true""]

[row v_align=""middle""]

[col span=""5"" span__sm=""12"" span__md=""8""]

[ux_text text_color=""#ffffff""]

<h6 class=""uppercase"">Tu Negocio, Optimizado</h6> <h1 style=""font-size: 350%; line-height: 100%;"">ERP Personalizado para el Éxito</h1> <p>Optimiza operaciones, mejora la eficiencia y obtén información clave con nuestras soluciones ERP.</p> <h1 style=""font-size: 200%;"">Empieza Hoy</h1>
[/ux_text]
[gap height=""5px""]

[row_inner style=""collapse"" padding=""0px 5px 0px 5px""]

[col_inner span=""6"" span__sm=""12""]

[button text=""Más Información"" letter_case=""lowercase"" color=""secondary"" size=""large"" radius=""4"" expand=""true"" link=""#learn-more""]


[/col_inner]
[col_inner span=""6"" span__sm=""12""]

[button text=""Solicitar una Demo"" letter_case=""lowercase"" color=""white"" size=""large"" radius=""4"" expand=""true"" link=""#request-demo""]


[/col_inner]

[/row_inner]

[/col]

[/row]

[/section]
[section label=""Hero"" bg=""8822"" bg_size=""original"" bg_overlay=""rgba(0, 0, 0, 0.41)"" bg_pos=""0% 36%"" dark=""true""]

[gap height=""100px"" height__sm=""60px""]

[row label=""Title + Buttons"" padding__md=""0px 10% 0px 10%""]

[col span=""6"" span__sm=""12"" span__md=""9"" margin=""0px 20px 0px 0px""]

[ux_text text_color=""#ffffff""]

<h6 class=""uppercase"">¡Bienvenido a Viaweb!</h6> <h1 style=""font-size: 350%; line-height: 100%;"">Transforma Tu Negocio con Soluciones Innovadoras</h1> <p>En Viaweb, nos especializamos en ofrecer soluciones tecnológicas personalizadas que no solo optimizan la eficiencia, sino que también impulsan el crecimiento y la competitividad de tu empresa en un mercado en constante evolución.</p>
[/ux_text]
[button text=""Más Información"" letter_case=""lowercase"" color=""secondary"" size=""large"" radius=""4"" expand=""true""]

[/col]
[col span=""6"" span__sm=""12"" padding=""15px 15px 15px 15px"" bg_color=""rgba(36, 103, 162, 0.785)"" bg_radius=""22"" depth=""2"" depth_hover=""2""]

<h2>Solicita una demo</h2>
[contact-form-7 id=""25163""]


[/col]

[/row]

[gap height=""98px"" height__sm=""50px"" height__md=""20px""]

[row label=""Icons"" padding__md=""0px 10% 0px 10%""]

[col span__sm=""12"" padding=""25px 25px 25px 25px"" bg_color=""rgba(0, 0, 0, 0.401)"" bg_radius=""16""]

[row_inner style=""collapse""]

[col_inner span=""4"" span__sm=""12"" span__md=""12""]

[featured_box img_width=""45"" pos=""left""]

[gap height=""10px""]

<h3>Consultoría Especializada</h3>

[/featured_box]
[gap height=""10px""]

<p>Asesoramiento experto en la implementación de sistemas ERP y CRM que se adaptan a las necesidades de tu negocio.</p>

[/col_inner]
[col_inner span=""4"" span__sm=""12"" span__md=""12""]

[featured_box img_width=""45"" pos=""left""]

[gap height=""10px""]

<h3>Desarrollo Personalizado</h3>

[/featured_box]
[gap height=""10px""]

<p>Creación de sitios web y aplicaciones a medida que optimizan tus procesos y mejoran la experiencia del cliente.</p>

[/col_inner]
[col_inner span=""4"" span__sm=""12"" span__md=""12""]

[featured_box img_width=""45"" pos=""left""]

[gap height=""10px""]

<h3>Soporte Continuo</h3>

[/featured_box]
[gap height=""10px""]

<p>Asistencia técnica y soporte al cliente para garantizar el éxito y la continuidad de tu negocio.</p>

[/col_inner]

[/row_inner]

[/col]

[/row]
[gap height=""19px"" height__sm=""50px"" height__md=""20px""]

[gap]


[/section]

[/ux_slider]",Blog y Boletín,Marketing,Marketing,Contenido y Suscripción,Ofrecemos soluciones de comercio electrónico y desarrollo web que llevarán tu negocio al siguiente nivel. Descubre cómo podemos ayudarte a crecer en línea.,"Una imagen de un grupo de personas diversas colaborando en una sala de reuniones, con una pantalla grande mostrando un proyecto de comercio electrónico."
"[section label=""Características Principales"" bg_color=""#F4F2F2"" padding=""60px""]

[ux_text text_align=""center""]

<h6 style=""color:#2467A2;"">Servicios de Desarrollo Web</h6> <h3 style=""color:#2467A2;""><span style=""font-size: 150%;"">Simplificando la experiencia digital y redefiniendo el comercio electrónico.</span></h3>
[/ux_text]
[gap height=""52px""]

[row style=""large""]

[col span=""4"" span__sm=""12""]

[featured_box img=""https://example.com/nuevo-icono-1.png"" img_width=""40""]

<br />
<h4 style=""color:#2467A2;"">Automatización de Procesos</h4>
<p>Aumenta la productividad automatizando tareas y flujos de trabajo repetitivos.</p>

[/featured_box]

[/col]
[col span=""4"" span__sm=""12""]

[featured_box img=""https://example.com/nuevo-icono-2.png"" img_width=""40""]

<br />
<h4 style=""color:#2467A2;"">Analíticas en Tiempo Real</h4>
<p>Toma decisiones informadas con datos actualizados y análisis accionables.</p>

[/featured_box]

[/col]
[col span=""4"" span__sm=""12""]

[featured_box img=""https://example.com/nuevo-icono-3.png"" img_width=""40""]

<br />
<h4 style=""color:#2467A2;"">Soluciones Escalables</h4>
<p>Haz crecer tu negocio con sistemas ERP que se adaptan a tus necesidades.</p>

[/featured_box]

[/col]

[/row]

[/section]",Testimonios de Clientes,Marketing,Marketing,Testimonios,Simplificamos la experiencia digital y redefinimos el comercio electrónico. Explora nuestros servicios de desarrollo web y descubre cómo podemos transformar tu presencia en línea.,"Una imagen de un escritorio de trabajo moderno con una laptop, gráficos de rendimiento y dispositivos tecnológicos, que represente las soluciones de ERP y optimización de procesos."
"[section label=""Intro & Numbers"" bg_color=""#ede9e3""]
[row width=""custom"" custom_width=""1200px""]
[col span__sm=""12"" margin=""-150px 0px 0px 0px"" margin__sm=""-100px 0px 0px 0px"" bg_color=""#ffffff""]
[row_inner width=""custom"" custom_width=""1200px"" v_align=""middle"" h_align=""right""]
[col_inner span=""6"" span__sm=""12"" span__md=""12"" padding=""50px 50px 50px 70px"" padding__sm=""10px 30px 0px 30px"" padding__md=""0 50px 20px 50px""]
[gap height=""50px"" height__sm=""5px""]
<h6>elegancia y tecnología</h6>
[ux_text font_size=""1.75""]
<h2>Avanza a tu ritmo</h2>
[/ux_text]
<p>En Viaweb, ofrecemos soluciones tecnológicas avanzadas que integran sistemas de ERP y CRM, desarrollo web y comercio electrónico, y herramientas de inteligencia de negocios. Nuestro enfoque personalizado asegura que cada cliente obtenga el máximo beneficio.</p>
[button text=""Haz tu reserva"" color=""secondary"" padding=""5px 30px 5px 30px"" radius=""30"" expand=""0""]
[/col_inner]
[col_inner span=""6"" span__sm=""12"" span__md=""12"" force_first=""medium"" padding=""50px 50px 20px 0px"" padding__sm=""20px 20px 10px 20px"" padding__md=""50px 50px 0 50px""]
[ux_banner height=""500px"" height__sm=""300px"" height__md=""400px"" bg=""24130"" bg_color=""#ffffff"" bg_pos=""95% 100%""]
[text_box width__sm=""60"" position_x=""50"" position_y=""50""]
[/text_box]
[/ux_banner]
[/col_inner]
[/row_inner]
[/col]
[/row]
[gap height=""55px"" height__sm=""15px""]
[row col_style=""solid""]
[col span=""4"" span__sm=""12"" align=""center""]
[ux_text font_size=""2.5"" text_align=""center""]
<h3><span class=""count-up"">365</span></h3>
[/ux_text]
[ux_text text_align=""center""]
<h6>Días de servicio al año</h6>
[/ux_text]
[/col]
[col span=""4"" span__sm=""12"" align=""center""]
[ux_text font_size=""2.5"" text_align=""center""]
<h3><span class=""count-up"">1750</span></h3>
[/ux_text]
[ux_text text_align=""center""]
<h6>Clientes satisfechos</h6>
[/ux_text]
[/col]
[col span=""4"" span__sm=""12"" align=""center""]
[ux_text font_size=""2.5"" text_align=""center""]
<h3><span class=""count-up"">145</span></h3>
[/ux_text]
[ux_text text_align=""center""]
<h6>Soluciones disponibles</h6>
[/ux_text]
[/col]
[/row]
[gap]
[/section]
[section label=""Historia"" bg_color=""#ede9e3""]
[row width=""custom"" custom_width=""1200px""]
[col span__sm=""12"" margin=""-100px 0px 0px 0px"" bg_color=""#ffffff""]
[row_inner width=""custom"" custom_width=""1200px""]
[col_inner span__sm=""12"" padding=""50px 50px 0px 50px"" padding__sm=""50px 20px 0px 20px""]
[ux_text text_align=""center""]
<h6>Apreciamos la calidad</h6>
[/ux_text]
[ux_text font_size=""1.75"" font_size__sm=""2"" text_align=""center""]
<h2>Soluciones tecnológicas icónicas</h2>
[/ux_text]
[/col_inner]
[/row_inner]
[row_inner width=""custom"" custom_width=""1200px"" h_align=""center""]
[col_inner span=""6"" span__sm=""12"" padding=""0px 10px 0px 60px"" padding__sm=""0px 30px 0px 30px"" padding__md=""0px 0px 0px 50px"" margin=""-25px 0px 0px 0px"" margin__sm=""-20px 0px 0px 0px""]
<p>Implementamos tecnologías avanzadas como inteligencia artificial y soluciones en la nube para optimizar los procesos empresariales. Nuestra experiencia en integraciones asegura que cada cliente obtenga el máximo rendimiento de sus sistemas.</p>
[/col_inner]
[col_inner span=""6"" span__sm=""12"" padding=""0px 60px 0px 10px"" padding__sm=""0px 30px 0px 30px"" padding__md=""0px 20px 0px 30px"" margin=""-25px 0px 0px 0px"" margin__sm=""-20px 0px 0px 0px"" border=""0px 0px 0px 3px"" border_margin=""0px 0px 0px -17px""]
<p>Además, ofrecemos formación y capacitación para asegurar que tu equipo esté preparado para utilizar las nuevas herramientas eficientemente.</p>
[/col_inner]
[/row_inner]
[/col]
[/row]
[/section]
[section label=""Llamado a la Acción"" bg=""24137"" bg_pos=""74% 51%"" height=""400px""]
[gap]
[row col_bg=""#ffffff"" width=""custom"" custom_width=""1200px""]
[col span__sm=""12"" padding=""50px 50px 50px 50px"" align=""center""]
[gap height=""15px""]
[ux_text text_align=""center""]
<h6>Contáctanos</h6>
[/ux_text]
[ux_text font_size=""1.75"" text_align=""center""]
<h2>¿Tienes alguna pregunta?</h2>
[/ux_text]
[button text=""Ponte en contacto"" color=""secondary"" padding=""5px 30px 5px 30px"" radius=""30""]
[/col]
[/row]
[/section]
[section label=""Hero Text"" padding=""0px""]
[row width=""custom"" custom_width=""1200px"" v_align=""bottom""]
[col span=""10"" span__sm=""12"" span__md=""9""]
[gap height=""150px"" height__sm=""100px""]
[ux_text font_size=""1"" font_size__sm=""1"" font_size__md=""0.75""]
<h2><span style=""font-size: 190%;"">Tu comodidad es nuestra única prioridad</span></h2>
[/ux_text]
[/col]
[col span=""2"" span__sm=""12"" span__md=""3"" align=""right""]
[button text=""Solicitar ahora"" color=""secondary"" padding=""5px 30px 5px 30px"" radius=""30"" expand=""true""]
[/col]
[/row]
[/section]
[section label=""Hero Image"" bg=""24125"" bg_pos=""48% 62%"" parallax=""7"" height=""550px"" height__sm=""350px"" height__md=""450px""]
[/section]
[section label=""Image Section"" bg=""24128"" parallax=""7"" height=""400px"" height__sm=""300px"" height__md=""350px""]
[/section]
[section label=""Galería"" bg_color=""#ede9e3""]
[row width=""custom"" custom_width=""1200px""]
[col span__sm=""12""]
[ux_banner_grid spacing=""xsmall"" height=""561"" height__md=""373"" width=""full-width""]
[col_grid span=""3"" span__sm=""12"" height=""2-3""]
[ux_banner height=""500px"" height__md=""300px"" bg=""24132"" bg_color=""#ede9e3"" bg_pos=""42% 86%"" hover=""glow"" link=""#""]
[text_box width__sm=""60"" position_x=""50"" position_y=""50""]
[/text_box]
[/ux_banner]
[/col_grid]
[col_grid span=""6"" span__sm=""12""]
[ux_banner height=""500px"" height__md=""400px"" bg=""24127"" bg_color=""#ede9e3"" hover=""glow"" link=""#""]
[text_box width__sm=""60"" position_x=""50"" position_y=""50""]
[/text_box]
[/ux_banner]
[/col_grid]
[col_grid span=""3"" span__sm=""12"" height=""1-3""]
[ux_banner height=""500px"" height__md=""300px"" bg=""24134"" bg_color=""#ede9e3"" bg_pos=""42% 86%"" hover=""glow"" link=""#""]
[text_box width__sm=""60"" position_x=""50"" position_y=""50""]
[/text_box]
[/ux_banner]
[/col_grid]
[col_grid span=""3"" span__sm=""12"" height=""2-3""]
[ux_banner height=""500px"" height__md=""300px"" bg=""24130"" bg_color=""#ede9e3"" bg_pos=""90% 96%"" hover=""glow"" link=""#""]
[text_box width__sm=""60"" position_x=""50"" position_y=""50""]
[/text_box]
[/ux_banner]
[/col_grid]
[col_grid span=""3"" span__sm=""12"" height=""1-3""]
[ux_banner height=""500px"" height__md=""300px"" bg=""24126"" bg_color=""#ede9e3"" bg_pos=""100% 43%"" hover=""glow"" link=""#""]
[text_box width__sm=""60"" position_x=""50"" position_y=""50""]
[/text_box]
[/ux_banner]
[/col_grid]
[/ux_banner_grid]
[/col]
[/row]
[gap height=""80px"" height__md=""40px""]
[/section]",Página de inicio,Marketing,Página principal,Hero,"Descubre cómo nuestras soluciones tecnológicas avanzadas pueden impulsar tu negocio. Ofrecemos servicios personalizados en ERP, CRM, desarrollo web y más.","Una imagen aérea de una sala de conferencias llena de profesionales escuchando atentamente a un orador, simbolizando la consultoría y el intercambio de conocimientos."
"[section label=""Hero"" bg=""24091"" bg_color=""#2467a2"" bg_pos=""57% 100%"" dark=""true"" padding=""120px""]

[row label=""Title"" h_align=""center""]

[col span=""8"" span__sm=""12"" align=""center""]

[ux_text text_color=""#ffffff""]

<h2 style=""font-size: 250%;"">Comparativa de Servicios</h2>
<p>En Viaweb, nos esforzamos por brindar soluciones de alta calidad y un servicio excepcional. Aquí te mostramos cómo nos destacamos frente a la competencia.</p>
[/ux_text]
[button text=""Ver detalles"" color=""secondary"" icon=""icon-angle-down"" link=""#comparativa""]


[/col]

[/row]

[/section]",Secciones de la página de inicio,Marketing,Página principal,Componentes,Compara nuestros servicios y descubre por qué somos líderes en soluciones empresariales. Ofrecemos calidad y servicio excepcional para impulsar tu negocio.,"Una imagen de dos profesionales estrechando las manos frente a un gráfico de comparación de servicios, representando la competitividad y la elección informada."
"[ux_slider label=""Hero"" slide_width=""6000px"" draggable=""false"" nav_style=""simple"" bullets=""false"" bullet_style=""simple"" timer=""3000"" pause_hover=""false""]
[section bg=""22765"" bg_size=""original"" bg_overlay=""rgba(0, 0, 0, 0.44)"" bg_pos=""42% 12%"" hover=""zoom-long"" dark=""true"" padding__sm=""100px"" height=""600px""]
[row width=""full-width"" h_align=""center"" padding=""0px 0px 0px 0px""]
[col span=""6"" span__sm=""12"" span__md=""10"" align=""center"" animate=""fadeInDown""]
<h1><span style=""font-size: 200%;"">Consultoría Empresarial</span></h1>
<p>Su aliado estratégico en soluciones empresariales</p>
[gap height=""10px""]
[button text=""Ver Video"" letter_case=""lowercase"" color=""success"" padding=""5px 20px 5px 20px"" radius=""40"" icon=""icon-play"" icon_pos=""left""]
[/col]
[/row]
[/section]
[/ux_slider]
[section label=""Intro"" bg_color=""rgb(246, 246, 246)"" dark=""true"" padding=""0px"" height=""0px""]
[row col_bg=""rgb(34, 49, 246)"" h_align=""center"" padding=""50px 50px 30px 50px"" padding__sm=""45px 25px 15px 25px"" padding__md=""45px 80px 15px 80px""]
[col span__sm=""12"" margin=""-100px 0px 0px 0px"" bg_color=""rgb(39, 54, 71)""]
<h6>Bienvenido</h6>
[row_inner style=""small"" width=""full-width"" v_align=""middle"" h_align=""center""]
[col_inner span=""6"" span__sm=""12"" span__md=""12""]
<h2><span style=""font-size: 150%;"">Impulsa tu negocio hoy</span></h2>
[/col_inner]
[col_inner span=""6"" span__sm=""12"" span__md=""12""]
<p>Ofrecemos soluciones personalizadas en consultoría empresarial que transforman y optimizan tu organización.</p>
[/col_inner]
[/row_inner]
[/col]
[/row]
[/section]
[section label=""Method"" bg_color=""rgb(246, 246, 246)"" padding=""50px""]
[row h_align=""center""]
[col span=""8"" span__sm=""12"" span__md=""10"" align=""center""]
<h3><span style=""font-size: 200%;"">Nuestro Método</span></h3>
<p>Trabajamos en conjunto contigo para identificar oportunidades y definir estrategias efectivas.</p>
[/col]
[/row]
[row v_align=""equal"" h_align=""center"" padding=""40px 30px 45px 30px""]
[col span=""4"" span__sm=""12"" bg_color=""rgb(255,255,255)""]
[featured_box img=""22775"" img_width=""40"" pos=""center""]
[gap height=""10px""]
<h3>Diagnóstico</h3>
<p>Realizamos un análisis exhaustivo de tus procesos y operaciones para detectar áreas de mejora.</p>
[/featured_box]
[/col]
[col span=""4"" span__sm=""12"" bg_color=""rgb(255,255,255)""]
[featured_box img=""22777"" img_width=""40"" pos=""center""]
[gap height=""10px""]
<h3>Estrategia</h3>
<p>Desarrollamos un plan de acción personalizado que se alinea con tus objetivos empresariales.</p>
[/featured_box]
[/col]
[col span=""4"" span__sm=""12"" bg_color=""rgb(255,255,255)""]
[featured_box img=""22776"" img_width=""40"" pos=""center""]
[gap height=""10px""]
<h3>Implementación</h3>
<p>Acompañamos la ejecución de las estrategias para asegurar resultados tangibles y sostenibles.</p>
[/featured_box]
[/col]
[/row]
[row]
[col span__sm=""12"" align=""center""]
[button text=""Más Características"" letter_case=""lowercase"" style=""underline""]
[/col]
[/row]
[/section]
[section label=""Services Intro"" bg_color=""rgb(39, 54, 71)"" dark=""true"" padding=""100px""]
[row]
[col span=""6"" span__sm=""12"" span__md=""12""]
<h3><span style=""font-size: 200%;"">Nuestros Servicios</span></h3>
[/col]
[col span=""6"" span__sm=""12"" span__md=""12""]
<p>Ofrecemos un amplio rango de servicios de consultoría que se adaptan a las necesidades específicas de cada cliente.</p>
[/col]
[/row]
[gap height=""100px"" height__md=""40px""]
[/section]
[section label=""Services""]
[row]
[col span__sm=""12"" margin=""-175px 0px 0px 0px""]
[row_inner h_align=""center""]
[col_inner span=""6"" span__sm=""12""]
[ux_image_box style=""shade"" img=""22768"" image_height=""80%"" image_overlay=""rgba(0, 0, 0, 0.25)"" image_hover=""overlay-add"" text_align=""left""]
<h4><span style=""font-size: 200%;"">Consultoría Estratégica</span></h4>
<p>Desarrollo de planes estratégicos a medida.</p>
[/ux_image_box]
[/col_inner]
[col_inner span=""6"" span__sm=""12""]
[ux_image_box style=""shade"" img=""22766"" image_height=""80%"" image_overlay=""rgba(0, 0, 0, 0.25)"" image_hover=""overlay-add"" text_align=""left""]
<h4><span style=""font-size: 200%;"">Optimización de Procesos</span></h4>
<p>Mejora continua y eficiencia operativa.</p>
[/ux_image_box]
[/col_inner]
[col_inner span=""6"" span__sm=""12""]
[ux_image_box style=""shade"" img=""22767"" image_height=""80%"" image_overlay=""rgba(0, 0, 0, 0.25)"" image_hover=""overlay-add"" text_align=""left""]
<h4><span style=""font-size: 200%;"">Gestión del Cambio</span></h4>
<p>Asesoría en proyectos de transformación organizacional.</p>
[/ux_image_box]
[/col_inner]
[col_inner span=""6"" span__sm=""12""]
[ux_image_box style=""shade"" img=""22769"" image_height=""80%"" image_overlay=""rgba(0, 0, 0, 0.25)"" image_hover=""overlay-add"" text_align=""left""]
<h4><span style=""font-size: 200%;"">Formación y Capacitación</span></h4>
<p>Programas de desarrollo de talento y habilidades.</p>
[/ux_image_box]
[/col_inner]
[col_inner span__sm=""12""]
[gap height=""10px""]
[/col_inner]
[col_inner span=""3"" span__sm=""12"" align=""center""]
[button text=""Más Servicios"" letter_case=""lowercase"" padding=""5px 20px 5px 20px"" radius=""40"" icon=""icon-angle-right""]
[/col_inner]
[/row_inner]
[/col]
[/row]
[/section]
[section label=""Quotes"" bg_color=""rgb(246, 246, 246)"" padding=""100px""]
[ux_slider nav_style=""simple"" nav_color=""dark"" bullet_style=""simple"" timer=""3000"" pause_hover=""false""]
[row]
[/row]
[col span__sm=""12"" align=""center""]
<h4><span style=""font-size: 180%;"">""La consultoría de Viaweb transformó nuestro negocio.""</span></h4>
<p>- Cliente Satisfecho, <a href=""#"">Ciudad</a></p>
[/col]
<p></row></p>
[row]
[/row]
[col span__sm=""12"" align=""center""]
<h4><span style=""font-size: 180%;"">""Gracias a su asesoría, alcanzamos nuestros objetivos.""</span></h4>
<p>- Cliente Satisfecho, <a href=""#"">Ciudad</a></p>
[/col]
<p></row></p>
[row]
[/row]
[col span__sm=""12"" align=""center""]
<h4><span style=""font-size: 180%;"">""Un equipo profesional y comprometido.""</span></h4>
<p>- Cliente Satisfecho, <a href=""#"">Ciudad</a></p>
[/col]
<p></row]
</p>
[/ux_slider]
[/section]
[section label=""Facts"" bg_overlay=""rgb(39, 54, 71)"" dark=""true"" padding=""100px""]
[row h_align=""center""]
[col span__sm=""12"" align=""center""]
<h3><span style=""font-size: 200%;"">Algunos Datos</span></h3>
<p>Nuestra experiencia y trayectoria en consultoría empresarial.</p>
[/col]
[col span=""3"" span__sm=""6"" span__md=""6"" align=""center""]
<h3><span style=""font-size: 200%;"">100+</span></h3>
<p>Proyectos Completados</p>
[/col]
[col span=""3"" span__sm=""6"" span__md=""6"" align=""center""]
<h3><span style=""font-size: 200%;"">50+</span></h3>
<p>Clientes Satisfechos</p>
[/col]
[col span=""3"" span__sm=""6"" span__md=""6"" align=""center""]
<h3><span style=""font-size: 200%;"">10+</span></h3>
<p>Años de Experiencia</p>
[/col]
[col span=""3"" span__sm=""6"" span__md=""6"" align=""center""]
<h3><span style=""font-size: 200%;"">80%</span></h3>
<p>Retorno de Inversión Promedio</p>
[/col]
[/row]
[/section]
[section label=""Video"" padding=""100px"" padding__sm=""75px""]
[gap height=""40px""]
[row style=""large"" v_align=""middle"" h_align=""center""]
[col span=""6"" span__sm=""12"" span__md=""10"" animate=""fadeInUp""]
<h6>VIDEO</h6>
<h3><span style=""font-size: 200%;"">Pasión por la Consultoría</span></h3>
<p>Transformamos empresas a través de un enfoque personalizado y estratégico.</p>
[/col]
[col span=""6"" span__sm=""12"" span__md=""10"" force_first=""medium"" animate=""fadeInUp""]
[ux_image_box style=""overlay"" img=""22773"" image_height=""400px"" text_pos=""middle""]
[video_button size=""150""]
[/ux_image_box]
[/col]
[/row]
[/section]
[section label=""Team Members"" bg_color=""rgb(246, 246, 246)"" padding=""100px"" padding__sm=""30px""]
[row h_align=""center""]
[col span__sm=""12"" align=""center""]
<h3><span style=""font-size: 150%;"">Nuestro Equipo</span></h3>
<p>Profesionales dedicados a tu éxito.</p>
[/col]
[col span=""4"" span__sm=""12""]
[ux_image_box style=""shade"" img=""22772"" image_hover=""zoom""]
<h4><span style=""font-size: 140%;"">Nombre del Consultor</span></h4>
<p>Consultor Principal</p>
[follow style=""small"" facebook=""3"" instagram=""3"" twitter=""#""]
[/ux_image_box]
[/col]
[col span=""4"" span__sm=""12""]
[ux_image_box style=""shade"" img=""22771"" image_hover=""zoom""]
<h4><span style=""font-size: 140%;"">Nombre del Consultor</span></h4>
<p>Consultor de Estrategia</p>
[follow style=""small"" facebook=""3"" instagram=""3"" twitter=""#""]
[/ux_image_box]
[/col]
[col span=""4"" span__sm=""12""]
[ux_image_box style=""shade"" img=""22770"" image_hover=""zoom""]
<h4><span style=""font-size: 140%;"">Nombre del Consultor</span></h4>
<p>Consultor de Procesos</p>
[follow style=""small"" facebook=""3"" instagram=""3"" twitter=""#""]
[/ux_image_box]
[/col]
[col span=""2"" span__sm=""12"" align=""center""]
[button text=""Sobre Nosotros"" letter_case=""lowercase"" style=""underline""]
[/col]
[/row]
[/section]
[section label=""Product"" padding=""120px""]
[row style=""large"" v_align=""middle"" h_align=""center""]
[col span=""6"" span__sm=""12"" span__md=""10"" animate=""fadeInLeft""]
[ux_banner height=""500px"" bg=""22774"" bg_pos=""45% 67%""]
[text_box position_x=""50"" position_y=""50""]
[/text_box]
[/ux_banner]
[/col]
[col span=""6"" span__sm=""12"" span__md=""10"" animate=""fadeInRight""]
[row_inner style=""collapse"" padding=""0px 0px 10px 0px""]
[col_inner span__sm=""12""]
[featured_box img=""22776"" img_width=""30"" pos=""left""]
<h3>Enfoque Centrado en el Cliente</h3>
[/featured_box]
[gap height=""10px""]
<p>Trabajamos de la mano contigo para asegurar el éxito de tu negocio.</p>
[/col_inner]
[/row_inner]
[row_inner style=""collapse"" padding=""0px 0px 10px 0px""]
[col_inner span__sm=""12""]
[featured_box img=""22775"" img_width=""30"" pos=""left""]
<h3>Compromiso con la Excelencia</h3>
[/featured_box]
[gap height=""10px""]
<p>Nos esforzamos por ofrecer soluciones de la más alta calidad.</p>
[/col_inner]
[/row_inner]
[row_inner style=""collapse"" padding=""0px 0px 10px 0px""]
[col_inner span__sm=""12""]
[featured_box img=""22778"" img_width=""30"" pos=""left""]
<h3>Innovación Continua</h3>
[/featured_box]
[gap height=""10px""]
<p>Nos adaptamos a las necesidades cambiantes del mercado.</p>
[/col_inner]
[/row_inner]
[/col]
[/row]
[/section]
[section label=""Latest news"" bg_color=""rgb(246, 246, 246)""]
[gap height=""100px""]
[row]
[col span__sm=""12"" align=""center""]
<h3><span style=""font-size: 150%;"">Últimas Noticias</span></h3>
<p>Actualizaciones y novedades sobre nuestros servicios y proyectos.</p>
[/col]
[col span__sm=""12""]
[blog_posts style=""normal"" columns=""3"" columns__sm=""1"" columns__md=""2"" slider_nav_style=""simple"" slider_nav_position=""outside"" slider_bullets=""true"" auto_slide=""3000"" posts=""6"" show_date=""false"" show_category=""text"" image_height=""0%"" image_overlay=""rgb(255, 255, 255)"" text_align=""left"" text_bg=""rgb(39, 54, 71)"" text_color=""dark"" text_padding=""80px 40px 80px 40px""]
[/col]
[/row]
[/section]
[section label=""Partners"" bg_color=""rgb(246, 246, 246)""]
[ux_gallery ids=""13491,13490,13488,13489,13487,13486"" style=""none"" columns=""6"" columns__sm=""3"" columns__md=""3""]
[gap height=""100px""]
[/section]
[section label=""Call to action"" bg_color=""#273647"" dark=""true"" padding=""0px"" height=""0px""]
[row col_bg=""rgb(34, 49, 246)"" h_align=""center"" padding=""50px 50px 30px 50px"" padding__sm=""45px 25px 15px 25px"" padding__md=""45px 80px 15px 80px""]
[col span__sm=""12"" margin=""-100px 0px 0px 0px"" bg_color=""#4ac193""]
<h6>Consulta Gratuita</h6>
[row_inner style=""small"" width=""full-width"" v_align=""middle"" h_align=""center""]
[col_inner span=""6"" span__sm=""12"" span__md=""12""]
<h2><span style=""font-size: 150%;"">Únete a nuestros clientes satisfechos</span></h2>
[/col_inner]
[col_inner span=""6"" span__sm=""12"" span__md=""12""]
[button text=""Solicitar Consulta"" color=""white"" expand=""true""]
[button text=""Contáctanos"" color=""white"" style=""outline"" expand=""true""]
[/col_inner]
[/row_inner]
[/col]
[/row]
[gap height=""100px""]
[/section]
[ux_slider label=""Hero"" slide_width=""6000px"" draggable=""false"" nav_style=""simple"" bullets=""false"" bullet_style=""simple"" timer=""3000"" pause_hover=""false""]
[section bg=""22765"" bg_size=""original"" bg_overlay=""rgba(0, 0, 0, 0.44)"" bg_pos=""42% 12%"" hover=""zoom-long"" dark=""true"" padding__sm=""100px"" height=""600px""]
[row width=""full-width"" h_align=""center"" padding=""0px 0px 0px 0px""]
[col span=""6"" span__sm=""12"" span__md=""10"" align=""center"" animate=""fadeInDown""]
<h1><span style=""font-size: 200%;"">Consultoría Empresarial</span></h1>
<p>Su aliado estratégico en soluciones empresariales</p>
[gap height=""10px""]
[button text=""Ver Video"" letter_case=""lowercase"" color=""success"" padding=""5px 20px 5px 20px"" radius=""40"" icon=""icon-play"" icon_pos=""left""]
[/col]
[/row]
[/section]
[/ux_slider]
[section label=""Intro"" bg_color=""rgb(246, 246, 246)"" dark=""true"" padding=""0px"" height=""0px""]
[row col_bg=""rgb(34, 49, 246)"" h_align=""center"" padding=""50px 50px 30px 50px"" padding__sm=""45px 25px 15px 25px"" padding__md=""45px 80px 15px 80px""]
[col span__sm=""12"" margin=""-100px 0px 0px 0px"" bg_color=""rgb(39, 54, 71)""]
<h6>Bienvenido</h6>
[row_inner style=""small"" width=""full-width"" v_align=""middle"" h_align=""center""]
[col_inner span=""6"" span__sm=""12"" span__md=""12""]
<h2><span style=""font-size: 150%;"">Impulsa tu negocio hoy</span></h2>
[/col_inner]
[col_inner span=""6"" span__sm=""12"" span__md=""12""]
<p>Ofrecemos soluciones personalizadas en consultoría empresarial que transforman y optimizan tu organización.</p>
[/col_inner]
[/row_inner]
[/col]
[/row]
[/section]
[section label=""Method"" bg_color=""rgb(246, 246, 246)"" padding=""50px""]
[row h_align=""center""]
[col span=""8"" span__sm=""12"" span__md=""10"" align=""center""]
<h3><span style=""font-size: 200%;"">Nuestro Método</span></h3>
<p>Trabajamos en conjunto contigo para identificar oportunidades y definir estrategias efectivas.</p>
[/col]
[/row]
[row v_align=""equal"" h_align=""center"" padding=""40px 30px 45px 30px""]
[col span=""4"" span__sm=""12"" bg_color=""rgb(255,255,255)""]
[featured_box img=""22775"" img_width=""40"" pos=""center""]
[gap height=""10px""]
<h3>Diagnóstico</h3>
<p>Realizamos un análisis exhaustivo de tus procesos y operaciones para detectar áreas de mejora.</p>
[/featured_box]
[/col]
[col span=""4"" span__sm=""12"" bg_color=""rgb(255,255,255)""]
[featured_box img=""22777"" img_width=""40"" pos=""center""]
[gap height=""10px""]
<h3>Estrategia</h3>
<p>Desarrollamos un plan de acción personalizado que se alinea con tus objetivos empresariales.</p>
[/featured_box]
[/col]
[col span=""4"" span__sm=""12"" bg_color=""rgb(255,255,255)""]
[featured_box img=""22776"" img_width=""40"" pos=""center""]
[gap height=""10px""]
<h3>Implementación</h3>
<p>Acompañamos la ejecución de las estrategias para asegurar resultados tangibles y sostenibles.</p>
[/featured_box]
[/col]
[/row]
[row]
[col span__sm=""12"" align=""center""]
[button text=""Más Características"" letter_case=""lowercase"" style=""underline""]
[/col]
[/row]
[/section]
[section label=""Services Intro"" bg_color=""rgb(39, 54, 71)"" dark=""true"" padding=""100px""]
[row]
[col span=""6"" span__sm=""12"" span__md=""12""]
<h3><span style=""font-size: 200%;"">Nuestros Servicios</span></h3>
[/col]
[col span=""6"" span__sm=""12"" span__md=""12""]
<p>Ofrecemos un amplio rango de servicios de consultoría que se adaptan a las necesidades específicas de cada cliente.</p>
[/col]
[/row]
[gap height=""100px"" height__md=""40px""]
[/section]
[section label=""Services""]
[row]
[col span__sm=""12"" margin=""-175px 0px 0px 0px""]
[row_inner h_align=""center""]
[col_inner span=""6"" span__sm=""12""]
[ux_image_box style=""shade"" img=""22768"" image_height=""80%"" image_overlay=""rgba(0, 0, 0, 0.25)"" image_hover=""overlay-add"" text_align=""left""]
<h4><span style=""font-size: 200%;"">Consultoría Estratégica</span></h4>
<p>Desarrollo de planes estratégicos a medida.</p>
[/ux_image_box]
[/col_inner]
[col_inner span=""6"" span__sm=""12""]
[ux_image_box style=""shade"" img=""22766"" image_height=""80%"" image_overlay=""rgba(0, 0, 0, 0.25)"" image_hover=""overlay-add"" text_align=""left""]
<h4><span style=""font-size: 200%;"">Optimización de Procesos</span></h4>
<p>Mejora continua y eficiencia operativa.</p>
[/ux_image_box]
[/col_inner]
[col_inner span=""6"" span__sm=""12""]
[ux_image_box style=""shade"" img=""22767"" image_height=""80%"" image_overlay=""rgba(0, 0, 0, 0.25)"" image_hover=""overlay-add"" text_align=""left""]
<h4><span style=""font-size: 200%;"">Gestión del Cambio</span></h4>
<p>Asesoría en proyectos de transformación organizacional.</p>
[/ux_image_box]
[/col_inner]
[col_inner span=""6"" span__sm=""12""]
[ux_image_box style=""shade"" img=""22769"" image_height=""80%"" image_overlay=""rgba(0, 0, 0, 0.25)"" image_hover=""overlay-add"" text_align=""left""]
<h4><span style=""font-size: 200%;"">Formación y Capacitación</span></h4>
<p>Programas de desarrollo de talento y habilidades.</p>
[/ux_image_box]
[/col_inner]
[col_inner span__sm=""12""]
[gap height=""10px""]
[/col_inner]
[col_inner span=""3"" span__sm=""12"" align=""center""]
[button text=""Más Servicios"" letter_case=""lowercase"" padding=""5px 20px 5px 20px"" radius=""40"" icon=""icon-angle-right""]
[/col_inner]
[/row_inner]
[/col]
[/row]
[/section]
[section label=""Quotes"" bg_color=""rgb(246, 246, 246)"" padding=""100px""]
[ux_slider nav_style=""simple"" nav_color=""dark"" bullet_style=""simple"" timer=""3000"" pause_hover=""false""]
[row]
[/row]
[col span__sm=""12"" align=""center""]
<h4><span style=""font-size: 180%;"">""La consultoría de Viaweb transformó nuestro negocio.""</span></h4>
<p>- Cliente Satisfecho, <a href=""#"">Ciudad</a></p>
[/col]
<p></row></p>
[row]
[/row]
[col span__sm=""12"" align=""center""]
<h4><span style=""font-size: 180%;"">""Gracias a su asesoría, alcanzamos nuestros objetivos.""</span></h4>
<p>- Cliente Satisfecho, <a href=""#"">Ciudad</a></p>
[/col]
<p></row></p>
[row]
[/row]
[col span__sm=""12"" align=""center""]
<h4><span style=""font-size: 180%;"">""Un equipo profesional y comprometido.""</span></h4>
<p>- Cliente Satisfecho, <a href=""#"">Ciudad</a></p>
[/col]
<p></row]
</p>
[/ux_slider]
[/section]
[section label=""Facts"" bg_overlay=""rgb(39, 54, 71)"" dark=""true"" padding=""100px""]
[row h_align=""center""]
[col span__sm=""12"" align=""center""]
<h3><span style=""font-size: 200%;"">Algunos Datos</span></h3>
<p>Nuestra experiencia y trayectoria en consultoría empresarial.</p>
[/col]
[col span=""3"" span__sm=""6"" span__md=""6"" align=""center""]
<h3><span style=""font-size: 200%;"">100+</span></h3>
<p>Proyectos Completados</p>
[/col]
[col span=""3"" span__sm=""6"" span__md=""6"" align=""center""]
<h3><span style=""font-size: 200%;"">50+</span></h3>
<p>Clientes Satisfechos</p>
[/col]
[col span=""3"" span__sm=""6"" span__md=""6"" align=""center""]
<h3><span style=""font-size: 200%;"">10+</span></h3>
<p>Años de Experiencia</p>
[/col]
[col span=""3"" span__sm=""6"" span__md=""6"" align=""center""]
<h3><span style=""font-size: 200%;"">80%</span></h3>
<p>Retorno de Inversión Promedio</p>
[/col]
[/row]
[/section]
[section label=""Video"" padding=""100px"" padding__sm=""75px""]
[gap height=""40px""]
[row style=""large"" v_align=""middle"" h_align=""center""]
[col span=""6"" span__sm=""12"" span__md=""10"" animate=""fadeInUp""]
<h6>VIDEO</h6>
<h3><span style=""font-size: 200%;"">Pasión por la Consultoría</span></h3>
<p>Transformamos empresas a través de un enfoque personalizado y estratégico.</p>
[/col]
[col span=""6"" span__sm=""12"" span__md=""10"" force_first=""medium"" animate=""fadeInUp""]
[ux_image_box style=""overlay"" img=""22773"" image_height=""400px"" text_pos=""middle""]
[video_button size=""150""]
[/ux_image_box]
[/col]
[/row]
[/section]
[section label=""Team Members"" bg_color=""rgb(246, 246, 246)"" padding=""100px"" padding__sm=""30px""]
[row h_align=""center""]
[col span__sm=""12"" align=""center""]
<h3><span style=""font-size: 150%;"">Nuestro Equipo</span></h3>
<p>Profesionales dedicados a tu éxito.</p>
[/col]
[col span=""4"" span__sm=""12""]
[ux_image_box style=""shade"" img=""22772"" image_hover=""zoom""]
<h4><span style=""font-size: 140%;"">Nombre del Consultor</span></h4>
<p>Consultor Principal</p>
[follow style=""small"" facebook=""3"" instagram=""3"" twitter=""#""]
[/ux_image_box]
[/col]
[col span=""4"" span__sm=""12""]
[ux_image_box style=""shade"" img=""22771"" image_hover=""zoom""]
<h4><span style=""font-size: 140%;"">Nombre del Consultor</span></h4>
<p>Consultor de Estrategia</p>
[follow style=""small"" facebook=""3"" instagram=""3"" twitter=""#""]
[/ux_image_box]
[/col]
[col span=""4"" span__sm=""12""]
[ux_image_box style=""shade"" img=""22770"" image_hover=""zoom""]
<h4><span style=""font-size: 140%;"">Nombre del Consultor</span></h4>
<p>Consultor de Procesos</p>
[follow style=""small"" facebook=""3"" instagram=""3"" twitter=""#""]
[/ux_image_box]
[/col]
[col span=""2"" span__sm=""12"" align=""center""]
[button text=""Sobre Nosotros"" letter_case=""lowercase"" style=""underline""]
[/col]
[/row]
[/section]
[section label=""Product"" padding=""120px""]
[row style=""large"" v_align=""middle"" h_align=""center""]
[col span=""6"" span__sm=""12"" span__md=""10"" animate=""fadeInLeft""]
[ux_banner height=""500px"" bg=""22774"" bg_pos=""45% 67%""]
[text_box position_x=""50"" position_y=""50""]
[/text_box]
[/ux_banner]
[/col]
[col span=""6"" span__sm=""12"" span__md=""10"" animate=""fadeInRight""]
[row_inner style=""collapse"" padding=""0px 0px 10px 0px""]
[col_inner span__sm=""12""]
[featured_box img=""22776"" img_width=""30"" pos=""left""]
<h3>Enfoque Centrado en el Cliente</h3>
[/featured_box]
[gap height=""10px""]
<p>Trabajamos de la mano contigo para asegurar el éxito de tu negocio.</p>
[/col_inner]
[/row_inner]
[row_inner style=""collapse"" padding=""0px 0px 10px 0px""]
[col_inner span__sm=""12""]
[featured_box img=""22775"" img_width=""30"" pos=""left""]
<h3>Compromiso con la Excelencia</h3>
[/featured_box]
[gap height=""10px""]
<p>Nos esforzamos por ofrecer soluciones de la más alta calidad.</p>
[/col_inner]
[/row_inner]
[row_inner style=""collapse"" padding=""0px 0px 10px 0px""]
[col_inner span__sm=""12""]
[featured_box img=""22778"" img_width=""30"" pos=""left""]
<h3>Innovación Continua</h3>
[/featured_box]
[gap height=""10px""]
<p>Nos adaptamos a las necesidades cambiantes del mercado.</p>
[/col_inner]
[/row_inner]
[/col]
[/row]
[/section]
[section label=""Latest news"" bg_color=""rgb(246, 246, 246)""]
[gap height=""100px""]
[row]
[col span__sm=""12"" align=""center""]
<h3><span style=""font-size: 150%;"">Últimas Noticias</span></h3>
<p>Actualizaciones y novedades sobre nuestros servicios y proyectos.</p>
[/col]
[col span__sm=""12""]
[blog_posts style=""normal"" columns=""3"" columns__sm=""1"" columns__md=""2"" slider_nav_style=""simple"" slider_nav_position=""outside"" slider_bullets=""true"" auto_slide=""3000"" posts=""6"" show_date=""false"" show_category=""text"" image_height=""0%"" image_overlay=""rgb(255, 255, 255)"" text_align=""left"" text_bg=""rgb(39, 54, 71)"" text_color=""dark"" text_padding=""80px 40px 80px 40px""]
[/col]
[/row]
[/section]
[section label=""Partners"" bg_color=""rgb(246, 246, 246)""]
[ux_gallery ids=""13491,13490,13488,13489,13487,13486"" style=""none"" columns=""6"" columns__sm=""3"" columns__md=""3""]
[gap height=""100px""]
[/section]
[section label=""Call to action"" bg_color=""#273647"" dark=""true"" padding=""0px"" height=""0px""]
[row col_bg=""rgb(34, 49, 246)"" h_align=""center"" padding=""50px 50px 30px 50px"" padding__sm=""45px 25px 15px 25px"" padding__md=""45px 80px 15px 80px""]
[col span__sm=""12"" margin=""-100px 0px 0px 0px"" bg_color=""#4ac193""]
<h6>Consulta Gratuita</h6>
[row_inner style=""small"" width=""full-width"" v_align=""middle"" h_align=""center""]
[col_inner span=""6"" span__sm=""12"" span__md=""12""]
<h2><span style=""font-size: 150%;"">Únete a nuestros clientes satisfechos</span></h2>
[/col_inner]
[col_inner span=""6"" span__sm=""12"" span__md=""12""]
[button text=""Solicitar Consulta"" color=""white"" expand=""true""]
[button text=""Contáctanos"" color=""white"" style=""outline"" expand=""true""]
[/col_inner]
[/row_inner]
[/col]
[/row]
[gap height=""100px""]
[/section]
[ux_slider label=""Hero"" slide_width=""6000px"" draggable=""false"" nav_style=""simple"" bullets=""false"" bullet_style=""simple"" timer=""3000"" pause_hover=""false""]
[section bg=""22848"" bg_size=""original"" bg_overlay=""rgba(36, 103, 162, 0.436)"" bg_pos=""42% 12%"" hover=""zoom-long"" dark=""true"" padding__sm=""100px"" height=""600px""]
[row width=""full-width"" h_align=""center"" padding=""0px 0px 0px 0px""]
[col span=""6"" span__sm=""12"" span__md=""10"" align=""center"" animate=""fadeInDown""]
<h1><span style=""font-size: 200%;"">Consultoría Empresarial</span></h1>
<p>Su aliado estratégico en soluciones empresariales</p>
[video_button video=""https://www.youtube.com/watch?v=hJSXQj_KeE0""]
[gap height=""10px""]
[/col]
[/row]
[/section]
[/ux_slider]
[section label=""Intro"" bg_color=""rgb(246, 246, 246)"" dark=""true"" padding=""0px"" height=""0px""]
[row col_bg=""rgb(34, 49, 246)"" h_align=""center"" padding=""50px 50px 30px 50px"" padding__sm=""45px 25px 15px 25px"" padding__md=""45px 80px 15px 80px""]
[col span__sm=""12"" margin=""-100px 0px 0px 0px"" bg_color=""#2467a2""]
<h6>Bienvenido</h6>
[row_inner style=""small"" width=""full-width"" v_align=""middle"" h_align=""center""]
[col_inner span=""6"" span__sm=""12"" span__md=""12""]
<h2><span style=""font-size: 150%;"">Impulsa tu negocio hoy</span></h2>
[/col_inner]
[col_inner span=""6"" span__sm=""12"" span__md=""12""]
<p>Ofrecemos soluciones personalizadas en consultoría empresarial que transforman y optimizan tu organización.</p>
[/col_inner]
[/row_inner]
[/col]
[/row]
[/section]
[section label=""Method"" bg_color=""rgb(246, 246, 246)"" padding=""50px""]
[row h_align=""center""]
[col span=""8"" span__sm=""12"" span__md=""10"" align=""center""]
<h3><span style=""font-size: 200%;"">Nuestro Método</span></h3>
<p>Trabajamos en conjunto contigo para identificar oportunidades y definir estrategias efectivas.</p>
[/col]
[/row]
[row v_align=""equal"" h_align=""center"" padding=""40px 30px 45px 30px""]
[col span=""4"" span__sm=""12"" bg_color=""rgb(255,255,255)""]
[featured_box img=""22775"" img_width=""40"" pos=""center""]
[gap height=""10px""]
<h3>Diagnóstico</h3>
<p>Realizamos un análisis exhaustivo de tus procesos y operaciones para detectar áreas de mejora.</p>
[/featured_box]
[/col]
[col span=""4"" span__sm=""12"" bg_color=""rgb(255,255,255)""]
[featured_box img=""22777"" img_width=""40"" pos=""center""]
[gap height=""10px""]
<h3>Estrategia</h3>
<p>Desarrollamos un plan de acción personalizado que se alinea con tus objetivos empresariales.</p>
[/featured_box]
[/col]
[col span=""4"" span__sm=""12"" bg_color=""rgb(255,255,255)""]
[featured_box img=""22776"" img_width=""40"" pos=""center""]
[gap height=""10px""]
<h3>Implementación</h3>
<p>Acompañamos la ejecución de las estrategias para asegurar resultados tangibles y sostenibles.</p>
[/featured_box]
[/col]
[/row]
[row]
[col span__sm=""12"" align=""center""]
[button text=""Más Características"" letter_case=""lowercase"" style=""underline""]
[/col]
[/row]
[/section]
[section label=""Services Intro"" bg_color=""#2467a2"" dark=""true"" padding=""100px""]
[row]
[col span=""6"" span__sm=""12"" span__md=""12""]
<h3><span style=""font-size: 200%;"">Nuestros Servicios</span></h3>
[/col]
[col span=""6"" span__sm=""12"" span__md=""12""]
<p>Ofrecemos un amplio rango de servicios de consultoría que se adaptan a las necesidades específicas de cada cliente.</p>
[/col]
[/row]
[gap height=""100px"" height__md=""40px""]
[/section]
[section label=""Services""]
[row]
[col span__sm=""12"" margin=""-175px 0px 0px 0px""]
[row_inner h_align=""center""]
[col_inner span=""6"" span__sm=""12""]
[ux_image_box style=""shade"" img=""24842"" image_height=""80%"" image_overlay=""rgba(0, 0, 0, 0.25)"" image_hover=""overlay-add"" text_align=""left""]
<h4><span style=""font-size: 200%;"">Consultoría Estratégica</span></h4>
<p>Desarrollo de planes estratégicos a medida.</p>
[/ux_image_box]
[/col_inner]
[col_inner span=""6"" span__sm=""12""]
[ux_image_box style=""shade"" img=""26988"" image_height=""80%"" image_overlay=""rgba(0, 0, 0, 0.25)"" image_hover=""overlay-add"" text_align=""left""]
<h4><span style=""font-size: 200%;"">Optimización de Procesos</span></h4>
<p>Mejora continua y eficiencia operativa.</p>
[/ux_image_box]
[/col_inner]
[col_inner span=""6"" span__sm=""12""]
[ux_image_box style=""shade"" img=""22835"" image_height=""80%"" image_overlay=""rgba(0, 0, 0, 0.25)"" image_hover=""overlay-add"" text_align=""left""]
<h4><span style=""font-size: 200%;"">Gestión del Cambio</span></h4>
<p>Asesoría en proyectos de transformación organizacional.</p>
[/ux_image_box]
[/col_inner]
[col_inner span=""6"" span__sm=""12""]
[ux_image_box style=""shade"" img=""27091"" image_height=""80%"" image_overlay=""rgba(0, 0, 0, 0.25)"" image_hover=""overlay-add"" text_align=""left""]
<h4><span style=""font-size: 200%;"">Formación y Capacitación</span></h4>
<p>Programas de desarrollo de talento y habilidades.</p>
[/ux_image_box]
[/col_inner]
[col_inner span__sm=""12""]
[gap height=""10px""]
[/col_inner]
[col_inner span=""3"" span__sm=""12"" align=""center""]
[button text=""Más Servicios"" letter_case=""lowercase"" padding=""5px 20px 5px 20px"" radius=""40"" icon=""icon-angle-right""]
[/col_inner]
[/row_inner]
[/col]
[/row]
[/section]
[section label=""Quotes"" bg_color=""#2467a2"" dark=""true"" padding=""100px""]
[ux_slider nav_style=""simple"" nav_color=""dark"" bullet_style=""simple"" timer=""3000"" pause_hover=""false""]
[col span__sm=""12"" align=""center""]
<h4><span style=""font-size: 180%;"">""La consultoría de Viaweb transformó nuestro negocio.""</span></h4>
<p>- Cliente Satisfecho, <a href=""#"">Ciudad</a></p>
[/col]
[col span__sm=""12"" align=""center""]
<h4><span style=""font-size: 180%;"">""Gracias a su asesoría, alcanzamos nuestros objetivos.""</span></h4>
<p>- Cliente Satisfecho, <a href=""#"">Ciudad</a></p>
[/col]
[col span__sm=""12"" align=""center""]
<h4><span style=""font-size: 180%;"">""Un equipo profesional y comprometido.""</span></h4>
<p>- Cliente Satisfecho, <a href=""#"">Ciudad</a></p>
[/col]
[/ux_slider]
[/section]
[section label=""Facts"" bg_color=""#2467a2"" bg_overlay=""rgba(0,0,0,.5)"" dark=""true"" padding=""100px""]
[row h_align=""center""]
[col span__sm=""12"" align=""center""]
<h3><span style=""font-size: 200%;"">Algunos Datos</span></h3>
<p>Nuestra experiencia y trayectoria en consultoría empresarial.</p>
[/col]
[col span=""3"" span__sm=""6"" span__md=""6"" align=""center""]
<h3><span style=""font-size: 200%;"">100+</span></h3>
<p>Proyectos Completados</p>
[/col]
[col span=""3"" span__sm=""6"" span__md=""6"" align=""center""]
<h3><span style=""font-size: 200%;"">50+</span></h3>
<p>Clientes Satisfechos</p>
[/col]
[col span=""3"" span__sm=""6"" span__md=""6"" align=""center""]
<h3><span style=""font-size: 200%;"">10+</span></h3>
<p>Años de Experiencia</p>
[/col]
[col span=""3"" span__sm=""6"" span__md=""6"" align=""center""]
<h3><span style=""font-size: 200%;"">80%</span></h3>
<p>Retorno de Inversión Promedio</p>
[/col]
[/row]
[/section]
[section label=""Video"" padding=""100px"" padding__sm=""75px""]
[gap height=""40px""]
[row style=""large"" v_align=""middle"" h_align=""center""]
[col span=""6"" span__sm=""12"" span__md=""10"" animate=""fadeInUp""]
<h6>VIDEO</h6>
<h3><span style=""font-size: 200%;"">Pasión por la Consultoría</span></h3>
<p>Transformamos empresas a través de un enfoque personalizado y estratégico.</p>
[/col]
[col span=""6"" span__sm=""12"" span__md=""10"" force_first=""medium"" animate=""fadeInUp""]
[ux_image_box style=""overlay"" img=""8822"" image_height=""400px"" text_pos=""middle""]
[video_button video=""https://www.youtube.com/watch?v=hJSXQj_KeE0"" size=""150""]
[/ux_image_box]
[/col]
[/row]
[/section]
[section label=""Team Members"" bg_color=""#2467a2"" padding=""100px"" padding__sm=""30px""]
[row h_align=""center""]
[col span__sm=""12"" align=""center""]
[ux_text text_color=""rgb(255,255,255)""]
<h3><span style=""font-size: 150%;"">Nuestro Equipo</span></h3>
<p>Profesionales dedicados a tu éxito.</p>
[/ux_text]
[/col]
[col span=""4"" span__sm=""12""]
[ux_image_box style=""shade"" img=""8876"" image_hover=""zoom""]
<h4><span style=""font-size: 140%;"">Nombre del Consultor</span></h4>
<p>Consultor Principal</p>
[follow style=""small"" facebook=""3"" instagram=""3"" twitter=""#""]
[/ux_image_box]
[/col]
[col span=""4"" span__sm=""12""]
[ux_image_box style=""shade"" img=""8910"" image_hover=""zoom""]
<h4><span style=""font-size: 140%;"">Nombre del Consultor</span></h4>
<p>Consultor de Estrategia</p>
[follow style=""small"" facebook=""3"" instagram=""3"" twitter=""#""]
[/ux_image_box]
[/col]
[col span=""4"" span__sm=""12""]
[ux_image_box style=""shade"" img=""8909"" image_hover=""zoom""]
<h4><span style=""font-size: 140%;"">Nombre del Consultor</span></h4>
<p>Consultor de Procesos</p>
[follow style=""small"" facebook=""3"" instagram=""3"" twitter=""#""]
[/ux_image_box]
[/col]
[col span=""2"" span__sm=""12"" align=""center""]
[button text=""Sobre Nosotros"" letter_case=""lowercase"" style=""underline""]
[/col]
[/row]
[/section]
[section label=""Product"" padding=""120px""]
[row style=""large"" v_align=""middle"" h_align=""center""]
[col span=""6"" span__sm=""12"" span__md=""10"" animate=""fadeInLeft""]
[ux_banner height=""500px"" bg=""4945"" bg_pos=""45% 67%""]
[text_box position_x=""50"" position_y=""50""]
[/text_box]
[/ux_banner]
[/col]
[col span=""6"" span__sm=""12"" span__md=""10"" animate=""fadeInRight""]
[row_inner style=""collapse"" padding=""0px 0px 10px 0px""]
[col_inner span__sm=""12""]
[featured_box img=""5048"" img_width=""30"" pos=""left""]
<h3>Enfoque Centrado en el Cliente</h3>
[/featured_box]
[gap height=""10px""]
<p>Trabajamos de la mano contigo para asegurar el éxito de tu negocio.</p>
[/col_inner]
[/row_inner]
[row_inner style=""collapse"" padding=""0px 0px 10px 0px""]
[col_inner span__sm=""12""]
[featured_box img=""5048"" img_width=""30"" pos=""left""]
<h3>Compromiso con la Excelencia</h3>
[/featured_box]
[gap height=""10px""]
<p>Nos esforzamos por ofrecer soluciones de la más alta calidad.</p>
[/col_inner]
[/row_inner]
[row_inner style=""collapse"" padding=""0px 0px 10px 0px""]
[col_inner span__sm=""12""]
[featured_box img=""5048"" img_width=""30"" pos=""left""]
<h3>Innovación Continua</h3>
[/featured_box]
[gap height=""10px""]
<p>Nos adaptamos a las necesidades cambiantes del mercado.</p>
[/col_inner]
[/row_inner]
[/col]
[/row]
[/section]
[section label=""Latest news"" bg_color=""#2467a2"" dark=""true""]
[gap height=""100px""]
[row]
[col span__sm=""12"" align=""center""]
<h3><span style=""font-size: 150%;"">Últimas Noticias</span></h3>
<p>Actualizaciones y novedades sobre nuestros servicios y proyectos.</p>
[/col]
[col span__sm=""12"" bg_color=""rgba(255, 255, 255, 0.477)""]
[blog_posts style=""shade"" type=""slider-full"" slider_nav_style=""circle"" cat=""7860"" title_size=""larger"" show_date=""text"" excerpt=""false"" show_category=""label"" comments=""false"" image_size=""large"" image_overlay=""rgba(0, 0, 0, 0.09)"" image_hover=""overlay-remove"" text_size=""large"" text_hover=""bounce"" text_padding=""10% 0px 10% 0px""]
[blog_posts style=""normal"" columns=""3"" columns__sm=""1"" columns__md=""2"" slider_nav_style=""simple"" slider_nav_position=""outside"" slider_bullets=""true"" auto_slide=""3000"" posts=""6"" show_date=""false"" show_category=""text"" image_height=""0%"" image_overlay=""rgb(255, 255, 255)"" text_align=""left"" text_bg=""rgb(39, 54, 71)"" text_color=""dark"" text_padding=""80px 40px 80px 40px""]
[/col]
[/row]
[/section]
[section label=""Partners"" bg_color=""rgb(255,255,255)""]
[ux_gallery ids=""13491,13490,13488,13489,13487,13486"" style=""none"" columns=""6"" columns__sm=""3"" columns__md=""3""]
[gap height=""100px""]
[/section]
[section label=""Call to action"" bg_color=""rgb(255,255,255)"" dark=""true"" padding=""0px"" height=""0px""]
[row col_bg=""rgb(34, 49, 246)"" h_align=""center"" padding=""50px 50px 30px 50px"" padding__sm=""45px 25px 15px 25px"" padding__md=""45px 80px 15px 80px""]
[col span__sm=""12"" margin=""-100px 0px 0px 0px"" bg_color=""#2467a2""]
<h6>Consulta Gratuita</h6>
[row_inner style=""small"" width=""full-width"" v_align=""middle"" h_align=""center""]
[col_inner span=""6"" span__sm=""12"" span__md=""12""]
<h2><span style=""font-size: 150%;"">Únete a nuestros clientes satisfechos</span></h2>
[/col_inner]
[col_inner span=""6"" span__sm=""12"" span__md=""12""]
[button text=""Solicitar Consulta"" color=""secondary"" expand=""true""]
[button text=""Contáctanos"" color=""white"" style=""outline"" expand=""true""]
[/col_inner]
[/row_inner]
[blog_posts style=""normal"" columns=""3"" columns__md=""1"" cat=""7767"" image_height=""56.25%""]
[/col]
[/row]
[gap height=""100px""]
[/section]",Métricas de Éxito,Marketing,Marketing,Resultados,Somos tu aliado estratégico en consultoría empresarial. Descubre cómo nuestras soluciones personalizadas pueden transformar y optimizar tu organización.,"Una imagen de un consultor explicando una estrategia a un grupo de ejecutivos, utilizando una pizarra interactiva con gráficos y diagramas de flujo."
"[row]

[col span__sm=""12""]

<h2 style=""font-size: 220%; text-align: center;"">Soluciones por Industria</h2>
[ux_text text_align=""center""]

<p>Con una dedicación a la excelencia y un enfoque en la innovación</p>
[/ux_text]
[row_inner label=""Grid Boxes"" style=""small"" width=""full-width""]

[col_inner span=""6"" span__sm=""12""]

[ux_image_box style=""overlay"" img=""4890"" image_height=""240px"" text_pos=""middle""]

[button text=""ver demo Minoristas"" radius=""99""]

<p class=""description"">Herramientas específicas para mejorar la gestión y ventas del sector minorista.</p>

[/ux_image_box]
[gap height=""21px""]

[ux_image_box style=""overlay"" img=""4947"" image_height=""240px"" text_pos=""middle""]

[button text=""ver demo Manufactura"" radius=""75""]

<p class=""description"">Soluciones tecnológicas para optimizar la producción en la industria manufacturera.</p>

[/ux_image_box]

[/col_inner]
[col_inner span=""6"" span__sm=""12""]

[ux_image_box style=""overlay"" img=""8818"" image_height=""500px"" text_pos=""middle""]

[button text=""ver demo Agroindustria"" radius=""99""]

<p class=""description"">Innovaciones digitales diseñadas para el sector agrícola y agroindustrial.</p>

[/ux_image_box]

[/col_inner]

[/row_inner]

[/col]

[/row]
[section label=""Servicios"" bg_color=""#f7f5f4"" padding=""60px""]

[row h_align=""center""]

[col span=""9"" span__sm=""12"" span__md=""8"" align=""center""]

[ux_text text_align=""center""]

<h2 style=""font-size: 220%;"">Nuestros Servicios</h2> <p>Ofrecemos una amplia gama de servicios diseñados para optimizar tu negocio y mejorar la eficiencia operativa:</p>
[/ux_text]

[/col]

[/row]
[row h_align=""center""]

[col span=""10"" span__sm=""12"" span__md=""12""]

[row_inner style=""large""]

[col_inner span=""6"" span__sm=""12""]

[featured_box inline_svg=""0"" img_width=""55"" pos=""left"" icon_border=""3"" icon_color=""rgb(39, 54, 71)""]

<br />
<h4>Implementación de ERP y CRM</h4>
<p>Configuramos y personalizamos sistemas ERP y CRM para que se adapten a tus necesidades específicas.</p>

[/featured_box]

[/col_inner]
[col_inner span=""6"" span__sm=""12""]

[featured_box inline_svg=""0"" img_width=""55"" pos=""left"" icon_border=""3"" icon_color=""rgb(39, 54, 71)""]

<br />
<h4>Mantenimiento de Sistemas</h4>
<p>Brindamos soporte continuo y actualizaciones para asegurar el óptimo funcionamiento de tus sistemas.</p>

[/featured_box]

[/col_inner]
[col_inner span=""6"" span__sm=""12""]

[featured_box inline_svg=""0"" img_width=""55"" pos=""left"" icon_border=""3"" icon_color=""rgb(39, 54, 71)""]

<br />
<h4>Integración de Plataformas</h4>
<p>Conectamos tu ERP y CRM con otras plataformas para una gestión más eficiente.</p>

[/featured_box]

[/col_inner]
[col_inner span=""6"" span__sm=""12""]

[featured_box inline_svg=""0"" img_width=""55"" pos=""left"" icon_border=""3"" icon_color=""rgb(39, 54, 71)""]

<br />
<h4>Auditoría de Procesos</h4>
<p>Evaluamos y optimizamos tus procesos para mejorar la eficiencia operativa y reducir costos.</p>

[/featured_box]
[gap height=""15px""]


[/col_inner]
[col_inner span=""6"" span__sm=""12""]

[featured_box inline_svg=""0"" img_width=""55"" pos=""left"" icon_border=""3"" icon_color=""rgb(39, 54, 71)""]

<br />
<h4>Soporte Técnico Remoto</h4>
<p>Asistencia técnica a distancia para resolver cualquier inconveniente que pueda surgir.</p>

[/featured_box]

[/col_inner]
[col_inner span=""6"" span__sm=""12""]

[featured_box inline_svg=""0"" img_width=""55"" pos=""left"" icon_border=""3"" icon_color=""rgb(39, 54, 71)""]

<br />
<h4>Capacitación y Formación</h4>
<p>Entrenamos a tu equipo para maximizar el uso de las herramientas ERP y CRM.</p>

[/featured_box]

[/col_inner]

[/row_inner]

[/col]

[/row]

[/section]
[section label=""Planes y Precios"" bg_color=""#ffffff"" padding=""60px""]

[row]

[col align=""center""]

<br />
<h6 class=""uppercase secondary-color"">Elige el Plan Ideal</h6>
<h2 style=""font-size: 220%;"">Planes y Precios Adaptados a tu Negocio</h2>
<p>Selecciona el plan que mejor se adapte a las necesidades de tu empresa.</p>

[/col]

[/row]
[gap height=""40px""]

[row style=""collapse""]

[col span=""4"" span__sm=""12""]

[featured_box img=""https://example.com/plan-basico.png""]

<h4>Plan Básico</h4>
<p>Funciones esenciales para comenzar. Ideal para pequeñas empresas.</p>
<p style=""font-size: 150%;""><strong>$99/mes</strong></p>
[button text=""Contratar"" size=""large"" radius=""4"" link=""#plan-basico""]


[/featured_box]

[/col]
[col span=""4"" span__sm=""12""]

[featured_box img=""https://example.com/plan-profesional.png""]

<h4>Plan Profesional</h4>
<p>Funciones avanzadas para empresas en crecimiento.</p>
<p style=""font-size: 150%;""><strong>$199/mes</strong></p>
[button text=""Contratar"" color=""secondary"" size=""large"" radius=""4"" link=""#plan-profesional""]


[/featured_box]

[/col]
[col span=""4"" span__sm=""12""]

[featured_box img=""https://example.com/plan-premium.png""]

<h4>Plan Premium</h4>
<p>Todas las funciones y soporte personalizado. Ideal para grandes empresas.</p>
<p style=""font-size: 150%;""><strong>$299/mes</strong></p>
[button text=""Contratar"" color=""tertiary"" size=""large"" radius=""4"" link=""#plan-premium""]


[/featured_box]

[/col]

[/row]

[/section]
[section label=""FAQ"" bg_color=""#f7f5f4"" padding=""60px""]

[row]

[col align=""center""]

<br />
<h2 style=""font-size: 220%;"">Preguntas Frecuentes</h2>
<p>Resolvemos tus dudas sobre nuestras soluciones ERP.</p>

[/col]

[/row]
[gap height=""40px""]

[row style=""collapse""]

[col span=""6"" span__sm=""12""]

<br />
<h4>¿Qué es un ERP?</h4>
<p>Un ERP (Enterprise Resource Planning) es un sistema que integra todas las operaciones de una empresa en una única plataforma, facilitando la gestión y el análisis de datos en tiempo real.</p>

[/col]
[col span=""6"" span__sm=""12""]

<br />
<h4>¿Cómo puede ayudarme un ERP?</h4>
<p>Un ERP puede mejorar la eficiencia operativa, reducir costos, y proporcionar información valiosa para la toma de decisiones estratégicas.</p>

[/col]

[/row]
[row style=""collapse""]

[col span=""6"" span__sm=""12""]

<br />
<h4>¿Es fácil de implementar?</h4>
<p>Nuestro equipo te guiará a través de cada paso del proceso de implementación para asegurar una transición suave y exitosa.</p>

[/col]
[col span=""6"" span__sm=""12""]

<br />
<h4>¿Ofrecen soporte técnico?</h4>
<p>Sí, ofrecemos soporte técnico continuo para resolver cualquier problema que puedas encontrar.</p>

[/col]

[/row]

[/section]
[section label=""Blog"" padding=""60px""]

[row]

[col align=""center""]

<br />
<h2 style=""font-size: 220%;"">Últimos Artículos del Blog</h2>
<p>Lee nuestros artículos para obtener más información sobre ERP y tendencias en la industria.</p>

[/col]

[/row]
[gap height=""40px""]

[row style=""collapse""]

[col span=""4"" span__sm=""12""]

[featured_box img=""https://example.com/articulo-1.jpg""]

<h4>5 Beneficios de Implementar un ERP</h4>
<p>Descubre cómo un ERP puede transformar tu negocio.</p>
[button text=""Leer Más"" link=""#articulo-1""]


[/featured_box]

[/col]
[col span=""4"" span__sm=""12""]

[featured_box img=""https://example.com/articulo-2.jpg""]

<h4>Cómo Elegir el ERP Adecuado</h4>
<p>Consejos para seleccionar el sistema ERP que mejor se adapte a tus necesidades.</p>
[button text=""Leer Más"" link=""#articulo-2""]


[/featured_box]

[/col]
[col span=""4"" span__sm=""12""]

[featured_box img=""https://example.com/articulo-3.jpg""]

<h4>Casos de Éxito: Empresas que Usan ERP</h4>
<p>Historias inspiradoras de empresas que han mejorado su rendimiento con un ERP.</p>
[button text=""Leer Más"" link=""#articulo-3""]


[/featured_box]

[/col]

[/row]

[/section]
[section label=""Especificaciones"" padding=""80px""]

[row]

[col span__sm=""12"" align=""center""]

<h6 class=""uppercase secondary-color"">Especificaciones Técnicas</h6>
<h2 style=""font-size: 220%;"">Especificaciones del ERP</h2>
<p>Explora las potentes características y capacidades de nuestros sistemas ERP:</p>
[row_inner style=""large""]

[col_inner span=""4"" span__sm=""12""]

[featured_box img=""https://example.com/nuevo-icono-4.png"" img_width=""40""]

<br />
<h4>Basado en la Nube</h4>
<p>Accede a tu sistema ERP desde cualquier lugar con hosting seguro en la nube.</p>

[/featured_box]

[/col_inner]
[col_inner span=""4"" span__sm=""12""]

[featured_box img=""https://example.com/nuevo-icono-5.png"" img_width=""40""]

<br />
<h4>Soporte Multilenguaje</h4>
<p>Opera a nivel global con soporte para múltiples idiomas.</p>

[/featured_box]

[/col_inner]
[col_inner span=""4"" span__sm=""12""]

[featured_box img=""https://example.com/nuevo-icono-6.png"" img_width=""40""]

<br />
<h4>Paneles Personalizados</h4>
<p>Monitorea tus KPIs y métricas con paneles de control fáciles de usar.</p>

[/featured_box]

[/col_inner]

[/row_inner]

[/col]

[/row]

[/section]",Testimonios de Clientes,Marketing,Marketing,Casos de Éxito,"Descubre nuestras soluciones ERP personalizadas para diferentes industrias. Ofrecemos herramientas específicas para minoristas, manufactura y agroindustria, junto con una amplia gama de servicios diseñados para optimizar tu negocio y mejorar la eficiencia operativa.","Una imagen que muestre una interfaz de usuario de ERP moderna y fácil de usar, con gráficos coloridos y paneles de control que representen las soluciones para minoristas, manufactura y agroindustria. La imagen debe transmitir innovación y eficiencia en la gestión empresarial."
"[section label=""Testimonios"" bg_color=""rgb(255,255,255)"" padding=""60px""]

[gap height=""40px""]

[row]

[col span=""4"" span__sm=""12""]

[testimonial image=""25115""]

<p>""Digitalizar nuestro negocio nos ayudó a expandirnos y alcanzar nuevos clientes.""</p>
<h4>- Álvaro Vázquez</h4>
<p class=""meta"">Dueño de Natan Motos</p>

[/testimonial]

[/col]
[col span=""4"" span__sm=""12""]

[testimonial image=""25116""]

<p>""Su tecnología y soporte nos permitieron mejorar la eficiencia y aumentar nuestra rentabilidad.""</p>
<h4>- Daniel Martínez</h4>
<p class=""meta"">Socio Gerente de Cabarcos Motores</p>

[/testimonial]

[/col]
[col span=""4"" span__sm=""12""]

[testimonial image=""25111""]

<p>""Nos ayudaron a optimizar nuestros proyectos de construcción con soluciones innovadoras.""</p>
<h4>- Juan Urdinez</h4>
<p class=""meta"">CEO de SIA Construcciones</p>

[/testimonial]

[/col]

[/row]
[gap height=""40px""]

[row]

[col span=""4"" span__sm=""12""]

[testimonial image=""25110""]

<p>""La transformación digital que logramos con su apoyo ha sido un gran paso adelante para nuestra empresa.""</p>
<h4>- Oscar De Piano</h4>
<p class=""meta"">CEO de Edilicias SRL</p>

[/testimonial]

[/col]
[col span=""4"" span__sm=""12""]

[testimonial image=""25107""]

<p>""Su plataforma y asesoramiento nos permitieron optimizar la gestión de nuestros talleres mecánicos.""</p>
<h4>- Germán Van Der Braver</h4>
<p class=""meta"">Socio Gerente de Motocenter Pro Boxes</p>

[/testimonial]

[/col]
[col span=""4"" span__sm=""12""]

[testimonial image=""25114""]

<p>""Las estrategias de marketing que implementamos con su ayuda nos dieron excelentes resultados.""</p>
<h4>- Lorena Yañez</h4>
<p class=""meta"">Marketing en Morgado Hogar</p>

[/testimonial]

[/col]

[/row]
[gap height=""40px""]


[/section]",Testimonios de Clientes,Marketing,Marketing,Casos de Éxito,"Conoce las experiencias de nuestros clientes satisfechos. Desde la digitalización de negocios hasta la optimización de proyectos de construcción, nuestras soluciones han ayudado a diversas empresas a mejorar su eficiencia y aumentar su rentabilidad.","Un collage de retratos de clientes satisfechos, mostrando una diversidad de industrias y profesionales. Las imágenes deben transmitir confianza, éxito y satisfacción con el uso de las soluciones ERP."
"[section label=""Contacto"" bg_color=""#2467a2"" dark=""true"" padding=""80px""]
[row h_align=""center""]
[col span=""9"" span__sm=""12"" align=""center""]
[gap]
<h2 style=""font-size: 220%;"">¿Listo para Transformar tu Negocio?</h2>
<p>Contáctanos hoy para obtener más información sobre nuestras soluciones ERP y cómo pueden ayudarte a alcanzar tus objetivos.</p>
[gap height=""20px""]
[button text=""Contáctanos"" color=""secondary"" size=""large"" radius=""4"" link=""/contacto""]
[/col]
[/row]
[/section]
[section label=""Contacto"" bg_color=""#2467a2"" dark=""true"" padding=""80px""]
[row h_align=""center""]
[col span=""9"" span__sm=""12"" align=""center""]
[gap]
<h2 style=""font-size: 220%;"">¿Listo para Transformar tu Negocio?</h2>
<p>Contáctanos hoy para obtener más información sobre nuestras soluciones ERP y cómo pueden ayudarte a alcanzar tus objetivos.</p>
[gap height=""20px""]
[button text=""Contáctanos"" color=""secondary"" size=""large"" radius=""4"" link=""/contacto""]
[/col]
[/row]
[/section]
[section label=""Contacto"" bg_color=""#2467a2"" dark=""true"" padding=""80px""]
[row h_align=""center""]
[col span=""9"" span__sm=""12"" align=""center""]
[gap]
<h2 style=""font-size: 220%;"">¿Listo para Transformar tu Negocio?</h2>
<p>Contáctanos hoy para obtener más información sobre nuestras soluciones ERP y cómo pueden ayudarte a alcanzar tus objetivos.</p>
[gap height=""20px""]
[button text=""Contáctanos"" color=""secondary"" size=""large"" radius=""4"" link=""/contacto""]
[/col]
[/row]
[/section]",Boletín Informativo,Marketing,Marketing,Comunicación con Clientes,¿Estás listo para transformar tu negocio? Contáctanos hoy para obtener más información sobre nuestras soluciones ERP y cómo pueden ayudarte a alcanzar tus objetivos empresariales. Ofrecemos asesoramiento personalizado para impulsar el crecimiento de tu empresa.,"Una imagen que muestre a un equipo diverso de profesionales trabajando juntos en una oficina moderna, utilizando dispositivos tecnológicos y analizando datos en pantallas grandes. La imagen debe transmitir colaboración, innovación y el concepto de transformación digital en el entorno empresarial."
"[row]
[col span__sm=""12""]
<h2 style=""font-size: 220%; text-align: center;"">Soluciones por Industria</h2>
[ux_text text_align=""center""]
<p>Con una dedicación a la excelencia y un enfoque en la innovación</p>
[/ux_text]
[row_inner label=""Grid Boxes"" style=""small"" width=""full-width""]
[col_inner span=""6"" span__sm=""12""]
[ux_image_box style=""overlay"" img=""4890"" image_height=""240px"" text_pos=""middle""]
[button text=""ver demo Minoristas"" radius=""99""]
<p class=""description"">Herramientas específicas para mejorar la gestión y ventas del sector minorista.</p>
[/ux_image_box]
[gap height=""21px""]
[ux_image_box style=""overlay"" img=""4947"" image_height=""240px"" text_pos=""middle""]
[button text=""ver demo Manufactura"" radius=""75""]
<p class=""description"">Soluciones tecnológicas para optimizar la producción en la industria manufacturera.</p>
[/ux_image_box]
[/col_inner]
[col_inner span=""6"" span__sm=""12""]
[ux_image_box style=""overlay"" img=""8818"" image_height=""500px"" text_pos=""middle""]
[button text=""ver demo Agroindustria"" radius=""99""]
<p class=""description"">Innovaciones digitales diseñadas para el sector agrícola y agroindustrial.</p>
[/ux_image_box]
[/col_inner]
[/row_inner]
[/col]
[/row]
[section label=""Servicios"" bg_color=""#f7f5f4"" padding=""60px""]
[row h_align=""center""]
[col span=""9"" span__sm=""12"" span__md=""8"" align=""center""]
[ux_text text_align=""center""]
<h2 style=""font-size: 220%;"">Nuestros Servicios</h2> <p>Ofrecemos una amplia gama de servicios diseñados para optimizar tu negocio y mejorar la eficiencia operativa:</p>
[/ux_text]
[/col]
[/row]
[row h_align=""center""]
[col span=""10"" span__sm=""12"" span__md=""12""]
[row_inner style=""large""]
[col_inner span=""6"" span__sm=""12""]
[featured_box inline_svg=""0"" img_width=""55"" pos=""left"" icon_border=""3"" icon_color=""rgb(39, 54, 71)""]
<br />
<h4>Implementación de ERP y CRM</h4>
<p>Configuramos y personalizamos sistemas ERP y CRM para que se adapten a tus necesidades específicas.</p>
[/featured_box]
[/col_inner]
[col_inner span=""6"" span__sm=""12""]
[featured_box inline_svg=""0"" img_width=""55"" pos=""left"" icon_border=""3"" icon_color=""rgb(39, 54, 71)""]
<br />
<h4>Mantenimiento de Sistemas</h4>
<p>Brindamos soporte continuo y actualizaciones para asegurar el óptimo funcionamiento de tus sistemas.</p>
[/featured_box]
[/col_inner]
[col_inner span=""6"" span__sm=""12""]
[featured_box inline_svg=""0"" img_width=""55"" pos=""left"" icon_border=""3"" icon_color=""rgb(39, 54, 71)""]
<br />
<h4>Integración de Plataformas</h4>
<p>Conectamos tu ERP y CRM con otras plataformas para una gestión más eficiente.</p>
[/featured_box]
[/col_inner]
[col_inner span=""6"" span__sm=""12""]
[featured_box inline_svg=""0"" img_width=""55"" pos=""left"" icon_border=""3"" icon_color=""rgb(39, 54, 71)""]
<br />
<h4>Auditoría de Procesos</h4>
<p>Evaluamos y optimizamos tus procesos para mejorar la eficiencia operativa y reducir costos.</p>
[/featured_box]
[gap height=""15px""]
[/col_inner]
[col_inner span=""6"" span__sm=""12""]
[featured_box inline_svg=""0"" img_width=""55"" pos=""left"" icon_border=""3"" icon_color=""rgb(39, 54, 71)""]
<br />
<h4>Soporte Técnico Remoto</h4>
<p>Asistencia técnica a distancia para resolver cualquier inconveniente que pueda surgir.</p>
[/featured_box]
[/col_inner]
[col_inner span=""6"" span__sm=""12""]
[featured_box inline_svg=""0"" img_width=""55"" pos=""left"" icon_border=""3"" icon_color=""rgb(39, 54, 71)""]
<br />
<h4>Capacitación y Formación</h4>
<p>Entrenamos a tu equipo para maximizar el uso de las herramientas ERP y CRM.</p>
[/featured_box]
[/col_inner]
[/row_inner]
[/col]
[/row]
[/section]
[section label=""Planes y Precios"" bg_color=""#ffffff"" padding=""60px""]
[row]
[col align=""center""]
<br />
<h6 class=""uppercase secondary-color"">Elige el Plan Ideal</h6>
<h2 style=""font-size: 220%;"">Planes y Precios Adaptados a tu Negocio</h2>
<p>Selecciona el plan que mejor se adapte a las necesidades de tu empresa.</p>
[/col]
[/row]
[gap height=""40px""]
[row style=""collapse""]
[col span=""4"" span__sm=""12""]
[featured_box img=""https://example.com/plan-basico.png""]
<h4>Plan Básico</h4>
<p>Funciones esenciales para comenzar. Ideal para pequeñas empresas.</p>
<p style=""font-size: 150%;""><strong>$99/mes</strong></p>
[button text=""Contratar"" size=""large"" radius=""4"" link=""#plan-basico""]
[/featured_box]
[/col]
[col span=""4"" span__sm=""12""]
[featured_box img=""https://example.com/plan-profesional.png""]
<h4>Plan Profesional</h4>
<p>Funciones avanzadas para empresas en crecimiento.</p>
<p style=""font-size: 150%;""><strong>$199/mes</strong></p>
[button text=""Contratar"" color=""secondary"" size=""large"" radius=""4"" link=""#plan-profesional""]
[/featured_box]
[/col]
[col span=""4"" span__sm=""12""]
[featured_box img=""https://example.com/plan-premium.png""]
<h4>Plan Premium</h4>
<p>Todas las funciones y soporte personalizado. Ideal para grandes empresas.</p>
<p style=""font-size: 150%;""><strong>$299/mes</strong></p>
[button text=""Contratar"" color=""tertiary"" size=""large"" radius=""4"" link=""#plan-premium""]
[/featured_box]
[/col]
[/row]
[/section]
[section label=""FAQ"" bg_color=""#f7f5f4"" padding=""60px""]
[row]
[col align=""center""]
<br />
<h2 style=""font-size: 220%;"">Preguntas Frecuentes</h2>
<p>Resolvemos tus dudas sobre nuestras soluciones ERP.</p>
[/col]
[/row]
[gap height=""40px""]
[row style=""collapse""]
[col span=""6"" span__sm=""12""]
<br />
<h4>¿Qué es un ERP?</h4>
<p>Un ERP (Enterprise Resource Planning) es un sistema que integra todas las operaciones de una empresa en una única plataforma, facilitando la gestión y el análisis de datos en tiempo real.</p>
[/col]
[col span=""6"" span__sm=""12""]
<br />
<h4>¿Cómo puede ayudarme un ERP?</h4>
<p>Un ERP puede mejorar la eficiencia operativa, reducir costos, y proporcionar información valiosa para la toma de decisiones estratégicas.</p>
[/col]
[/row]
[row style=""collapse""]
[col span=""6"" span__sm=""12""]
<br />
<h4>¿Es fácil de implementar?</h4>
<p>Nuestro equipo te guiará a través de cada paso del proceso de implementación para asegurar una transición suave y exitosa.</p>
[/col]
[col span=""6"" span__sm=""12""]
<br />
<h4>¿Ofrecen soporte técnico?</h4>
<p>Sí, ofrecemos soporte técnico continuo para resolver cualquier problema que puedas encontrar.</p>
[/col]
[/row]
[/section]
[section label=""Blog"" padding=""60px""]
[row]
[col align=""center""]
<br />
<h2 style=""font-size: 220%;"">Últimos Artículos del Blog</h2>
<p>Lee nuestros artículos para obtener más información sobre ERP y tendencias en la industria.</p>
[/col]
[/row]
[gap height=""40px""]
[row style=""collapse""]
[col span=""4"" span__sm=""12""]
[featured_box img=""https://example.com/articulo-1.jpg""]
<h4>5 Beneficios de Implementar un ERP</h4>
<p>Descubre cómo un ERP puede transformar tu negocio.</p>
[button text=""Leer Más"" link=""#articulo-1""]
[/featured_box]
[/col]
[col span=""4"" span__sm=""12""]
[featured_box img=""https://example.com/articulo-2.jpg""]
<h4>Cómo Elegir el ERP Adecuado</h4>
<p>Consejos para seleccionar el sistema ERP que mejor se adapte a tus necesidades.</p>
[button text=""Leer Más"" link=""#articulo-2""]
[/featured_box]
[/col]
[col span=""4"" span__sm=""12""]
[featured_box img=""https://example.com/articulo-3.jpg""]
<h4>Casos de Éxito: Empresas que Usan ERP</h4>
<p>Historias inspiradoras de empresas que han mejorado su rendimiento con un ERP.</p>
[button text=""Leer Más"" link=""#articulo-3""]
[/featured_box]
[/col]
[/row]
[/section]
[section label=""Especificaciones"" padding=""80px""]
[row]
[col span__sm=""12"" align=""center""]
<h6 class=""uppercase secondary-color"">Especificaciones Técnicas</h6>
<h2 style=""font-size: 220%;"">Especificaciones del ERP</h2>
<p>Explora las potentes características y capacidades de nuestros sistemas ERP:</p>
[row_inner style=""large""]
[col_inner span=""4"" span__sm=""12""]
[featured_box img=""https://example.com/nuevo-icono-4.png"" img_width=""40""]
<br />
<h4>Basado en la Nube</h4>
<p>Accede a tu sistema ERP desde cualquier lugar con hosting seguro en la nube.</p>
[/featured_box]
[/col_inner]
[col_inner span=""4"" span__sm=""12""]
[featured_box img=""https://example.com/nuevo-icono-5.png"" img_width=""40""]
<br />
<h4>Soporte Multilenguaje</h4>
<p>Opera a nivel global con soporte para múltiples idiomas.</p>
[/featured_box]
[/col_inner]
[col_inner span=""4"" span__sm=""12""]
[featured_box img=""https://example.com/nuevo-icono-6.png"" img_width=""40""]
<br />
<h4>Paneles Personalizados</h4>
<p>Monitorea tus KPIs y métricas con paneles de control fáciles de usar.</p>
[/featured_box]
[/col_inner]
[/row_inner]
[/col]
[/row]
[/section]
[row]
[col span__sm=""12""]
<h2 style=""font-size: 220%; text-align: center;"">Soluciones por Industria</h2>
[ux_text text_align=""center""]
<p>Con una dedicación a la excelencia y un enfoque en la innovación</p>
[/ux_text]
[row_inner label=""Grid Boxes"" style=""small"" width=""full-width""]
[col_inner span=""6"" span__sm=""12""]
[ux_image_box style=""overlay"" img=""4890"" image_height=""240px"" text_pos=""middle""]
[button text=""ver demo Minoristas"" radius=""99""]
<p class=""description"">Herramientas específicas para mejorar la gestión y ventas del sector minorista.</p>
[/ux_image_box]
[gap height=""21px""]
[ux_image_box style=""overlay"" img=""4947"" image_height=""240px"" text_pos=""middle""]
[button text=""ver demo Manufactura"" radius=""75""]
<p class=""description"">Soluciones tecnológicas para optimizar la producción en la industria manufacturera.</p>
[/ux_image_box]
[/col_inner]
[col_inner span=""6"" span__sm=""12""]
[ux_image_box style=""overlay"" img=""8818"" image_height=""500px"" text_pos=""middle""]
[button text=""ver demo Agroindustria"" radius=""99""]
<p class=""description"">Innovaciones digitales diseñadas para el sector agrícola y agroindustrial.</p>
[/ux_image_box]
[/col_inner]
[/row_inner]
[/col]
[/row]
[section label=""Servicios"" bg_color=""#f7f5f4"" padding=""60px""]
[row h_align=""center""]
[col span=""9"" span__sm=""12"" span__md=""8"" align=""center""]
[ux_text text_align=""center""]
<h2 style=""font-size: 220%;"">Nuestros Servicios</h2> <p>Ofrecemos una amplia gama de servicios diseñados para optimizar tu negocio y mejorar la eficiencia operativa:</p>
[/ux_text]
[/col]
[/row]
[row h_align=""center""]
[col span=""10"" span__sm=""12"" span__md=""12""]
[row_inner style=""large""]
[col_inner span=""6"" span__sm=""12""]
[featured_box inline_svg=""0"" img_width=""55"" pos=""left"" icon_border=""3"" icon_color=""rgb(39, 54, 71)""]
<p></p>
<h4>Implementación de ERP y CRM</h4>
<p>Configuramos y personalizamos sistemas ERP y CRM para que se adapten a tus necesidades específicas.</p>
[/featured_box]
[/col_inner]
[col_inner span=""6"" span__sm=""12""]
[featured_box inline_svg=""0"" img_width=""55"" pos=""left"" icon_border=""3"" icon_color=""rgb(39, 54, 71)""]
<p></p>
<h4>Mantenimiento de Sistemas</h4>
<p>Brindamos soporte continuo y actualizaciones para asegurar el óptimo funcionamiento de tus sistemas.</p>
[/featured_box]
[/col_inner]
[col_inner span=""6"" span__sm=""12""]
[featured_box inline_svg=""0"" img_width=""55"" pos=""left"" icon_border=""3"" icon_color=""rgb(39, 54, 71)""]
<p></p>
<h4>Integración de Plataformas</h4>
<p>Conectamos tu ERP y CRM con otras plataformas para una gestión más eficiente.</p>
[/featured_box]
[/col_inner]
[col_inner span=""6"" span__sm=""12""]
[featured_box inline_svg=""0"" img_width=""55"" pos=""left"" icon_border=""3"" icon_color=""rgb(39, 54, 71)""]
<p></p>
<h4>Auditoría de Procesos</h4>
<p>Evaluamos y optimizamos tus procesos para mejorar la eficiencia operativa y reducir costos.</p>
[/featured_box]
[gap height=""15px""]
[/col_inner]
[col_inner span=""6"" span__sm=""12""]
[featured_box inline_svg=""0"" img_width=""55"" pos=""left"" icon_border=""3"" icon_color=""rgb(39, 54, 71)""]
<p></p>
<h4>Soporte Técnico Remoto</h4>
<p>Asistencia técnica a distancia para resolver cualquier inconveniente que pueda surgir.</p>
[/featured_box]
[/col_inner]
[col_inner span=""6"" span__sm=""12""]
[featured_box inline_svg=""0"" img_width=""55"" pos=""left"" icon_border=""3"" icon_color=""rgb(39, 54, 71)""]
<p></p>
<h4>Capacitación y Formación</h4>
<p>Entrenamos a tu equipo para maximizar el uso de las herramientas ERP y CRM.</p>
[/featured_box]
[/col_inner]
[/row_inner]
[/col]
[/row]
[/section]
[section label=""Planes y Precios"" bg_color=""#ffffff"" padding=""60px""]
[row]
[col align=""center""]
<p></p>
<h6 class=""uppercase secondary-color"">Elige el Plan Ideal</h6>
<h2 style=""font-size: 220%;"">Planes y Precios Adaptados a tu Negocio</h2>
<p>Selecciona el plan que mejor se adapte a las necesidades de tu empresa.</p>
[/col]
[/row]
[gap height=""40px""]
[row style=""collapse""]
[col span=""4"" span__sm=""12""]
[featured_box img=""https://example.com/plan-basico.png""]
<h4>Plan Básico</h4>
<p>Funciones esenciales para comenzar. Ideal para pequeñas empresas.</p>
<p style=""font-size: 150%;""><strong>$99/mes</strong></p>
[button text=""Contratar"" size=""large"" radius=""4"" link=""#plan-basico""]
[/featured_box]
[/col]
[col span=""4"" span__sm=""12""]
[featured_box img=""https://example.com/plan-profesional.png""]
<h4>Plan Profesional</h4>
<p>Funciones avanzadas para empresas en crecimiento.</p>
<p style=""font-size: 150%;""><strong>$199/mes</strong></p>
[button text=""Contratar"" color=""secondary"" size=""large"" radius=""4"" link=""#plan-profesional""]
[/featured_box]
[/col]
[col span=""4"" span__sm=""12""]
[featured_box img=""https://example.com/plan-premium.png""]
<h4>Plan Premium</h4>
<p>Todas las funciones y soporte personalizado. Ideal para grandes empresas.</p>
<p style=""font-size: 150%;""><strong>$299/mes</strong></p>
[button text=""Contratar"" color=""tertiary"" size=""large"" radius=""4"" link=""#plan-premium""]
[/featured_box]
[/col]
[/row]
[/section]
[section label=""FAQ"" bg_color=""#f7f5f4"" padding=""60px""]
[row]
[col align=""center""]
<p></p>
<h2 style=""font-size: 220%;"">Preguntas Frecuentes</h2>
<p>Resolvemos tus dudas sobre nuestras soluciones ERP.</p>
[/col]
[/row]
[gap height=""40px""]
[row style=""collapse""]
[col span=""6"" span__sm=""12""]
<p></p>
<h4>¿Qué es un ERP?</h4>
<p>Un ERP (Enterprise Resource Planning) es un sistema que integra todas las operaciones de una empresa en una única plataforma, facilitando la gestión y el análisis de datos en tiempo real.</p>
[/col]
[col span=""6"" span__sm=""12""]
<p></p>
<h4>¿Cómo puede ayudarme un ERP?</h4>
<p>Un ERP puede mejorar la eficiencia operativa, reducir costos, y proporcionar información valiosa para la toma de decisiones estratégicas.</p>
[/col]
[/row]
[row style=""collapse""]
[col span=""6"" span__sm=""12""]
<p></p>
<h4>¿Es fácil de implementar?</h4>
<p>Nuestro equipo te guiará a través de cada paso del proceso de implementación para asegurar una transición suave y exitosa.</p>
[/col]
[col span=""6"" span__sm=""12""]
<p></p>
<h4>¿Ofrecen soporte técnico?</h4>
<p>Sí, ofrecemos soporte técnico continuo para resolver cualquier problema que puedas encontrar.</p>
[/col]
[/row]
[/section]
[section label=""Blog"" padding=""60px""]
[row]
[col align=""center""]
<p></p>
<h2 style=""font-size: 220%;"">Últimos Artículos del Blog</h2>
<p>Lee nuestros artículos para obtener más información sobre ERP y tendencias en la industria.</p>
[/col]
[/row]
[gap height=""40px""]
[row style=""collapse""]
[col span=""4"" span__sm=""12""]
[featured_box img=""https://example.com/articulo-1.jpg""]
<h4>5 Beneficios de Implementar un ERP</h4>
<p>Descubre cómo un ERP puede transformar tu negocio.</p>
[button text=""Leer Más"" link=""#articulo-1""]
[/featured_box]
[/col]
[col span=""4"" span__sm=""12""]
[featured_box img=""https://example.com/articulo-2.jpg""]
<h4>Cómo Elegir el ERP Adecuado</h4>
<p>Consejos para seleccionar el sistema ERP que mejor se adapte a tus necesidades.</p>
[button text=""Leer Más"" link=""#articulo-2""]
[/featured_box]
[/col]
[col span=""4"" span__sm=""12""]
[featured_box img=""https://example.com/articulo-3.jpg""]
<h4>Casos de Éxito: Empresas que Usan ERP</h4>
<p>Historias inspiradoras de empresas que han mejorado su rendimiento con un ERP.</p>
[button text=""Leer Más"" link=""#articulo-3""]
[/featured_box]
[/col]
[/row]
[/section]
[section label=""Especificaciones"" padding=""80px""]
[row]
[col span__sm=""12"" align=""center""]
<h6 class=""uppercase secondary-color"">Especificaciones Técnicas</h6>
<h2 style=""font-size: 220%;"">Especificaciones del ERP</h2>
<p>Explora las potentes características y capacidades de nuestros sistemas ERP:</p>
[row_inner style=""large""]
[col_inner span=""4"" span__sm=""12""]
[featured_box img=""https://example.com/nuevo-icono-4.png"" img_width=""40""]
<p></p>
<h4>Basado en la Nube</h4>
<p>Accede a tu sistema ERP desde cualquier lugar con hosting seguro en la nube.</p>
[/featured_box]
[/col_inner]
[col_inner span=""4"" span__sm=""12""]
[featured_box img=""https://example.com/nuevo-icono-5.png"" img_width=""40""]
<p></p>
<h4>Soporte Multilenguaje</h4>
<p>Opera a nivel global con soporte para múltiples idiomas.</p>
[/featured_box]
[/col_inner]
[col_inner span=""4"" span__sm=""12""]
[featured_box img=""https://example.com/nuevo-icono-6.png"" img_width=""40""]
<p></p>
<h4>Paneles Personalizados</h4>
<p>Monitorea tus KPIs y métricas con paneles de control fáciles de usar.</p>
[/featured_box]
[/col_inner]
[/row_inner]
[/col]
[/row]
[/section]
[row]
[col span__sm=""12""]
<h2 style=""font-size: 220%; text-align: center;"">Soluciones por Industria</h2>
[ux_text text_align=""center""]
<p>Con una dedicación a la excelencia y un enfoque en la innovación</p>
[/ux_text]
[row_inner label=""Grid Boxes"" style=""small"" width=""full-width""]
[col_inner span=""6"" span__sm=""12""]
[ux_image_box style=""overlay"" img=""4890"" image_height=""240px"" text_pos=""middle""]
[button text=""ver demo Minoristas"" radius=""99""]
<p class=""description"">Herramientas específicas para mejorar la gestión y ventas del sector minorista.</p>
[/ux_image_box]
[gap height=""21px""]
[ux_image_box style=""overlay"" img=""4947"" image_height=""240px"" text_pos=""middle""]
[button text=""ver demo Manufactura"" radius=""75""]
<p class=""description"">Soluciones tecnológicas para optimizar la producción en la industria manufacturera.</p>
[/ux_image_box]
[/col_inner]
[col_inner span=""6"" span__sm=""12""]
[ux_image_box style=""overlay"" img=""8818"" image_height=""500px"" text_pos=""middle""]
[button text=""ver demo Agroindustria"" radius=""99""]
<p class=""description"">Innovaciones digitales diseñadas para el sector agrícola y agroindustrial.</p>
[/ux_image_box]
[/col_inner]
[/row_inner]
[/col]
[/row]
[section label=""Servicios"" bg_color=""#f7f5f4"" padding=""60px""]
[row h_align=""center""]
[col span=""9"" span__sm=""12"" span__md=""8"" align=""center""]
[ux_text text_align=""center""]
<h2 style=""font-size: 220%;"">Nuestros Servicios</h2> <p>Ofrecemos una amplia gama de servicios diseñados para optimizar tu negocio y mejorar la eficiencia operativa:</p>
[/ux_text]
[/col]
[/row]
[row h_align=""center""]
[col span=""10"" span__sm=""12"" span__md=""12""]
[row_inner style=""large""]
[col_inner span=""6"" span__sm=""12""]
[featured_box inline_svg=""0"" img_width=""55"" pos=""left"" icon_border=""3"" icon_color=""rgb(39, 54, 71)""]
<p></p>
<h4>Implementación de ERP y CRM</h4>
<p>Configuramos y personalizamos sistemas ERP y CRM para que se adapten a tus necesidades específicas.</p>
[/featured_box]
[/col_inner]
[col_inner span=""6"" span__sm=""12""]
[featured_box inline_svg=""0"" img_width=""55"" pos=""left"" icon_border=""3"" icon_color=""rgb(39, 54, 71)""]
<p></p>
<h4>Mantenimiento de Sistemas</h4>
<p>Brindamos soporte continuo y actualizaciones para asegurar el óptimo funcionamiento de tus sistemas.</p>
[/featured_box]
[/col_inner]
[col_inner span=""6"" span__sm=""12""]
[featured_box inline_svg=""0"" img_width=""55"" pos=""left"" icon_border=""3"" icon_color=""rgb(39, 54, 71)""]
<p></p>
<h4>Integración de Plataformas</h4>
<p>Conectamos tu ERP y CRM con otras plataformas para una gestión más eficiente.</p>
[/featured_box]
[/col_inner]
[col_inner span=""6"" span__sm=""12""]
[featured_box inline_svg=""0"" img_width=""55"" pos=""left"" icon_border=""3"" icon_color=""rgb(39, 54, 71)""]
<p></p>
<h4>Auditoría de Procesos</h4>
<p>Evaluamos y optimizamos tus procesos para mejorar la eficiencia operativa y reducir costos.</p>
[/featured_box]
[gap height=""15px""]
[/col_inner]
[col_inner span=""6"" span__sm=""12""]
[featured_box inline_svg=""0"" img_width=""55"" pos=""left"" icon_border=""3"" icon_color=""rgb(39, 54, 71)""]
<p></p>
<h4>Soporte Técnico Remoto</h4>
<p>Asistencia técnica a distancia para resolver cualquier inconveniente que pueda surgir.</p>
[/featured_box]
[/col_inner]
[col_inner span=""6"" span__sm=""12""]
[featured_box inline_svg=""0"" img_width=""55"" pos=""left"" icon_border=""3"" icon_color=""rgb(39, 54, 71)""]
<p></p>
<h4>Capacitación y Formación</h4>
<p>Entrenamos a tu equipo para maximizar el uso de las herramientas ERP y CRM.</p>
[/featured_box]
[/col_inner]
[/row_inner]
[/col]
[/row]
[/section]
[section label=""Planes y Precios"" bg_color=""#ffffff"" padding=""60px""]
[row]
[col align=""center""]
<p></p>
<h6 class=""uppercase secondary-color"">Elige el Plan Ideal</h6>
<h2 style=""font-size: 220%;"">Planes y Precios Adaptados a tu Negocio</h2>
<p>Selecciona el plan que mejor se adapte a las necesidades de tu empresa.</p>
[/col]
[/row]
[gap height=""40px""]
[row style=""collapse""]
[col span=""4"" span__sm=""12""]
[featured_box img=""https://example.com/plan-basico.png""]
<h4>Plan Básico</h4>
<p>Funciones esenciales para comenzar. Ideal para pequeñas empresas.</p>
<p style=""font-size: 150%;""><strong>$99/mes</strong></p>
[button text=""Contratar"" size=""large"" radius=""4"" link=""#plan-basico""]
[/featured_box]
[/col]
[col span=""4"" span__sm=""12""]
[featured_box img=""https://example.com/plan-profesional.png""]
<h4>Plan Profesional</h4>
<p>Funciones avanzadas para empresas en crecimiento.</p>
<p style=""font-size: 150%;""><strong>$199/mes</strong></p>
[button text=""Contratar"" color=""secondary"" size=""large"" radius=""4"" link=""#plan-profesional""]
[/featured_box]
[/col]
[col span=""4"" span__sm=""12""]
[featured_box img=""https://example.com/plan-premium.png""]
<h4>Plan Premium</h4>
<p>Todas las funciones y soporte personalizado. Ideal para grandes empresas.</p>
<p style=""font-size: 150%;""><strong>$299/mes</strong></p>
[button text=""Contratar"" color=""tertiary"" size=""large"" radius=""4"" link=""#plan-premium""]
[/featured_box]
[/col]
[/row]
[/section]
[section label=""FAQ"" bg_color=""#f7f5f4"" padding=""60px""]
[row]
[col align=""center""]
<p></p>
<h2 style=""font-size: 220%;"">Preguntas Frecuentes</h2>
<p>Resolvemos tus dudas sobre nuestras soluciones ERP.</p>
[/col]
[/row]
[gap height=""40px""]
[row style=""collapse""]
[col span=""6"" span__sm=""12""]
<p></p>
<h4>¿Qué es un ERP?</h4>
<p>Un ERP (Enterprise Resource Planning) es un sistema que integra todas las operaciones de una empresa en una única plataforma, facilitando la gestión y el análisis de datos en tiempo real.</p>
[/col]
[col span=""6"" span__sm=""12""]
<p></p>
<h4>¿Cómo puede ayudarme un ERP?</h4>
<p>Un ERP puede mejorar la eficiencia operativa, reducir costos, y proporcionar información valiosa para la toma de decisiones estratégicas.</p>
[/col]
[/row]
[row style=""collapse""]
[col span=""6"" span__sm=""12""]
<p></p>
<h4>¿Es fácil de implementar?</h4>
<p>Nuestro equipo te guiará a través de cada paso del proceso de implementación para asegurar una transición suave y exitosa.</p>
[/col]
[col span=""6"" span__sm=""12""]
<p></p>
<h4>¿Ofrecen soporte técnico?</h4>
<p>Sí, ofrecemos soporte técnico continuo para resolver cualquier problema que puedas encontrar.</p>
[/col]
[/row]
[/section]
[section label=""Blog"" padding=""60px""]
[row]
[col align=""center""]
<p></p>
<h2 style=""font-size: 220%;"">Últimos Artículos del Blog</h2>
<p>Lee nuestros artículos para obtener más información sobre ERP y tendencias en la industria.</p>
[/col]
[/row]
[gap height=""40px""]
[row style=""collapse""]
[col span=""4"" span__sm=""12""]
[featured_box img=""https://example.com/articulo-1.jpg""]
<h4>5 Beneficios de Implementar un ERP</h4>
<p>Descubre cómo un ERP puede transformar tu negocio.</p>
[button text=""Leer Más"" link=""#articulo-1""]
[/featured_box]
[/col]
[col span=""4"" span__sm=""12""]
[featured_box img=""https://example.com/articulo-2.jpg""]
<h4>Cómo Elegir el ERP Adecuado</h4>
<p>Consejos para seleccionar el sistema ERP que mejor se adapte a tus necesidades.</p>
[button text=""Leer Más"" link=""#articulo-2""]
[/featured_box]
[/col]
[col span=""4"" span__sm=""12""]
[featured_box img=""https://example.com/articulo-3.jpg""]
<h4>Casos de Éxito: Empresas que Usan ERP</h4>
<p>Historias inspiradoras de empresas que han mejorado su rendimiento con un ERP.</p>
[button text=""Leer Más"" link=""#articulo-3""]
[/featured_box]
[/col]
[/row]
[/section]
[section label=""Especificaciones"" padding=""80px""]
[row]
[col span__sm=""12"" align=""center""]
<h6 class=""uppercase secondary-color"">Especificaciones Técnicas</h6>
<h2 style=""font-size: 220%;"">Especificaciones del ERP</h2>
<p>Explora las potentes características y capacidades de nuestros sistemas ERP:</p>
[row_inner style=""large""]
[col_inner span=""4"" span__sm=""12""]
[featured_box img=""https://example.com/nuevo-icono-4.png"" img_width=""40""]
<p></p>
<h4>Basado en la Nube</h4>
<p>Accede a tu sistema ERP desde cualquier lugar con hosting seguro en la nube.</p>
[/featured_box]
[/col_inner]
[col_inner span=""4"" span__sm=""12""]
[featured_box img=""https://example.com/nuevo-icono-5.png"" img_width=""40""]
<p></p>
<h4>Soporte Multilenguaje</h4>
<p>Opera a nivel global con soporte para múltiples idiomas.</p>
[/featured_box]
[/col_inner]
[col_inner span=""4"" span__sm=""12""]
[featured_box img=""https://example.com/nuevo-icono-6.png"" img_width=""40""]
<p></p>
<h4>Paneles Personalizados</h4>
<p>Monitorea tus KPIs y métricas con paneles de control fáciles de usar.</p>
[/featured_box]
[/col_inner]
[/row_inner]
[/col]
[/row]
[/section]",Testimonios de Clientes,Marketing,Marketing,Testimonios,"Explora nuestras soluciones ERP adaptadas a diferentes industrias. Desde herramientas para minoristas hasta soluciones para manufactura y agroindustria, ofrecemos servicios completos que incluyen implementación, mantenimiento y capacitación para optimizar tu negocio.","Una imagen que muestre una serie de dispositivos conectados (computadoras, tablets, smartphones) mostrando la misma interfaz de ERP, representando la accesibilidad multiplataforma. La imagen debe incluir iconos o símbolos que representen diferentes idiomas y funcionalidades como análisis de datos, gestión de inventario y contabilidad, para ilustrar la versatilidad y potencia del sistema ERP."
"<!-- wp:flatsome/uxbuilder -->
[section label=""Testimonios"" bg_color=""rgb(255,255,255)"" padding=""60px""]

[row]

[col align=""center""]

<h6 class=""uppercase secondary-color"">Qué dicen nuestros clientes</h6>
<h2 style=""font-size: 220%;"">Testimonios de Clientes Satisfechos</h2>
<p>Historias reales de éxito que muestran cómo nuestros servicios han transformado negocios.</p>

[/col]

[/row]
[gap height=""40px""]

[row]

[col span=""4"" span__sm=""12""]

[testimonial image=""25115""]

<p>""Digitalizar nuestro negocio nos ayudó a expandirnos y alcanzar nuevos clientes.""</p>
<h4>- Álvaro Vázquez</h4>
<p class=""meta"">Dueño de Natan Motos</p>

[/testimonial]

[/col]
[col span=""4"" span__sm=""12""]

[testimonial image=""25116""]

<p>""Su tecnología y soporte nos permitieron mejorar la eficiencia y aumentar nuestra rentabilidad.""</p>
<h4>- Daniel Martínez</h4>
<p class=""meta"">Socio Gerente de Cabarcos Motores</p>

[/testimonial]

[/col]
[col span=""4"" span__sm=""12""]

[testimonial image=""25111""]

<p>""Nos ayudaron a optimizar nuestros proyectos de construcción con soluciones innovadoras.""</p>
<h4>- Juan Urdinez</h4>
<p class=""meta"">CEO de SIA Construcciones</p>

[/testimonial]

[/col]

[/row]
[gap height=""40px""]

[row]

[col span=""4"" span__sm=""12""]

[testimonial image=""25110""]

<p>""La transformación digital que logramos con su apoyo ha sido un gran paso adelante para nuestra empresa.""</p>
<h4>- Oscar De Piano</h4>
<p class=""meta"">CEO de Edilicias SRL</p>

[/testimonial]

[/col]
[col span=""4"" span__sm=""12""]

[testimonial image=""25107""]

<p>""Su plataforma y asesoramiento nos permitieron optimizar la gestión de nuestros talleres mecánicos.""</p>
<h4>- Germán Van Der Braver</h4>
<p class=""meta"">Socio Gerente de Motocenter Pro Boxes</p>

[/testimonial]

[/col]
[col span=""4"" span__sm=""12""]

[testimonial image=""25114""]

<p>""Las estrategias de marketing que implementamos con su ayuda nos dieron excelentes resultados.""</p>
<h4>- Lorena Yañez</h4>
<p class=""meta"">Marketing en Morgado Hogar</p>

[/testimonial]

[/col]

[/row]
[gap height=""40px""]


[/section]

<!-- /wp:flatsome/uxbuilder -->",Blog y Testimonios,Marketing,Marketing,Contenido,Testimonios de clientes satisfechos que muestran cómo nuestros servicios han transformado negocios. Historias reales de éxito en diversos sectores.,"Una imagen que muestre a clientes satisfechos utilizando servicios de Viaweb, como personas sonrientes frente a computadoras o dispositivos móviles, representando la transformación digital de sus negocios."
"[section label=""Hero"" bg_color=""#EDECE8"" padding=""100px""]
[row h_align=""center""]
[col span=""7"" span__sm=""11"" span__md=""8"" align=""center""]
<p></p>
<h2 style=""font-size:200%"">¡Contáctanos!</h2>
<p>Estamos comprometidos con la conectividad y el progreso de la economía digital. Si tienes preguntas o necesitas más información sobre nuestros servicios, no dudes en comunicarnos.</p>
[/col]
[/row]
[/section]
[section border=""1px 1px 1px 1px"" border_color=""#EBEBEB""]
[row style=""large"" padding=""30px 30px 0 30px"" padding__sm=""10px 10px 10px 10px""]
[col span=""8"" span__sm=""12""]
[contact-form-7 id=""16182""]
[/col]
[col span=""4"" span__sm=""12""]
<h6>Sobre Nosotros</h6>
<p>Viaweb S.R.L.<br /> CIF: BL1247890<br /> Email: info@viaweb.com</p>
[gap height=""20px""]
<h6>Dirección Postal</h6>
<p>Postbox 71090<br /> 10781 Berlín</p>
[follow style=""fill"" scale=""80"" facebook=""#"" instagram=""#"" twitter=""#"" linkedin=""#""]
[/col]
[/row]
[/section]",Programa de Socios,Negocios,Negocios,Alianzas Estratégicas,"Formulario de contacto y información de la empresa. Incluye detalles sobre Viaweb S.R.L., dirección postal y enlaces a redes sociales.","Una imagen de un equipo diverso de profesionales en una sala de reuniones moderna, discutiendo estrategias frente a una pantalla que muestra gráficos y datos, simbolizando la consultoría y el progreso en la economía digital."
"[section label=""Hero"" bg=""24033"" bg_pos=""50% 37%"" parallax=""7"" dark=""true"" height=""650px"" height__sm=""500px"" height__md=""550px""]

[row]

[col span=""5"" span__sm=""12"" span__md=""6""]

<h1 style=""font-size:200%"">Asóciate con Viaweb<br /> y lleva tu negocio al siguiente nivel.</h1>
<p style=""font-size:130%"">En Viaweb, creemos en la colaboración para generar valor y crecer juntos.</p>
[gap height=""10px""]

[button text=""Nuestros Socios"" letter_case=""lowercase"" color=""secondary""]

[button text=""Contáctanos"" letter_case=""lowercase"" color=""white"" style=""link"" icon=""icon-angle-right""]


[/col]

[/row]

[/section]
[section label=""Partnerships"" bg_color=""#F4F2F2"" padding=""70px""]

[row]

[col span__sm=""12""]

[row_inner style=""small"" h_align=""center""]

[col_inner span=""3"" span__sm=""12"" span__md=""12""]

<br />
<h2>Partnerships</h2>

[/col_inner]
[col_inner span=""3"" span__sm=""12"" span__md=""4"" margin=""0px 0px -15px 0px""]

<br />
<h5>Socios Estratégicos</h5>
<p>Colaboramos con empresas que comparten nuestra visión y valores.</p>

[/col_inner]
[col_inner span=""3"" span__sm=""12"" span__md=""4"" margin=""0px 0px -15px 0px""]

<br />
<h5>Beneficios de las Alianzas</h5>
<p>Las alianzas estratégicas ofrecen ventajas competitivas y acceso a nuevos mercados.</p>

[/col_inner]
[col_inner span=""3"" span__sm=""12"" span__md=""4"" margin=""0px 0px -15px 0px""]

<br />
<h5>Cómo Convertirse en Socio</h5>
<p>Te invitamos a conocer el proceso y requisitos para formar parte de nuestra red de socios.</p>

[/col_inner]

[/row_inner]

[/col]

[/row]
</section>
[section_inner label=""Text Call Out""]


[/section_inner]
[row h_align=""right""]

[col span=""5"" span__sm=""12"" padding=""0px 0px 10px 0px""]

<h2>¡Hablemos de asociación!</h2>
<p>Estamos aquí para explorar oportunidades de colaboración que beneficien a ambas partes. Contáctanos para discutir cómo podemos trabajar juntos.</p>
[button text=""Contáctanos"" letter_case=""lowercase"" style=""link"" icon=""icon-angle-right"" link=""#""]


[/col]

[/row]

[/section]",Programa de Socios Mejorado,Negocios,Negocios,Alianzas Estratégicas,"Página de asociación con Viaweb. Destaca los beneficios de colaborar y ofrece información sobre socios estratégicos, ventajas de las alianzas y cómo convertirse en socio.","Una imagen panorámica de una ciudad moderna con rascacielos, superpuesta con líneas y puntos de conexión digital, representando la idea de llevar negocios al siguiente nivel a través de asociaciones estratégicas y tecnología."
"[section label=""Intro & Numbers""]

[row width=""custom"" custom_width=""1200px""]

[col span__sm=""12"" margin=""-150px 0px 0px 0px"" margin__sm=""-100px 0px 0px 0px"" bg_color=""#ffffff""]

[row_inner width=""custom"" custom_width=""1200px"" v_align=""middle"" h_align=""right""]

[col_inner span=""6"" span__sm=""12"" span__md=""12"" padding=""50px 50px 50px 70px"" padding__sm=""10px 30px 0px 30px"" padding__md=""0 50px 20px 50px""]

[gap height=""50px"" height__sm=""5px""]

<h6>elegancia y tecnología</h6>
[ux_text font_size=""1.75""]

<h2>Avanza a tu ritmo</h2>

[/ux_text]
<p>En Viaweb, ofrecemos soluciones tecnológicas avanzadas que integran sistemas de ERP y CRM, desarrollo web y comercio electrónico, y herramientas de inteligencia de negocios. Nuestro enfoque personalizado asegura que cada cliente obtenga el máximo beneficio.</p>
[button text=""Haz tu reserva"" color=""#24ae7a"" padding=""5px 30px 5px 30px"" radius=""15"" expand=""0""]


[/col_inner]
[col_inner span=""6"" span__sm=""12"" span__md=""12"" force_first=""medium"" padding=""50px 50px 20px 0px"" padding__sm=""20px 20px 10px 20px"" padding__md=""50px 50px 0 50px""]

[ux_banner height=""500px"" height__sm=""300px"" height__md=""400px"" bg=""24842"" bg_color=""#ffffff"" bg_pos=""58% 56%""]

[text_box width__sm=""60"" position_x=""50"" position_y=""50""]


[/text_box]

[/ux_banner]

[/col_inner]

[/row_inner]
[row_inner col_style=""solid"" width=""full-width"" h_align=""center""]

[col_inner span=""4"" span__sm=""12"" align=""center""]

[ux_text font_size=""2.5"" text_align=""center"" text_color=""#2467a2""]

<h3><span class=""count-up"">365</span></h3>
[/ux_text]
[ux_text text_align=""center"" text_color=""#2467a2""]

<h6>Días de servicio al año</h6>
[/ux_text]

[/col_inner]
[col_inner span=""4"" span__sm=""12"" align=""center""]

[ux_text font_size=""2.5"" text_align=""center"" text_color=""#2467a2""]

<h3><span class=""count-up"">1750</span></h3>
[/ux_text]
[ux_text text_align=""center"" text_color=""#2467a2""]

<h6>Clientes satisfechos</h6>
[/ux_text]

[/col_inner]
[col_inner span=""4"" span__sm=""12"" align=""center""]

[ux_text font_size=""2.5"" text_align=""center"" text_color=""#2467a2""]

<h3><span class=""count-up"">145</span></h3>
[/ux_text]
[ux_text text_align=""center"" text_color=""#2467a2""]

<h6>Soluciones disponibles</h6>
[/ux_text]

[/col_inner]

[/row_inner]

[/col]

[/row]
[gap height=""55px"" height__sm=""15px""]

[gap]


[/section]
[section label=""Historia""]

[row width=""custom"" custom_width=""1200px""]

[col span__sm=""12"" margin=""-100px 0px 0px 0px"" bg_color=""#ffffff""]

[row_inner width=""custom"" custom_width=""1200px""]

[col_inner span__sm=""12"" padding=""50px 50px 0px 50px"" padding__sm=""50px 20px 0px 20px""]

[ux_text text_align=""center""]

<h6>Apreciamos la calidad</h6>
[/ux_text]
[ux_text font_size=""1.75"" font_size__sm=""2"" text_align=""center""]

<h2>Soluciones tecnológicas icónicas</h2>
[/ux_text]

[/col_inner]

[/row_inner]
[row_inner width=""custom"" custom_width=""1200px"" h_align=""center""]

[col_inner span=""6"" span__sm=""12"" padding=""0px 10px 0px 60px"" padding__sm=""0px 30px 0px 30px"" padding__md=""0px 0px 0px 50px"" margin=""-25px 0px 0px 0px"" margin__sm=""-20px 0px 0px 0px""]

<p>Implementamos tecnologías avanzadas como inteligencia artificial y soluciones en la nube para optimizar los procesos empresariales. Nuestra experiencia en integraciones asegura que cada cliente obtenga el máximo rendimiento de sus sistemas.</p>

[/col_inner]
[col_inner span=""6"" span__sm=""12"" padding=""0px 60px 0px 10px"" padding__sm=""0px 30px 0px 30px"" padding__md=""0px 20px 0px 30px"" margin=""-25px 0px 0px 0px"" margin__sm=""-20px 0px 0px 0px"" border=""0px 0px 0px 3px"" border_margin=""0px 0px 0px -17px""]

<p>Además, ofrecemos formación y capacitación para asegurar que tu equipo esté preparado para utilizar las nuevas herramientas eficientemente.</p>

[/col_inner]

[/row_inner]

[/col]

[/row]

[/section]",Página en blanco,Otros,Sin categoría,Sin subcategoría,"Página de inicio que presenta los servicios de Viaweb, incluyendo soluciones ERP, CRM, desarrollo web y comercio electrónico. Destaca estadísticas clave y beneficios para los clientes.","Un collage de imágenes que muestren diferentes aspectos de soluciones tecnológicas: pantallas con gráficos de ERP, personas usando dispositivos móviles para comercio electrónico, y profesionales analizando datos de inteligencia de negocios."
"[section padding=""60px""]

<!-- wp:yext/search-results {""url"":""""} /-->

[/section]",Otros,Otros,Otros,Otros,Página de resultados de búsqueda para el sitio web.,"Una imagen que muestre una interfaz de búsqueda moderna y elegante, con resultados relevantes y bien organizados, representando la funcionalidad de búsqueda avanzada de Yext."
<!-- wp:html --><!-- /wp:html -->,Otros,Otros,Otros,Otros,Página en blanco o sin contenido visible.,Esta fila no contiene contenido significativo para generar una recomendación de imagen.
"[section label=""Contacto"" bg_color=""#2467a2"" dark=""true"" padding=""80px""]
[row h_align=""center""]
[col span=""9"" span__sm=""12"" align=""center""]
[gap]
<h2 style=""font-size: 220%;"">¿Listo para Transformar tu Negocio?</h2>
<p>Contáctanos hoy para obtener más información sobre nuestras soluciones ERP y cómo pueden ayudarte a alcanzar tus objetivos.</p>
[gap height=""20px""]
[button text=""Contáctanos"" color=""secondary"" size=""large"" radius=""4"" link=""/contacto""]
[/col]
[/row]
[/section]",Otros,Otros,Otros,Otros,Sección de contacto que invita a los visitantes a transformar su negocio con las soluciones ERP de Viaweb.,"Una imagen de un empresario o empresaria mirando hacia el horizonte con confianza, con iconos de tecnología y crecimiento empresarial flotando a su alrededor, simbolizando la transformación del negocio y el futuro prometedor."
"[ux_slider label=""Hero"" slide_width=""6000px"" draggable=""false"" nav_style=""simple"" bullets=""false"" bullet_style=""simple"" timer=""3000"" pause_hover=""false""] [section bg=""22765"" bg_size=""original"" bg_color=""#2467a2"" bg_overlay=""rgba(0, 0, 0, 0.44)"" bg_pos=""42% 12%"" hover=""zoom-long"" dark=""true"" padding__sm=""100px"" height=""600px""] [row width=""full-width"" h_align=""center"" padding=""0px 0px 0px 0px""] [col span=""6"" span__sm=""12"" span__md=""10"" align=""center"" animate=""fadeInDown""]
Consultoría Empresarial
Su aliado estratégico en soluciones empresariales

[gap height=""10px""] [button text=""Ver Video"" letter_case=""lowercase"" color=""success"" padding=""5px 20px 5px 20px"" radius=""40"" icon=""icon-play"" icon_pos=""left""] [/col] [/row] [/section] [/ux_slider] [section label=""Video"" bg_color=""#2467a2"" dark=""true"" padding=""100px"" padding__sm=""75px""] [gap height=""40px""] [row style=""large"" v_align=""middle"" h_align=""center""] [col span=""6"" span__sm=""12"" span__md=""10"" animate=""fadeInUp""]
VIDEO
Pasión por la Consultoría
Transformamos empresas a través de un enfoque personalizado y estratégico.

[/col] [col span=""6"" span__sm=""12"" span__md=""10"" force_first=""medium"" animate=""fadeInUp""] [ux_image_box style=""overlay"" img=""22773"" image_height=""400px"" text_pos=""middle""] [video_button size=""150""] [/ux_image_box] [/col] [/row] [/section] [section label=""Intro"" bg_color=""rgb(246, 246, 246)"" dark=""true"" padding=""0px"" height=""0px""] [row col_bg=""rgb(34, 49, 246)"" h_align=""center"" padding=""50px 50px 30px 50px"" padding__sm=""45px 25px 15px 25px"" padding__md=""45px 80px 15px 80px""] [col span__sm=""12"" margin=""-100px 0px 0px 0px"" bg_color=""#2467a2""]
Bienvenido
[row_inner style=""small"" width=""full-width"" v_align=""middle"" h_align=""center""] [col_inner span=""6"" span__sm=""12"" span__md=""12""]
Impulsa tu negocio hoy
[/col_inner] [col_inner span=""6"" span__sm=""12"" span__md=""12""]
Ofrecemos soluciones personalizadas en consultoría empresarial que transforman y optimizan tu organización.

[/col_inner] [/row_inner] [/col] [/row] [/section] [section label=""Method"" bg_color=""rgb(255,255,255)"" padding=""50px""] [row h_align=""center""] [col span=""8"" span__sm=""12"" span__md=""10"" align=""center""] [ux_text text_color=""#2467a2""]
Nuestro Método
Trabajamos en conjunto contigo para identificar oportunidades y definir estrategias efectivas.

[/ux_text] [/col] [/row] [row v_align=""equal"" h_align=""center"" padding=""40px 30px 45px 30px""] [col span=""4"" span__sm=""12"" bg_color=""#2467a2"" color=""light""] [featured_box img=""22775"" img_width=""40"" pos=""center""] [gap height=""10px""]
Diagnóstico
Realizamos un análisis exhaustivo de tus procesos y operaciones para detectar áreas de mejora.

[/featured_box] [/col] [col span=""4"" span__sm=""12"" bg_color=""#2467a2"" color=""light""] [featured_box img=""22777"" img_width=""40"" pos=""center""] [gap height=""10px""]
Estrategia
Desarrollamos un plan de acción personalizado que se alinea con tus objetivos empresariales.

[/featured_box] [/col] [col span=""4"" span__sm=""12"" bg_color=""#2467a2"" color=""light""] [featured_box img=""22776"" img_width=""40"" pos=""center""] [gap height=""10px""]
Implementación
Acompañamos la ejecución de las estrategias para asegurar resultados tangibles y sostenibles.

[/featured_box] [/col] [/row] [row] [col span__sm=""12"" align=""center""] [button text=""Más Características"" letter_case=""lowercase"" style=""underline""] [/col] [/row] [/section] [section label=""Services Intro"" bg_color=""#2467a2"" dark=""true"" padding=""100px""] [row] [col span=""6"" span__sm=""12"" span__md=""12""]
Nuestros Servicios
[/col] [col span=""6"" span__sm=""12"" span__md=""12""]
Ofrecemos un amplio rango de servicios de consultoría que se adaptan a las necesidades específicas de cada cliente.

[/col] [/row] [gap height=""100px"" height__md=""40px""] [/section] [section label=""Services""] [row] [col span__sm=""12"" margin=""-175px 0px 0px 0px""] [row_inner h_align=""center""] [col_inner span=""6"" span__sm=""12""] [ux_image_box style=""shade"" img=""27072"" image_height=""80%"" image_overlay=""rgba(0, 0, 0, 0.25)"" image_hover=""overlay-add"" text_align=""left""]
Consultoría Estratégica
Desarrollo de planes estratégicos a medida.

[/ux_image_box] [/col_inner] [col_inner span=""6"" span__sm=""12""] [ux_image_box style=""shade"" img=""27068"" image_height=""80%"" image_overlay=""rgba(0, 0, 0, 0.25)"" image_hover=""overlay-add"" text_align=""left""]
Optimización de Procesos
Mejora continua y eficiencia operativa.

[/ux_image_box] [/col_inner] [col_inner span=""6"" span__sm=""12""] [ux_image_box style=""shade"" img=""27084"" image_height=""80%"" image_overlay=""rgba(0, 0, 0, 0.25)"" image_hover=""overlay-add"" text_align=""left""]
Gestión del Cambio
Asesoría en proyectos de transformación organizacional.

[/ux_image_box] [/col_inner] [col_inner span=""6"" span__sm=""12""] [ux_image_box style=""shade"" img=""27054"" image_height=""80%"" image_overlay=""rgba(0, 0, 0, 0.25)"" image_hover=""overlay-add"" text_align=""left""]
Formación y Capacitación
Programas de desarrollo de talento y habilidades.

[/ux_image_box] [/col_inner] [col_inner span__sm=""12""] [gap height=""10px""] [/col_inner] [col_inner span=""3"" span__sm=""12"" align=""center""] [button text=""Más Servicios"" letter_case=""lowercase"" padding=""5px 20px 5px 20px"" radius=""40"" icon=""icon-angle-right""] [/col_inner] [/row_inner] [/col] [/row] [/section] [section label=""Quotes"" bg_color=""rgb(246, 246, 246)"" padding=""100px"" visibility=""hidden""] [ux_slider nav_style=""simple"" nav_color=""dark"" bullet_style=""simple"" timer=""3000"" pause_hover=""false""] [row] [/row] [col span__sm=""12"" align=""center""]
""La consultoría de Viaweb transformó nuestro negocio.""
- Cliente Satisfecho, Ciudad

[/col]
[row] [/row] [col span__sm=""12"" align=""center""]
""Gracias a su asesoría, alcanzamos nuestros objetivos.""
- Cliente Satisfecho, Ciudad

[/col]
[row] [/row] [col span__sm=""12"" align=""center""]
""Un equipo profesional y comprometido.""
- Cliente Satisfecho, Ciudad

[/col]
[/ux_slider] [/section] [section label=""Facts"" bg_color=""#2467a2"" dark=""true"" padding=""100px""] [row h_align=""center""] [col span__sm=""12"" align=""center""]

Algunos Datos
Nuestra experiencia y trayectoria en consultoría empresarial.

[/col] [col span=""3"" span__sm=""6"" span__md=""6"" align=""center""]
100+
Proyectos Completados

[/col] [col span=""3"" span__sm=""6"" span__md=""6"" align=""center""]
50+
Clientes Satisfechos

[/col] [col span=""3"" span__sm=""6"" span__md=""6"" align=""center""]
10+
Años de Experiencia

[/col] [col span=""3"" span__sm=""6"" span__md=""6"" align=""center""]
80%
Retorno de Inversión Promedio

[/col] [/row] [/section] [section label=""Product"" bg_color=""rgb(255,255,255)"" padding=""120px""] [row style=""large"" v_align=""middle"" h_align=""center""] [col span=""6"" span__sm=""12"" span__md=""10"" animate=""fadeInLeft""] [ux_banner height=""500px"" bg=""27094"" bg_pos=""45% 67%""] [text_box position_x=""50"" position_y=""50""] [/text_box] [/ux_banner] [/col] [col span=""6"" span__sm=""12"" span__md=""10"" animate=""fadeInRight""] [row_inner style=""collapse"" padding=""0px 0px 10px 0px""] [col_inner span__sm=""12""] [featured_box img=""22776"" img_width=""30"" pos=""left""]
Enfoque Centrado en el Cliente
[/featured_box] [gap height=""10px""] [ux_text text_color=""#2467a2""]
Trabajamos de la mano contigo para asegurar el éxito de tu negocio.

[/ux_text] [/col_inner] [/row_inner] [row_inner style=""collapse"" padding=""0px 0px 10px 0px""] [col_inner span__sm=""12""] [featured_box img=""22775"" img_width=""30"" pos=""left""]
Compromiso con la Excelencia
[/featured_box] [gap height=""10px""] [ux_text text_color=""#2467a2""]
Nos esforzamos por ofrecer soluciones de la más alta calidad.

[/ux_text] [/col_inner] [/row_inner] [row_inner style=""collapse"" padding=""0px 0px 10px 0px""] [col_inner span__sm=""12""] [featured_box img=""22778"" img_width=""30"" pos=""left""]
Innovación Continua
[/featured_box] [gap height=""10px""] [ux_text text_color=""#2467a2""]
Nos adaptamos a las necesidades cambiantes del mercado.

[/ux_text] [/col_inner] [/row_inner] [/col] [/row] [/section] [section label=""Team Members"" bg_color=""#2467a2"" dark=""true"" padding=""100px"" padding__sm=""30px""] [row h_align=""center""] [col span__sm=""12"" align=""center""]
Nuestro Equipo
Profesionales dedicados a tu éxito.

[/col] [col span=""4"" span__sm=""12""] [ux_image_box style=""shade"" img=""22772"" image_hover=""zoom""]
Nombre del Consultor
Consultor Principal

[follow style=""small"" facebook=""3"" instagram=""3"" twitter=""#""] [/ux_image_box] [/col] [col span=""4"" span__sm=""12""] [ux_image_box style=""shade"" img=""22771"" image_hover=""zoom""]
Nombre del Consultor
Consultor de Estrategia

[follow style=""small"" facebook=""3"" instagram=""3"" twitter=""#""] [/ux_image_box] [/col] [col span=""4"" span__sm=""12""] [ux_image_box style=""shade"" img=""22770"" image_hover=""zoom""]
Nombre del Consultor
Consultor de Procesos

[follow style=""small"" facebook=""3"" instagram=""3"" twitter=""#""] [/ux_image_box] [/col] [col span=""2"" span__sm=""12"" align=""center""] [button text=""Sobre Nosotros"" letter_case=""lowercase"" style=""underline""] [/col] [/row] [/section] [section label=""Partners"" bg_color=""rgb(246, 246, 246)""] [ux_gallery ids=""13491,13490,13488,13489,13487,13486"" style=""none"" columns=""6"" columns__sm=""3"" columns__md=""3""] [gap height=""100px""] [/section] [section label=""Call to action"" bg_color=""#2467a2"" bg_overlay=""rgba(0,0,0,.5)"" dark=""true"" padding=""0px"" height=""0px""] [row col_bg=""rgb(34, 49, 246)"" h_align=""center"" padding=""50px 50px 30px 50px"" padding__sm=""45px 25px 15px 25px"" padding__md=""45px 80px 15px 80px""] [col span__sm=""12"" margin=""-100px 0px 0px 0px"" bg_color=""#2467a2""]
Consulta Gratuita
[row_inner style=""small"" width=""full-width"" v_align=""middle"" h_align=""center""] [col_inner span=""6"" span__sm=""12"" span__md=""12""]
Únete a nuestros clientes satisfechos
[/col_inner] [col_inner span=""6"" span__sm=""12"" span__md=""12""] [button text=""Solicitar Consulta"" color=""secondary"" expand=""true""] [button text=""Contáctanos"" color=""white"" style=""outline"" expand=""true""] [/col_inner] [/row_inner] [/col] [/row] [gap height=""100px""] [/section]",Otros,Otros,Otros,Otros,"Página principal que destaca los servicios de consultoría empresarial de Viaweb, incluyendo diagnóstico, estrategia e implementación de soluciones.","Una imagen de un video corporativo profesional que muestre consultores trabajando con clientes, combinada con gráficos animados que ilustren el crecimiento y la transformación empresarial."
"""Sección de héroe y página de inicio:

Contenido: [block id=""""home-hero""""] [block id=""""homepage-hero-section""""] [block id=""""homepage-hero-slider""""] [block id=""""hero-section-slider""""] [block id=""""hero-e-commerce""""] [block id=""""hero-erp-solutions""""] [block id=""""testimonials-client-feedback""""] [block id=""""success-metrics-client-achievements""""]

Nombre: Bloques de página

Descripción corta: Lista de bloques de contenido para diferentes secciones del sitio web""",Otros,Otros,Otros,Otros,"Lista de bloques de contenido para diferentes secciones del sitio web, incluyendo páginas de inicio, héroes y testimonios de clientes.","Un collage de imágenes que representen diferentes secciones de una página web moderna: un héroe dinámico, testimonios de clientes, métricas de éxito y elementos de comercio electrónico."
"[block id=""contact-business-transformation""]
[block id=""services-technology-solutions""]
[block id=""blog-erp""]
[block id=""suscribete-a-nuestro-boletin""]
[block id=""preguntas-frecuentes""]
[block id=""comparativa-de-servicios""]
[block id=""consultoria-empresarial""]
[block id=""consultoria-empresarial-aliado-estrategico-2""]
[block id=""consultoria-empresarial-aliado-estrategico""]
[block id=""consultoria-empresarial-estrategia-y-optimizacion""]
[block id=""contact-contact-form""]
[block id=""desarrollo-web-e-commerce-2""]
[block id=""digital-marketing-branding-and-design""]
[block id=""education-online-business-courses""]
[block id=""erp-implementaciones-personalizadas""]
[block id=""erp-implementation-custom-solutions""]
[block id=""especificaciones-erp""]
[block id=""faq-y-preguntas-freq""]
[block id=""centro-de-ayuda""]
[block id=""faq-general-questions""]
[block id=""features-main-features""]
[block id=""home-hero""]
[block id=""homepage-hero-section""]
[block id=""html-wordpress""]
[block id=""implementacion_y_soporte""]
[block id=""industry-solutions-retail-manufacturing-agroindustry""]
[block id=""integracion-de-tecnologia-avanzada""]
[block id=""inicio""]
[block id=""layout-section-padding""]
[block id=""legal-privacy-policy""]
[block id=""marketing-digital-consultoria-integrada""]
[block id=""metricas-de-exito-2""]
[block id=""metricas-de-exito""]
[block id=""newsletter-subscription""]
[block id=""nosotros""]
[block id=""nosotros-2""]
[block id=""about-us-company-culture""]
[block id=""ofertas-de-empleo""]
[block id=""online-learning-course-catalog""]
[block id=""30039-2""]
[block id=""partners""]
[block id=""partners-partnerships""]
[block id=""partnerships-benefits""]
[block id=""partnerships-business-collaboration""]
[block id=""partnerships-strategic-alliances""]
[block id=""planes-y-precios""]
[block id=""contact-call-to-action""]
[block id=""planes-y-precios-2""]
[block id=""portal-de-soporte-al-cliente""]
[block id=""pricing-license-plans""]
[block id=""pricing-plans""]
[block id=""pricing-plans-and-faq""]
[block id=""pricing-plans-and-features""]
[block id=""pricing-service-comparison""]
[block id=""product-specifications-erp-features""]
[block id=""asociarse-con-viaweb""]
[block id=""asociate-con-viaweb""]
[block id=""24135_programa_de_socios_y_afiliados""]
[block id=""24135_programa_de_socios_y_afiliados-2""]
[block id=""recursos-materiales-educativos""]
[block id=""resources-downloads""]
[block id=""resources-knowledge-base""]
[block id=""services-e-commerce-and-digital-marketing""]
[block id=""services-erp-solutions""]
[block id=""services-industry-solutions""]
[block id=""services-features""]
[block id=""servicios-ingenieria-de-software""]
[block id=""soluciones-tecnologicas-erp-y-crm""]
[block id=""testimonials-client-feedback""]
[block id=""website-design-slider""]",Otros,Otros,Otros,Otros,"Listado de bloques de contenido que cubren diversas áreas del sitio web, como contacto, servicios, blog, FAQ, planes de precios y recursos.","Una imagen compuesta que muestre varios iconos o miniaturas representando diferentes secciones del sitio web, como formularios de contacto, servicios tecnológicos, blogs, boletines y preguntas frecuentes."
None,Otros,Otros,Otros,Otros,No hay contenido visible para extraer un resumen.,Esta fila no contiene contenido significativo para generar una recomendación de imagen.
"[block id=""slider-hero""]
[block id=""layout-section-padding""]
[block id=""undefined-undefined""]",Otros,Otros,Otros,Otros,"Referencia a bloques de contenido específicos, posiblemente relacionados con el diseño y estructura de la página.","Una imagen que muestre un slider de héroe moderno y atractivo, con secciones claramente definidas y un diseño limpio que represente la estructura de una página web profesional."
"[block id=""about-us-company-culture""]
[block id=""blog-erp""]
[block id=""company-overview-culture""]
[block id=""consultoria-empresarial-estrategia-y-optimizacion""]
[block id=""contact-business-transformation""]
[block id=""contact-call-to-action""]
[block id=""customer-support-portal""]
[block id=""desarrollo-web-e-commerce-2""]
[block id=""contact-contact-form""]
[block id=""digital-marketing-branding-and-design""]
[block id=""education-online-business-courses""]
[block id=""erp-implementaciones-personalizadas""]
[block id=""erp-implementation-custom-solutions""]
[block id=""especificaciones-erp""]
[block id=""faq-general-questions""]
[block id=""features-main-features""]
[block id=""hero-e-commerce""]
[block id=""hero-erp-solutions""]
[block id=""hero-section-slider""]
[block id=""home-hero""]
[block id=""homepage-hero-section""]
[block id=""homepage-hero-slider""]
[block id=""html-wordpress""]
[block id=""industry-solutions-retail-manufacturing-agroindustry""]
[block id=""job-management-job-dashboard""]
[block id=""job-management-job-listings""]
[block id=""job-management-job-submission""]
[block id=""layout-section-padding""]
[block id=""legal-privacy-policy""]
[block id=""marketing-digital-consultoria-integrada""]
[block id=""newsletter-subscription""]
[block id=""online-learning-course-catalog""]
[block id=""partners-partnerships""]
[block id=""partnerships-benefits""]
[block id=""partnerships-business-collaboration""]
[block id=""partnerships-strategic-alliances""]
[block id=""pricing-license-plans""]
[block id=""pricing-plans""]
[block id=""pricing-plans-and-faq""]
[block id=""pricing-plans-and-features""]
[block id=""pricing-service-comparison""]
[block id=""product-specifications-erp-features""]
[block id=""recursos-materiales-educativos""]
[block id=""resources-downloads""]
[block id=""resources-knowledge-base""]
[block id=""search-results""]
[block id=""services-comparison""]
[block id=""services-e-commerce-and-digital-marketing""]
[block id=""services-erp-solutions""]
[block id=""services-features""]
[block id=""services-industry-solutions""]
[block id=""services-marketing-digital""]
[block id=""services-technology-solutions""]
[block id=""servicios-ingenieria-de-software""]
[block id=""slider-hero""]
[block id=""soluciones-tecnologicas-erp-y-crm""]
[block id=""success-metrics-client-achievements""]
[block id=""testimonials-client-feedback""]
[block id=""undefined-undefined""]
[block id=""web-development-e-commerce""]
[block id=""website-design-hero-section""]
[block id=""website-design-slider""]",Otros,Otros,Otros,Otros,"Extensa lista de bloques de contenido que abarcan todas las áreas del sitio web, desde la página de inicio hasta servicios específicos y recursos.","Un mosaico de imágenes que representen los diversos aspectos de los servicios ofrecidos: consultoría empresarial, desarrollo web, marketing digital, soluciones ERP y educación en línea."
content_without_repeated_sections,Otros,Otros,Otros,Otros,No hay contenido visible para extraer un resumen.,Esta fila no contiene contenido significativo para generar una recomendación de imagen.
"[section label=""Blog"" padding=""60px""]
[row]
[col align=""center""]
<p></p>
<h2 style=""font-size: 220%;"">Últimos Artículos del Blog</h2>
<p>Lee nuestros artículos para obtener más información sobre ERP y tendencias en la industria.</p>
[/col]
[/row]
[row style=""collapse""]
[col span=""4"" span__sm=""12""]
[featured_box img=""https://example.com/articulo-1.jpg""]
<h4>5 Beneficios de Implementar un ERP</h4>
<p>Descubre cómo un ERP puede transformar tu negocio.</p>
[button text=""Leer Más"" link=""#articulo-1""]
[/featured_box]
[/col]
[col span=""4"" span__sm=""12""]
[featured_box img=""https://example.com/articulo-2.jpg""]
<h4>Cómo Elegir el ERP Adecuado</h4>
<p>Consejos para seleccionar el sistema ERP que mejor se adapte a tus necesidades.</p>
[button text=""Leer Más"" link=""#articulo-2""]
[/featured_box]
[/col]
[col span=""4"" span__sm=""12""]
[featured_box img=""https://example.com/articulo-3.jpg""]
<h4>Empresas que Usan ERP</h4>
<p>Historias inspiradoras de empresas que han mejorado su rendimiento con un ERP.</p>
[button text=""Leer Más"" link=""#articulo-3""]
[/featured_box]
[/col]
[/row]
[/section]
[section label=""Testimonios"" bg_color=""#f7f7f7"" padding=""60px""]
[row]
[col align=""center""]
<p></p>
<h6 class=""uppercase secondary-color"">Qué dicen nuestros clientes</h6>
<h2 style=""font-size: 220%;"">Testimonios de Clientes Satisfechos</h2>
<p>Historias reales de éxito que muestran cómo nuestros servicios han transformado negocios.</p>
[/col]
[/row]
[gap height=""40px""]
[row]
[col span=""4"" span__sm=""12""]
[testimonial]
<p>""El equipo entendió nuestras necesidades desde el principio y superó todas nuestras expectativas.""</p>
<h4>- Ana Pérez</h4>
<p class=""meta"">CEO de TechCorp</p>
[/testimonial]
[/col]
[col span=""4"" span__sm=""12""]
[testimonial]
<p>""Gracias a ellos, nuestro negocio se ha digitalizado por completo, aumentando nuestras ventas un 200%.""</p>
<h4>- Carlos Gómez</h4>
<p class=""meta"">Fundador de GreenFoods</p>
[/testimonial]
[/col]
[col span=""4"" span__sm=""12""]
[testimonial]
<p>""No podríamos haber elegido un socio más confiable para nuestro proyecto de comercio electrónico.""</p>
<h4>- Laura Méndez</h4>
<p class=""meta"">Directora de ModaOnline</p>
[/testimonial]
[/col]
[/row]
[/section]",Otros,Otros,Otros,Otros,Página que combina una sección de blog con los últimos artículos sobre ERP y una sección de testimonios de clientes satisfechos.,"Una imagen dividida en tres secciones: 1) Un blog profesional con artículos sobre ERP, 2) Clientes satisfechos dando testimonios, y 3) Un equipo de consultores trabajando en una oficina moderna."
"[ux_slider label=""Hero"" slide_width=""6000px"" draggable=""false"" nav_style=""simple"" bullets=""false"" bullet_style=""simple"" timer=""3000"" pause_hover=""false""]

[section bg=""22765"" bg_size=""original"" bg_overlay=""rgba(0, 0, 0, 0.44)"" bg_pos=""42% 12%"" hover=""zoom-long"" dark=""true"" padding__sm=""100px"" height=""600px""]

[row width=""full-width"" h_align=""center"" padding=""0px 0px 0px 0px""]

[col span=""6"" span__sm=""12"" span__md=""10"" align=""center"" animate=""fadeInDown""]

<h1><span style=""font-size: 200%;"">Consultoría Empresarial</span></h1>
<p>Su aliado estratégico en soluciones empresariales</p>
[gap height=""10px""]

[button text=""Ver Video"" letter_case=""lowercase"" color=""success"" padding=""5px 20px 5px 20px"" radius=""40"" icon=""icon-play"" icon_pos=""left""]


[/col]

[/row]

[/section]

[/ux_slider]",Otros,Otros,Otros,Otros,Consultoría empresarial: Su aliado estratégico en soluciones empresariales. Ofrecemos servicios de consultoría para optimizar su negocio y mejorar la eficiencia operativa.,"Una imagen panorámica de una ciudad moderna con rascacielos, representando el concepto de consultoría empresarial y soluciones estratégicas. La imagen debe tener un tono azul oscuro para combinar con el fondo del slider."
"[section label=""Intro & Numbers"" bg_color=""rgb(237, 233, 227)""]

[row width=""custom"" custom_width=""1200px""]

[col span__sm=""12"" margin=""-150px 0px 0px 0px"" margin__sm=""-100px 0px 0px 0px"" bg_color=""rgb(255, 255, 255)""]

[row_inner width=""custom"" custom_width=""1200px"" v_align=""middle"" h_align=""right""]

[col_inner span=""6"" span__sm=""12"" span__md=""12"" padding=""50px 50px 50px 70px"" padding__sm=""10px 30px 0px 30px"" padding__md=""0 50px 20px 50px""]

[gap height=""50px"" height__sm=""5px""]

<h6>elegancia y tecnología</h6>
[ux_text font_size=""1.75""]

<h2>Avanza a tu ritmo</h2>
[/ux_text]
<p>En Viaweb, ofrecemos soluciones tecnológicas avanzadas que integran sistemas de ERP y CRM, desarrollo web y comercio electrónico, y herramientas de inteligencia de negocios. Nuestro enfoque personalizado asegura que cada cliente obtenga el máximo beneficio.</p>
[button text=""Haz tu reserva"" color=""secondary"" padding=""5px 30px 5px 30px"" radius=""30"" expand=""0""]


[/col_inner]
[col_inner span=""6"" span__sm=""12"" span__md=""12"" force_first=""medium"" padding=""50px 50px 20px 0px"" padding__sm=""20px 20px 10px 20px"" padding__md=""50px 50px 0 50px""]

[ux_banner height=""500px"" height__sm=""300px"" height__md=""400px"" bg=""24130"" bg_color=""rgb(255, 255, 255)"" bg_pos=""95% 100%""]

[text_box width__sm=""60"" position_x=""50"" position_y=""50""]


[/text_box]

[/ux_banner]

[/col_inner]

[/row_inner]

[/col]

[/row]
[gap height=""55px"" height__sm=""15px""]

[row col_style=""solid""]

[col span=""4"" span__sm=""12"" align=""center""]

[ux_text font_size=""2.5"" text_align=""center""]

<h3><span class=""count-up"">365</span></h3>
[/ux_text]
[ux_text text_align=""center""]

<h6>Días de servicio al año</h6>
[/ux_text]

[/col]
[col span=""4"" span__sm=""12"" align=""center""]

[ux_text font_size=""2.5"" text_align=""center""]

<h3><span class=""count-up"">1750</span></h3>
[/ux_text]
[ux_text text_align=""center""]

<h6>Clientes satisfechos</h6>
[/ux_text]

[/col]
[col span=""4"" span__sm=""12"" align=""center""]

[ux_text font_size=""2.5"" text_align=""center""]

<h3><span class=""count-up"">145</span></h3>
[/ux_text]
[ux_text text_align=""center""]

<h6>Soluciones disponibles</h6>
[/ux_text]

[/col]

[/row]
[gap]


[/section]",Otros,Otros,Otros,Otros,"Avanza a tu ritmo con Viaweb. Ofrecemos soluciones tecnológicas avanzadas que integran sistemas ERP, CRM, desarrollo web y comercio electrónico. Nuestro enfoque personalizado asegura que cada cliente obtenga el máximo beneficio.","Una imagen de un profesional sonriente utilizando una tableta o laptop, rodeado de gráficos y datos holográficos, simbolizando la integración de tecnología avanzada en la gestión empresarial."
"[ux_slider label=""Hero"" slide_width=""6000px"" draggable=""false"" nav_style=""simple"" bullets=""false"" bullet_style=""simple"" timer=""3000"" pause_hover=""false""]

[section bg=""22765"" bg_size=""original"" bg_overlay=""rgba(0, 0, 0, 0.44)"" bg_pos=""42% 12%"" hover=""zoom-long"" dark=""true"" padding__sm=""100px"" height=""600px""]

[row width=""full-width"" h_align=""center"" padding=""0px 0px 0px 0px""]

[col span=""6"" span__sm=""12"" span__md=""10"" align=""center"" animate=""fadeInDown""]

<h1><span style=""font-size: 200%;"">Consultoría Empresarial</span></h1>
<p>Su aliado estratégico en soluciones empresariales</p>
[gap height=""10px""]

[button text=""Ver Video"" letter_case=""lowercase"" color=""success"" padding=""5px 20px 5px 20px"" radius=""40"" icon=""icon-play"" icon_pos=""left""]


[/col]

[/row]

[/section]

[/ux_slider]

[ux_slider label=""Hero"" slide_width=""6000px"" draggable=""false"" nav_style=""simple"" bullets=""false"" bullet_style=""simple"" timer=""3000"" pause_hover=""false""]

[section bg=""22848"" bg_size=""original"" bg_overlay=""rgba(36, 103, 162, 0.436)"" bg_pos=""42% 12%"" hover=""zoom-long"" dark=""true"" padding__sm=""100px"" height=""600px""]

[row width=""full-width"" h_align=""center"" padding=""0px 0px 0px 0px""]

[col span=""6"" span__sm=""12"" span__md=""10"" align=""center"" animate=""fadeInDown""]

<h1><span style=""font-size: 200%;"">Consultoría Empresarial</span></h1>
<p>Su aliado estratégico en soluciones empresariales</p>
[video_button video=""https://www.youtube.com/watch?v=hJSXQj_KeE0""]

[gap height=""10px""]


[/col]

[/row]

[/section]

[/ux_slider]",Otros,Otros,Otros,Otros,Consultoría empresarial: Su aliado estratégico en soluciones empresariales. Ofrecemos servicios de consultoría para optimizar su negocio y mejorar la eficiencia operativa. Vea nuestro video para más información.,"Un collage de imágenes que muestren diferentes aspectos de la consultoría empresarial: una reunión de equipo, gráficos de crecimiento, y tecnología moderna, todo con un tono azul para mantener la coherencia con el diseño de la página."
"[section label=""Preguntas Frecuentes"" bg_color=""#f7f5f4"" padding=""60px""]

[gap height=""40px""]

[row style=""collapse""]

[col span=""6"" span__sm=""12""]

<br />
<h4>¿Cómo puede ayudarme un ERP?</h4>
<p>Un ERP puede mejorar la eficiencia operativa, reducir costos y proporcionar información valiosa para la toma de decisiones estratégicas.</p>
<p class=""description"">Beneficios de implementar un sistema ERP.</p>

[/col]
[col span=""6"" span__sm=""12""]

<br />
<h4>¿Es fácil de implementar?</h4>
<p>Nuestro equipo te guiará a través de cada paso del proceso de implementación para asegurar una transición suave y exitosa.</p>
<p class=""description"">Proceso de implementación de un ERP.</p>

[/col]

[/row]
[row style=""collapse""]

[col span=""6"" span__sm=""12""]

<br />
<h4>¿Ofrecen soporte técnico?</h4>
<p>Sí, ofrecemos soporte técnico continuo para resolver cualquier problema que puedas encontrar.</p>
<p class=""description"">Información sobre el soporte técnico disponible.</p>

[/col]
[col span=""6"" span__sm=""12""]

<br />
<h4>¿Puedo integrar el ERP con otras herramientas?</h4>
<p>Sí, nuestros sistemas ERP son compatibles con una variedad de aplicaciones y pueden integrarse fácilmente con herramientas de CRM, plataformas de e-commerce y otras soluciones de software que ya utilizas en tu negocio.</p>

[/col]

[/row]
[row style=""collapse""]

[col span=""6"" span__sm=""12""]

<br />
<h4>¿Cuál es el costo de sus servicios?</h4>
<p>El costo de nuestros servicios varía según las soluciones y el alcance del proyecto. Te invitamos a contactarnos para obtener una cotización personalizada que se ajuste a las necesidades de tu empresa.</p>

[/col]
[col span=""6"" span__sm=""12""]

<br />
<h4>¿Ofrecen soporte post-implementación?</h4>
<p>Sí, ofrecemos soporte post-implementación para asegurarnos de que tu equipo esté completamente capacitado y que cualquier inconveniente que surja sea resuelto de manera oportuna.</p>

[/col]

[/row]
[row style=""collapse""]

[col span=""6"" span__sm=""12""]

<br />
<h4>¿Qué industrias atendemos?</h4>
<p>Atendemos diversas industrias, incluyendo retail, manufactura, agroindustria y más, adaptando nuestras soluciones a las necesidades específicas de cada sector.</p>

[/col]
[col span=""6"" span__sm=""12""]

<br />
<h4>¿Cómo puedo solicitar una demo?</h4>
<p>Puedes solicitar una demo a través de nuestro formulario de contacto o haciendo clic en el botón ""Solicitar una Demo"" en la sección de inicio.</p>

[/col]

[/row]
[row style=""collapse""]

[col span=""6"" span__sm=""12""]

<br />
<h4>¿Cómo garantizan la seguridad de los datos?</h4>
<p>Implementamos medidas de seguridad avanzadas, incluyendo cifrado de datos, autenticación de múltiples factores y copias de seguridad regulares, para proteger la información de nuestros clientes y garantizar su confidencialidad.</p>

[/col]
[col span=""6"" span__sm=""12""]

<br />
<h4>¿Qué tipo de capacitación ofrecen?</h4>
<p>Ofrecemos talleres, tutoriales en línea y sesiones personalizadas para asegurar que tu equipo esté completamente capacitado en el uso de nuestras herramientas.</p>

[/col]

[/row]
[row style=""collapse""]

[col span=""6"" span__sm=""12""]

<br />
<h4>¿Ofrecen soluciones personalizadas para mi industria?</h4>
<p>Sí, desarrollamos soluciones a medida que se adaptan a las necesidades específicas de cada sector, asegurando que obtengas el máximo valor de nuestras herramientas.</p>

[/col]
[col span=""6"" span__sm=""12""]

<br />
<h4>¿Qué beneficios ofrece el e-commerce?</h4>
<p>Nuestra solución de e-commerce permite a las empresas expandir su alcance, mejorar la experiencia del cliente y aumentar las ventas en línea.</p>

[/col]

[/row]

[/section]",Otros,Otros,Otros,Otros,"Preguntas frecuentes sobre nuestros servicios de ERP y consultoría empresarial. Encuentre respuestas a sus dudas sobre implementación, soporte técnico, integración y más.","Una imagen de un grupo diverso de profesionales en una sala de conferencias moderna, discutiendo y señalando gráficos o presentaciones, representando la colaboración y el intercambio de conocimientos en un entorno empresarial."
"[section label=""Contacto"" bg_color=""#2467a2"" dark=""true"" padding=""80px""]

[row h_align=""center""]

[col span=""9"" span__sm=""12"" align=""center""]

[gap]

<h2 style=""font-size: 220%;"">¿Listo para Transformar tu Negocio?</h2>
<p>Contáctanos hoy para obtener más información sobre nuestras soluciones ERP y cómo pueden ayudarte a alcanzar tus objetivos.</p>

[gap height=""20px""]

[button text=""Contáctanos"" color=""secondary"" size=""large"" radius=""4"" link=""/contacto""]


[/col]

[/row]

[/section]",Otros,Otros,Otros,Otros,¿Listo para transformar tu negocio? Contáctanos hoy para obtener más información sobre nuestras soluciones ERP y cómo pueden ayudarte a alcanzar tus objetivos empresariales.,"Una imagen de un apretón de manos profesional con un fondo de ciudad moderna desenfocada, simbolizando la asociación y el éxito en los negocios."
"[section label=""Newsletter"" bg_color=""rgb(39, 54, 71)"" dark=""true"" padding=""80px""]

[row width=""custom"" custom_width=""1200px"" v_align=""bottom""]

[col span=""6"" span__sm=""12"" span__md=""12""]

<br />
<h2>Suscríbete a Nuestro Boletín</h2>
<p>Recibe las últimas noticias y actualizaciones sobre nuestros productos y servicios directamente en tu bandeja de entrada.</p>
<div class=""elementor-element elementor-element-81420ae elementor-headline--style-highlight elementor-widget elementor-widget-animated-headline"" data-id=""81420ae"" data-element_type=""widget"" data-settings=""{&quot;highlighted_text&quot;:&quot; communautu00e9 forte&quot;,&quot;headline_style&quot;:&quot;highlight&quot;,&quot;marker&quot;:&quot;circle&quot;,&quot;loop&quot;:&quot;yes&quot;,&quot;highlight_animation_duration&quot;:1200,&quot;highlight_iteration_delay&quot;:8000}"" data-widget_type=""animated-headline.default"">
<div class=""elementor-widget-container"">
<h3 class=""elementor-headline e-animated""><span class=""elementor-headline-plain-text elementor-headline-text-wrapper"">Únase a un </span><span class=""elementor-headline-dynamic-wrapper elementor-headline-text-wrapper""><span class=""elementor-headline-dynamic-text elementor-headline-text-active"">comunidad fuerte </span></span></h3>
</p></div>
</p></div>

[/col]
[col span=""6"" span__sm=""12"" span__md=""12"" padding=""0px 0px 0px 30px"" padding__md=""0px 0px 0px 0"" margin=""-70px 0px 0px 0px"" margin__md=""0 0px 0px 0px""]

<form action=""https://example.com/subscribe"" method=""post""> <input type=""email"" name=""email"" placeholder=""Tu correo electrónico"" required></p>
[button text=""Suscribirse"" radius=""99""]


[/col]

[/row]

[/section]",Otros,Otros,Otros,Otros,Suscríbete a nuestro boletín para recibir las últimas noticias y actualizaciones sobre nuestros productos y servicios. Únete a nuestra comunidad y mantente informado.,"Una imagen de un dispositivo electrónico moderno (tablet o smartphone) mostrando un boletín de noticias o una bandeja de entrada de correo electrónico, con un fondo de oficina desenfocado, representando la comunicación digital y las actualizaciones del negocio."
"[ux_slider label=""Hero"" slide_width=""6000px"" draggable=""false"" nav_style=""simple"" bullets=""false"" bullet_style=""simple"" timer=""3000"" pause_hover=""false""]

[section bg=""22848"" bg_size=""original"" bg_overlay=""rgba(36, 103, 162, 0.436)"" bg_pos=""42% 12%"" hover=""zoom-long"" dark=""true"" padding__sm=""100px"" height=""600px""]

[row width=""full-width"" h_align=""center"" padding=""0px 0px 0px 0px""]

[col span=""6"" span__sm=""12"" span__md=""10"" align=""center"" animate=""fadeInDown""]

<h1><span style=""font-size: 200%;"">Consultoría Empresarial</span></h1>
<p>Su aliado estratégico en soluciones empresariales</p>
[video_button video=""https://www.youtube.com/watch?v=hJSXQj_KeE0""]

[gap height=""10px""]


[/col]

[/row]

[/section]

[/ux_slider]",Otros,Otros,Otros,Otros,Consultoría empresarial: Su aliado estratégico en soluciones empresariales. Ofrecemos servicios de consultoría para optimizar su negocio y mejorar la eficiencia operativa. Vea nuestro video para más información.,"Una imagen de un profesional utilizando una pantalla táctil grande o una presentación holográfica, mostrando gráficos y datos de negocios, simbolizando la tecnología avanzada y la analítica en la consultoría empresarial."
"[row]

[col span__sm=""12""]

<h2 style=""font-size: 220%; text-align: center;"">Soluciones por Industria</h2>
[ux_text text_align=""center""]

<p>Con una dedicación a la excelencia y un enfoque en la innovación</p>
[/ux_text]
[row_inner label=""Grid Boxes"" style=""small"" width=""full-width""]

[col_inner span=""6"" span__sm=""12""]

[ux_image_box style=""overlay"" img=""4890"" image_height=""240px"" text_pos=""middle""]

[button text=""ver demo Minoristas"" radius=""99""]

<p class=""description"">Herramientas específicas para mejorar la gestión y ventas del sector minorista.</p>

[/ux_image_box]
[gap height=""21px""]

[ux_image_box style=""overlay"" img=""4947"" image_height=""240px"" text_pos=""middle""]

[button text=""ver demo Manufactura"" radius=""75""]

<p class=""description"">Soluciones tecnológicas para optimizar la producción en la industria manufacturera.</p>

[/ux_image_box]

[/col_inner]
[col_inner span=""6"" span__sm=""12""]

[ux_image_box style=""overlay"" img=""8818"" image_height=""500px"" text_pos=""middle""]

[button text=""ver demo Agroindustria"" radius=""99""]

<p class=""description"">Innovaciones digitales diseñadas para el sector agrícola y agroindustrial.</p>

[/ux_image_box]

[/col_inner]

[/row_inner]

[/col]

[/row]
[section label=""Servicios"" bg_color=""#f7f5f4"" padding=""60px""]

[row h_align=""center""]

[col span=""9"" span__sm=""12"" span__md=""8"" align=""center""]

[ux_text text_align=""center""]

<h2 style=""font-size: 220%;"">Nuestros Servicios</h2> <p>Ofrecemos una amplia gama de servicios diseñados para optimizar tu negocio y mejorar la eficiencia operativa:</p>
[/ux_text]

[/col]

[/row]
[row h_align=""center""]

[col span=""10"" span__sm=""12"" span__md=""12""]

[row_inner style=""large""]

[col_inner span=""6"" span__sm=""12""]

[featured_box inline_svg=""0"" img_width=""55"" pos=""left"" icon_border=""3"" icon_color=""rgb(39, 54, 71)""]

<p></p>
<h4>Implementación de ERP y CRM</h4>
<p>Configuramos y personalizamos sistemas ERP y CRM para que se adapten a tus necesidades específicas.</p>

[/featured_box]

[/col_inner]
[col_inner span=""6"" span__sm=""12""]

[featured_box inline_svg=""0"" img_width=""55"" pos=""left"" icon_border=""3"" icon_color=""rgb(39, 54, 71)""]

<p></p>
<h4>Mantenimiento de Sistemas</h4>
<p>Brindamos soporte continuo y actualizaciones para asegurar el óptimo funcionamiento de tus sistemas.</p>

[/featured_box]

[/col_inner]
[col_inner span=""6"" span__sm=""12""]

[featured_box inline_svg=""0"" img_width=""55"" pos=""left"" icon_border=""3"" icon_color=""rgb(39, 54, 71)""]

<p></p>
<h4>Integración de Plataformas</h4>
<p>Conectamos tu ERP y CRM con otras plataformas para una gestión más eficiente.</p>

[/featured_box]

[/col_inner]
[col_inner span=""6"" span__sm=""12""]

[featured_box inline_svg=""0"" img_width=""55"" pos=""left"" icon_border=""3"" icon_color=""rgb(39, 54, 71)""]

<p></p>
<h4>Auditoría de Procesos</h4>
<p>Evaluamos y optimizamos tus procesos para mejorar la eficiencia operativa y reducir costos.</p>

[/featured_box]
[gap height=""15px""]


[/col_inner]
[col_inner span=""6"" span__sm=""12""]

[featured_box inline_svg=""0"" img_width=""55"" pos=""left"" icon_border=""3"" icon_color=""rgb(39, 54, 71)""]

<p></p>
<h4>Soporte Técnico Remoto</h4>
<p>Asistencia técnica a distancia para resolver cualquier inconveniente que pueda surgir.</p>

[/featured_box]

[/col_inner]
[col_inner span=""6"" span__sm=""12""]

[featured_box inline_svg=""0"" img_width=""55"" pos=""left"" icon_border=""3"" icon_color=""rgb(39, 54, 71)""]

<p></p>
<h4>Capacitación y Formación</h4>
<p>Entrenamos a tu equipo para maximizar el uso de las herramientas ERP y CRM.</p>

[/featured_box]

[/col_inner]

[/row_inner]

[/col]

[/row]

[/section]
[section label=""Planes y Precios"" bg_color=""#ffffff"" padding=""60px""]

[row]

[col align=""center""]

<p></p>
<h6 class=""uppercase secondary-color"">Elige el Plan Ideal</h6>
<h2 style=""font-size: 220%;"">Planes y Precios Adaptados a tu Negocio</h2>
<p>Selecciona el plan que mejor se adapte a las necesidades de tu empresa.</p>

[/col]

[/row]
[gap height=""40px""]

[row style=""collapse""]

[col span=""4"" span__sm=""12""]

[featured_box img=""https://example.com/plan-basico.png""]

<h4>Plan Básico</h4>
<p>Funciones esenciales para comenzar. Ideal para pequeñas empresas.</p>
<p style=""font-size: 150%;""><strong>$99/mes</strong></p>
[button text=""Contratar"" size=""large"" radius=""4"" link=""#plan-basico""]


[/featured_box]

[/col]
[col span=""4"" span__sm=""12""]

[featured_box img=""https://example.com/plan-profesional.png""]

<h4>Plan Profesional</h4>
<p>Funciones avanzadas para empresas en crecimiento.</p>
<p style=""font-size: 150%;""><strong>$199/mes</strong></p>
[button text=""Contratar"" color=""secondary"" size=""large"" radius=""4"" link=""#plan-profesional""]


[/featured_box]

[/col]
[col span=""4"" span__sm=""12""]

[featured_box img=""https://example.com/plan-premium.png""]

<h4>Plan Premium</h4>
<p>Todas las funciones y soporte personalizado. Ideal para grandes empresas.</p>
<p style=""font-size: 150%;""><strong>$299/mes</strong></p>
[button text=""Contratar"" color=""tertiary"" size=""large"" radius=""4"" link=""#plan-premium""]


[/featured_box]

[/col]

[/row]

[/section]
[section label=""FAQ"" bg_color=""#f7f5f4"" padding=""60px""]

[row]

[col align=""center""]

<p></p>
<h2 style=""font-size: 220%;"">Preguntas Frecuentes</h2>
<p>Resolvemos tus dudas sobre nuestras soluciones ERP.</p>

[/col]

[/row]
[gap height=""40px""]

[row style=""collapse""]

[col span=""6"" span__sm=""12""]

<p></p>
<h4>¿Qué es un ERP?</h4>
<p>Un ERP (Enterprise Resource Planning) es un sistema que integra todas las operaciones de una empresa en una única plataforma, facilitando la gestión y el análisis de datos en tiempo real.</p>

[/col]
[col span=""6"" span__sm=""12""]

<p></p>
<h4>¿Cómo puede ayudarme un ERP?</h4>
<p>Un ERP puede mejorar la eficiencia operativa, reducir costos, y proporcionar información valiosa para la toma de decisiones estratégicas.</p>

[/col]

[/row]
[row style=""collapse""]

[col span=""6"" span__sm=""12""]

<p></p>
<h4>¿Es fácil de implementar?</h4>
<p>Nuestro equipo te guiará a través de cada paso del proceso de implementación para asegurar una transición suave y exitosa.</p>

[/col]
[col span=""6"" span__sm=""12""]

<p></p>
<h4>¿Ofrecen soporte técnico?</h4>
<p>Sí, ofrecemos soporte técnico continuo para resolver cualquier problema que puedas encontrar.</p>

[/col]

[/row]

[/section]
[section label=""Blog"" padding=""60px""]

[row]

[col align=""center""]

<p></p>
<h2 style=""font-size: 220%;"">Últimos Artículos del Blog</h2>
<p>Lee nuestros artículos para obtener más información sobre ERP y tendencias en la industria.</p>

[/col]

[/row]
[gap height=""40px""]

[row style=""collapse""]

[col span=""4"" span__sm=""12""]

[featured_box img=""https://example.com/articulo-1.jpg""]

<h4>5 Beneficios de Implementar un ERP</h4>
<p>Descubre cómo un ERP puede transformar tu negocio.</p>
[button text=""Leer Más"" link=""#articulo-1""]


[/featured_box]

[/col]
[col span=""4"" span__sm=""12""]

[featured_box img=""https://example.com/articulo-2.jpg""]

<h4>Cómo Elegir el ERP Adecuado</h4>
<p>Consejos para seleccionar el sistema ERP que mejor se adapte a tus necesidades.</p>
[button text=""Leer Más"" link=""#articulo-2""]


[/featured_box]

[/col]
[col span=""4"" span__sm=""12""]

[featured_box img=""https://example.com/articulo-3.jpg""]

<h4>Casos de Éxito: Empresas que Usan ERP</h4>
<p>Historias inspiradoras de empresas que han mejorado su rendimiento con un ERP.</p>
[button text=""Leer Más"" link=""#articulo-3""]


[/featured_box]

[/col]

[/row]

[/section]
[section label=""Especificaciones"" padding=""80px""]

[row]

[col span__sm=""12"" align=""center""]

<h6 class=""uppercase secondary-color"">Especificaciones Técnicas</h6>
<h2 style=""font-size: 220%;"">Especificaciones del ERP</h2>
<p>Explora las potentes características y capacidades de nuestros sistemas ERP:</p>
[row_inner style=""large""]

[col_inner span=""4"" span__sm=""12""]

[featured_box img=""https://example.com/nuevo-icono-4.png"" img_width=""40""]

<p></p>
<h4>Basado en la Nube</h4>
<p>Accede a tu sistema ERP desde cualquier lugar con hosting seguro en la nube.</p>

[/featured_box]

[/col_inner]
[col_inner span=""4"" span__sm=""12""]

[featured_box img=""https://example.com/nuevo-icono-5.png"" img_width=""40""]

<p></p>
<h4>Soporte Multilenguaje</h4>
<p>Opera a nivel global con soporte para múltiples idiomas.</p>

[/featured_box]

[/col_inner]
[col_inner span=""4"" span__sm=""12""]

[featured_box img=""https://example.com/nuevo-icono-6.png"" img_width=""40""]

<p></p>
<h4>Paneles Personalizados</h4>
<p>Monitorea tus KPIs y métricas con paneles de control fáciles de usar.</p>

[/featured_box]

[/col_inner]

[/row_inner]

[/col]

[/row]

[/section]",Otros,Otros,Otros,Otros,"Descubre nuestras soluciones por industria, incluyendo minoristas, manufactura y agroindustria. Ofrecemos una amplia gama de servicios diseñados para optimizar tu negocio y mejorar la eficiencia operativa.","Un collage de imágenes que representen diferentes industrias: retail, manufactura y agroindustria. Cada imagen debe mostrar tecnología moderna integrada en estos sectores, como tablets en tiendas, robots en fábricas y drones en campos agrícolas."
"[section label=""Intro & Numbers"" bg_color=""rgb(237, 233, 227)""]
[row width=""custom"" custom_width=""1200px""]
[col span__sm=""12"" margin=""-150px 0px 0px 0px"" margin__sm=""-100px 0px 0px 0px"" bg_color=""rgb(255, 255, 255)""]
[row_inner width=""custom"" custom_width=""1200px"" v_align=""middle"" h_align=""right""]
[col_inner span=""6"" span__sm=""12"" span__md=""12"" padding=""50px 50px 50px 70px"" padding__sm=""10px 30px 0px 30px"" padding__md=""0 50px 20px 50px""]
[gap height=""50px"" height__sm=""5px""]
<h6>elegancia y tecnología</h6>
[ux_text font_size=""1.75""]
<h2>Avanza a tu ritmo</h2>
[/ux_text]
<p>En Viaweb, ofrecemos soluciones tecnológicas avanzadas que integran sistemas de ERP y CRM, desarrollo web y comercio electrónico, y herramientas de inteligencia de negocios. Nuestro enfoque personalizado asegura que cada cliente obtenga el máximo beneficio.</p>
[button text=""Haz tu reserva"" color=""secondary"" padding=""5px 30px 5px 30px"" radius=""30"" expand=""0""]
[/col_inner]
[col_inner span=""6"" span__sm=""12"" span__md=""12"" force_first=""medium"" padding=""50px 50px 20px 0px"" padding__sm=""20px 20px 10px 20px"" padding__md=""50px 50px 0 50px""]
[ux_banner height=""500px"" height__sm=""300px"" height__md=""400px"" bg=""24130"" bg_color=""rgb(255, 255, 255)"" bg_pos=""95% 100%""]
[text_box width__sm=""60"" position_x=""50"" position_y=""50""]
[/text_box]
[/ux_banner]
[/col_inner]
[/row_inner]
[/col]
[/row]
[gap height=""55px"" height__sm=""15px""]
[row col_style=""solid""]
[col span=""4"" span__sm=""12"" align=""center""]
[ux_text font_size=""2.5"" text_align=""center""]
<h3><span class=""count-up"">365</span></h3>
[/ux_text]
[ux_text text_align=""center""]
<h6>Días de servicio al año</h6>
[/ux_text]
[/col]
[col span=""4"" span__sm=""12"" align=""center""]
[ux_text font_size=""2.5"" text_align=""center""]
<h3><span class=""count-up"">1750</span></h3>
[/ux_text]
[ux_text text_align=""center""]
<h6>Clientes satisfechos</h6>
[/ux_text]
[/col]
[col span=""4"" span__sm=""12"" align=""center""]
[ux_text font_size=""2.5"" text_align=""center""]
<h3><span class=""count-up"">145</span></h3>
[/ux_text]
[ux_text text_align=""center""]
<h6>Soluciones disponibles</h6>
[/ux_text]
[/col]
[/row]
[gap]
[/section]",Otros,Otros,Otros,Otros,"Avanza a tu ritmo con Viaweb. Ofrecemos soluciones tecnológicas avanzadas que integran sistemas ERP, CRM, desarrollo web y comercio electrónico. Nuestro enfoque personalizado asegura que cada cliente obtenga el máximo beneficio.","Una imagen de un equipo diverso de profesionales trabajando juntos en una oficina moderna y luminosa, utilizando dispositivos tecnológicos y pantallas con gráficos, representando la colaboración y el uso de tecnología avanzada en el entorno empresarial."
,Planes y Precios Viaweb,Productos,Productos,Precios,Esta fila no contiene contenido para generar un extracto.,Esta fila no contiene contenido para generar una recomendación de imagen.
"[section label=""Info Page: Corporate Minimal"" bg=""26988"" bg_color=""#f4f4f4"" bg_overlay=""rgba(36, 103, 162, 0.576)"" bg_pos=""35% 26%"" padding=""80px""]

[row label=""Hero""]

[col span=""6"" span__sm=""12"" span__md=""8"" padding=""20px 0px 0px 0px""]

[ux_text text_color=""#ffffff""]

<h3>Hacemos la diferencia</h3>
<h2 style=""font-size:250%;"">Ayudamos a los innovadores a construir productos valiosos.</h2>
<p>Ingeniería de software de pila completa</p>
[/ux_text]
[button text=""Ver nuestro trabajo"" color=""#24ae7a"" radius=""4"" link=""https://domains.connaxis.hosting/"" target=""_blank""]

[button text=""Clientes"" color=""#ffffff"" radius=""4"" link=""https://domains.connaxis.hosting/"" target=""_blank""]


[/col]

[/row]

[/section]
[section label=""Content"" padding=""80px""]

[row label=""Intro"" h_align=""center""]

[col span=""10"" span__sm=""12"" align=""center""]

<h1>Un vistazo a nuestra cultura</h1>
<p>En Viaweb, estamos comprometidos con la excelencia y el crecimiento sostenible. Cada proyecto que emprendemos refleja nuestra misión y visión, asegurando que cada solución esté alineada con las necesidades de nuestros clientes. Nuestra cultura se basa en la innovación, la dedicación al cliente y el trabajo en equipo.</p>
[gap]


[/col]

[/row]
[row label=""Bullets"" style=""large"" h_align=""center""]

[col span=""6"" span__sm=""12""]

[featured_box img=""24117"" img_width=""25"" pos=""left"" margin=""0px 0px 10px 0px"" icon_color=""#f8951d"" class=""icon-sets""]

[ux_text text_align=""left""]

<h4><strong>Investigación inicial</strong></h4>
[/ux_text]

[/featured_box]
<p>Realizamos un análisis detallado sobre las necesidades de su negocio, asegurando que nuestras soluciones sean personalizadas y efectivas. Desde el ERP y CRM hasta soluciones de inteligencia de negocios, nos aseguramos de entender su contexto antes de avanzar.</p>

[/col]
[col span=""6"" span__sm=""12""]

[featured_box img=""24116"" img_width=""25"" pos=""left"" margin=""0px 0px 10px 0px"" icon_color=""#f8951d"" class=""icon-sets""]

<h4><strong>Validación</strong></h4>

[/featured_box]
<p>Implementamos un enfoque de validación continua, garantizando que cada etapa del proceso de desarrollo cumpla con los estándares de calidad. Utilizamos casos de estudio y ejemplos de éxito para medir el impacto de nuestras soluciones.</p>

[/col]
[col span=""6"" span__sm=""12""]

[featured_box img=""24115"" img_width=""25"" pos=""left"" margin=""0px 0px 10px 0px"" icon_color=""#f8951d"" class=""icon-sets""]

<h4><strong>Agilidad</strong></h4>

[/featured_box]
<p>Adoptamos metodologías ágiles para asegurar que nuestros proyectos se adapten rápidamente a los cambios de requisitos y necesidades del mercado. Nuestra capacidad de respuesta nos permite entregar resultados efectivos en tiempos reducidos.</p>

[/col]
[col span=""6"" span__sm=""12""]

[featured_box img=""24114"" img_width=""25"" pos=""left"" margin=""0px 0px 10px 0px"" icon_color=""#f8951d"" class=""icon-sets""]

<h4><strong>Liderazgo</strong></h4>

[/featured_box]
<p>Contamos con un equipo directivo experimentado que guía a Viaweb hacia el éxito. Nuestros valores corporativos, como el compromiso y la innovación, son reflejados en cada proyecto que llevamos a cabo.</p>

[/col]

[/row]

[/section]
[section label=""Call to action"" bg_color=""#2467a2""]

[row]

[col span__sm=""12"" margin=""-80px 0px 0px 0px"" align=""center""]

[gap height=""20px""]


[/col]

[/row]
[row]

[col span__sm=""12"" align=""center""]

[ux_text text_align=""center"" text_color=""#ffffff""]

</p>
<h5>Trabajemos juntos</h5>
<h2>¿Listo para construir algo valioso?<br /> </h2>
[/ux_text]
[button text=""Intentémoslo"" color=""#24ae7a"" radius=""4"" icon=""icon-angle-right"" icon_reveal=""true""]


[/col]

[/row]

[/section]",Características ERP Viaweb,Productos,Productos,ERP,"En Viaweb, ayudamos a los innovadores a construir productos valiosos. Ofrecemos ingeniería de software de pila completa y nos comprometemos con la excelencia y el crecimiento sostenible. Nuestra cultura se basa en la innovación, la dedicación al cliente y el trabajo en equipo.","Una imagen aérea de una ciudad moderna con rascacielos y calles iluminadas, superpuesta con gráficos holográficos o líneas de conexión digital, simbolizando la innovación y la conectividad en el mundo empresarial."
codigo_optimizado,Planes y Precios,Productos,Productos,Precios,Optimiza tu negocio con Viaweb. Ofrecemos soluciones de desarrollo web y comercio electrónico personalizadas para llevar tu empresa al siguiente nivel. Únete a nuestra red de socios estratégicos y descubre los beneficios de la colaboración.,"Una imagen de dos personas estrechando las manos con un fondo de edificios modernos, simbolizando la asociación y el crecimiento empresarial."
"[section label=""Hero"" bg=""24033"" bg_pos=""50% 37%"" parallax=""7"" dark=""true"" height=""650px"" height__sm=""500px"" height__md=""550px""]

[row]

[col span=""5"" span__sm=""12"" span__md=""6""]

<h1 style=""font-size:200%"">Asóciate con Viaweb<br /> y lleva tu negocio al siguiente nivel.</h1>
<p style=""font-size:130%"">En Viaweb, creemos en la colaboración para generar valor y crecer juntos.</p>
[gap height=""10px""]

[button text=""Nuestros Socios"" letter_case=""lowercase"" color=""#FFC107""]

[button text=""Contáctanos"" letter_case=""lowercase"" color=""#ffffff"" style=""link"" icon=""icon-angle-right""]

[/col]

[/row]

[/section]
[section label=""Partnerships"" bg_color=""#f4f2f2"" padding=""70px""]

[row]

[col span__sm=""12""]

[row_inner style=""small"" h_align=""center""]

[col_inner span=""3"" span__sm=""12"" span__md=""12""]

<br />
<h2>Partnerships</h2>

[/col_inner]
[col_inner span=""3"" span__sm=""12"" span__md=""4"" margin=""0px 0px -15px 0px""]

<br />
<h5>Socios Estratégicos</h5>
<p>Colaboramos con empresas que comparten nuestra visión y valores.</p>

[/col_inner]
[col_inner span=""3"" span__sm=""12"" span__md=""4"" margin=""0px 0px -15px 0px""]

<br />
<h5>Beneficios de las Alianzas</h5>
<p>Las alianzas estratégicas ofrecen ventajas competitivas y acceso a nuevos mercados.</p>

[/col_inner]
[col_inner span=""3"" span__sm=""12"" span__md=""4"" margin=""0px 0px -15px 0px""]

<br />
<h5>Cómo Convertirse en Socio</h5>
<p>Te invitamos a conocer el proceso y requisitos para formar parte de nuestra red de socios.</p>

[/col_inner]

[/row_inner]

[/col]

[/row]
</section>
[section_inner label=""Text Call Out""]

[/section_inner]
[row h_align=""right""]

[col span=""5"" span__sm=""12"" padding=""0px 0px 10px 0px""]

<h2>¡Hablemos de asociación!</h2>
<p>Estamos aquí para explorar oportunidades de colaboración que beneficien a ambas partes. Contáctanos para discutir cómo podemos trabajar juntos.</p>
[button text=""Contáctanos"" letter_case=""lowercase"" style=""link"" icon=""icon-angle-right"" link=""#""]

[/col]

[/row]

[/section]",Características del Servicio,Productos,Productos,Características,"Descubre nuestros planes de servicios web. Desde proyectos pequeños hasta soluciones empresariales, tenemos la opción perfecta para tu negocio. Todos nuestros planes incluyen características esenciales como aplicaciones móviles, estimaciones de tiempo, facturación y más.","Un collage de imágenes que muestren diferentes aspectos de los servicios ofrecidos: una aplicación móvil, un gráfico de tiempo, una factura y un panel de análisis de datos."
"[section label=""Características"" bg_color=""#2467a2"" bg_overlay=""rgba(0,0,0,.5)"" dark=""true"" padding=""70px""]

[row h_align=""center""]

[col span=""9"" span__sm=""10"" span__md=""10"" padding=""40px 0px 0px 0px"" align=""center""]

[ux_text text_color=""#ffffff""]

<h6 data-text-color=""white"">Características</h6>
<h2 style=""font-size: 250%;"">Todos los planes incluyen</h2>
[/ux_text]
[gap height=""60px""]

[row_inner label=""Características"" style=""large""]

[col_inner span=""6"" span__sm=""12"" span__md=""12""]

[featured_box img=""27125"" img_width=""40"" pos=""left""]

</p>
<h3>Aplicación de escritorio y móvil</h3>
<p>Acceso a tus proyectos desde cualquier dispositivo.</p>

[/featured_box]

[/col_inner]
[col_inner span=""6"" span__sm=""12""]

[featured_box img=""27125"" img_width=""40"" pos=""left""]

</p>
<h3>Estimaciones de tiempo</h3>
<p>Planificación efectiva para la gestión de proyectos.</p>

[/featured_box]

[/col_inner]
[col_inner span=""6"" span__sm=""12"" span__md=""12""]

[featured_box img=""27125"" img_width=""40"" pos=""left""]

</p>
<h3>Facturación</h3>
<p>Gestión sencilla y clara de tus facturas.</p>

[/featured_box]

[/col_inner]
[col_inner span=""6"" span__sm=""12"" span__md=""12""]

[featured_box img=""27125"" img_width=""40"" pos=""left""]

</p>
<h3>Pagos en línea</h3>
<p>Facilidad para realizar pagos seguros.</p>

[/featured_box]

[/col_inner]
[col_inner span=""6"" span__sm=""12"" span__md=""12""]

[featured_box img=""27125"" img_width=""40"" pos=""left""]

</p>
<h3>Informes avanzados</h3>
<p>Analiza los datos y mejora la toma de decisiones.</p>

[/featured_box]

[/col_inner]
[col_inner span=""6"" span__sm=""12"" span__md=""12""]

[featured_box img=""27125"" img_width=""40"" pos=""left""]

</p>
<h3>Tareas recurrentes</h3>
<p>Automatiza tus procesos para mayor eficiencia.</p>

[/featured_box]

[/col_inner]

[/row_inner]
[gap height=""100px""]


[/col]

[/row]

[/section]
[section label=""Planes Comparativos"" bg_color=""#ffffff"" dark=""true"" padding=""0px""]

[row label=""Planes"" h_align=""center""]

[col span__sm=""11"" margin=""-80px 0px 0px 0px""]

[row_inner class=""pricing-color-box""]

[col_inner span=""3"" span__sm=""12""]

[ux_price_table title=""Viaweb Mini"" price=""$20"" description=""Por mes"" radius=""10"" depth_hover=""0""]

[bullet_item text=""Hasta 20 proyectos""]

[bullet_item text=""Hasta 20 páginas""]

[bullet_item text=""Dominio personalizado""]

[bullet_item text=""Diseño profesional""]

[button text=""Seleccionar plan"" color=""#ff6600"" expand=""true""]


[/ux_price_table]

[/col_inner]
[col_inner span=""3"" span__sm=""12""]

[ux_price_table title=""Viaweb Small"" price=""$50"" description=""Por mes"" featured=""true"" radius=""10"" depth_hover=""0""]

[bullet_item text=""Hasta 50 proyectos""]

[bullet_item text=""Hasta 50 páginas""]

[bullet_item text=""Dominio personalizado""]

[bullet_item text=""Diseño profesional""]

[button text=""Seleccionar plan"" color=""#2467a2"" style=""bevel"" expand=""true""]


[/ux_price_table]

[/col_inner]
[col_inner span=""3"" span__sm=""12""]

[ux_price_table title=""Viaweb Large"" price=""$100"" description=""Por mes"" radius=""10"" depth_hover=""0""]

[bullet_item text=""Hasta 100 proyectos""]

[bullet_item text=""Hasta 100 páginas""]

[bullet_item text=""Dominio personalizado""]

[bullet_item text=""Diseño profesional""]

[button text=""Seleccionar plan"" color=""#ff6600"" expand=""true""]


[/ux_price_table]

[/col_inner]
[col_inner span=""3"" span__sm=""12""]

[ux_price_table title=""Viaweb Evolucion"" price=""$-"" description=""Por mes"" radius=""10"" depth_hover=""0""]

[bullet_item text=""Hasta 100 proyectos""]

[bullet_item text=""Hasta 100 páginas""]

[bullet_item text=""Dominio personalizado""]

[bullet_item text=""Diseño profesional""]

[button text=""Seleccionar plan"" color=""#ff6600"" expand=""true""]


[/ux_price_table]

[/col_inner]

[/row_inner]

[/col]

[/row]
[row label=""¿Necesitas más capacidad?"" h_align=""center""]

[col span=""9"" span__sm=""10"" span__md=""10"" padding=""0px 0px 40px 0px"" align=""center""]

[ux_text text_color=""#000000""]

<h2>¿Necesitas más capacidad?</h2>
<p>No dudes en contactarnos</p>
[/ux_text]
[button text=""Contáctanos"" link=""/contacto""]


[/col]

[/row]

[/section]",Soluciones ERP y E-commerce,Productos,Productos,Soluciones Empresariales,"Potencia tu negocio con nuestras soluciones ERP personalizadas. Optimiza operaciones, mejora la eficiencia y obtén información clave para el éxito de tu empresa. Solicita una demo y descubre cómo podemos transformar tu negocio.","Una imagen que muestre un escritorio de trabajo moderno con una computadora mostrando gráficos y análisis, rodeado de iconos que representen las características mencionadas como facturación, pagos en línea y tareas recurrentes."
"[section label=""Hero"" bg=""8819"" bg_color=""#ffffff"" bg_overlay=""rgba(0, 0, 0, 0.459)"" padding=""60px"" height=""600px"" scroll_for_more=""true""]

[row v_align=""middle""]

[col span=""5"" span__sm=""12"" span__md=""8""]

[ux_text text_color=""#ffffff""]

<h6 class=""uppercase"">Tu Negocio, Optimizado</h6> <h1 style=""font-size: 350%; line-height: 100%;"">ERP Personalizado para el Éxito</h1> <p>Optimiza operaciones, mejora la eficiencia y obtén información clave con nuestras soluciones ERP.</p> <h1 style=""font-size: 200%;"">Empieza Hoy</h1>
[/ux_text]
[gap height=""5px""]

[row_inner style=""collapse"" padding=""0px 5px 0px 5px""]

[col_inner span=""6"" span__sm=""12""]

[button text=""Más Información"" letter_case=""lowercase"" color=""#2467a2"" size=""large"" radius=""4"" expand=""true"" link=""#learn-more""]


[/col_inner]
[col_inner span=""6"" span__sm=""12""]

[button text=""Solicitar una Demo"" letter_case=""lowercase"" color=""#ffffff"" size=""large"" radius=""4"" expand=""true"" link=""#request-demo""]


[/col_inner]

[/row_inner]

[/col]

[/row]

[/section]
[section label=""Hero"" bg=""8819"" bg_color=""#ffffff"" bg_overlay=""rgba(0, 0, 0, 0.459)"" padding=""60px"" height=""600px"" scroll_for_more=""true""]

[row v_align=""middle""]

[col span=""5"" span__sm=""12"" span__md=""8""]

[ux_text text_color=""#ffffff""]

<h6 class=""uppercase"">Desarrollo Web E-commerce</h6> <h1 style=""font-size: 350%; line-height: 100%;"">Innovación y Tecnología Omnicanal</h1> <p>¿Querés llevar tu negocio al siguiente nivel? Ofrecemos desarrollo de sitios web enfocados en la tecnología omnicanal que potencia tu tienda online al máximo.</p> <h1 style=""font-size: 200%;"">Empieza Hoy</h1>
[/ux_text]
[gap height=""5px""]

[row_inner style=""collapse"" padding=""0px 5px 0px 5px""]

[col_inner span=""6"" span__sm=""12""]

[button text=""Contactarnos por WhatsApp"" letter_case=""lowercase"" color=""#2467a2"" size=""large"" radius=""4"" expand=""true"" link=""https://wa.me/5492984372962""]


[/col_inner]
[col_inner span=""6"" span__sm=""12""]

[button text=""Enviar un correo"" letter_case=""lowercase"" color=""#ffffff"" size=""large"" radius=""4"" expand=""true"" link=""mailto:consultas@viaweb.net.ar""]


[/col_inner]

[/row_inner]

[/col]

[/row]

[/section]",Especificaciones Técnicas,Productos,Productos,Detalles Técnicos,"Conoce las historias de éxito de nuestros clientes satisfechos. Desde la digitalización de negocios hasta la optimización de proyectos, nuestros servicios han transformado empresas en diversos sectores. Descubre cómo podemos ayudarte a alcanzar tus objetivos.","Una imagen panorámica de una ciudad moderna al atardecer, con luces brillantes de edificios, simbolizando la innovación y el crecimiento tecnológico en el comercio electrónico."
"[section label=""Testimonios"" bg_color=""#ffffff"" padding=""60px""]

[gap height=""40px""]

[ux_text text_align=""center""]

<h6 class=""uppercase secondary-color"">Qué dicen nuestros clientes</h6>
<h2 style=""font-size: 220%;"">Testimonios de Clientes Satisfechos</h2>
<p>Historias reales de éxito que muestran cómo nuestros servicios han transformado negocios.</p>
[/ux_text]
[gap]

[gap height=""40px""]

[row]

[col span=""4"" span__sm=""12""]

[testimonial image=""25115""]

<p>""Digitalizar nuestro negocio nos ayudó a expandirnos y alcanzar nuevos clientes.""</p>
<h4>- Álvaro Vázquez</h4>
<p class=""meta"">Dueño de Natan Motos</p>

[/testimonial]

[/col]
[col span=""4"" span__sm=""12""]

[testimonial image=""25116""]

<p>""Su tecnología y soporte nos permitieron mejorar la eficiencia y aumentar nuestra rentabilidad.""</p>
<h4>- Daniel Martínez</h4>
<p class=""meta"">Socio Gerente de Cabarcos Motores</p>

[/testimonial]

[/col]
[col span=""4"" span__sm=""12""]

[testimonial image=""25111""]

<p>""Nos ayudaron a optimizar nuestros proyectos de construcción con soluciones innovadoras.""</p>
<h4>- Juan Urdinez</h4>
<p class=""meta"">CEO de SIA Construcciones</p>

[/testimonial]

[/col]

[/row]
[gap height=""40px""]

[row]

[col span=""4"" span__sm=""12""]

[testimonial image=""25110""]

<p>""La transformación digital que logramos con su apoyo ha sido un gran paso adelante para nuestra empresa.""</p>
<h4>- Oscar De Piano</h4>
<p class=""meta"">CEO de Edilicias SRL</p>

[/testimonial]

[/col]
[col span=""4"" span__sm=""12""]

[testimonial image=""25107""]

<p>""Su plataforma y asesoramiento nos permitieron optimizar la gestión de nuestros talleres mecánicos.""</p>
<h4>- Germán Van Der Braver</h4>
<p class=""meta"">Socio Gerente de Motocenter Pro Boxes</p>

[/testimonial]

[/col]
[col span=""4"" span__sm=""12""]

[testimonial image=""25114""]

<p>""Las estrategias de marketing que implementamos con su ayuda nos dieron excelentes resultados.""</p>
<h4>- Lorena Yañez</h4>
<p class=""meta"">Marketing en Morgado Hogar</p>

[/testimonial]

[/col]

[/row]
[gap height=""40px""]


[/section]",Planes y Precios,Productos,Productos,Precios,"Explora nuestras métricas de éxito y descubre cómo hemos ayudado a nuestros clientes a mejorar su eficiencia operativa, aumentar la satisfacción del cliente y reducir costos. Únete a nuestra comunidad de empresas exitosas y lleva tu negocio al siguiente nivel.","Un collage de retratos sonrientes de los clientes mencionados en los testimonios, mostrando diversidad y satisfacción."
"[section label=""Métricas de Éxito"" bg_color=""#2467a2"" dark=""true"" padding=""60px""]
[row]
[col span__sm=""12"" align=""center""]
<h2>Métricas de Éxito</h2>
<p>En Viaweb, medimos nuestro éxito a través de los logros de nuestros clientes. Aquí te mostramos algunas de nuestras métricas clave:</p>
[row_inner style=""large""]
[col_inner span=""4"" span__sm=""12""]
<p></p>
<h3>+30%</h3>
<p>Aumento en la eficiencia operativa de nuestros clientes tras implementar nuestras soluciones.</p>
[/col_inner]
[col_inner span=""4"" span__sm=""12""]
<p></p>
<h3>+40%</h3>
<p>Incremento en la satisfacción del cliente gracias a un mejor servicio y soporte.</p>
[/col_inner]
[col_inner span=""4"" span__sm=""12""]
<p></p>
<h3>+25%</h3>
<p>Reducción de costos operativos mediante la optimización de procesos.</p>
[/col_inner]
[/row_inner]
[/col]
[/row]
[/section]",Planes y Precios,Productos,Productos,Tarifas,Mantente informado sobre las últimas novedades y actualizaciones de nuestros productos y servicios. Suscríbete a nuestro boletín y únete a una comunidad fuerte de empresarios y profesionales en constante crecimiento.,"Una imagen de un tablero de control digital moderno que muestre gráficos y métricas de éxito, con flechas ascendentes y números positivos."
"[section label=""Newsletter"" bg_color=""rgb(39, 54, 71)"" dark=""true"" padding=""80px""]
[row width=""custom"" custom_width=""1200px"" v_align=""bottom""]
[col span=""6"" span__sm=""12"" span__md=""12""]
<br />
<h2>Suscríbete a Nuestro Boletín</h2>
<p>Recibe las últimas noticias y actualizaciones sobre nuestros productos y servicios directamente en tu bandeja de entrada.</p>
<div class=""elementor-element elementor-element-81420ae elementor-headline--style-highlight elementor-widget elementor-widget-animated-headline"" data-id=""81420ae"" data-element_type=""widget"" data-settings=""{&quot;highlighted_text&quot;:&quot; communautu00e9 forte&quot;,&quot;headline_style&quot;:&quot;highlight&quot;,&quot;marker&quot;:&quot;circle&quot;,&quot;loop&quot;:&quot;yes&quot;,&quot;highlight_animation_duration&quot;:1200,&quot;highlight_iteration_delay&quot;:8000}"" data-widget_type=""animated-headline.default"">
<div class=""elementor-widget-container"">
<h3 class=""elementor-headline e-animated""><span class=""elementor-headline-plain-text elementor-headline-text-wrapper"">Únase a un </span><span class=""elementor-headline-dynamic-wrapper elementor-headline-text-wrapper""><span class=""elementor-headline-dynamic-text elementor-headline-text-active"">comunidad fuerte </span></span></h3>
</p></div>
</p></div>
[/col]
[col span=""6"" span__sm=""12"" span__md=""12"" padding=""0px 0px 0px 30px"" padding__md=""0px 0px 0px 0"" margin=""-70px 0px 0px 0px"" margin__md=""0 0px 0px 0px""]
<form action=""https://example.com/subscribe"" method=""post""> <input type=""email"" name=""email"" placeholder=""Tu correo electrónico"" required></p>
[button text=""Suscribirse"" radius=""99""]
[/col]
[/row]
[/section]
[section label=""Newsletter"" bg_color=""rgb(39, 54, 71)"" dark=""true"" padding=""80px""]
[row width=""custom"" custom_width=""1200px"" v_align=""bottom""]
[col span=""6"" span__sm=""12"" span__md=""12""]
<p></p>
<h2>Suscríbete a Nuestro Boletín</h2>
<p>Recibe las últimas noticias y actualizaciones sobre nuestros productos y servicios directamente en tu bandeja de entrada.</p>
<div class=""elementor-element elementor-element-81420ae elementor-headline--style-highlight elementor-widget elementor-widget-animated-headline"" data-id=""81420ae"" data-element_type=""widget"" data-settings=""{&quot;highlighted_text&quot;:&quot; communautu00e9 forte&quot;,&quot;headline_style&quot;:&quot;highlight&quot;,&quot;marker&quot;:&quot;circle&quot;,&quot;loop&quot;:&quot;yes&quot;,&quot;highlight_animation_duration&quot;:1200,&quot;highlight_iteration_delay&quot;:8000}"" data-widget_type=""animated-headline.default"">
<div class=""elementor-widget-container"">
<h3 class=""elementor-headline e-animated""><span class=""elementor-headline-plain-text elementor-headline-text-wrapper"">Únase a un </span><span class=""elementor-headline-dynamic-wrapper elementor-headline-text-wrapper""><span class=""elementor-headline-dynamic-text elementor-headline-text-active"">comunidad fuerte </span></span></h3>
</p>
</div>
</div>
[/col]
[col span=""6"" span__sm=""12"" span__md=""12"" padding=""0px 0px 0px 30px"" padding__md=""0px 0px 0px 0"" margin=""-70px 0px 0px 0px"" margin__md=""0 0px 0px 0px""]
[contact-form-7 id=""16183""]
[/col]
[/row]
[/section]
[section label=""Newsletter"" padding=""60px""]
[row]
[col span__sm=""12""]
[ux_text text_align=""center""]
<h2>Suscríbete a Nuestro Boletín</h2>
<p>Recibe las últimas noticias, consejos y ofertas exclusivas directamente en tu correo.</p>
[/ux_text]
[contact-form-7 id=""5044""]
[/col]
[/row]
[/section]",Soluciones ERP por Industria,Productos,Productos,Soluciones ERP,"Descubre lo que nuestros clientes dicen sobre nosotros. Lee testimonios reales de empresas que han experimentado el impacto positivo de nuestras soluciones en sus negocios. Desde la expansión digital hasta la optimización de procesos, nuestros servicios han marcado la diferencia.","Una imagen de un dispositivo electrónico moderno (tablet o smartphone) mostrando un boletín de noticias atractivo, con un fondo que sugiera conectividad global."
"<!-- wp:html -->[section label=""Testimonios"" bg_color=""rgb(255,255,255)"" padding=""60px""]

[gap height=""40px""]

[row]

[col span=""4"" span__sm=""12""]

[testimonial image=""25115""]

<p>""Digitalizar nuestro negocio nos ayudó a expandirnos y alcanzar nuevos clientes.""</p>
<h4>- Álvaro Vázquez</h4>
<p class=""meta"">Dueño de Natan Motos</p>

[/testimonial]

[/col]
[col span=""4"" span__sm=""12""]

[testimonial image=""25116""]

<p>""Su tecnología y soporte nos permitieron mejorar la eficiencia y aumentar nuestra rentabilidad.""</p>
<h4>- Daniel Martínez</h4>
<p class=""meta"">Socio Gerente de Cabarcos Motores</p>

[/testimonial]

[/col]
[col span=""4"" span__sm=""12""]

[testimonial image=""25111""]

<p>""Nos ayudaron a optimizar nuestros proyectos de construcción con soluciones innovadoras.""</p>
<h4>- Juan Urdinez</h4>
<p class=""meta"">CEO de SIA Construcciones</p>

[/testimonial]

[/col]

[/row]
[gap height=""40px""]

[row]

[col span=""4"" span__sm=""12""]

[testimonial image=""25110""]

<p>""La transformación digital que logramos con su apoyo ha sido un gran paso adelante para nuestra empresa.""</p>
<h4>- Oscar De Piano</h4>
<p class=""meta"">CEO de Edilicias SRL</p>

[/testimonial]

[/col]
[col span=""4"" span__sm=""12""]

[testimonial image=""25107""]

<p>""Su plataforma y asesoramiento nos permitieron optimizar la gestión de nuestros talleres mecánicos.""</p>
<h4>- Germán Van Der Braver</h4>
<p class=""meta"">Socio Gerente de Motocenter Pro Boxes</p>

[/testimonial]

[/col]
[col span=""4"" span__sm=""12""]

[testimonial image=""25114""]

<p>""Las estrategias de marketing que implementamos con su ayuda nos dieron excelentes resultados.""</p>
<h4>- Lorena Yañez</h4>
<p class=""meta"">Marketing en Morgado Hogar</p>

[/testimonial]

[/col]

[/row]
[gap height=""40px""]


[/section]
[row]

[col align=""center""]

<h6 class=""uppercase secondary-color"">Qué dicen nuestros clientes</h6>
<h2 style=""font-size: 220%;"">Testimonios de Clientes Satisfechos</h2>
<p>Historias reales de éxito que muestran cómo nuestros servicios han transformado negocios.</p>

[/col]

[/row]
<!-- /wp:html -->",Características del ERP,Productos,Productos,Sistemas ERP,"Explora las potentes características de nuestros sistemas ERP y servicios de desarrollo web. Desde la automatización de procesos hasta análisis en tiempo real, ofrecemos soluciones escalables y personalizadas para impulsar el crecimiento de tu negocio. Descubre cómo podemos simplificar tu experiencia digital y redefinir tu presencia en línea.","Un montaje de imágenes que muestren a personas felices utilizando dispositivos tecnológicos en diferentes entornos de trabajo, reflejando la diversidad de clientes satisfechos."
"[ux_slider]
[section label=""Características Principales"" bg_color=""#f7f5f4"" padding=""60px""]
[ux_text text_align=""center""]
<h6>Servicios de Desarrollo Web</h6> <h3><span style=""font-size: 150%;"">Simplificando la experiencia digital y redefiniendo el comercio electrónico.</span></h3>
[/ux_text]
[gap height=""52px""]
[row style=""large""]
[col span=""4"" span__sm=""12""]
[featured_box img=""https://example.com/nuevo-icono-1.png"" img_width=""40""]
<p></p>
<h4>Automatización de Procesos</h4>
<p>Aumenta la productividad automatizando tareas y flujos de trabajo repetitivos.</p>
[/featured_box]
[/col]
[col span=""4"" span__sm=""12""]
[featured_box img=""https://example.com/nuevo-icono-2.png"" img_width=""40""]
<p></p>
<h4>Analíticas en Tiempo Real</h4>
<p>Toma decisiones informadas con datos actualizados y análisis accionables.</p>
[/featured_box]
[/col]
[col span=""4"" span__sm=""12""]
[featured_box img=""https://example.com/nuevo-icono-3.png"" img_width=""40""]
<p></p>
<h4>Soluciones Escalables</h4>
<p>Haz crecer tu negocio con sistemas ERP que se adaptan a tus necesidades.</p>
[/featured_box]
[/col]
[/row]
[/section]
[section label=""Características Principales"" bg_color=""rgb(247, 245, 244)"" padding=""60px""]
[ux_text text_align=""center""]
<h6>Servicios de Desarrollo Web</h6> <h3><span style=""font-size: 150%;"">Simplificando la experiencia digital y redefiniendo el comercio electrónico.</span></h3>
[/ux_text]
[gap height=""52px""]
[row style=""large""]
[col span=""4"" span__sm=""12""]
[featured_box img=""https://example.com/nuevo-icono-1.png"" img_width=""40""]
<p></p>
<h4>Automatización de Procesos</h4>
<p>Aumenta la productividad automatizando tareas y flujos de trabajo repetitivos.</p>
[/featured_box]
[/col]
[col span=""4"" span__sm=""12""]
[featured_box img=""https://example.com/nuevo-icono-2.png"" img_width=""40""]
<p></p>
<h4>Analíticas en Tiempo Real</h4>
<p>Toma decisiones informadas con datos actualizados y análisis accionables.</p>
[/featured_box]
[/col]
[col span=""4"" span__sm=""12""]
[featured_box img=""https://example.com/nuevo-icono-3.png"" img_width=""40""]
<p></p>
<h4>Soluciones Escalables</h4>
<p>Haz crecer tu negocio con sistemas ERP que se adaptan a tus necesidades.</p>
[/featured_box]
[/col]
[/row]
[/section]
[section label=""Características Principales"" bg_color=""#f7f5f4"" padding=""60px""]
[ux_text text_align=""center""]
<h6>Servicios de Desarrollo Web</h6> <h3><span style=""font-size: 150%;"">Simplificando la experiencia digital y redefiniendo el comercio electrónico.</span></h3>
[/ux_text]
[gap height=""52px""]
[row style=""large""]
[col span=""4"" span__sm=""12""]
[featured_box img=""https://example.com/nuevo-icono-1.png"" img_width=""40""]
<p></p>
<h4>Automatización de Procesos</h4>
<p>Aumenta la productividad automatizando tareas y flujos de trabajo repetitivos.</p>
[/featured_box]
[/col]
[col span=""4"" span__sm=""12""]
[featured_box img=""https://example.com/nuevo-icono-2.png"" img_width=""40""]
<p></p>
<h4>Analíticas en Tiempo Real</h4>
<p>Toma decisiones informadas con datos actualizados y análisis accionables.</p>
[/featured_box]
[/col]
[col span=""4"" span__sm=""12""]
[featured_box img=""https://example.com/nuevo-icono-3.png"" img_width=""40""]
<p></p>
<h4>Soluciones Escalables</h4>
<p>Haz crecer tu negocio con sistemas ERP que se adaptan a tus necesidades.</p>
[/featured_box]
[/col]
[/row]
[/section]
[/ux_slider]
[section label=""Especificaciones"" padding=""80px""]
[row]
[col span__sm=""12"" align=""center""]
<h6 class=""uppercase secondary-color"">Especificaciones Técnicas</h6>
<h2 style=""font-size: 220%;"">Especificaciones del ERP</h2>
<p>Explora las potentes características y capacidades de nuestros sistemas ERP:</p>
[row_inner style=""large""]
[col_inner span=""4"" span__sm=""12""]
[featured_box img=""https://example.com/nuevo-icono-4.png"" img_width=""40""]
<p></p>
<h4>Basado en la Nube</h4>
<p>Accede a tu sistema ERP desde cualquier lugar con hosting seguro en la nube.</p>
[/featured_box]
[/col_inner]
[col_inner span=""4"" span__sm=""12""]
[featured_box img=""https://example.com/nuevo-icono-5.png"" img_width=""40""]
<p></p>
<h4>Soporte Multilenguaje</h4>
<p>Opera a nivel global con soporte para múltiples idiomas.</p>
[/featured_box]
[/col_inner]
[col_inner span=""4"" span__sm=""12""]
[featured_box img=""https://example.com/nuevo-icono-6.png"" img_width=""40""]
<p></p>
<h4>Paneles Personalizados</h4>
<p>Monitorea tus KPIs y métricas con paneles de control fáciles de usar.</p>
[/featured_box]
[/col_inner]
[/row_inner]
[/col]
[/row]
[/section]
[section label=""Características Principales"" bg_color=""#f7f5f4"" padding=""60px""]
[ux_text text_align=""center""]
<h6>Servicios de Desarrollo Web</h6> <h3><span style=""font-size: 150%;"">Simplificando la experiencia digital y redefiniendo el comercio electrónico.</span></h3>
[/ux_text]
[gap height=""52px""]
[row style=""large""]
[col span=""4"" span__sm=""12""]
[featured_box img=""https://example.com/nuevo-icono-1.png"" img_width=""40""]
<br />
<h4>Automatización de Procesos</h4>
<p>Aumenta la productividad automatizando tareas y flujos de trabajo repetitivos.</p>
[/featured_box]
[/col]
[col span=""4"" span__sm=""12""]
[featured_box img=""https://example.com/nuevo-icono-2.png"" img_width=""40""]
<br />
<h4>Analíticas en Tiempo Real</h4>
<p>Toma decisiones informadas con datos actualizados y análisis accionables.</p>
[/featured_box]
[/col]
[col span=""4"" span__sm=""12""]
[featured_box img=""https://example.com/nuevo-icono-3.png"" img_width=""40""]
<br />
<h4>Soluciones Escalables</h4>
<p>Haz crecer tu negocio con sistemas ERP que se adaptan a tus necesidades.</p>
[/featured_box]
[/col]
[/row]
[/section]
[section label=""Especificaciones"" padding=""80px""]
[row]
[col span__sm=""12"" align=""center""]
<h6 class=""uppercase secondary-color"">Especificaciones Técnicas</h6>
<h2 style=""font-size: 220%;"">Especificaciones del ERP</h2>
<p>Explora las potentes características y capacidades de nuestros sistemas ERP:</p>
[row_inner style=""large""]
[col_inner span=""4"" span__sm=""12""]
[featured_box img=""https://example.com/nuevo-icono-4.png"" img_width=""40""]
<br />
<h4>Basado en la Nube</h4>
<p>Accede a tu sistema ERP desde cualquier lugar con hosting seguro en la nube.</p>
[/featured_box]
[/col_inner]
[col_inner span=""4"" span__sm=""12""]
[featured_box img=""https://example.com/nuevo-icono-5.png"" img_width=""40""]
<br />
<h4>Soporte Multilenguaje</h4>
<p>Opera a nivel global con soporte para múltiples idiomas.</p>
[/featured_box]
[/col_inner]
[col_inner span=""4"" span__sm=""12""]
[featured_box img=""https://example.com/nuevo-icono-6.png"" img_width=""40""]
<br />
<h4>Paneles Personalizados</h4>
<p>Monitorea tus KPIs y métricas con paneles de control fáciles de usar.</p>
[/featured_box]
[/col_inner]
[/row_inner]
[/col]
[/row]
[/section]
[section label=""Características Principales"" bg_color=""#f7f5f4"" padding=""60px""]
[ux_text text_align=""center""]
<h6>Servicios de Desarrollo Web</h6> <h3><span style=""font-size: 150%;"">Simplificando la experiencia digital y redefiniendo el comercio electrónico.</span></h3>
[/ux_text]
[gap height=""52px""]
[row style=""large""]
[col span=""4"" span__sm=""12""]
[featured_box img=""https://example.com/nuevo-icono-1.png"" img_width=""40""]
<br />
<h4>Automatización de Procesos</h4>
<p>Aumenta la productividad automatizando tareas y flujos de trabajo repetitivos.</p>
[/featured_box]
[/col]
[col span=""4"" span__sm=""12""]
[featured_box img=""https://example.com/nuevo-icono-2.png"" img_width=""40""]
<br />
<h4>Analíticas en Tiempo Real</h4>
<p>Toma decisiones informadas con datos actualizados y análisis accionables.</p>
[/featured_box]
[/col]
[col span=""4"" span__sm=""12""]
[featured_box img=""https://example.com/nuevo-icono-3.png"" img_width=""40""]
<br />
<h4>Soluciones Escalables</h4>
<p>Haz crecer tu negocio con sistemas ERP que se adaptan a tus necesidades.</p>
[/featured_box]
[/col]
[/row]
[/section]
[section label=""Características Principales"" bg_color=""rgb(247, 245, 244)"" padding=""60px""]
[ux_text text_align=""center""]
<h6>Servicios de Desarrollo Web</h6> <h3><span style=""font-size: 150%;"">Simplificando la experiencia digital y redefiniendo el comercio electrónico.</span></h3>
[/ux_text]
[gap height=""52px""]
[row style=""large""]
[col span=""4"" span__sm=""12""]
[featured_box img=""https://example.com/nuevo-icono-1.png"" img_width=""40""]
<br />
<h4>Automatización de Procesos</h4>
<p>Aumenta la productividad automatizando tareas y flujos de trabajo repetitivos.</p>
[/featured_box]
[/col]
[col span=""4"" span__sm=""12""]
[featured_box img=""https://example.com/nuevo-icono-2.png"" img_width=""40""]
<br />
<h4>Analíticas en Tiempo Real</h4>
<p>Toma decisiones informadas con datos actualizados y análisis accionables.</p>
[/featured_box]
[/col]
[col span=""4"" span__sm=""12""]
[featured_box img=""https://example.com/nuevo-icono-3.png"" img_width=""40""]
<br />
<h4>Soluciones Escalables</h4>
<p>Haz crecer tu negocio con sistemas ERP que se adaptan a tus necesidades.</p>
[/featured_box]
[/col]
[/row]
[/section]
[section label=""Características Principales"" bg_color=""#f7f5f4"" padding=""60px""]
[ux_text text_align=""center""]
<h6>Servicios de Desarrollo Web</h6> <h3><span style=""font-size: 150%;"">Simplificando la experiencia digital y redefiniendo el comercio electrónico.</span></h3>
[/ux_text]
[gap height=""52px""]
[row style=""large""]
[col span=""4"" span__sm=""12""]
[featured_box img=""https://example.com/nuevo-icono-1.png"" img_width=""40""]
<br />
<h4>Automatización de Procesos</h4>
<p>Aumenta la productividad automatizando tareas y flujos de trabajo repetitivos.</p>
[/featured_box]
[/col]
[col span=""4"" span__sm=""12""]
[featured_box img=""https://example.com/nuevo-icono-2.png"" img_width=""40""]
<br />
<h4>Analíticas en Tiempo Real</h4>
<p>Toma decisiones informadas con datos actualizados y análisis accionables.</p>
[/featured_box]
[/col]
[col span=""4"" span__sm=""12""]
[featured_box img=""https://example.com/nuevo-icono-3.png"" img_width=""40""]
<br />
<h4>Soluciones Escalables</h4>
<p>Haz crecer tu negocio con sistemas ERP que se adaptan a tus necesidades.</p>
[/featured_box]
[/col]
[/row]
[/section]
[section label=""Especificaciones"" padding=""80px""]
[row]
[col span__sm=""12"" align=""center""]
<h6 class=""uppercase secondary-color"">Especificaciones Técnicas</h6>
<h2 style=""font-size: 220%;"">Especificaciones del ERP</h2>
<p>Explora las potentes características y capacidades de nuestros sistemas ERP:</p>
[row_inner style=""large""]
[col_inner span=""4"" span__sm=""12""]
[featured_box img=""https://example.com/nuevo-icono-4.png"" img_width=""40""]
<br />
<h4>Basado en la Nube</h4>
<p>Accede a tu sistema ERP desde cualquier lugar con hosting seguro en la nube.</p>
[/featured_box]
[/col_inner]
[col_inner span=""4"" span__sm=""12""]
[featured_box img=""https://example.com/nuevo-icono-5.png"" img_width=""40""]
<br />
<h4>Soporte Multilenguaje</h4>
<p>Opera a nivel global con soporte para múltiples idiomas.</p>
[/featured_box]
[/col_inner]
[col_inner span=""4"" span__sm=""12""]
[featured_box img=""https://example.com/nuevo-icono-6.png"" img_width=""40""]
<br />
<h4>Paneles Personalizados</h4>
<p>Monitorea tus KPIs y métricas con paneles de control fáciles de usar.</p>
[/featured_box]
[/col_inner]
[/row_inner]
[/col]
[/row]
[/section]",Especificaciones Técnicas del ERP,Productos,Productos,Sistemas ERP,,"Una serie de imágenes que muestren interfaces de usuario modernas y atractivas de sistemas ERP, junto con iconos que representen las características mencionadas como automatización, análisis en tiempo real y escalabilidad."
"[block id=""job-management-job-dashboard""]
[block id=""job-management-job-listings""]
[block id=""job-management-job-submission""]",Recursos y descargas,Recursos,Recursos,Materiales,"Gestiona tus proyectos y trabajos de manera eficiente con nuestras herramientas de administración. Accede a paneles de control intuitivos, listados de trabajos y formularios de envío para optimizar tus procesos.","Una imagen de un panel de control de gestión de proyectos con gráficos, listas de tareas y un calendario, representando las herramientas de gestión de trabajos y proyectos."
"[block id=""desarrollo-web-e-commerce-2""]
[block id=""web-development-e-commerce""]
[block id=""website-design-hero-section""]
[block id=""website-design-slider""]
[block id=""html-wordpress""]",Gestión de empleos,Recursos Humanos,Recursos humanos,Ofertas de trabajo,"Impulsa tu presencia en línea con nuestros servicios de desarrollo web y comercio electrónico. Ofrecemos diseño de sitios web atractivos, soluciones de e-commerce y experiencias de usuario optimizadas para hacer crecer tu negocio digital.","Una imagen de un equipo de consultores profesionales trabajando juntos en una oficina moderna, analizando datos en pantallas y discutiendo estrategias, transmitiendo experiencia y colaboración en consultoría empresarial."
"[ux_slider label=""Hero"" slide_width=""6000px"" draggable=""false"" nav_style=""simple"" bullets=""false"" bullet_style=""simple"" timer=""3000"" pause_hover=""false""]
[section bg=""22765"" bg_size=""original"" bg_color=""#2467a2"" bg_overlay=""rgba(0, 0, 0, 0.44)"" bg_pos=""42% 12%"" hover=""zoom-long"" dark=""true"" padding__sm=""100px"" height=""600px""]
[row width=""full-width"" h_align=""center"" padding=""0px 0px 0px 0px""]
[col span=""6"" span__sm=""12"" span__md=""10"" align=""center"" animate=""fadeInDown""]
<h1><span style=""font-size: 200%;"">Consultoría Empresarial</span></h1>
<p>Su aliado estratégico en soluciones empresariales</p>
[gap height=""10px""]
[button text=""Ver Video"" letter_case=""lowercase"" color=""success"" padding=""5px 20px 5px 20px"" radius=""40"" icon=""icon-play"" icon_pos=""left""]
[/col]
[/row]
[/section]
[/ux_slider]
[section label=""Video"" bg_color=""#2467a2"" dark=""true"" padding=""100px"" padding__sm=""75px""]
[gap height=""40px""]
[row style=""large"" v_align=""middle"" h_align=""center""]
[col span=""6"" span__sm=""12"" span__md=""10"" animate=""fadeInUp""]
<h6>VIDEO</h6>
<h3><span style=""font-size: 200%;"">Pasión por la Consultoría</span></h3>
<p>Transformamos empresas a través de un enfoque personalizado y estratégico.</p>
[/col]
[col span=""6"" span__sm=""12"" span__md=""10"" force_first=""medium"" animate=""fadeInUp""]
[ux_image_box style=""overlay"" img=""22773"" image_height=""400px"" text_pos=""middle""]
[video_button size=""150""]
[/ux_image_box]
[/col]
[/row]
[/section]
[section label=""Intro"" bg_color=""rgb(246, 246, 246)"" dark=""true"" padding=""0px"" height=""0px""]
[row col_bg=""rgb(34, 49, 246)"" h_align=""center"" padding=""50px 50px 30px 50px"" padding__sm=""45px 25px 15px 25px"" padding__md=""45px 80px 15px 80px""]
[col span__sm=""12"" margin=""-100px 0px 0px 0px"" bg_color=""#2467a2""]
<h6>Bienvenido</h6>
[row_inner style=""small"" width=""full-width"" v_align=""middle"" h_align=""center""]
[col_inner span=""6"" span__sm=""12"" span__md=""12""]
<h2><span style=""font-size: 150%;"">Impulsa tu negocio hoy</span></h2>
[/col_inner]
[col_inner span=""6"" span__sm=""12"" span__md=""12""]
<p>Ofrecemos soluciones personalizadas en consultoría empresarial que transforman y optimizan tu organización.</p>
[/col_inner]
[/row_inner]
[/col]
[/row]
[/section]
[section label=""Method"" bg_color=""rgb(255,255,255)"" padding=""50px""]
[row h_align=""center""]
[col span=""8"" span__sm=""12"" span__md=""10"" align=""center""]
[ux_text text_color=""#2467a2""]
<h3><span style=""font-size: 200%;"">Nuestro Método</span></h3>
<p>Trabajamos en conjunto contigo para identificar oportunidades y definir estrategias efectivas.</p>
[/ux_text]
[/col]
[/row]
[row v_align=""equal"" h_align=""center"" padding=""40px 30px 45px 30px""]
[col span=""4"" span__sm=""12"" bg_color=""#2467a2"" color=""light""]
[featured_box img=""22775"" img_width=""40"" pos=""center""]
[gap height=""10px""]
<h3>Diagnóstico</h3>
<p>Realizamos un análisis exhaustivo de tus procesos y operaciones para detectar áreas de mejora.</p>
[/featured_box]
[/col]
[col span=""4"" span__sm=""12"" bg_color=""#2467a2"" color=""light""]
[featured_box img=""22777"" img_width=""40"" pos=""center""]
[gap height=""10px""]
<h3>Estrategia</h3>
<p>Desarrollamos un plan de acción personalizado que se alinea con tus objetivos empresariales.</p>
[/featured_box]
[/col]
[col span=""4"" span__sm=""12"" bg_color=""#2467a2"" color=""light""]
[featured_box img=""22776"" img_width=""40"" pos=""center""]
[gap height=""10px""]
<h3>Implementación</h3>
<p>Acompañamos la ejecución de las estrategias para asegurar resultados tangibles y sostenibles.</p>
[/featured_box]
[/col]
[/row]
[row]
[col span__sm=""12"" align=""center""]
[button text=""Más Características"" letter_case=""lowercase"" style=""underline""]
[/col]
[/row]
[/section]
[section label=""Services Intro"" bg_color=""#2467a2"" dark=""true"" padding=""100px""]
[row]
[col span=""6"" span__sm=""12"" span__md=""12""]
<h3><span style=""font-size: 200%;"">Nuestros Servicios</span></h3>
[/col]
[col span=""6"" span__sm=""12"" span__md=""12""]
<p>Ofrecemos un amplio rango de servicios de consultoría que se adaptan a las necesidades específicas de cada cliente.</p>
[/col]
[/row]
[gap height=""100px"" height__md=""40px""]
[/section]
[section label=""Services""]
[row]
[col span__sm=""12"" margin=""-175px 0px 0px 0px""]
[row_inner h_align=""center""]
[col_inner span=""6"" span__sm=""12""]
[ux_image_box style=""shade"" img=""27072"" image_height=""80%"" image_overlay=""rgba(0, 0, 0, 0.25)"" image_hover=""overlay-add"" text_align=""left""]
<h4><span style=""font-size: 200%;"">Consultoría Estratégica</span></h4>
<p>Desarrollo de planes estratégicos a medida.</p>
[/ux_image_box]
[/col_inner]
[col_inner span=""6"" span__sm=""12""]
[ux_image_box style=""shade"" img=""27068"" image_height=""80%"" image_overlay=""rgba(0, 0, 0, 0.25)"" image_hover=""overlay-add"" text_align=""left""]
<h4><span style=""font-size: 200%;"">Optimización de Procesos</span></h4>
<p>Mejora continua y eficiencia operativa.</p>
[/ux_image_box]
[/col_inner]
[col_inner span=""6"" span__sm=""12""]
[ux_image_box style=""shade"" img=""27084"" image_height=""80%"" image_overlay=""rgba(0, 0, 0, 0.25)"" image_hover=""overlay-add"" text_align=""left""]
<h4><span style=""font-size: 200%;"">Gestión del Cambio</span></h4>
<p>Asesoría en proyectos de transformación organizacional.</p>
[/ux_image_box]
[/col_inner]
[col_inner span=""6"" span__sm=""12""]
[ux_image_box style=""shade"" img=""27054"" image_height=""80%"" image_overlay=""rgba(0, 0, 0, 0.25)"" image_hover=""overlay-add"" text_align=""left""]
<h4><span style=""font-size: 200%;"">Formación y Capacitación</span></h4>
<p>Programas de desarrollo de talento y habilidades.</p>
[/ux_image_box]
[/col_inner]
[col_inner span__sm=""12""]
[gap height=""10px""]
[/col_inner]
[col_inner span=""3"" span__sm=""12"" align=""center""]
[button text=""Más Servicios"" letter_case=""lowercase"" padding=""5px 20px 5px 20px"" radius=""40"" icon=""icon-angle-right""]
[/col_inner]
[/row_inner]
[/col]
[/row]
[/section]
[section label=""Quotes"" bg_color=""rgb(246, 246, 246)"" padding=""100px"" visibility=""hidden""]
[ux_slider nav_style=""simple"" nav_color=""dark"" bullet_style=""simple"" timer=""3000"" pause_hover=""false""]
[row]
[/row]
[col span__sm=""12"" align=""center""]
<h4><span style=""font-size: 180%;"">""La consultoría de Viaweb transformó nuestro negocio.""</span></h4>
<p>- Cliente Satisfecho, <a href=""#"">Ciudad</a></p>
[/col]
<p></row></p>
[row]
[/row]
[col span__sm=""12"" align=""center""]
<h4><span style=""font-size: 180%;"">""Gracias a su asesoría, alcanzamos nuestros objetivos.""</span></h4>
<p>- Cliente Satisfecho, <a href=""#"">Ciudad</a></p>
[/col]
<p></row></p>
[row]
[/row]
[col span__sm=""12"" align=""center""]
<h4><span style=""font-size: 180%;"">""Un equipo profesional y comprometido.""</span></h4>
<p>- Cliente Satisfecho, <a href=""#"">Ciudad</a></p>
[/col]
<p></row]
</p>
[/ux_slider]
[/section]
[section label=""Facts"" bg_color=""#2467a2"" dark=""true"" padding=""100px""]
[row h_align=""center""]
[col span__sm=""12"" align=""center""]
<h3><span style=""font-size: 200%;"">Algunos Datos</span></h3>
<p>Nuestra experiencia y trayectoria en consultoría empresarial.</p>
[/col]
[col span=""3"" span__sm=""6"" span__md=""6"" align=""center""]
<h3><span style=""font-size: 200%;"">100+</span></h3>
<p>Proyectos Completados</p>
[/col]
[col span=""3"" span__sm=""6"" span__md=""6"" align=""center""]
<h3><span style=""font-size: 200%;"">50+</span></h3>
<p>Clientes Satisfechos</p>
[/col]
[col span=""3"" span__sm=""6"" span__md=""6"" align=""center""]
<h3><span style=""font-size: 200%;"">10+</span></h3>
<p>Años de Experiencia</p>
[/col]
[col span=""3"" span__sm=""6"" span__md=""6"" align=""center""]
<h3><span style=""font-size: 200%;"">80%</span></h3>
<p>Retorno de Inversión Promedio</p>
[/col]
[/row]
[/section]
[section label=""Product"" bg_color=""rgb(255,255,255)"" padding=""120px""]
[row style=""large"" v_align=""middle"" h_align=""center""]
[col span=""6"" span__sm=""12"" span__md=""10"" animate=""fadeInLeft""]
[ux_banner height=""500px"" bg=""27094"" bg_pos=""45% 67%""]
[text_box position_x=""50"" position_y=""50""]
[/text_box]
[/ux_banner]
[/col]
[col span=""6"" span__sm=""12"" span__md=""10"" animate=""fadeInRight""]
[row_inner style=""collapse"" padding=""0px 0px 10px 0px""]
[col_inner span__sm=""12""]
[featured_box img=""22776"" img_width=""30"" pos=""left""]
<h3>Enfoque Centrado en el Cliente</h3>
[/featured_box]
[gap height=""10px""]
[ux_text text_color=""#2467a2""]
<p>Trabajamos de la mano contigo para asegurar el éxito de tu negocio.</p>
[/ux_text]
[/col_inner]
[/row_inner]
[row_inner style=""collapse"" padding=""0px 0px 10px 0px""]
[col_inner span__sm=""12""]
[featured_box img=""22775"" img_width=""30"" pos=""left""]
<h3>Compromiso con la Excelencia</h3>
[/featured_box]
[gap height=""10px""]
[ux_text text_color=""#2467a2""]
<p>Nos esforzamos por ofrecer soluciones de la más alta calidad.</p>
[/ux_text]
[/col_inner]
[/row_inner]
[row_inner style=""collapse"" padding=""0px 0px 10px 0px""]
[col_inner span__sm=""12""]
[featured_box img=""22778"" img_width=""30"" pos=""left""]
<h3>Innovación Continua</h3>
[/featured_box]
[gap height=""10px""]
[ux_text text_color=""#2467a2""]
<p>Nos adaptamos a las necesidades cambiantes del mercado.</p>
[/ux_text]
[/col_inner]
[/row_inner]
[/col]
[/row]
[/section]
[section label=""Team Members"" bg_color=""#2467a2"" dark=""true"" padding=""100px"" padding__sm=""30px""]
[row h_align=""center""]
[col span__sm=""12"" align=""center""]
<h3><span style=""font-size: 150%;"">Nuestro Equipo</span></h3>
<p>Profesionales dedicados a tu éxito.</p>
[/col]
[col span=""4"" span__sm=""12""]
[ux_image_box style=""shade"" img=""22772"" image_hover=""zoom""]
<h4><span style=""font-size: 140%;"">Nombre del Consultor</span></h4>
<p>Consultor Principal</p>
[follow style=""small"" facebook=""3"" instagram=""3"" twitter=""#""]
[/ux_image_box]
[/col]
[col span=""4"" span__sm=""12""]
[ux_image_box style=""shade"" img=""22771"" image_hover=""zoom""]
<h4><span style=""font-size: 140%;"">Nombre del Consultor</span></h4>
<p>Consultor de Estrategia</p>
[follow style=""small"" facebook=""3"" instagram=""3"" twitter=""#""]
[/ux_image_box]
[/col]
[col span=""4"" span__sm=""12""]
[ux_image_box style=""shade"" img=""22770"" image_hover=""zoom""]
<h4><span style=""font-size: 140%;"">Nombre del Consultor</span></h4>
<p>Consultor de Procesos</p>
[follow style=""small"" facebook=""3"" instagram=""3"" twitter=""#""]
[/ux_image_box]
[/col]
[col span=""2"" span__sm=""12"" align=""center""]
[button text=""Sobre Nosotros"" letter_case=""lowercase"" style=""underline""]
[/col]
[/row]
[/section]
[section label=""Partners"" bg_color=""rgb(246, 246, 246)""]
[ux_gallery ids=""13491,13490,13488,13489,13487,13486"" style=""none"" columns=""6"" columns__sm=""3"" columns__md=""3""]
[gap height=""100px""]
[/section]
[section label=""Call to action"" bg_color=""#2467a2"" bg_overlay=""rgba(0,0,0,.5)"" dark=""true"" padding=""0px"" height=""0px""]
[row col_bg=""rgb(34, 49, 246)"" h_align=""center"" padding=""50px 50px 30px 50px"" padding__sm=""45px 25px 15px 25px"" padding__md=""45px 80px 15px 80px""]
[col span__sm=""12"" margin=""-100px 0px 0px 0px"" bg_color=""#2467a2""]
<h6>Consulta Gratuita</h6>
[row_inner style=""small"" width=""full-width"" v_align=""middle"" h_align=""center""]
[col_inner span=""6"" span__sm=""12"" span__md=""12""]
<h2><span style=""font-size: 150%;"">Únete a nuestros clientes satisfechos</span></h2>
[/col_inner]
[col_inner span=""6"" span__sm=""12"" span__md=""12""]
[button text=""Solicitar Consulta"" color=""secondary"" expand=""true""]
[button text=""Contáctanos"" color=""white"" style=""outline"" expand=""true""]
[/col_inner]
[/row_inner]
[/col]
[/row]
[gap height=""100px""]
[/section]",Portal de Soporte y Empleos,Recursos Humanos,Recursos Humanos,Portales de Empleados,Transformamos empresas a través de nuestra consultoría estratégica. Descubre cómo nuestro enfoque personalizado y nuestro equipo de expertos pueden impulsar el crecimiento y la eficiencia de tu negocio.,"Una imagen panorámica de una ciudad moderna con rascacielos, simbolizando el crecimiento y las oportunidades de negocio que Viaweb puede ayudar a alcanzar."
"[section label=""Hero"" bg=""24033"" bg_pos=""50% 37%"" parallax=""7"" dark=""true"" height=""650px"" height__sm=""500px"" height__md=""550px""]

[row]

[col span=""5"" span__sm=""12"" span__md=""6""]

<h1 style=""font-size:200%"">Asóciate con Viaweb<br /> y lleva tu negocio al siguiente nivel.</h1>
<p style=""font-size:130%"">En Viaweb, creemos en la colaboración para generar valor y crecer juntos.</p>
[gap height=""10px""]

[button text=""Nuestros Socios"" letter_case=""lowercase"" color=""#24ae7a""]

[button text=""Contáctanos"" letter_case=""lowercase"" color=""#ffffff"" style=""link"" icon=""icon-angle-right""]


[/col]

[/row]

[/section]
[section label=""Partnerships"" bg_color=""#f4f2f2"" padding=""70px""]

[row]

[col span__sm=""12""]

[row_inner style=""small"" h_align=""center""]

[col_inner span=""3"" span__sm=""12"" span__md=""12""]

<br />
<h2>Partnerships</h2>

[/col_inner]
[col_inner span=""3"" span__sm=""12"" span__md=""4"" margin=""0px 0px -15px 0px""]

<br />
<h5>Socios Estratégicos</h5>
<p>Colaboramos con empresas que comparten nuestra visión y valores.</p>

[/col_inner]
[col_inner span=""3"" span__sm=""12"" span__md=""4"" margin=""0px 0px -15px 0px""]

<br />
<h5>Beneficios de las Alianzas</h5>
<p>Las alianzas estratégicas ofrecen ventajas competitivas y acceso a nuevos mercados.</p>

[/col_inner]
[col_inner span=""3"" span__sm=""12"" span__md=""4"" margin=""0px 0px -15px 0px""]

<br />
<h5>Cómo Convertirse en Socio</h5>
<p>Te invitamos a conocer el proceso y requisitos para formar parte de nuestra red de socios.</p>

[/col_inner]

[/row_inner]

[/col]

[/row]
</section>
[section_inner label=""Text Call Out""]


[/section_inner]
[row h_align=""right""]

[col span=""5"" span__sm=""12"" padding=""0px 0px 10px 0px""]

<h2>¡Hablemos de asociación!</h2>
<p>Estamos aquí para explorar oportunidades de colaboración que beneficien a ambas partes. Contáctanos para discutir cómo podemos trabajar juntos.</p>
[button text=""Contáctanos"" letter_case=""lowercase"" style=""link"" icon=""icon-angle-right"" link=""#""]


[/col]

[/row]

[/section]
[section label=""Custom Footer"" bg=""https://www.flatelements.com/wp-content/uploads/2018/09/footer-sample-bg-1-ux-builder-elements-flatelements.jpg"" bg_color=""#ececec"" bg_overlay=""rgba(236, 236, 236, 0.88)"" bg_pos=""61% 0%""]

[row label=""Instagram Feed""]

[col span__sm=""12"" padding=""60px 0px 0px 0px""]

[ux_instagram_feed username=""buildinamsterdam"" caption=""0"" type=""slider"" auto_slide=""3000""]


[/col]

[/row]
[row label=""Follow"" style=""collapse"" h_align=""center"" class=""footer-4-follow-txt""]

[col span=""8"" span__sm=""12"" padding=""20px 0px 0px 0px"" align=""center""]

<br />
<h3>@viaweb</h3>
<p>Síguenos en <a href=""#"">Instagram</a></p>

[/col]

[/row]
[row label=""Links"" style=""collapse""]

[col span__sm=""12"" align=""center""]

[button text=""Socios"" style=""link""]

[button text=""Sobre Nosotros"" style=""link""]

[button text=""Servicios"" style=""link""]

[button text=""Contacto"" style=""link""]


[/col]

[/row]
[row label=""Social Icons"" h_align=""center"" class=""footer-4-social-icons""]

[col span=""8"" span__sm=""12"" padding=""20px 0px 0px 0px"" align=""center""]

[follow style=""fill"" facebook=""#"" instagram=""#"" twitter=""#"" pinterest=""#""]


[/col]

[/row]
[row label=""Copyright"" class=""footer-4-copyright""]

[col span__sm=""12"" align=""center""]

<p>© [ux_current_year] - Viaweb</p>

[/col]

[/row]

[/section]",Soluciones Tecnológicas Viaweb,Servicios,Servicios,Tecnología,Únete a nuestra red de socios estratégicos y lleva tu negocio al siguiente nivel. Explora las ventajas de colaborar con Viaweb y descubre cómo podemos crecer juntos en el mercado digital.,"Una imagen de dos personas estrechando las manos con un fondo de oficina moderna, representando la colaboración y las alianzas estratégicas que Viaweb ofrece a sus socios."
"[section label=""Hero"" bg=""24091"" bg_color=""#ffffff"" bg_pos=""57% 100%"" padding=""120px""]

[row label=""Title"" h_align=""center""]

[col span=""8"" span__sm=""12"" align=""center""]

<h6 data-text-color=""#28a745"">Planes y Precios</h6>
<h2 style=""font-size: 250%;"">Planes para todos</h2>
<p>En Viaweb, ofrecemos soluciones adaptadas a las necesidades de cada cliente. Nuestros planes están diseñados para brindar servicios de alta calidad, asegurando que cada empresa encuentre el soporte adecuado para su crecimiento.</p>
[button text=""Ver planes"" letter_case=""lowercase"" icon=""icon-angle-down"" link=""#planes""]

[/col]

[/row]
[gap height=""100px""]

[scroll_to title=""planes"" bullet=""false""]

[/section]
[section label=""Características"" bg_color=""#f7f5f4"" padding=""70px""]

[row h_align=""center""]

[col span=""9"" span__sm=""10"" span__md=""10"" padding=""40px 0px 0px 0px"" align=""center""]

<h6 data-text-color=""#28a745"">Características</h6>
<h2 style=""font-size: 220%;"">Todos los planes incluyen</h2>
[gap height=""60px""]

[row_inner label=""Características"" style=""large""]

[col_inner span=""6"" span__sm=""12"" span__md=""12""]

[featured_box img=""24094"" img_width=""40"" pos=""left""]

<br />
<h3>Aplicación de escritorio y móvil</h3>
<p>Acceso a nuestras soluciones en cualquier lugar y en cualquier dispositivo.</p>

[/featured_box]

[/col_inner]
[col_inner span=""6"" span__sm=""12"" span__md=""12""]

[featured_box img=""24098"" img_width=""40"" pos=""left""]

<br />
<h3>Estimaciones de tiempo</h3>
<p>Análisis de eficiencia para una mejor gestión del tiempo y recursos.</p>

[/featured_box]

[/col_inner]
[col_inner span=""6"" span__sm=""12"" span__md=""12""]

[featured_box img=""24092"" img_width=""40"" pos=""left""]

<br />
<h3>Facturación</h3>
<p>Gestión sencilla de facturas y pagos a través de nuestra plataforma.</p>

[/featured_box]

[/col_inner]
[col_inner span=""6"" span__sm=""12"" span__md=""12""]

[featured_box img=""24095"" img_width=""40"" pos=""left""]

<br />
<h3>Pagos en línea</h3>
<p>Opciones de pago seguras y rápidas para una experiencia sin complicaciones.</p>

[/featured_box]

[/col_inner]
[col_inner span=""6"" span__sm=""12"" span__md=""12""]

[featured_box img=""24093"" img_width=""40"" pos=""left""]

<br />
<h3>Informes avanzados</h3>
<p>Acceso a reportes detallados para la toma de decisiones informadas.</p>

[/featured_box]

[/col_inner]
[col_inner span=""6"" span__sm=""12"" span__md=""12""]

[featured_box img=""24096"" img_width=""40"" pos=""left""]

<br />
<h3>Tareas recurrentes</h3>
<p>Automatización de tareas para optimizar el flujo de trabajo.</p>

[/featured_box]

[/col_inner]

[/row_inner]

[/col]

[/row]

[/section]
[section label=""FAQ"" bg_color=""#f7f5f4"" padding=""70px""]

[row label=""Title"" h_align=""center""]

[col span=""9"" span__sm=""10"" span__md=""10"" padding=""40px 0px 0px 0px"" align=""center""]

<br />
<h6 data-text-color=""#28a745"">Preguntas</h6>
<h2 style=""font-size: 220%;"">Preguntas Frecuentes sobre Precios</h2>

[/col]

[/row]
[row label=""Questions Accordion"" h_align=""center"" padding=""40px 40px 40px 40px""]

[col span=""9"" span__sm=""11"" span__md=""10"" align=""left"" bg_color=""#ffffff""]

[accordion]

[accordion-item title=""¿Cuál es el propósito del período de prueba?""]

<p>El período de prueba permite a los usuarios evaluar nuestros servicios antes de comprometerse a un plan de pago.</p>

[/accordion-item]
[accordion-item title=""¿Pago mensual o anual?""]

<p>Ofrecemos opciones de pago mensuales y anuales para adaptarnos a tus necesidades.</p>

[/accordion-item]
[accordion-item title=""¿Puedo cancelar en cualquier momento?""]

<p>Sí, puedes cancelar tu suscripción en cualquier momento sin penalizaciones.</p>

[/accordion-item]
[accordion-item title=""¿Qué métodos de pago aceptan?""]

<p>Aceptamos diversas formas de pago, incluidas tarjetas de crédito y transferencias bancarias.</p>

[/accordion-item]
[accordion-item title=""¿Se calcula el IVA en el precio?""]

<p>El IVA se aplica según la legislación vigente y se reflejará en la factura final.</p>

[/accordion-item]
[accordion-item title=""¿Ofrecen descuentos?""]

<p>Sí, ofrecemos descuentos para planes anuales y para empresas que contratan múltiples servicios.</p>

[/accordion-item]

[/accordion]

[/col]

[/row]
[row label=""More Questions"" h_align=""center""]

[col span=""9"" span__sm=""10"" span__md=""10"" padding=""40px 0px 0px 0px"" align=""center""]

<h2>¿Más preguntas?</h2>
<p>Contacta a nuestro equipo de atención al cliente, estamos aquí para ayudarte.</p>
[button text=""Contáctanos"" letter_case=""lowercase""]

[/col]

[/row]

[/section]
[section label=""Planes de Precios"" bg_color=""#f7f5f4"" padding=""0px""]

[row label=""Planes"" h_align=""center""]

[col span__sm=""11"" margin=""-80px 0px 0px 0px""]

[row_inner class=""pricing-color-box""]

[col_inner span=""4"" span__sm=""12""]

[ux_price_table title=""Mini"" price=""$20"" description=""Por mes"" radius=""10"" depth_hover=""0""]

[bullet_item text=""Hasta 20 proyectos""]

[bullet_item text=""Hasta 20 páginas""]

[bullet_item text=""Dominio personalizado""]

[bullet_item text=""Diseño profesional""]

[button text=""Seleccionar plan"" letter_case=""lowercase"" color=""#28a745"" expand=""true""]

[/ux_price_table]

[/col_inner]
[col_inner span=""4"" span__sm=""12""]

[ux_price_table title=""Pequeño"" price=""$50"" description=""Por mes"" featured=""true"" radius=""10"" depth_hover=""0""]

[bullet_item text=""Hasta 50 proyectos""]

[bullet_item text=""Hasta 50 páginas""]

[bullet_item text=""Dominio personalizado""]

[bullet_item text=""Diseño profesional""]

[button text=""Seleccionar plan"" letter_case=""lowercase"" color=""#28a745"" expand=""true""]

[/ux_price_table]

[/col_inner]
[col_inner span=""4"" span__sm=""12""]

[ux_price_table title=""Grande"" price=""$100"" description=""Por mes"" radius=""10"" depth_hover=""0""]

[bullet_item text=""Hasta 100 proyectos""]

[bullet_item text=""Hasta 100 páginas""]

[bullet_item text=""Dominio personalizado""]

[bullet_item text=""Diseño profesional""]

[button text=""Seleccionar plan"" letter_case=""lowercase"" color=""#28a745"" expand=""true""]

[/ux_price_table]

[/col_inner]

[/row_inner]

[/col]

[/row]
[row label=""Otro Plan"" h_align=""center""]

[col span=""9"" span__sm=""10"" span__md=""10"" padding=""0px 0px 40px 0px"" align=""center""]

<h2>¿Necesitas mayor capacidad?</h2>
<p>No dudes en contactarnos</p>
[button text=""Contáctanos"" letter_case=""lowercase""]

[/col]

[/row]

[/section]",Implementaciones ERP Personalizadas,Servicios,Servicios,Soluciones ERP,"Encuentra el plan perfecto para tu negocio. Ofrecemos soluciones escalables con características avanzadas como aplicaciones móviles, facturación en línea y análisis detallados. Descubre nuestros precios transparentes y flexibles.","Una imagen de tres planes de precios presentados como cajas o tarjetas, con iconos que representen las características de cada plan, mostrando visualmente las opciones disponibles para los clientes."
"[section padding=""60px""]

<!-- wp:heading --> <h2 class=""wp-block-heading"" style=""color:#2467A2;"">Quiénes somos</h2> <!-- /wp:heading --> <!-- wp:paragraph --> <p><strong class=""privacy-policy-tutorial"">Texto sugerido: </strong>La dirección de nuestra web es: https://web.viaweb.net.ar.</p> <!-- /wp:paragraph --> <!-- wp:heading --> <h2 class=""wp-block-heading"" style=""color:#2467A2;"">Comentarios</h2> <!-- /wp:heading --> <!-- wp:paragraph --> <p><strong class=""privacy-policy-tutorial"">Texto sugerido: </strong>Cuando los visitantes dejan comentarios en la web, recopilamos los datos que se muestran en el formulario de comentarios, así como la dirección IP del visitante y la cadena de agentes de usuario del navegador, para ayudar a la detección de spam.</p> <!-- /wp:paragraph --> <!-- wp:paragraph --> <p>Una cadena anónima creada a partir de tu dirección de correo electrónico (también llamada hash) puede ser proporcionada al servicio de Gravatar para ver si la estás usando. La política de privacidad del servicio Gravatar está disponible en https://automattic.com/privacy/. Después de la aprobación de tu comentario, la imagen de tu perfil será visible para el público en el contexto de su comentario.</p> <!-- /wp:paragraph --> <!-- wp:heading --> <h2 class=""wp-block-heading"" style=""color:#2467A2;"">Multimedia</h2> <!-- /wp:heading --> <!-- wp:paragraph --> <p><strong class=""privacy-policy-tutorial"">Texto sugerido: </strong>Si subís imágenes a la web deberías evitar subir imágenes con datos de ubicación (GPS EXIF) incluidos. Los visitantes de la web pueden descargar y extraer cualquier dato de localización de las imágenes de la web.</p> <!-- /wp:paragraph --> <!-- wp:heading --> <h2 class=""wp-block-heading"" style=""color:#2467A2;"">Cookies</h2> <!-- /wp:heading --> <!-- wp:paragraph --> <p><strong class=""privacy-policy-tutorial"">Texto sugerido: </strong>Si dejás un comentario en nuestro sitio, podés optar por guardar tu nombre, dirección de correo electrónico y sitio web en las cookies. Estos son para tu conveniencia para que no tengas que volver a ingresar tus datos cuando dejés otro comentario. Estas cookies durarán un año.</p> <!-- /wp:paragraph --> <!-- wp:paragraph --> <p>Si tenés una cuenta e iniciás sesión en este sitio, estableceremos una cookie temporal para determinar si tu navegador acepta cookies. Esta cookie no contiene datos personales y es descartada al cerrar el navegador.</p> <!-- /wp:paragraph --> <!-- wp:paragraph --> <p>Cuando iniciás sesión, también configuraremos varias cookies para guardar tu información de inicio de sesión y tus opciones de visualización en pantalla. Las cookies de inicio de sesión duran dos días y las cookies de opciones de pantalla duran un año. Si seleccionás &quot;Recordarme&quot;, tu inicio de sesión se mantendrá durante dos semanas. Si cerrás la sesión, se eliminarán las cookies de inicio de sesión.</p> <!-- /wp:paragraph --> <!-- wp:paragraph --> <p>Si editás o publicás un artículo, se guardará una cookie adicional en tu navegador. Esta cookie no incluye datos personales y simplemente indica el ID de publicación del artículo que acabás de editar. Caduca después de 1 día.</p> <!-- /wp:paragraph --> <!-- wp:heading --> <h2 class=""wp-block-heading"" style=""color:#2467A2;"">Contenido embebido desde otros sitios web</h2> <!-- /wp:heading --> <!-- wp:paragraph --> <p><strong class=""privacy-policy-tutorial"">Texto sugerido: </strong>Los artículos en este sitio pueden incluir contenido incrustado (por ejemplo, videos, imágenes, artículos, etc.). El contenido incrustado de otros sitios web se comporta de la misma manera que si el visitante hubiera visitado el otro sitio web.</p> <!-- /wp:paragraph --> <!-- wp:paragraph --> <p>Estos sitios web pueden recopilar tus datos, utilizar cookies, incrustar un sistema de seguimiento de terceros y supervisar su interacción con ese contenido incrustado, incluyendo el rastreo de tu interacción con el contenido incrustado si tenés una cuenta y estás conectado a ese sitio web.</p> <!-- /wp:paragraph --> <!-- wp:heading --> <h2 class=""wp-block-heading"" style=""color:#2467A2;"">Con quién compartimos datos</h2> <!-- /wp:heading --> <!-- wp:paragraph --> <p><strong class=""privacy-policy-tutorial"">Texto sugerido: </strong>Si solicitás un restablecimiento de contraseña, tu dirección IP será incluida en el correo electrónico de restablecimiento.</p> <!-- /wp:paragraph --> <!-- wp:heading --> <h2 class=""wp-block-heading"" style=""color:#2467A2;"">Cuánto tiempo guardamos tus datos</h2> <!-- /wp:heading --> <!-- wp:paragraph --> <p><strong class=""privacy-policy-tutorial"">Texto sugerido: </strong>Si dejás un comentario, el comentario y sus metadatos se conservan indefinidamente. Esto es para que podamos reconocer y aprobar cualquier comentario de seguimiento de forma automática en lugar de mantenerlos en una cola de moderación.</p> <!-- /wp:paragraph --> <!-- wp:paragraph --> <p>Para los usuarios que se registran en nuestro sitio web (si corresponde), también almacenamos la información personal que proporcionan en su perfil de usuario. Todos los usuarios pueden ver, editar o eliminar su información personal en cualquier momento (excepto que no pueden cambiar su nombre de usuario). Los administradores del sitio web también pueden ver y editar esa información.</p> <!-- /wp:paragraph --> <!-- wp:heading --> <h2 class=""wp-block-heading"" style=""color:#2467A2;"">Qué derechos tenés sobre tus datos</h2> <!-- /wp:heading --> <!-- wp:paragraph --> <p><strong class=""privacy-policy-tutorial"">Texto sugerido: </strong>Si tenés una cuenta en este sitio o has dejado comentarios, podés solicitar un archivo exportado de los datos personales tuyos que tenemos, incluidos los datos que nos hayas proporcionado. También podés solicitar que borremos cualquier dato personal tuyo que tengamos. Esto no incluye datos que estamos obligados a mantener para fines administrativos, legales o de seguridad.</p> <!-- /wp:paragraph --> <!-- wp:heading --> <h2 class=""wp-block-heading"" style=""color:#2467A2;"">Dónde se envían tus datos</h2> <!-- /wp:heading --> <!-- wp:paragraph --> <p><strong class=""privacy-policy-tutorial"">Texto sugerido: </strong>Los comentarios de los visitantes se pueden verificar a través de un servicio automático de detección de spam.</p> <!-- /wp:paragraph -->

[/section]",Servicios de Desarrollo Web,Servicios,Servicios,Desarrollo Web,"Conoce nuestra política de privacidad. Aquí encontrarás información detallada sobre cómo manejamos tus datos personales, el uso de cookies y tus derechos como usuario de nuestro sitio web.","Una imagen de un escudo o un candado junto a documentos, representando la protección de datos y la privacidad que Viaweb garantiza a sus usuarios."
"[section label=""Info Page: Corporate Minimal"" bg=""24110"" bg_color=""#f4f4f4"" bg_pos=""35% 26%"" padding=""80px""]

[row label=""Hero""]

[col span=""6"" span__sm=""12"" span__md=""8"" padding=""20px 0px 0px 0px""]

<h3>Hacemos la diferencia</h3>
<h2 style=""font-size:250%;"">Ayudamos a los innovadores a construir productos valiosos.</h2>
<p>Ingeniería de software de pila completa</p>
[button text=""Ver nuestro trabajo"" radius=""4"" link=""https://domains.connaxis.hosting/"" target=""_blank""]

[button text=""Clientes"" style=""outline"" radius=""4"" link=""https://domains.connaxis.hosting/"" target=""_blank""]


[/col]

[/row]

[/section]
[section label=""Content"" padding=""80px""]

[row label=""Intro"" h_align=""center""]

[col span=""7"" span__sm=""12"" align=""center""]

<h2>Un vistazo a nuestra cultura<br /> </h2>
<p>En Viaweb, estamos comprometidos con la excelencia y el crecimiento sostenible. Cada proyecto que emprendemos refleja nuestra misión y visión, asegurando que cada solución esté alineada con las necesidades de nuestros clientes. Nuestra cultura se basa en la innovación, la dedicación al cliente y el trabajo en equipo.</p>
[gap]


[/col]

[/row]
[row label=""Bullets"" style=""large"" h_align=""center""]

[col span=""6"" span__sm=""12""]

[featured_box img=""24117"" img_width=""25"" pos=""left"" margin=""0px 0px 10px 0px"" icon_color=""#f8951d"" class=""icon-sets""]

<br />
<h4>Investigación inicial</h4>

[/featured_box]
<p>Realizamos un análisis detallado sobre las necesidades de su negocio, asegurando que nuestras soluciones sean personalizadas y efectivas. Desde el ERP y CRM hasta soluciones de inteligencia de negocios, nos aseguramos de entender su contexto antes de avanzar.</p>

[/col]
[col span=""6"" span__sm=""12""]

[featured_box img=""24116"" img_width=""25"" pos=""left"" margin=""0px 0px 10px 0px"" icon_color=""#f8951d"" class=""icon-sets""]

<br />
<h4>Validación</h4>

[/featured_box]
<p>Implementamos un enfoque de validación continua, garantizando que cada etapa del proceso de desarrollo cumpla con los estándares de calidad. Utilizamos casos de estudio y ejemplos de éxito para medir el impacto de nuestras soluciones.</p>

[/col]
[col span=""6"" span__sm=""12""]

[featured_box img=""24115"" img_width=""25"" pos=""left"" margin=""0px 0px 10px 0px"" icon_color=""#f8951d"" class=""icon-sets""]

<br />
<h4>Agilidad</h4>

[/featured_box]
<p>Adoptamos metodologías ágiles para asegurar que nuestros proyectos se adapten rápidamente a los cambios de requisitos y necesidades del mercado. Nuestra capacidad de respuesta nos permite entregar resultados efectivos en tiempos reducidos.</p>

[/col]
[col span=""6"" span__sm=""12""]

[featured_box img=""24114"" img_width=""25"" pos=""left"" margin=""0px 0px 10px 0px"" icon_color=""#f8951d"" class=""icon-sets""]

<br />
<h4>Liderazgo</h4>

[/featured_box]
<p>Contamos con un equipo directivo experimentado que guía a Viaweb hacia el éxito. Nuestros valores corporativos, como el compromiso y la innovación, son reflejados en cada proyecto que llevamos a cabo.</p>

[/col]

[/row]

[/section]
[section label=""Call to action"" bg_color=""#f4f4f4""]

[row]

[col span__sm=""12"" margin=""-80px 0px 0px 0px"" align=""center""]

[featured_box img=""22796"" img_width=""100"" pos=""center"" class=""circle""]

<br />
<h5>Trabajemos juntos</h5>
<h2>¿Listo para construir algo valioso?<br /> </h2>

[/featured_box]
[gap height=""20px""]

[button text=""Intentémoslo"" color=""secondary"" radius=""4"" icon=""icon-angle-right"" icon_reveal=""true""]


[/col]

[/row]
[gap]


[/section]",Soluciones Tecnológicas,Servicios,Servicios,Tecnología,"Somos expertos en ingeniería de software de pila completa. Ayudamos a innovadores a construir productos valiosos, ofreciendo soluciones personalizadas y efectivas para impulsar el crecimiento de su negocio.","Una imagen de un equipo diverso de profesionales trabajando juntos en una oficina moderna, con pantallas mostrando gráficos y datos, simbolizando la colaboración y la innovación en el desarrollo de productos valiosos."
"[section padding=""60px""]

[thrivedesk_portal]
[/thrivedesk_portal]
[/section]",Soluciones ERP,Servicios,Servicios,ERP,Acceda a nuestro portal de soporte al cliente para obtener asistencia rápida y eficiente. Estamos aquí para ayudarle con cualquier consulta o problema que pueda tener.,"Una imagen de un portal de soporte al cliente moderno y atractivo, con iconos intuitivos y una interfaz fácil de usar, representando la plataforma ThriveDesk mencionada en el código."
"[section label=""Métricas de Éxito"" bg_color=""#2467a2"" dark=""true"" padding=""60px""]

[row width=""full-width"" h_align=""center""]

[col span__sm=""12"" align=""center""]

[ux_text text_align=""center""]

<h2>Métricas de Éxito</h2>
<p>En Viaweb, medimos nuestro éxito a través de los logros de nuestros clientes. Aquí te mostramos algunas de nuestras métricas clave:</p>
[/ux_text]
[row_inner col_style=""divided"" width=""full-width"" v_align=""middle""]

[col_inner span=""4""]

</p>
<h3>+30%</h3>
<p>Aumento en la eficiencia operativa de nuestros clientes tras implementar nuestras soluciones.</p>

[/col_inner]
[col_inner span=""4""]

</p>
<h3>+40%</h3>
<p>Incremento en la satisfacción del cliente gracias a un mejor servicio y soporte.</p>

[/col_inner]
[col_inner span=""4""]

</p>
<h3>+25%</h3>
<p>Reducción de costos operativos mediante la optimización de procesos.</p>

[/col_inner]

[/row_inner]

[/col]

[/row]

[/section]",Comparativa de servicios,Servicios,Servicios,Comparación,"Descubra nuestras impresionantes métricas de éxito. Hemos logrado aumentar la eficiencia operativa de nuestros clientes en un 30%, incrementar la satisfacción del cliente en un 40% y reducir los costos operativos en un 25%.","Un collage de imágenes que muestren diferentes métricas de éxito: gráficos de crecimiento, personas celebrando logros, y pantallas de computadora con estadísticas positivas, todo en tonos azules para mantener la coherencia con el esquema de colores mencionado."
"[block id=""about-us-company-culture""]
[block id=""company-overview-culture""]
[block id=""partners-partnerships""]
[block id=""partnerships-benefits""]
[block id=""partnerships-business-collaboration""]
[block id=""partnerships-strategic-alliances""]",Servicios ofrecidos,Servicios,Servicios,Resumen,"Explore nuestra amplia gama de servicios, desde soluciones ERP y CRM hasta marketing digital y desarrollo de software. Ofrecemos soluciones tecnológicas integrales para impulsar su negocio.","Una serie de imágenes en mosaico que representen diferentes aspectos de la cultura empresarial: reuniones de equipo, espacios de trabajo colaborativos, personas trabajando en proyectos tecnológicos, y logotipos de empresas asociadas."
"[block id=""services-e-commerce-and-digital-marketing""]
[block id=""services-erp-solutions""]
[block id=""services-features""]
[block id=""services-industry-solutions""]
[block id=""services-marketing-digital""]
[block id=""services-technology-solutions""]
[block id=""soluciones-tecnologicas-erp-y-crm""]
[block id=""servicios-ingenieria-de-software""]
[block id=""features-main-features""]
[block id=""services-comparison""]",Consultoría empresarial,Servicios,Servicios,Consultoría,"Conozca nuestras soluciones tecnológicas avanzadas, incluyendo servicios de e-commerce, marketing digital, ERP y CRM. Ofrecemos soluciones personalizadas para diversos sectores industriales.","Un montaje visual que muestre diferentes servicios tecnológicos: pantallas con código, dispositivos móviles con aplicaciones, servidores de datos, y personas utilizando software de gestión empresarial, todo presentado en un estilo moderno y profesional."
"[block id=""faq-general-questions""]",Desarrollo web e-commerce,Servicios,Servicios,Desarrollo web,Encuentre respuestas a las preguntas más frecuentes sobre nuestros servicios y soluciones. Nuestra sección de FAQ está diseñada para proporcionar información rápida y clara.,"Una imagen de una sección de preguntas frecuentes atractiva y bien organizada, con iconos para cada categoría de preguntas y un diseño limpio que invite a los usuarios a explorar y encontrar respuestas fácilmente."
"<!-- wp:html -->[block id=""slider-hero""]
[block id=""layout-section-padding""]
[block id=""undefined-undefined""]
<!-- /wp:html -->",Marketing digital,Servicios,Servicios,Marketing,Explore nuestro sitio web con facilidad. Utilice nuestra herramienta de búsqueda para encontrar rápidamente la información que necesita sobre nuestros servicios y soluciones.,"Una imagen de un slider hero moderno y dinámico, mostrando diferentes aspectos de los servicios de la empresa, con superposiciones de texto llamativas y botones de llamada a la acción claros."
"[block id=""digital-marketing-branding-and-design""]",Implementación ERP,Servicios,Servicios,ERP,"Descubra nuestros servicios de marketing digital, branding y diseño. Ayudamos a las empresas a crear una presencia en línea impactante y a desarrollar estrategias de marketing efectivas.","Una imagen que represente el marketing digital y el diseño de marca, mostrando una combinación de elementos como logotipos, paletas de colores, dispositivos móviles con redes sociales y gráficos de análisis de marketing."
"[block id=""erp-implementaciones-personalizadas""]
[block id=""erp-implementation-custom-solutions""]",Soluciones por industria,Servicios,Servicios,Industrias,Conozca nuestras soluciones ERP personalizadas. Ofrecemos implementaciones a medida para optimizar los procesos de su empresa y mejorar la eficiencia operativa.,"Una imagen que ilustre la implementación de soluciones ERP personalizadas, mostrando una interfaz de usuario de software ERP junto con un equipo de profesionales trabajando en su personalización."
"Pages list
Tabla ordenada por fecha. Descendente.
Seleccionar todos	Título
Orden ascendente.
Shortcode	Categorías	Fecha
Last Modified
Seleccionar Contact-Call-to-Action	Contact-Call-to-Action
Editar | Edit with UX Builder | Edición rápida | Papelera | Ver | Merge
[block id=""contact-call-to-action""]
—No hay categorías	Publicada
20/03/2025 a las 3:01 pm	20/03/2025
Seleccionar Desarrollo-Web-E-Commerce	Desarrollo-Web-E-Commerce
Editar | Edit with UX Builder | Edición rápida | Papelera | Ver | Merge
[block id=""desarrollo-web-e-commerce-2""]
—No hay categorías	Publicada
20/03/2025 a las 3:01 pm	20/03/2025
Seleccionar Digital-Marketing-Branding-and-Design	Digital-Marketing-Branding-and-Design
Editar | Edit with UX Builder | Edición rápida | Papelera | Ver | Merge
[block id=""digital-marketing-branding-and-design""]
—No hay categorías	Publicada
20/03/2025 a las 3:01 pm	20/03/2025
Seleccionar Education-Online-Business-Courses	Education-Online-Business-Courses
Editar | Edit with UX Builder | Edición rápida | Papelera | Ver | Merge
[block id=""education-online-business-courses""]
—No hay categorías	Publicada
20/03/2025 a las 3:01 pm	20/03/2025
Seleccionar ERP-Implementaciones-Personalizadas	ERP-Implementaciones-Personalizadas
Editar | Edit with UX Builder | Edición rápida | Papelera | Ver | Merge
[block id=""erp-implementaciones-personalizadas""]
—No hay categorías	Publicada
20/03/2025 a las 3:01 pm	20/03/2025
Seleccionar ERP-Implementation-Custom-Solutions	ERP-Implementation-Custom-Solutions
Editar | Edit with UX Builder | Edición rápida | Papelera | Ver | Merge
[block id=""erp-implementation-custom-solutions""]
—No hay categorías	Publicada
20/03/2025 a las 3:01 pm	20/03/2025
Seleccionar Especificaciones-ERP	Especificaciones-ERP
Editar | Edit with UX Builder | Edición rápida | Papelera | Ver | Merge
[block id=""especificaciones-erp""]
—No hay categorías	Publicada
20/03/2025 a las 3:01 pm	20/03/2025
Seleccionar FAQ-General-Questions	FAQ-General-Questions
Editar | Edit with UX Builder | Edición rápida | Papelera | Ver | Merge
[block id=""faq-general-questions""]
—No hay categorías	Publicada
20/03/2025 a las 3:01 pm	20/03/2025
Seleccionar Features-Main-Features	Features-Main-Features
Editar | Edit with UX Builder | Edición rápida | Papelera | Ver | Merge
[block id=""features-main-features""]
—No hay categorías	Publicada
20/03/2025 a las 3:01 pm	20/03/2025
Seleccionar Hero-E-commerce	Hero-E-commerce
Editar | Edit with UX Builder | Edición rápida | Papelera | Ver | Merge
[block id=""hero-e-commerce""]
—No hay categorías	Publicada
20/03/2025 a las 3:01 pm	20/03/2025
Seleccionar Hero-ERP-Solutions	Hero-ERP-Solutions
Editar | Edit with UX Builder | Edición rápida | Papelera | Ver | Merge
[block id=""hero-erp-solutions""]
—No hay categorías	Publicada
20/03/2025 a las 3:01 pm	20/03/2025
Seleccionar Home-Hero	Home-Hero
Editar | Edit with UX Builder | Edición rápida | Papelera | Ver | Merge
[block id=""home-hero""]
—No hay categorías	Publicada
20/03/2025 a las 3:01 pm	20/03/2025
Seleccionar Homepage-Hero-Section	Homepage-Hero-Section
Editar | Edit with UX Builder | Edición rápida | Papelera | Ver | Merge
[block id=""homepage-hero-section""]
—No hay categorías	Publicada
20/03/2025 a las 3:01 pm	20/03/2025
Seleccionar Homepage-Hero-Slider	Homepage-Hero-Slider
Editar | Edit with UX Builder | Edición rápida | Papelera | Ver | Merge
[block id=""homepage-hero-slider""]
—No hay categorías	Publicada
20/03/2025 a las 3:01 pm	20/03/2025
Seleccionar HTML-WordPress	HTML-WordPress
Editar | Edit with UX Builder | Edición rápida | Papelera | Ver | Merge
[block id=""html-wordpress""]
—No hay categorías	Publicada
20/03/2025 a las 3:01 pm	20/03/2025
Seleccionar Industry-Solutions-Retail,-Manufacturing,-Agroindustry	Industry-Solutions-Retail,-Manufacturing,-Agroindustry
Editar | Edit with UX Builder | Edición rápida | Papelera | Ver | Merge
[block id=""industry-solutions-retail-manufacturing-agroindustry""]
—No hay categorías	Publicada
20/03/2025 a las 3:01 pm	20/03/2025
Seleccionar Layout-Section-Padding	Layout-Section-Padding
Editar | Edit with UX Builder | Edición rápida | Papelera | Ver | Merge
[block id=""layout-section-padding""]
—No hay categorías	Publicada
20/03/2025 a las 3:01 pm	20/03/2025
Seleccionar Legal-Privacy-Policy	Legal-Privacy-Policy
Editar | Edit with UX Builder | Edición rápida | Papelera | Ver | Merge
[block id=""legal-privacy-policy""]
—No hay categorías	Publicada
20/03/2025 a las 3:01 pm	20/03/2025
Seleccionar Marketing-Digital-Consultoría-Integrada	Marketing-Digital-Consultoría-Integrada
Editar | Edit with UX Builder | Edición rápida | Papelera | Ver | Merge
[block id=""marketing-digital-consultoria-integrada""]
—No hay categorías	Publicada
20/03/2025 a las 3:01 pm	20/03/2025
Seleccionar Newsletter-Subscription	Newsletter-Subscription
Editar | Edit with UX Builder | Edición rápida | Papelera | Ver | Merge
[block id=""newsletter-subscription""]
—No hay categorías	Publicada
20/03/2025 a las 3:01 pm	20/03/2025
Seleccionar Online-Learning-Course-Catalog	Online-Learning-Course-Catalog
Editar | Edit with UX Builder | Edición rápida | Papelera | Ver | Merge
[block id=""online-learning-course-catalog""]
—No hay categorías	Publicada
20/03/2025 a las 3:01 pm	20/03/2025
Seleccionar Partners-Partnerships	Partners-Partnerships
Editar | Edit with UX Builder | Edición rápida | Papelera | Ver | Merge
[block id=""partners-partnerships""]
—No hay categorías	Publicada
20/03/2025 a las 3:01 pm	20/03/2025
Seleccionar Partnerships-Benefits	Partnerships-Benefits
Editar | Edit with UX Builder | Edición rápida | Papelera | Ver | Merge
[block id=""partnerships-benefits""]
—No hay categorías	Publicada
20/03/2025 a las 3:01 pm	20/03/2025
Seleccionar Partnerships-Business-Collaboration	Partnerships-Business-Collaboration
Editar | Edit with UX Builder | Edición rápida | Papelera | Ver | Merge
[block id=""partnerships-business-collaboration""]
—No hay categorías	Publicada
20/03/2025 a las 3:01 pm	20/03/2025
Seleccionar Partnerships-Strategic-Alliances	Partnerships-Strategic-Alliances
Editar | Edit with UX Builder | Edición rápida | Papelera | Ver | Merge
[block id=""partnerships-strategic-alliances""]
—No hay categorías	Publicada
20/03/2025 a las 3:01 pm	20/03/2025
Seleccionar Pricing-License-Plans	Pricing-License-Plans
Editar | Edit with UX Builder | Edición rápida | Papelera | Ver | Merge
[block id=""pricing-license-plans""]
—No hay categorías	Publicada
20/03/2025 a las 3:01 pm	20/03/2025
Seleccionar Pricing-Plans	Pricing-Plans
Editar | Edit with UX Builder | Edición rápida | Papelera | Ver | Merge
[block id=""pricing-plans""]
—No hay categorías	Publicada
20/03/2025 a las 3:01 pm	20/03/2025
Seleccionar Pricing-Plans-and-FAQ	Pricing-Plans-and-FAQ
Editar | Edit with UX Builder | Edición rápida | Papelera | Ver | Merge
[block id=""pricing-plans-and-faq""]
—No hay categorías	Publicada
20/03/2025 a las 3:01 pm	20/03/2025
Seleccionar Pricing-Plans-and-Features	Pricing-Plans-and-Features
Editar | Edit with UX Builder | Edición rápida | Papelera | Ver | Merge
[block id=""pricing-plans-and-features""]
—No hay categorías	Publicada
20/03/2025 a las 3:01 pm	20/03/2025
Seleccionar Pricing-Service-Comparison	Pricing-Service-Comparison
Editar | Edit with UX Builder | Edición rápida | Papelera | Ver | Merge
[block id=""pricing-service-comparison""]
—No hay categorías	Publicada
20/03/2025 a las 3:01 pm	20/03/2025
Seleccionar Product-Specifications-ERP-Features	Product-Specifications-ERP-Features
Editar | Edit with UX Builder | Edición rápida | Papelera | Ver | Merge
[block id=""product-specifications-erp-features""]
—No hay categorías	Publicada
20/03/2025 a las 3:01 pm	20/03/2025
Seleccionar Recursos-Materiales-Educativos	Recursos-Materiales-Educativos
Editar | Edit with UX Builder | Edición rápida | Papelera | Ver | Merge
[block id=""recursos-materiales-educativos""]
—No hay categorías	Publicada
20/03/2025 a las 3:01 pm	20/03/2025
Seleccionar Resources-Downloads	Resources-Downloads
Editar | Edit with UX Builder | Edición rápida | Papelera | Ver | Merge
[block id=""resources-downloads""]
—No hay categorías	Publicada
20/03/2025 a las 3:01 pm	20/03/2025
Seleccionar Resources-Knowledge-Base	Resources-Knowledge-Base
Editar | Edit with UX Builder | Edición rápida | Papelera | Ver | Merge
[block id=""resources-knowledge-base""]
—No hay categorías	Publicada
20/03/2025 a las 3:01 pm	20/03/2025
Seleccionar Search-Results	Search-Results
Editar | Edit with UX Builder | Edición rápida | Papelera | Ver | Merge
[block id=""search-results""]
—No hay categorías	Publicada
20/03/2025 a las 3:01 pm	20/03/2025
Seleccionar Services-Comparison	Services-Comparison
Editar | Edit with UX Builder | Edición rápida | Papelera | Ver | Merge
[block id=""services-comparison""]
—No hay categorías	Publicada
20/03/2025 a las 3:01 pm	20/03/2025
Seleccionar Services-E-commerce-and-Digital-Marketing	Services-E-commerce-and-Digital-Marketing
Editar | Edit with UX Builder | Edición rápida | Papelera | Ver | Merge
[block id=""services-e-commerce-and-digital-marketing""]
—No hay categorías	Publicada
20/03/2025 a las 3:01 pm	20/03/2025
Seleccionar Services-ERP-Solutions	Services-ERP-Solutions
Editar | Edit with UX Builder | Edición rápida | Papelera | Ver | Merge
[block id=""services-erp-solutions""]
—No hay categorías	Publicada
20/03/2025 a las 3:01 pm	20/03/2025
Seleccionar Services-Features	Services-Features
Editar | Edit with UX Builder | Edición rápida | Papelera | Ver | Merge
[block id=""services-features""]
—No hay categorías	Publicada
20/03/2025 a las 3:01 pm	20/03/2025
Seleccionar Services-Industry-Solutions	Services-Industry-Solutions
Editar | Edit with UX Builder | Edición rápida | Papelera | Ver | Merge
[block id=""services-industry-solutions""]
—No hay categorías	Publicada
20/03/2025 a las 3:01 pm	20/03/2025
Seleccionar Services-Marketing-Digital	Services-Marketing-Digital
Editar | Edit with UX Builder | Edición rápida | Papelera | Ver | Merge
[block id=""services-marketing-digital""]
—No hay categorías	Publicada
20/03/2025 a las 3:01 pm	20/03/2025
Seleccionar Services-Technology-Solutions	Services-Technology-Solutions
Editar | Edit with UX Builder | Edición rápida | Papelera | Ver | Merge
[block id=""services-technology-solutions""]
—No hay categorías	Publicada
20/03/2025 a las 3:01 pm	20/03/2025
Seleccionar Servicios-Ingeniería-de-Software	Servicios-Ingeniería-de-Software
Editar | Edit with UX Builder | Edición rápida | Papelera | Ver | Merge
[block id=""servicios-ingenieria-de-software""]
—No hay categorías	Publicada
20/03/2025 a las 3:01 pm	20/03/2025
Seleccionar Slider-Hero	Slider-Hero
Editar | Edit with UX Builder | Edición rápida | Papelera | Ver | Merge
[block id=""slider-hero""]
—No hay categorías	Publicada
20/03/2025 a las 3:01 pm	20/03/2025
Seleccionar Soluciones-Tecnológicas-ERP-y-CRM	Soluciones-Tecnológicas-ERP-y-CRM
Editar | Edit with UX Builder | Edición rápida | Papelera | Ver | Merge
[block id=""soluciones-tecnologicas-erp-y-crm""]
—No hay categorías	Publicada
20/03/2025 a las 3:01 pm	20/03/2025
Seleccionar Success-Metrics-Client-Achievements	Success-Metrics-Client-Achievements
Editar | Edit with UX Builder | Edición rápida | Papelera | Ver | Merge
[block id=""success-metrics-client-achievements""]
—No hay categorías	Publicada
20/03/2025 a las 3:01 pm	20/03/2025
Seleccionar Testimonials-Client-Feedback	Testimonials-Client-Feedback
Editar | Edit with UX Builder | Edición rápida | Papelera | Ver | Merge
[block id=""testimonials-client-feedback""]
—No hay categorías	Publicada
20/03/2025 a las 3:01 pm	20/03/2025
Seleccionar Website-Design-Slider	Website-Design-Slider
Editar | Edit with UX Builder | Edición rápida | Papelera | Ver | Merge
[block id=""website-design-slider""]
—No hay categorías	Publicada
20/03/2025 a las 3:01 pm	20/03/2025
Seleccionar todos	Título
Orden ascendente.
Shortcode	Categorías	Fecha
Last Modified
Selecciona acción en lote
Acciones en lote
48 elementos",Página de Inicio de Consultoría,Servicios,Servicios Empresariales,Consultoría,"Explore nuestra lista completa de páginas web. Desde servicios y soluciones hasta recursos y testimonios, encuentre fácilmente la información que busca sobre nuestra empresa y ofertas.","Un collage de imágenes que representen los diferentes bloques de contenido mencionados, como testimonios de clientes, características de productos, planes de precios, y recursos educativos, organizados de manera atractiva y coherente."
"[section padding=""60px""]
[thrivedesk_portal]
[/thrivedesk_portal]
[/section]
[section padding=""60px""]
[thrivedesk_portal]
[/thrivedesk_portal]
[/section]
[section padding=""60px""]
[jobs]
[/jobs]
[/section]
<!-- wp:html --><!-- /wp:html -->
[section padding=""60px""]
[/section]
[section padding=""60px""]
<!-- wp:yext/search-results {""url"":""""} /-->
[/section]
<!-- wp:html --><!-- /wp:html -->",Página de Inicio de Consultoría,Servicios,Servicios Empresariales,Consultoría,Acceda a nuestro portal de soporte al cliente y explore nuestras oportunidades de empleo. Estamos comprometidos con brindar un excelente servicio y en busca de talento para unirse a nuestro equipo.,"Una imagen que muestre una combinación de elementos de soporte al cliente, oportunidades de empleo y resultados de búsqueda, representando las diferentes secciones mencionadas en el código."
"[ux_slider label=""Hero"" slide_width=""6000px"" draggable=""false"" nav_style=""simple"" bullets=""false"" bullet_style=""simple"" timer=""3000"" pause_hover=""false""]

[section bg=""22765"" bg_size=""original"" bg_color=""#2467a2"" bg_overlay=""rgba(0, 0, 0, 0.44)"" bg_pos=""42% 12%"" hover=""zoom-long"" dark=""true"" padding__sm=""100px"" height=""600px""]

[row width=""full-width"" h_align=""center"" padding=""0px 0px 0px 0px""]

[col span=""6"" span__sm=""12"" span__md=""10"" align=""center"" animate=""fadeInDown""]

<h1><span style=""font-size: 200%;"">Consultoría Empresarial</span></h1>
<p>Su aliado estratégico en soluciones empresariales</p>
[gap height=""10px""]

[button text=""Ver Video"" letter_case=""lowercase"" color=""success"" padding=""5px 20px 5px 20px"" radius=""40"" icon=""icon-play"" icon_pos=""left""]


[/col]

[/row]

[/section]

[/ux_slider]
[section label=""Video"" bg_color=""#2467a2"" dark=""true"" padding=""100px"" padding__sm=""75px""]

[gap height=""40px""]

[row style=""large"" v_align=""middle"" h_align=""center""]

[col span=""6"" span__sm=""12"" span__md=""10"" animate=""fadeInUp""]

<h6>VIDEO</h6>
<h3><span style=""font-size: 200%;"">Pasión por la Consultoría</span></h3>
<p>Transformamos empresas a través de un enfoque personalizado y estratégico.</p>

[/col]
[col span=""6"" span__sm=""12"" span__md=""10"" force_first=""medium"" animate=""fadeInUp""]

[ux_image_box style=""overlay"" img=""22773"" image_height=""400px"" text_pos=""middle""]

[video_button size=""150""]


[/ux_image_box]

[/col]

[/row]

[/section]
[section label=""Intro"" bg_color=""rgb(246, 246, 246)"" dark=""true"" padding=""0px"" height=""0px""]

[row col_bg=""rgb(34, 49, 246)"" h_align=""center"" padding=""50px 50px 30px 50px"" padding__sm=""45px 25px 15px 25px"" padding__md=""45px 80px 15px 80px""]

[col span__sm=""12"" margin=""-100px 0px 0px 0px"" bg_color=""#2467a2""]

<h6>Bienvenido</h6>
[row_inner style=""small"" width=""full-width"" v_align=""middle"" h_align=""center""]

[col_inner span=""6"" span__sm=""12"" span__md=""12""]

<h2><span style=""font-size: 150%;"">Impulsa tu negocio hoy</span></h2>

[/col_inner]
[col_inner span=""6"" span__sm=""12"" span__md=""12""]

<p>Ofrecemos soluciones personalizadas en consultoría empresarial que transforman y optimizan tu organización.</p>

[/col_inner]

[/row_inner]

[/col]

[/row]

[/section]
[section label=""Method"" bg_color=""rgb(255,255,255)"" padding=""50px""]

[row h_align=""center""]

[col span=""8"" span__sm=""12"" span__md=""10"" align=""center""]

[ux_text text_color=""#2467a2""]

<h3><span style=""font-size: 200%;"">Nuestro Método</span></h3>
<p>Trabajamos en conjunto contigo para identificar oportunidades y definir estrategias efectivas.</p>
[/ux_text]

[/col]

[/row]
[row v_align=""equal"" h_align=""center"" padding=""40px 30px 45px 30px""]

[col span=""4"" span__sm=""12"" bg_color=""#2467a2"" color=""light""]

[featured_box img=""22775"" img_width=""40"" pos=""center""]

[gap height=""10px""]

<h3>Diagnóstico</h3>
<p>Realizamos un análisis exhaustivo de tus procesos y operaciones para detectar áreas de mejora.</p>

[/featured_box]

[/col]
[col span=""4"" span__sm=""12"" bg_color=""#2467a2"" color=""light""]

[featured_box img=""22777"" img_width=""40"" pos=""center""]

[gap height=""10px""]

<h3>Estrategia</h3>
<p>Desarrollamos un plan de acción personalizado que se alinea con tus objetivos empresariales.</p>

[/featured_box]

[/col]
[col span=""4"" span__sm=""12"" bg_color=""#2467a2"" color=""light""]

[featured_box img=""22776"" img_width=""40"" pos=""center""]

[gap height=""10px""]

<h3>Implementación</h3>
<p>Acompañamos la ejecución de las estrategias para asegurar resultados tangibles y sostenibles.</p>

[/featured_box]

[/col]

[/row]
[row]

[col span__sm=""12"" align=""center""]

[button text=""Más Características"" letter_case=""lowercase"" style=""underline""]


[/col]

[/row]

[/section]
[section label=""Services Intro"" bg_color=""#2467a2"" dark=""true"" padding=""100px""]

[row]

[col span=""6"" span__sm=""12"" span__md=""12""]

<h3><span style=""font-size: 200%;"">Nuestros Servicios</span></h3>

[/col]
[col span=""6"" span__sm=""12"" span__md=""12""]

<p>Ofrecemos un amplio rango de servicios de consultoría que se adaptan a las necesidades específicas de cada cliente.</p>

[/col]

[/row]
[gap height=""100px"" height__md=""40px""]


[/section]
[section label=""Services""]

[row]

[col span__sm=""12"" margin=""-175px 0px 0px 0px""]

[row_inner h_align=""center""]

[col_inner span=""6"" span__sm=""12""]

[ux_image_box style=""shade"" img=""27072"" image_height=""80%"" image_overlay=""rgba(0, 0, 0, 0.25)"" image_hover=""overlay-add"" text_align=""left""]

<h4><span style=""font-size: 200%;"">Consultoría Estratégica</span></h4>
<p>Desarrollo de planes estratégicos a medida.</p>

[/ux_image_box]

[/col_inner]
[col_inner span=""6"" span__sm=""12""]

[ux_image_box style=""shade"" img=""27068"" image_height=""80%"" image_overlay=""rgba(0, 0, 0, 0.25)"" image_hover=""overlay-add"" text_align=""left""]

<h4><span style=""font-size: 200%;"">Optimización de Procesos</span></h4>
<p>Mejora continua y eficiencia operativa.</p>

[/ux_image_box]

[/col_inner]
[col_inner span=""6"" span__sm=""12""]

[ux_image_box style=""shade"" img=""27084"" image_height=""80%"" image_overlay=""rgba(0, 0, 0, 0.25)"" image_hover=""overlay-add"" text_align=""left""]

<h4><span style=""font-size: 200%;"">Gestión del Cambio</span></h4>
<p>Asesoría en proyectos de transformación organizacional.</p>

[/ux_image_box]

[/col_inner]
[col_inner span=""6"" span__sm=""12""]

[ux_image_box style=""shade"" img=""27054"" image_height=""80%"" image_overlay=""rgba(0, 0, 0, 0.25)"" image_hover=""overlay-add"" text_align=""left""]

<h4><span style=""font-size: 200%;"">Formación y Capacitación</span></h4>
<p>Programas de desarrollo de talento y habilidades.</p>

[/ux_image_box]

[/col_inner]
[col_inner span__sm=""12""]

[gap height=""10px""]


[/col_inner]
[col_inner span=""3"" span__sm=""12"" align=""center""]

[button text=""Más Servicios"" letter_case=""lowercase"" padding=""5px 20px 5px 20px"" radius=""40"" icon=""icon-angle-right""]


[/col_inner]

[/row_inner]

[/col]

[/row]

[/section]
[section label=""Quotes"" bg_color=""rgb(246, 246, 246)"" padding=""100px"" visibility=""hidden""]

[ux_slider nav_style=""simple"" nav_color=""dark"" bullet_style=""simple"" timer=""3000"" pause_hover=""false""]

[row]


[/row]
[col span__sm=""12"" align=""center""]

<h4><span style=""font-size: 180%;"">""La consultoría de Viaweb transformó nuestro negocio.""</span></h4>
<p>- Cliente Satisfecho, <a href=""#"">Ciudad</a></p>

[/col]
<p></row></p>
[row]


[/row]
[col span__sm=""12"" align=""center""]

<h4><span style=""font-size: 180%;"">""Gracias a su asesoría, alcanzamos nuestros objetivos.""</span></h4>
<p>- Cliente Satisfecho, <a href=""#"">Ciudad</a></p>

[/col]
<p></row></p>
[row]


[/row]
[col span__sm=""12"" align=""center""]

<h4><span style=""font-size: 180%;"">""Un equipo profesional y comprometido.""</span></h4>
<p>- Cliente Satisfecho, <a href=""#"">Ciudad</a></p>

[/col]
<p></row]
</p>

[/ux_slider]

[/section]
[section label=""Facts"" bg_color=""#2467a2"" dark=""true"" padding=""100px""]

[row h_align=""center""]

[col span__sm=""12"" align=""center""]

<h3><span style=""font-size: 200%;"">Algunos Datos</span></h3>
<p>Nuestra experiencia y trayectoria en consultoría empresarial.</p>

[/col]
[col span=""3"" span__sm=""6"" span__md=""6"" align=""center""]

<h3><span style=""font-size: 200%;"">100+</span></h3>
<p>Proyectos Completados</p>

[/col]
[col span=""3"" span__sm=""6"" span__md=""6"" align=""center""]

<h3><span style=""font-size: 200%;"">50+</span></h3>
<p>Clientes Satisfechos</p>

[/col]
[col span=""3"" span__sm=""6"" span__md=""6"" align=""center""]

<h3><span style=""font-size: 200%;"">10+</span></h3>
<p>Años de Experiencia</p>

[/col]
[col span=""3"" span__sm=""6"" span__md=""6"" align=""center""]

<h3><span style=""font-size: 200%;"">80%</span></h3>
<p>Retorno de Inversión Promedio</p>

[/col]

[/row]

[/section]
[section label=""Product"" bg_color=""rgb(255,255,255)"" padding=""120px""]

[row style=""large"" v_align=""middle"" h_align=""center""]

[col span=""6"" span__sm=""12"" span__md=""10"" animate=""fadeInLeft""]

[ux_banner height=""500px"" bg=""27094"" bg_pos=""45% 67%""]

[text_box position_x=""50"" position_y=""50""]


[/text_box]

[/ux_banner]

[/col]
[col span=""6"" span__sm=""12"" span__md=""10"" animate=""fadeInRight""]

[row_inner style=""collapse"" padding=""0px 0px 10px 0px""]

[col_inner span__sm=""12""]

[featured_box img=""22776"" img_width=""30"" pos=""left""]

<h3>Enfoque Centrado en el Cliente</h3>

[/featured_box]
[gap height=""10px""]

[ux_text text_color=""#2467a2""]

<p>Trabajamos de la mano contigo para asegurar el éxito de tu negocio.</p>
[/ux_text]

[/col_inner]

[/row_inner]
[row_inner style=""collapse"" padding=""0px 0px 10px 0px""]

[col_inner span__sm=""12""]

[featured_box img=""22775"" img_width=""30"" pos=""left""]

<h3>Compromiso con la Excelencia</h3>

[/featured_box]
[gap height=""10px""]

[ux_text text_color=""#2467a2""]

<p>Nos esforzamos por ofrecer soluciones de la más alta calidad.</p>
[/ux_text]

[/col_inner]

[/row_inner]
[row_inner style=""collapse"" padding=""0px 0px 10px 0px""]

[col_inner span__sm=""12""]

[featured_box img=""22778"" img_width=""30"" pos=""left""]

<h3>Innovación Continua</h3>

[/featured_box]
[gap height=""10px""]

[ux_text text_color=""#2467a2""]

<p>Nos adaptamos a las necesidades cambiantes del mercado.</p>
[/ux_text]

[/col_inner]

[/row_inner]

[/col]

[/row]

[/section]
[section label=""Team Members"" bg_color=""#2467a2"" dark=""true"" padding=""100px"" padding__sm=""30px""]

[row h_align=""center""]

[col span__sm=""12"" align=""center""]

<h3><span style=""font-size: 150%;"">Nuestro Equipo</span></h3>
<p>Profesionales dedicados a tu éxito.</p>

[/col]
[col span=""4"" span__sm=""12""]

[ux_image_box style=""shade"" img=""22772"" image_hover=""zoom""]

<h4><span style=""font-size: 140%;"">Nombre del Consultor</span></h4>
<p>Consultor Principal</p>
[follow style=""small"" facebook=""3"" instagram=""3"" twitter=""#""]


[/ux_image_box]

[/col]
[col span=""4"" span__sm=""12""]

[ux_image_box style=""shade"" img=""22771"" image_hover=""zoom""]

<h4><span style=""font-size: 140%;"">Nombre del Consultor</span></h4>
<p>Consultor de Estrategia</p>
[follow style=""small"" facebook=""3"" instagram=""3"" twitter=""#""]


[/ux_image_box]

[/col]
[col span=""4"" span__sm=""12""]

[ux_image_box style=""shade"" img=""22770"" image_hover=""zoom""]

<h4><span style=""font-size: 140%;"">Nombre del Consultor</span></h4>
<p>Consultor de Procesos</p>
[follow style=""small"" facebook=""3"" instagram=""3"" twitter=""#""]


[/ux_image_box]

[/col]
[col span=""2"" span__sm=""12"" align=""center""]

[button text=""Sobre Nosotros"" letter_case=""lowercase"" style=""underline""]


[/col]

[/row]

[/section]
[section label=""Partners"" bg_color=""rgb(246, 246, 246)""]

[ux_gallery ids=""13491,13490,13488,13489,13487,13486"" style=""none"" columns=""6"" columns__sm=""3"" columns__md=""3""]

[gap height=""100px""]


[/section]
[section label=""Call to action"" bg_color=""#2467a2"" bg_overlay=""rgba(0,0,0,.5)"" dark=""true"" padding=""0px"" height=""0px""]

[row col_bg=""rgb(34, 49, 246)"" h_align=""center"" padding=""50px 50px 30px 50px"" padding__sm=""45px 25px 15px 25px"" padding__md=""45px 80px 15px 80px""]

[col span__sm=""12"" margin=""-100px 0px 0px 0px"" bg_color=""#2467a2""]

<h6>Consulta Gratuita</h6>
[row_inner style=""small"" width=""full-width"" v_align=""middle"" h_align=""center""]

[col_inner span=""6"" span__sm=""12"" span__md=""12""]

<h2><span style=""font-size: 150%;"">Únete a nuestros clientes satisfechos</span></h2>

[/col_inner]
[col_inner span=""6"" span__sm=""12"" span__md=""12""]

[button text=""Solicitar Consulta"" color=""secondary"" expand=""true""]

[button text=""Contáctanos"" color=""white"" style=""outline"" expand=""true""]


[/col_inner]

[/row_inner]

[/col]

[/row]
[gap height=""100px""]


[/section]",Consultoría Empresarial,Servicios,Servicios Profesionales,Consultoría de Negocios,"Bienvenido a nuestra consultoría empresarial. Ofrecemos servicios estratégicos para impulsar su negocio, incluyendo diagnóstico, estrategia e implementación. Contamos con un equipo experto y un historial probado de éxito.","Una imagen dinámica de un slider hero que muestre profesionales de consultoría en acción, con superposiciones de texto destacando los servicios de consultoría empresarial y un botón de llamada a la acción para ver un video."
"[section label=""Testimonios"" bg_color=""rgb(255,255,255)"" padding=""60px""]
[gap height=""40px""]
[row]
[col span=""4"" span__sm=""12""]
[testimonial image=""25115""]
<p>""Digitalizar nuestro negocio nos ayudó a expandirnos y alcanzar nuevos clientes.""</p>
<h4>- Álvaro Vázquez</h4>
<p class=""meta"">Dueño de Natan Motos</p>
[/testimonial]
[/col]
[col span=""4"" span__sm=""12""]
[testimonial image=""25116""]
<p>""Su tecnología y soporte nos permitieron mejorar la eficiencia y aumentar nuestra rentabilidad.""</p>
<h4>- Daniel Martínez</h4>
<p class=""meta"">Socio Gerente de Cabarcos Motores</p>
[/testimonial]
[/col]
[col span=""4"" span__sm=""12""]
[testimonial image=""25111""]
<p>""Nos ayudaron a optimizar nuestros proyectos de construcción con soluciones innovadoras.""</p>
<h4>- Juan Urdinez</h4>
<p class=""meta"">CEO de SIA Construcciones</p>
[/testimonial]
[/col]
[/row]
[gap height=""40px""]
[row]
[col span=""4"" span__sm=""12""]
[testimonial image=""25110""]
<p>""La transformación digital que logramos con su apoyo ha sido un gran paso adelante para nuestra empresa.""</p>
<h4>- Oscar De Piano</h4>
<p class=""meta"">CEO de Edilicias SRL</p>
[/testimonial]
[/col]
[col span=""4"" span__sm=""12""]
[testimonial image=""25107""]
<p>""Su plataforma y asesoramiento nos permitieron optimizar la gestión de nuestros talleres mecánicos.""</p>
<h4>- Germán Van Der Braver</h4>
<p class=""meta"">Socio Gerente de Motocenter Pro Boxes</p>
[/testimonial]
[/col]
[col span=""4"" span__sm=""12""]
[testimonial image=""25114""]
<p>""Las estrategias de marketing que implementamos con su ayuda nos dieron excelentes resultados.""</p>
<h4>- Lorena Yañez</h4>
<p class=""meta"">Marketing en Morgado Hogar</p>
[/testimonial]
[/col]
[/row]
[gap height=""40px""]
[/section]
[row]
[col align=""center""]
<h6 class=""uppercase secondary-color"">Qué dicen nuestros clientes</h6>
<h2 style=""font-size: 220%;"">Testimonios de Clientes Satisfechos</h2>
<p>Historias reales de éxito que muestran cómo nuestros servicios han transformado negocios.</p>
[/col]
[/row]",Servicios de Consultoría,Servicios,Servicios Profesionales,Consultoría de Negocios,Descubre cómo nuestros clientes han transformado sus negocios con nuestras soluciones digitales. Lee testimonios reales de empresarios satisfechos que han experimentado crecimiento y éxito gracias a nuestros servicios.,"Una imagen de un grupo diverso de personas sonrientes trabajando juntas en una oficina moderna, utilizando dispositivos tecnológicos y colaborando en un proyecto. Esto reflejaría el espíritu de colaboración y éxito que los testimonios destacan."
"<!-- wp:flatsome/uxbuilder -->
[section label=""Testimonios"" bg_color=""#f7f7f7"" padding=""60px""]

[row]

[col align=""center""]

</p>
<h6 class=""uppercase secondary-color"">Qué dicen nuestros clientes</h6>
<h2 style=""font-size: 220%;"">Testimonios de Clientes Satisfechos</h2>
<p>Historias reales de éxito que muestran cómo nuestros servicios han transformado negocios.</p>

[/col]

[/row]
[gap height=""40px""]

[row]

[col span=""4"" span__sm=""12""]

[testimonial]

<p>""El equipo entendió nuestras necesidades desde el principio y superó todas nuestras expectativas.""</p>
<h4>- Ana Pérez</h4>
<p class=""meta"">CEO de TechCorp</p>

[/testimonial]

[/col]
[col span=""4"" span__sm=""12""]

[testimonial]

<p>""Gracias a ellos, nuestro negocio se ha digitalizado por completo, aumentando nuestras ventas un 200%.""</p>
<h4>- Carlos Gómez</h4>
<p class=""meta"">Fundador de GreenFoods</p>

[/testimonial]

[/col]
[col span=""4"" span__sm=""12""]

[testimonial]

<p>""No podríamos haber elegido un socio más confiable para nuestro proyecto de comercio electrónico.""</p>
<h4>- Laura Méndez</h4>
<p class=""meta"">Directora de ModaOnline</p>

[/testimonial]

[/col]

[/row]

[/section]
[section label=""Blog"" padding=""60px""]

[row]

[col align=""center""]

</p>
<h2 style=""font-size: 220%;"">Últimos Artículos del Blog</h2>
<p>Lee nuestros artículos para obtener más información sobre ERP y tendencias en la industria.</p>

[/col]

[/row]
[gap height=""40px""]

[row style=""collapse""]

[col span=""4"" span__sm=""12""]

[featured_box img=""https://example.com/articulo-1.jpg""]

<h4>5 Beneficios de Implementar un ERP</h4>
<p>Descubre cómo un ERP puede transformar tu negocio.</p>
[button text=""Leer Más"" link=""#articulo-1""]


[/featured_box]

[/col]
[col span=""4"" span__sm=""12""]

[featured_box img=""https://example.com/articulo-2.jpg""]

<h4>Cómo Elegir el ERP Adecuado</h4>
<p>Consejos para seleccionar el sistema ERP que mejor se adapte a tus necesidades.</p>
[button text=""Leer Más"" link=""#articulo-2""]


[/featured_box]

[/col]
[col span=""4"" span__sm=""12""]

[featured_box img=""https://example.com/articulo-3.jpg""]

<h4>Casos de Éxito: Empresas que Usan ERP</h4>
<p>Historias inspiradoras de empresas que han mejorado su rendimiento con un ERP.</p>
[button text=""Leer Más"" link=""#articulo-3""]


[/featured_box]

[/col]

[/row]

[/section]

<!-- /wp:flatsome/uxbuilder -->",Soluciones Empresariales,Servicios,Servicios Profesionales,Consultoría de Negocios,"Explora nuestra colección de artículos sobre ERP y tendencias de la industria. Obtén información valiosa sobre cómo implementar un ERP, elegir el sistema adecuado y conoce casos de éxito de empresas que utilizan ERP.","Una imagen de un escritorio de trabajo con una laptop, una taza de café, y varios dispositivos electrónicos como tablets y smartphones. En la pantalla de la laptop se podría ver un gráfico de crecimiento o un dashboard de análisis, simbolizando el éxito y la transformación digital mencionada en el contenido."
"[section bg=""24087"" bg_pos=""63% 50%"" dark=""true"" height=""600px"" scroll_for_more=""true""]

[row h_align=""center""]

[col span=""10"" span__sm=""12"" align=""center""]

[ux_text font_size=""1.5""]

<h2>¿Cómo podemos ayudarte?</h2>
[/ux_text]
[gap]

[search style=""flat""]

[gap]

[row_inner]

[col_inner span=""9"" span__sm=""12""]

<p>En Viaweb, nos dedicamos a ofrecer soluciones innovadoras en tecnología y servicios digitales. Aquí puedes encontrar respuestas a las preguntas más frecuentes sobre nuestros servicios, historia y cómo podemos asistirte.</p>

[/col_inner]

[/row_inner]

[/col]

[/row]

[/section]
[section bg_color=""rgb(250, 250, 250)"" padding=""60px""]

[row]

[col span__sm=""12"" align=""center""]

<br />
<h3>Explora nuestra base de conocimientos</h3>

[/col]

[/row]
[row col_bg=""rgb(255,255,255)"" col_bg_radius=""20"" v_align=""equal"" padding=""40px 40px 40px 40px"" depth_hover=""2""]

[col span=""4"" span__sm=""12"" span__md=""6"" animate=""bounceInUp""]

[featured_box img=""24081"" img_width=""48"" pos=""center"" link=""#""]

<br />
<h3>Envíos</h3>
<p><span style=""font-size: 90%;"">Consulta sobre los métodos de envío disponibles y tiempos de entrega.</span></p>

[/featured_box]

[/col]
[col span=""4"" span__sm=""12"" span__md=""6"" animate=""bounceInUp""]

[featured_box img=""24082"" img_width=""48"" pos=""center"" link=""#""]

<br />
<h3>Pagos</h3>
<p><span style=""font-size: 90%;"">Información sobre las opciones de pago aceptadas.</span></p>

[/featured_box]

[/col]
[col span=""4"" span__sm=""12"" span__md=""6"" animate=""bounceInUp""]

[featured_box img=""24084"" img_width=""48"" pos=""center"" link=""#""]

<br />
<h3>Devoluciones</h3>
<p><span style=""font-size: 90%;"">Proceso para realizar devoluciones y reembolsos.</span></p>

[/featured_box]

[/col]
[col span=""4"" span__sm=""12"" span__md=""6"" animate=""bounceInUp""]

[featured_box img=""24085"" img_width=""48"" pos=""center"" link=""#""]

<br />
<h3>Pedidos</h3>
<p><span style=""font-size: 90%;"">Información sobre cómo realizar y gestionar tus pedidos.</span></p>

[/featured_box]

[/col]
[col span=""4"" span__sm=""12"" span__md=""6"" animate=""bounceInUp""]

[featured_box img=""24083"" img_width=""48"" pos=""center"" link=""#""]

<br />
<h3>Cuenta</h3>
<p><span style=""font-size: 90%;"">Acceso y gestión de tu cuenta en Viaweb.</span></p>

[/featured_box]

[/col]
[col span=""4"" span__sm=""12"" span__md=""6"" animate=""bounceInUp""]

[featured_box img=""24086"" img_width=""48"" pos=""center"" link=""#""]

<br />
<h3>Términos</h3>
<p><span style=""font-size: 90%;"">Consulta nuestros términos y condiciones de servicio.</span></p>

[/featured_box]

[/col]

[/row]

[/section]
[section padding=""80px""]

[row]

[col span__sm=""12"" align=""center""]

<br />
<h3>Artículos populares</h3>

[/col]

[/row]
[row]

[col span=""6"" span__sm=""12"" span__md=""12""]

[accordion]

[accordion-item title=""¿Qué hago si necesito modificar mi pedido?""]

<p>Puedes modificar tu pedido contactando a nuestro equipo de atención al cliente dentro de un plazo específico después de realizar la compra.</p>

[/accordion-item]
[accordion-item title=""¿Qué pasa si necesito cambiar mi dirección de envío?""]

<p>Si necesitas cambiar tu dirección de envío, comunícate con nosotros lo antes posible para hacer los ajustes necesarios.</p>

[/accordion-item]
[accordion-item title=""¿Puedo obtener entrega el mismo día?""]

<p>Ofrecemos opciones de entrega el mismo día en ciertas áreas. Verifica la disponibilidad en tu ubicación.</p>

[/accordion-item]

[/accordion]

[/col]
[col span=""6"" span__sm=""12"" span__md=""12""]

[accordion]

[accordion-item title=""¿Cómo puedo obtener un reembolso?""]

<p>Para solicitar un reembolso, sigue nuestro proceso establecido en la sección de devoluciones o contáctanos directamente.</p>

[/accordion-item]
[accordion-item title=""He perdido mi contraseña, ¿cómo inicio sesión?""]

<p>Puedes restablecer tu contraseña siguiendo el enlace de '¿Olvidaste tu contraseña?' en la página de inicio de sesión.</p>

[/accordion-item]
[accordion-item title=""¿Qué sucede con mis datos personales?""]

<p>Tu información personal es protegida y manejada de acuerdo a nuestras políticas de privacidad. Para más detalles, revisa nuestra política de privacidad.</p>

[/accordion-item]

[/accordion]

[/col]

[/row]
[row]

[col span__sm=""12"" padding=""40px 40px 40px 40px"" margin=""40px 0px 0px 0px"" align=""center"" bg_color=""#273647"" bg_radius=""20"" color=""light""]

<h3>¿Aún tienes una pregunta?<br /></h3>
<p>Por favor, contáctanos para más información.</p>
[button text=""Ponte en contacto"" padding=""10px 30px 10px 30px"" radius=""5""]


[/col]

[/row]

[/section]",Consultoría Empresarial,Servicios,Servicios Empresariales,Consultoría ERP,"Encuentra respuestas a tus preguntas en nuestro centro de ayuda. Explora temas como envíos, pagos, devoluciones y más. Si no encuentras lo que buscas, contáctanos directamente para obtener asistencia personalizada.","Una imagen aérea de una ciudad moderna por la noche, con luces brillantes y rascacielos, simbolizando el progreso y la innovación. En primer plano, se podría ver a una persona utilizando un dispositivo móvil, representando la conexión entre la tecnología y el crecimiento urbano."
"Pages list
Tabla ordenada por fecha. Descendente.
Seleccionar todos	Título
Orden ascendente.
Shortcode	Categorías	Fecha
Last Modified
Seleccionar ¿Listo para Transformar tu Negocio?	¿Listo para Transformar tu Negocio?
Editar | Edit with UX Builder | Edición rápida | Papelera | Ver | Merge
[block id=""contact-business-transformation""]
—No hay categorías	Última modificación
20/03/2025 a las 3:01 pm	20/03/2025
Seleccionar About-Us-Company-Culture	About-Us-Company-Culture
Editar | Edit with UX Builder | Edición rápida | Papelera | Ver | Merge
[block id=""about-us-company-culture""]
—No hay categorías	Última modificación
20/03/2025 a las 3:01 pm	20/03/2025
Seleccionar Blog-ERP	Blog-ERP
Editar | Edit with UX Builder | Edición rápida | Papelera | Ver | Merge
[block id=""blog-erp""]
—No hay categorías	Última modificación
20/03/2025 a las 3:01 pm	20/03/2025
Seleccionar Company-Overview-Culture	Company-Overview-Culture
Editar | Edit with UX Builder | Edición rápida | Papelera | Ver | Merge
[block id=""company-overview-culture""]
—No hay categorías	Última modificación
20/03/2025 a las 3:01 pm	20/03/2025
Seleccionar Consultoría-Empresarial-Estrategia-y-Optimización	Consultoría-Empresarial-Estrategia-y-Optimización
Editar | Edit with UX Builder | Edición rápida | Papelera | Ver | Merge
[block id=""consultoria-empresarial-estrategia-y-optimizacion""]
—No hay categorías	Última modificación
20/03/2025 a las 3:01 pm	20/03/2025
Seleccionar Contact-Contact-Form	Contact-Contact-Form
Editar | Edit with UX Builder | Edición rápida | Papelera | Ver | Merge
[block id=""contact-contact-form""]
—No hay categorías	Última modificación
20/03/2025 a las 3:01 pm	20/03/2025
Seleccionar todos	Título
Orden ascendente.
Shortcode	Categorías	Fecha
Last Modified
Selecciona acción en lote
Acciones en lote
6 elementos
Gracias por crear con WordPress.Versión 6.7.2",Página de Inicio,Servicios,Servicios,Soluciones Tecnológicas,"Explora nuestra lista de páginas web, incluyendo información sobre transformación de negocios, cultura empresarial, blog de ERP, consultoría empresarial y más. Encuentra fácilmente el contenido que necesitas para impulsar tu negocio.","Un collage de imágenes que muestren diferentes aspectos de la gestión empresarial: una reunión de equipo, un gráfico de crecimiento, un apretón de manos, y un dispositivo mostrando una tienda en línea. Esto ilustraría la variedad de servicios y soluciones ofrecidas por la empresa."
"Pages list
Tabla ordenada por fecha. Descendente.
Seleccionar todos	Título
Orden ascendente.
Shortcode	Categorías	Fecha
Last Modified
Seleccionar consultoría empresarial – Consultoría Empresarial: Su aliado estratégico en soluciones empresariales	consultoría empresarial – Consultoría Empresarial: Su aliado estratégico en soluciones empresariales
Editar | Edit with UX Builder | Edición rápida | Papelera | Vista previa | Merge
[block id=""consultoria-empresarial-aliado-estrategico""]
—No hay categorías	Última modificación
19/03/2025 a las 2:26 pm	20/03/2025
Seleccionar Consultoría Empresarial	Consultoría Empresarial
Editar | Edit with UX Builder | Edición rápida | Papelera | Vista previa | Merge
[block id=""consultoria-empresarial-aliado-estrategico""]
—No hay categorías	Última modificación
19/03/2025 a las 7:22 pm	20/03/2025
Seleccionar Centro de Ayuda y FAQ	Centro de Ayuda y FAQ
Editar | Edit with UX Builder | Edición rápida | Papelera | Vista previa | Merge
[block id=""centro-de-ayuda""]
—No hay categorías	Última modificación
19/03/2025 a las 7:22 pm	20/03/2025
Seleccionar Contacto	Contacto
Editar | Edit with UX Builder | Edición rápida | Papelera | Vista previa | Merge
[block id=""contacto""]
—No hay categorías	Última modificación
19/03/2025 a las 7:22 pm	20/03/2025
Seleccionar Planes y Precios	Planes y Precios
Editar | Edit with UX Builder | Edición rápida | Papelera | Vista previa | Merge
[block id=""planes-y-precios""]
—No hay categorías	Última modificación
19/03/2025 a las 7:22 pm	20/03/2025
Seleccionar Programa de Socios y Afiliados	Programa de Socios y Afiliados
Editar | Edit with UX Builder | Edición rápida | Papelera | Vista previa | Merge
[block id=""asociarse-con-viaweb""]
—No hay categorías	Última modificación
19/03/2025 a las 7:22 pm	20/03/2025
Seleccionar Boletín y Suscripción	Boletín y Suscripción
Editar | Edit with UX Builder | Edición rápida | Papelera | Vista previa | Merge
[block id=""suscribete-a-nuestro-boletin""]
—No hay categorías	Última modificación
19/03/2025 a las 7:22 pm	20/03/2025
Seleccionar Centro de Ayuda y FAQ	Centro de Ayuda y FAQ
Editar | Edit with UX Builder | Edición rápida | Papelera | Vista previa | Merge
[block id=""preguntas-frecuentes""]
—No hay categorías	Última modificación
19/03/2025 a las 7:22 pm	20/03/2025
Seleccionar Programa de Socios y Afiliados	Programa de Socios y Afiliados
Editar | Edit with UX Builder | Edición rápida | Papelera | Vista previa | Merge
[block id=""asociate-con-viaweb""]
—No hay categorías	Última modificación
19/03/2025 a las 7:22 pm	20/03/2025
Seleccionar Integración de Tecnología Avanzada	Integración de Tecnología Avanzada
Editar | Edit with UX Builder | Edición rápida | Papelera | Vista previa | Merge
[block id=""integracion-de-tecnologia-avanzada""]
—No hay categorías	Última modificación
19/03/2025 a las 7:22 pm	20/03/2025
Seleccionar Planes y Precios	Planes y Precios
Editar | Edit with UX Builder | Edición rápida | Papelera | Vista previa | Merge
[block id=""planes-y-precios-2""]
—No hay categorías	Última modificación
19/03/2025 a las 7:22 pm	20/03/2025
Seleccionar Programa de Socios y Afiliados	Programa de Socios y Afiliados
Editar | Edit with UX Builder | Edición rápida | Papelera | Vista previa | Merge
[block id=""24135_programa_de_socios_y_afiliados""]
—No hay categorías	Última modificación
19/03/2025 a las 7:22 pm	20/03/2025
Seleccionar para home	para home
Editar | Edit with UX Builder | Edición rápida | Papelera | Vista previa | Merge
[block id=""30039-2""]
—No hay categorías	Última modificación
19/03/2025 a las 7:22 pm	20/03/2025
Seleccionar nosotros –	nosotros –
Editar | Edit with UX Builder | Edición rápida | Papelera | Vista previa | Merge
[block id=""nosotros-2""]
—No hay categorías	Última modificación
19/03/2025 a las 6:35 pm	20/03/2025
Seleccionar Ofertas de Empleo	Ofertas de Empleo
Editar | Edit with UX Builder | Edición rápida | Papelera | Vista previa | Merge
[block id=""ofertas-de-empleo""]
—No hay categorías	Última modificación
19/03/2025 a las 6:35 pm	20/03/2025
Seleccionar Portal de Soporte al Cliente	Portal de Soporte al Cliente
Editar | Edit with UX Builder | Edición rápida | Papelera | Vista previa | Merge
[block id=""portal-de-soporte-al-cliente""]
—No hay categorías	Última modificación
19/03/2025 a las 6:35 pm	20/03/2025
Seleccionar faq y preguntas freq – Centro de Ayuda	faq y preguntas freq – Centro de Ayuda
Editar | Edit with UX Builder | Edición rápida | Papelera | Vista previa | Merge
[block id=""centro-de-ayuda""]
—No hay categorías	Última modificación
19/03/2025 a las 2:26 pm	20/03/2025
Seleccionar contacto – Contacto	contacto – Contacto
Editar | Edit with UX Builder | Edición rápida | Papelera | Vista previa | Merge
[block id=""contacto""]
—No hay categorías	Última modificación
19/03/2025 a las 2:26 pm	20/03/2025
Seleccionar integracion de tecnologia avanzada – Inicio	integracion de tecnologia avanzada – Inicio
Editar | Edit with UX Builder | Edición rápida | Papelera | Vista previa | Merge
[block id=""inicio""]
—No hay categorías	Última modificación
19/03/2025 a las 2:26 pm	20/03/2025
Seleccionar Planes y Precios – Planes y Precios	Planes y Precios – Planes y Precios
Editar | Edit with UX Builder | Edición rápida | Papelera | Vista previa | Merge
[block id=""planes-y-precios""]
—No hay categorías	Última modificación
19/03/2025 a las 2:26 pm	20/03/2025
Seleccionar 24135_Programa_de_Socios_y_Afiliados – Asociarse con Viaweb	24135_Programa_de_Socios_y_Afiliados – Asociarse con Viaweb
Editar | Edit with UX Builder | Edición rápida | Papelera | Vista previa | Merge
[block id=""asociarse-con-viaweb""]
—No hay categorías	Última modificación
19/03/2025 a las 2:26 pm	20/03/2025
Seleccionar nosotros	nosotros
Editar | Edit with UX Builder | Edición rápida | Papelera | Vista previa | Merge
[block id=""nosotros""]
—No hay categorías	Última modificación
19/03/2025 a las 6:35 pm	20/03/2025
Seleccionar consultoría empresarial	consultoría empresarial
Editar | Edit with UX Builder | Edición rápida | Papelera | Vista previa | Merge
[block id=""consultoria-empresarial""]
—No hay categorías	Última modificación
19/03/2025 a las 6:35 pm	20/03/2025
Seleccionar faq y preguntas freq	faq y preguntas freq
Editar | Edit with UX Builder | Edición rápida | Papelera | Vista previa | Merge
[block id=""faq-y-preguntas-freq""]
—No hay categorías	Última modificación
19/03/2025 a las 6:35 pm	20/03/2025
Seleccionar Implementación_y_Soporte	Implementación_y_Soporte
Editar | Edit with UX Builder | Edición rápida | Papelera | Vista previa | Merge
[block id=""implementacion_y_soporte""]
—No hay categorías	Última modificación
19/03/2025 a las 6:35 pm	20/03/2025
Seleccionar integracion de tecnologia avanzada	integracion de tecnologia avanzada
Editar | Edit with UX Builder | Edición rápida | Papelera | Vista previa | Merge
[block id=""integracion-de-tecnologia-avanzada""]
—No hay categorías	Última modificación
19/03/2025 a las 6:35 pm	20/03/2025
Seleccionar Planes y Precios	Planes y Precios
Editar | Edit with UX Builder | Edición rápida | Papelera | Vista previa | Merge
[block id=""planes-y-precios""]
—No hay categorías	Última modificación
19/03/2025 a las 6:35 pm	20/03/2025
Seleccionar 24135_Programa_de_Socios_y_Afiliados	24135_Programa_de_Socios_y_Afiliados
Editar | Edit with UX Builder | Edición rápida | Papelera | Vista previa | Merge
[block id=""24135_programa_de_socios_y_afiliados""]
—No hay categorías	Última modificación
19/03/2025 a las 6:35 pm	20/03/2025
Seleccionar Customer-Support-Portal	Customer-Support-Portal
Editar | Edit with UX Builder | Edición rápida | Papelera | Vista previa | Merge
[block id=""customer-support-portal""]
—No hay categorías	Última modificación
20/03/2025 a las 3:01 pm	20/03/2025
Seleccionar todos	Título
Orden ascendente.
Shortcode	Categorías	Fecha
Last Modified
Selecciona acción en lote
Acciones en lote
29 elementos",Página de Inicio,Servicios,Servicios,Soluciones Tecnológicas,"Descubre nuestras páginas web sobre consultoría empresarial, centro de ayuda, contacto, planes y precios, programa de socios y más. Encuentra la información que necesitas para potenciar tu negocio con nuestras soluciones innovadoras.","Una imagen de un centro de atención al cliente moderno, con representantes sonrientes usando auriculares y trabajando en computadoras. En segundo plano, se podrían ver pantallas con gráficos y estadísticas, simbolizando la eficiencia y el soporte al cliente mencionados en el contenido."
"[section bg=""24087"" bg_pos=""63% 50%"" dark=""true"" height=""600px"" scroll_for_more=""true""]
[row h_align=""center""]
[col span=""10"" span__sm=""12"" align=""center""]
[ux_text font_size=""1.5""]
<h2>¿Cómo podemos ayudarte?</h2>
[/ux_text]
[gap]
[search style=""flat""]
[gap]
[row_inner]
[col_inner span=""9"" span__sm=""12""]
<p>En Viaweb, nos dedicamos a ofrecer soluciones innovadoras en tecnología y servicios digitales. Aquí puedes encontrar respuestas a las preguntas más frecuentes sobre nuestros servicios, historia y cómo podemos asistirte.</p>
[/col_inner]
[/row_inner]
[/col]
[/row]
[/section]
[section bg_color=""rgb(250, 250, 250)"" padding=""60px""]
[row]
[col span__sm=""12"" align=""center""]
<br />
<h3>Explora nuestra base de conocimientos</h3>
[/col]
[/row]
[row col_bg=""rgb(255,255,255)"" col_bg_radius=""20"" v_align=""equal"" padding=""40px 40px 40px 40px"" depth_hover=""2""]
[col span=""4"" span__sm=""12"" span__md=""6"" animate=""bounceInUp""]
[featured_box img=""24081"" img_width=""48"" pos=""center"" link=""#""]
<br />
<h3>Envíos</h3>
<p><span style=""font-size: 90%;"">Consulta sobre los métodos de envío disponibles y tiempos de entrega.</span></p>
[/featured_box]
[/col]
[col span=""4"" span__sm=""12"" span__md=""6"" animate=""bounceInUp""]
[featured_box img=""24082"" img_width=""48"" pos=""center"" link=""#""]
<br />
<h3>Pagos</h3>
<p><span style=""font-size: 90%;"">Información sobre las opciones de pago aceptadas.</span></p>
[/featured_box]
[/col]
[col span=""4"" span__sm=""12"" span__md=""6"" animate=""bounceInUp""]
[featured_box img=""24084"" img_width=""48"" pos=""center"" link=""#""]
<br />
<h3>Devoluciones</h3>
<p><span style=""font-size: 90%;"">Proceso para realizar devoluciones y reembolsos.</span></p>
[/featured_box]
[/col]
[col span=""4"" span__sm=""12"" span__md=""6"" animate=""bounceInUp""]
[featured_box img=""24085"" img_width=""48"" pos=""center"" link=""#""]
<br />
<h3>Pedidos</h3>
<p><span style=""font-size: 90%;"">Información sobre cómo realizar y gestionar tus pedidos.</span></p>
[/featured_box]
[/col]
[col span=""4"" span__sm=""12"" span__md=""6"" animate=""bounceInUp""]
[featured_box img=""24083"" img_width=""48"" pos=""center"" link=""#""]
<br />
<h3>Cuenta</h3>
<p><span style=""font-size: 90%;"">Acceso y gestión de tu cuenta en Viaweb.</span></p>
[/featured_box]
[/col]
[col span=""4"" span__sm=""12"" span__md=""6"" animate=""bounceInUp""]
[featured_box img=""24086"" img_width=""48"" pos=""center"" link=""#""]
<br />
<h3>Términos</h3>
<p><span style=""font-size: 90%;"">Consulta nuestros términos y condiciones de servicio.</span></p>
[/featured_box]
[/col]
[/row]
[/section]
[section padding=""80px""]
[row]
[col span__sm=""12"" align=""center""]
<br />
<h3>Artículos populares</h3>
[/col]
[/row]
[row]
[col span=""6"" span__sm=""12"" span__md=""12""]
[accordion]
[accordion-item title=""¿Qué hago si necesito modificar mi pedido?""]
<p>Puedes modificar tu pedido contactando a nuestro equipo de atención al cliente dentro de un plazo específico después de realizar la compra.</p>
[/accordion-item]
[accordion-item title=""¿Qué pasa si necesito cambiar mi dirección de envío?""]
<p>Si necesitas cambiar tu dirección de envío, comunícate con nosotros lo antes posible para hacer los ajustes necesarios.</p>
[/accordion-item]
[accordion-item title=""¿Puedo obtener entrega el mismo día?""]
<p>Ofrecemos opciones de entrega el mismo día en ciertas áreas. Verifica la disponibilidad en tu ubicación.</p>
[/accordion-item]
[/accordion]
[/col]
[col span=""6"" span__sm=""12"" span__md=""12""]
[accordion]
[accordion-item title=""¿Cómo puedo obtener un reembolso?""]
<p>Para solicitar un reembolso, sigue nuestro proceso establecido en la sección de devoluciones o contáctanos directamente.</p>
[/accordion-item]
[accordion-item title=""He perdido mi contraseña, ¿cómo inicio sesión?""]
<p>Puedes restablecer tu contraseña siguiendo el enlace de '¿Olvidaste tu contraseña?' en la página de inicio de sesión.</p>
[/accordion-item]
[accordion-item title=""¿Qué sucede con mis datos personales?""]
<p>Tu información personal es protegida y manejada de acuerdo a nuestras políticas de privacidad. Para más detalles, revisa nuestra política de privacidad.</p>
[/accordion-item]
[/accordion]
[/col]
[/row]
[row]
[col span__sm=""12"" padding=""40px 40px 40px 40px"" margin=""40px 0px 0px 0px"" align=""center"" bg_color=""#273647"" bg_radius=""20"" color=""light""]
<h3>¿Aún tienes una pregunta?<br /></h3>
<p>Por favor, contáctanos para más información.</p>
[button text=""Ponte en contacto"" padding=""10px 30px 10px 30px"" radius=""5""]
[/col]
[/row]
[/section]
<!-- wp:html -->
""
[section label=""""Hero"""" bg=""""8808"""" bg_size=""""original"""" bg_pos=""""24% 63%"""" parallax=""""4"""" dark=""""true"""" padding=""""100px"""" padding__sm=""""60px"""" padding__md=""""80px""""]
[row]
[col span=""""6"""" span__sm=""""10"""" span__md=""""8"""" padding=""""20px 20px 20px 20px"""" align=""""left"""" bg_color=""""rgba(0, 0, 0, 0.349)""""]
<h6 class=""""uppercase"""" style=""""color: #FFFFFF;"""">Aprendizaje en línea para negocios exitosos</h6>
<h1 style=""""font-size: 200%; color: #FFFFFF;"""">Impulsa tu potencial empresarial con cursos especializados</h1>
<p style=""""color: #E0E0E0;"""">En Viaweb Academia, ofrecemos una experiencia educativa diseñada para transformar tu visión de negocio. Aprende de expertos en tecnología, marketing y gestión empresarial, y aplica conocimientos prácticos para obtener resultados inmediatos en un mercado competitivo.</p>
[button text=""""Explorar Cursos Ahora"""" color=""""#24AE7A""""]
[/col]
[/row]
[/section]
[section label=""""Intro"""" padding=""""80px"""" padding__sm=""""100px""""]
[row style=""""collapse"""" h_align=""""center""""]
[col span__sm=""""10"""" span__md=""""8"""" align=""""center""""]
<h6 class=""""uppercase"""" style=""""color: #294ca7;"""">Nuestros Cursos Especializados</h6>
<h2 style=""""color: #294ca7;"""">Explora una amplia variedad de temas diseñados para el éxito empresarial</h2>
<p>Descubre cómo nuestros cursos te brindan herramientas efectivas y conocimientos prácticos para afrontar los desafíos actuales de tu negocio. Cada curso está diseñado para potenciar tus habilidades y llevar tu empresa al siguiente nivel.</p>
[/col]
[/row]
[/section]
[section label=""""Product Categories"""" bg_color=""""#E0E0E0"""" padding=""""60px""""]
[gap height=""""60px""""]
[row]
[col align=""""center""""]
<h6 class=""""uppercase"""">Nuestros Cursos</h6>
<h2 style=""""color: #294CA7;"""">Tecnología, Marketing y Gestión Empresarial</h2>
<p>Contamos con una selección de cursos cuidadosamente diseñados para cubrir las áreas más esenciales en el desarrollo de negocios. Aprende desde estrategias avanzadas de marketing digital hasta el uso de tecnologías innovadoras para optimizar tus operaciones empresariales.</p>
[gap]
[ux_products_list cat=""""5205"""" products=""""20""""]
[/col]
[/row]
[/section]
[section label=""""Info Boxes"""" bg_color=""""rgb(255,255,255)"""" padding=""""60px""""]
[row label=""""Image + Text"""" style=""""large"""" v_align=""""middle""""]
[col span=""""6"""" span__sm=""""12""""]
[ux_image id=""""4924""""]
[/col]
[col span=""""6"""" span__sm=""""12""""]
<h6 class=""""uppercase"""">Acerca de Nosotros</h6>
<h2>Innovación y Educación para el Crecimiento Empresarial</h2>
<p>Viaweb Academia es una plataforma creada para transformar la forma en que las pequeñas y medianas empresas acceden a la educación. Ofrecemos cursos prácticos impartidos por profesionales con amplia experiencia, brindando soluciones adaptadas a las necesidades reales del mercado.</p>
[button text=""""Conoce Más"""" radius=""""99""""]
[/col]
[/row]
[row label=""""Image + Text"""" style=""""large"""" v_align=""""middle""""]
[col span=""""6"""" span__sm=""""12""""]
<h6 class=""""uppercase"""">Nuestra Propuesta de Valor</h6>
<h2>Formación Especializada con Resultados Reales</h2>
<p>Nuestro enfoque está centrado en la aplicabilidad inmediata. Cada curso está diseñado para que los conocimientos adquiridos puedan implementarse rápidamente, permitiéndote alcanzar objetivos concretos y mejorar la competitividad de tu negocio.</p>
[button text=""""Descubre Nuestros Cursos"""" radius=""""99""""]
[/col]
[col span=""""6"""" span__sm=""""12"""" force_first=""""small""""]
[ux_image id=""""4569""""]
[/col]
[/row]
[/section]
[section label=""""Call to action"""" bg_color=""""rgb(245, 247, 251)"""" padding=""""80px"""" padding__sm=""""100px""""]
[row style=""""collapse"""" h_align=""""center""""]
[col span=""""8"""" span__sm=""""11"""" span__md=""""10"""" align=""""center""""]
<h1>¡Transforma tu Negocio Hoy!</h1>
<p class=""""lead"""">Con Viaweb Academia, obtendrás las herramientas necesarias para llevar tu empresa al siguiente nivel. Aprovecha nuestra oferta de cursos especializados y comienza a optimizar tus procesos, aumentar tus ventas y mejorar tu competitividad en el mercado.</p>
[button text=""""Inscríbete Ahora"""" radius=""""99""""]
[/col]
[/row]
[/section]
[section label=""""Newsletter"""" bg_color=""""#2467a2"""" bg_overlay=""""rgba(0,0,0,.5)"""" dark=""""true"""" padding=""""80px""""]
[row h_align=""""center""""]
[col span=""""8"""" align=""""center""""]
<h2 style=""""color: #FFFFFF;"""">Mantente Actualizado</h2>
<p style=""""color: #E0E0E0;"""">Suscríbete a nuestro boletín y recibe las últimas noticias, recursos y ofertas exclusivas directamente en tu correo electrónico.</p>
[button text=""""Suscribirme"""" color=""""#24AE7A"""" radius=""""99""""]
[/col]
[/row]
[/section]
[section label=""""Cursos Destacados"""" bg_color=""""#f7f5f4"""" padding=""""60px""""]
[row]
[col span__sm=""""12""""]
<h2 style=""""font-size: 220%; text-align: center;"""">Cursos Destacados</h2>
[row_inner style=""""large""""]
[col_inner span=""""4"""" span__sm=""""12""""]
[ux_image_box style=""""overlay"""" img=""""https://web.viaweb.net.ar/wp-content/uploads/2019/05/course1.jpg"""" image_height=""""240px"""" text_pos=""""middle""""]
[button text=""""Dominio de las métricas de marketing digital"""" radius=""""99""""]
<p class=""""description"""">Descubre cómo analizar y optimizar tus estrategias de marketing digital.</p>
[/ux_image_box]
[/col_inner]
[col_inner span=""""4"""" span__sm=""""12""""]
[ux_image_box style=""""overlay"""" img=""""https://web.viaweb.net.ar/wp-content/uploads/2019/05/course2.jpg"""" image_height=""""240px"""" text_pos=""""middle""""]
[button text=""""Crea tu Tienda Online ¡YA! con Woocommerce"""" radius=""""99""""]
<p class=""""description"""">Vende más que nunca y despídete del trabajo tradicional.</p>
[/ux_image_box]
[/col_inner]
[col_inner span=""""4"""" span__sm=""""12""""]
[ux_image_box style=""""overlay"""" img=""""https://web.viaweb.net.ar/wp-content/uploads/2019/05/course3.jpg"""" image_height=""""240px"""" text_pos=""""middle""""]
[button text=""""Automatiza tu Negocio y Multiplica tu Tiempo Libre"""" radius=""""99""""]
<p class=""""description"""">¡Adiós al estrés, hola a la eficiencia y la productividad!</p>
[/ux_image_box]
[/col_inner]
[/row_inner]
[/col]
[/row]
[/section]
[section label=""""Testimonios de Estudiantes"""" bg_color=""""#f7f5f4"""" padding=""""60px""""]
[row]
[col span__sm=""""12""""]
<h2 style=""""font-size: 220%; text-align: center;"""">Lo Que Dicen Nuestros Estudiantes</h2>
[row_inner style=""""large""""]
[col_inner span=""""4"""" span__sm=""""12""""]
[featured_box img=""""https://web.viaweb.net.ar/wp-content/uploads/2019/05/testimonio1.jpg"""" img_width=""""100"""" pos=""""left""""]
<h4>Felix Harder</h4>
<p>Coach de Fitness y Autor Best Seller</p>
<p>""""El curso de Nutrición me ayudó a entender cómo construir un plan de dieta perfecto. ¡Recomendado!""""</p>
[/featured_box]
[/col_inner]
[col_inner span=""""4"""" span__sm=""""12""""]
[featured_box img=""""https://web.viaweb.net.ar/wp-content/uploads/2019/05/testimonio2.jpg"""" img_width=""""100"""" pos=""""left""""]
<h4>María López</h4>
<p>Emprendedora</p>
<p>""""Los cursos de Viaweb Academia son prácticos y aplicables. He visto resultados inmediatos en mi negocio.""""</p>
[/featured_box]
[/col_inner]
[col_inner span=""""4"""" span__sm=""""12""""]
[featured_box img=""""https://web.viaweb.net.ar/wp-content/uploads/2019/05/testimonio3.jpg"""" img_width=""""100"""" pos=""""left""""]
<h4>Carlos Fernández</h4>
<p>CEO de Innovatech</p>
<p>""""La formación en marketing digital me ha permitido atraer más clientes y aumentar mis ventas.""""</p>
[/featured_box]
[/col_inner]
[/row_inner]
[/col]
[/row]
[/section]
[section label=""""Explora Más Cursos"""" bg_color=""""#f7f5f4"""" padding=""""60px""""]
[row]
[col span__sm=""""12""""]
<h2 style=""""font-size: 220%; text-align: center;"""">Explora Más Sobre Nuestros Cursos</h2>
[row_inner style=""""large""""]
[col_inner span=""""4"""" span__sm=""""12""""]
[ux_image_box style=""""overlay"""" img=""""https://web.viaweb.net.ar/wp-content/uploads/2019/05/course4.jpg"""" image_height=""""240px"""" text_pos=""""middle""""]
[button text=""""Finanzas para Emprendedores"""" radius=""""99""""]
<p class=""""description"""">Toma el control de tus finanzas y lleva tu negocio al siguiente nivel.</p>
[/ux_image_box]
[/col_inner]
[col_inner span=""""4"""" span__sm=""""12""""]
[ux_image_box style=""""overlay"""" img=""""https://web.viaweb.net.ar/wp-content/uploads/2019/05/course5.jpg"""" image_height=""""240px"""" text_pos=""""middle""""]
[button text=""""SEO Avanzado"""" radius=""""99""""]
<p class=""""description"""">Posiciona tu web en el TOP de Google y recibe miles de visitas sin esfuerzo.</p>
[/ux_image_box]
[/col_inner]
[col_inner span=""""4"""" span__sm=""""12""""]
[ux_image_box style=""""overlay ```html"""" img=""""https://web.viaweb.net.ar/wp-content/uploads/2019/05/course6.jpg"""" image_height=""""240px""""]
[button text=""""Comunicación Empresarial Efectiva"""" radius=""""99""""]
<p class=""""description"""">Domina el arte de hablar en público y convence a tus clientes.</p>
[/ux_image_box]
[/col_inner]
[/row_inner]
[/col]
[/row]
[/section]
[section label=""""Footer"""" bg_color=""""#294ca7"""" padding=""""60px""""]
[row]
[col]
<h2 style=""""text-align: center;"""">¡Únete a Viaweb Academia y transforma tu futuro!</h2>
<p style=""""text-align: center;"""">Inscríbete hoy y comienza a aprender de los mejores en la industria.</p>
[button text=""""Inscríbete Ahora"""" color=""""#24AE7A""""]
[/col]
[/row]
[/section]
[/section label=""""Hero"""" bg=""""8808"""" bg_size=""""original"""" bg_pos=""""24% 63%"""" parallax=""""4"""" dark=""""true"""" padding=""""100px"""" padding__sm=""""60px"""" padding__md=""""80px""""][/col span=""""6"""" span__sm=""""10"""" span__md=""""8"""" padding=""""20px 20px 20px 20px"""" align=""""left"""" bg_color=""""rgba(0, 0, 0, 0.349)""""][/button text=""""Explorar Cursos Ahora"""" color=""""#24AE7A""""][//col][//row][//section][/section label=""""Intro"""" padding=""""80px"""" padding__sm=""""100px""""][/row style=""""collapse"""" h_align=""""center""""][/col span__sm=""""10"""" span__md=""""8"""" align=""""center""""][//col][//row][//section][/section label=""""Product Categories"""" bg_color=""""#E0E0E0"""" padding=""""60px""""][/gap height=""""60px""""][/col align=""""center""""][/gap][/ux_products_list cat=""""5205"""" products=""""20""""][//col][//row][//section][/section label=""""Info Boxes"""" bg_color=""""rgb(255,255,255)"""" padding=""""60px""""][/row label=""""Image + Text"""" style=""""large"""" v_align=""""middle""""][/col span=""""6"""" span__sm=""""12""""][/ux_image id=""""4924""""][//col][/col span=""""6"""" span__sm=""""12""""][/button text=""""Conoce Más"""" radius=""""99""""][//col][//row][/row label=""""Image + Text"""" style=""""large"""" v_align=""""middle""""][/col span=""""6"""" span__sm=""""12""""][/button text=""""Descubre Nuestros Cursos"""" radius=""""99""""][//col][/col span=""""6"""" span__sm=""""12"""" force_first=""""small""""][/ux_image id=""""4569""""][//col][//row][//section][/section label=""""Call to action"""" bg_color=""""rgb(245, 247, 251)"""" padding=""""80px"""" padding__sm=""""100px""""][/row style=""""collapse"""" h_align=""""center""""][/col span=""""8"""" span__sm=""""11"""" span__md=""""10"""" align=""""center""""][/button text=""""Inscríbete Ahora"""" radius=""""99""""][//col][//row][//section][/section label=""""Newsletter"""" bg_color=""""#2467a2"""" bg_overlay=""""rgba(0,0,0,.5)"""" dark=""""true"""" padding=""""80px""""][/row h_align=""""center""""][/col span=""""8"""" align=""""center""""][/button text=""""Suscribirme"""" color=""""#24AE7A"""" radius=""""99""""][//col][//row][//section][/section label=""""Cursos Destacados"""" bg_color=""""#f7f5f4"""" padding=""""60px""""][/col span__sm=""""12""""][/row_inner style=""""large""""][/col_inner span=""""4"""" span__sm=""""12""""][/ux_image_box style=""""overlay"""" img=""""https://web.viaweb.net.ar/wp-content/uploads/2019/05/course1.jpg"""" image_height=""""240px"""" text_pos=""""middle""""][/button text=""""Dominio de las métricas de marketing digital"""" radius=""""99""""][//ux_image_box][//col_inner][/col_inner span=""""4"""" span__sm=""""12""""][/ux_image_box style=""""overlay"""" img=""""https://web.viaweb.net.ar/wp-content/uploads/2019/05/course2.jpg"""" image_height=""""240px"""" text_pos=""""middle""""][/button text=""""Crea tu Tienda Online ¡YA! con Woocommerce"""" radius=""""99""""][//ux_image_box][//col_inner][/col_inner span=""""4"""" span__sm=""""12""""][/ux_image_box style=""""overlay"""" img=""""https://web.viaweb.net.ar/wp-content/uploads/2019/05/course3.jpg"""" image_height=""""240px"""" text_pos=""""middle""""][/button text=""""Automatiza tu Negocio y Multiplica tu Tiempo Libre"""" radius=""""99""""][//ux_image_box][//col_inner][//row_inner][//col][//row][//section][/section label=""""Testimonios de Estudiantes"""" bg_color=""""#f7f5f4"""" padding=""""60px""""][/col span__sm=""""12""""][/row_inner style=""""large""""][/col_inner span=""""4"""" span__sm=""""12""""][/featured_box img=""""https://web.viaweb.net.ar/wp-content/uploads/2019/05/testimonio1.jpg"""" img_width=""""100"""" pos=""""left""""][//featured_box][//col_inner][/col_inner span=""""4"""" span__sm=""""12""""][/featured_box img=""""https://web.viaweb.net.ar/wp-content/uploads/2019/05/testimonio2.jpg"""" img_width=""""100"""" pos=""""left""""][//featured_box][//col_inner][/col_inner span=""""4"""" span__sm=""""12""""][/featured_box img=""""https://web.viaweb.net.ar/wp-content/uploads/2019/05/testimonio3.jpg"""" img_width=""""100"""" pos=""""left""""][//featured_box][//col_inner][//row_inner][//col][//row][//section][/section label=""""Explora Más Cursos"""" bg_color=""""#f7f5f4"""" padding=""""60px""""][/col span__sm=""""12""""][/row_inner style=""""large""""][/col_inner span=""""4"""" span__sm=""""12""""][/ux_image_box style=""""overlay"""" img=""""https://web.viaweb.net.ar/wp-content/uploads/2019/05/course4.jpg"""" image_height=""""240px"""" text_pos=""""middle""""][/button text=""""Finanzas para Emprendedores"""" radius=""""99""""][//ux_image_box][//col_inner][/col_inner span=""""4"""" span__sm=""""12""""][/ux_image_box style=""""overlay"""" img=""""https://web.viaweb.net.ar/wp-content/uploads/2019/05/course5.jpg"""" image_height=""""240px"""" text_pos=""""middle""""][/button text=""""SEO Avanzado"""" radius=""""99""""][//ux_image_box][//col_inner][/col_inner span=""""4"""" span__sm=""""12""""][/ux_image_box style=""""overlay ```html"""" img=""""https://web.viaweb.net.ar/wp-content/uploads/2019/05/course6.jpg"""" image_height=""""240px""""][/button text=""""Comunicación Empresarial Efectiva"""" radius=""""99""""][//ux_image_box][//col_inner][//row_inner][//col][//row][//section][/section label=""""Footer"""" bg_color=""""#294ca7"""" padding=""""60px""""][/button text=""""Inscríbete Ahora"""" color=""""#24AE7A""""][//col][//row][//section]
""
<!-- /wp:html -->
[section bg=""24087"" bg_pos=""63% 50%"" dark=""true"" height=""600px"" scroll_for_more=""true""]
[row h_align=""center""]
[col span=""10"" span__sm=""12"" align=""center""]
[ux_text font_size=""1.5""]
<h2>¿Cómo podemos ayudarte?</h2>
[/ux_text]
[gap]
[search style=""flat""]
[gap]
[row_inner]
[col_inner span=""9"" span__sm=""12""]
<p>En Viaweb, nos dedicamos a ofrecer soluciones innovadoras en tecnología y servicios digitales. Aquí puedes encontrar respuestas a las preguntas más frecuentes sobre nuestros servicios, historia y cómo podemos asistirte.</p>
[/col_inner]
[/row_inner]
[/col]
[/row]
[/section]
[section bg_color=""rgb(250, 250, 250)"" padding=""60px""]
[row]
[col span__sm=""12"" align=""center""]
<br />
<h3>Explora nuestra base de conocimientos</h3>
[/col]
[/row]
[row col_bg=""rgb(255,255,255)"" col_bg_radius=""20"" v_align=""equal"" padding=""40px 40px 40px 40px"" depth_hover=""2""]
[col span=""4"" span__sm=""12"" span__md=""6"" animate=""bounceInUp""]
[featured_box img=""24081"" img_width=""48"" pos=""center"" link=""#""]
<br />
<h3>Envíos</h3>
<p><span style=""font-size: 90%;"">Consulta sobre los métodos de envío disponibles y tiempos de entrega.</span></p>
[/featured_box]
[/col]
[col span=""4"" span__sm=""12"" span__md=""6"" animate=""bounceInUp""]
[featured_box img=""24082"" img_width=""48"" pos=""center"" link=""#""]
<br />
<h3>Pagos</h3>
<p><span style=""font-size: 90%;"">Información sobre las opciones de pago aceptadas.</span></p>
[/featured_box]
[/col]
[col span=""4"" span__sm=""12"" span__md=""6"" animate=""bounceInUp""]
[featured_box img=""24084"" img_width=""48"" pos=""center"" link=""#""]
<br />
<h3>Devoluciones</h3>
<p><span style=""font-size: 90%;"">Proceso para realizar devoluciones y reembolsos.</span></p>
[/featured_box]
[/col]
[col span=""4"" span__sm=""12"" span__md=""6"" animate=""bounceInUp""]
[featured_box img=""24085"" img_width=""48"" pos=""center"" link=""#""]
<br />
<h3>Pedidos</h3>
<p><span style=""font-size: 90%;"">Información sobre cómo realizar y gestionar tus pedidos.</span></p>
[/featured_box]
[/col]
[col span=""4"" span__sm=""12"" span__md=""6"" animate=""bounceInUp""]
[featured_box img=""24083"" img_width=""48"" pos=""center"" link=""#""]
<br />
<h3>Cuenta</h3>
<p><span style=""font-size: 90%;"">Acceso y gestión de tu cuenta en Viaweb.</span></p>
[/featured_box]
[/col]
[col span=""4"" span__sm=""12"" span__md=""6"" animate=""bounceInUp""]
[featured_box img=""24086"" img_width=""48"" pos=""center"" link=""#""]
<br />
<h3>Términos</h3>
<p><span style=""font-size: 90%;"">Consulta nuestros términos y condiciones de servicio.</span></p>
[/featured_box]
[/col]
[/row]
[/section]
[section padding=""80px""]
[row]
[col span__sm=""12"" align=""center""]
<br />
<h3>Artículos populares</h3>
[/col]
[/row]
[row]
[col span=""6"" span__sm=""12"" span__md=""12""]
[accordion]
[accordion-item title=""¿Qué hago si necesito modificar mi pedido?""]
<p>Puedes modificar tu pedido contactando a nuestro equipo de atención al cliente dentro de un plazo específico después de realizar la compra.</p>
[/accordion-item]
[accordion-item title=""¿Qué pasa si necesito cambiar mi dirección de envío?""]
<p>Si necesitas cambiar tu dirección de envío, comunícate con nosotros lo antes posible para hacer los ajustes necesarios.</p>
[/accordion-item]
[accordion-item title=""¿Puedo obtener entrega el mismo día?""]
<p>Ofrecemos opciones de entrega el mismo día en ciertas áreas. Verifica la disponibilidad en tu ubicación.</p>
[/accordion-item]
[/accordion]
[/col]
[col span=""6"" span__sm=""12"" span__md=""12""]
[accordion]
[accordion-item title=""¿Cómo puedo obtener un reembolso?""]
<p>Para solicitar un reembolso, sigue nuestro proceso establecido en la sección de devoluciones o contáctanos directamente.</p>
[/accordion-item]
[accordion-item title=""He perdido mi contraseña, ¿cómo inicio sesión?""]
<p>Puedes restablecer tu contraseña siguiendo el enlace de '¿Olvidaste tu contraseña?' en la página de inicio de sesión.</p>
[/accordion-item]
[accordion-item title=""¿Qué sucede con mis datos personales?""]
<p>Tu información personal es protegida y manejada de acuerdo a nuestras políticas de privacidad. Para más detalles, revisa nuestra política de privacidad.</p>
[/accordion-item]
[/accordion]
[/col]
[/row]
[row]
[col span__sm=""12"" padding=""40px 40px 40px 40px"" margin=""40px 0px 0px 0px"" align=""center"" bg_color=""#273647"" bg_radius=""20"" color=""light""]
<h3>¿Aún tienes una pregunta?<br /></h3>
<p>Por favor, contáctanos para más información.</p>
[button text=""Ponte en contacto"" padding=""10px 30px 10px 30px"" radius=""5""]
[/col]
[/row]
[/section]
[section bg=""24087"" bg_pos=""63% 50%"" dark=""true"" height=""600px"" scroll_for_more=""true""]
[row h_align=""center""]
[col span=""10"" span__sm=""12"" align=""center""]
[ux_text font_size=""1.5""]
<h2>¿Cómo podemos ayudarte?</h2>
[/ux_text]
[gap]
[search style=""flat""]
[gap]
[row_inner]
[col_inner span=""9"" span__sm=""12""]
<p>En Viaweb, nos dedicamos a ofrecer soluciones innovadoras en tecnología y servicios digitales. Aquí puedes encontrar respuestas a las preguntas más frecuentes sobre nuestros servicios, historia y cómo podemos asistirte.</p>
[/col_inner]
[/row_inner]
[/col]
[/row]
[/section]
[section bg_color=""rgb(250, 250, 250)"" padding=""60px""]
[row]
[col span__sm=""12"" align=""center""]
<br />
<h3>Explora nuestra base de conocimientos</h3>
[/col]
[/row]
[row col_bg=""rgb(255,255,255)"" col_bg_radius=""20"" v_align=""equal"" padding=""40px 40px 40px 40px"" depth_hover=""2""]
[col span=""4"" span__sm=""12"" span__md=""6"" animate=""bounceInUp""]
[featured_box img=""24081"" img_width=""48"" pos=""center"" link=""#""]
<br />
<h3>Envíos</h3>
<p><span style=""font-size: 90%;"">Consulta sobre los métodos de envío disponibles y tiempos de entrega.</span></p>
[/featured_box]
[/col]
[col span=""4"" span__sm=""12"" span__md=""6"" animate=""bounceInUp""]
[featured_box img=""24082"" img_width=""48"" pos=""center"" link=""#""]
<br />
<h3>Pagos</h3>
<p><span style=""font-size: 90%;"">Información sobre las opciones de pago aceptadas.</span></p>
[/featured_box]
[/col]
[col span=""4"" span__sm=""12"" span__md=""6"" animate=""bounceInUp""]
[featured_box img=""24084"" img_width=""48"" pos=""center"" link=""#""]
<br />
<h3>Devoluciones</h3>
<p><span style=""font-size: 90%;"">Proceso para realizar devoluciones y reembolsos.</span></p>
[/featured_box]
[/col]
[col span=""4"" span__sm=""12"" span__md=""6"" animate=""bounceInUp""]
[featured_box img=""24085"" img_width=""48"" pos=""center"" link=""#""]
<br />
<h3>Pedidos</h3>
<p><span style=""font-size: 90%;"">Información sobre cómo realizar y gestionar tus pedidos.</span></p>
[/featured_box]
[/col]
[col span=""4"" span__sm=""12"" span__md=""6"" animate=""bounceInUp""]
[featured_box img=""24083"" img_width=""48"" pos=""center"" link=""#""]
<br />
<h3>Cuenta</h3>
<p><span style=""font-size: 90%;"">Acceso y gestión de tu cuenta en Viaweb.</span></p>
[/featured_box]
[/col]
[col span=""4"" span__sm=""12"" span__md=""6"" animate=""bounceInUp""]
[featured_box img=""24086"" img_width=""48"" pos=""center"" link=""#""]
<br />
<h3>Términos</h3>
<p><span style=""font-size: 90%;"">Consulta nuestros términos y condiciones de servicio.</span></p>
[/featured_box]
[/col]
[/row]
[/section]
[section padding=""80px""]
[row]
[col span__sm=""12"" align=""center""]
<br />
<h3>Artículos populares</h3>
[/col]
[/row]
[row]
[col span=""6"" span__sm=""12"" span__md=""12""]
[accordion]
[accordion-item title=""¿Qué hago si necesito modificar mi pedido?""]
<p>Puedes modificar tu pedido contactando a nuestro equipo de atención al cliente dentro de un plazo específico después de realizar la compra.</p>
[/accordion-item]
[accordion-item title=""¿Qué pasa si necesito cambiar mi dirección de envío?""]
<p>Si necesitas cambiar tu dirección de envío, comunícate con nosotros lo antes posible para hacer los ajustes necesarios.</p>
[/accordion-item]
[accordion-item title=""¿Puedo obtener entrega el mismo día?""]
<p>Ofrecemos opciones de entrega el mismo día en ciertas áreas. Verifica la disponibilidad en tu ubicación.</p>
[/accordion-item]
[/accordion]
[/col]
[col span=""6"" span__sm=""12"" span__md=""12""]
[accordion]
[accordion-item title=""¿Cómo puedo obtener un reembolso?""]
<p>Para solicitar un reembolso, sigue nuestro proceso establecido en la sección de devoluciones o contáctanos directamente.</p>
[/accordion-item]
[accordion-item title=""He perdido mi contraseña, ¿cómo inicio sesión?""]
<p>Puedes restablecer tu contraseña siguiendo el enlace de '¿Olvidaste tu contraseña?' en la página de inicio de sesión.</p>
[/accordion-item]
[accordion-item title=""¿Qué sucede con mis datos personales?""]
<p>Tu información personal es protegida y manejada de acuerdo a nuestras políticas de privacidad. Para más detalles, revisa nuestra política de privacidad.</p>
[/accordion-item]
[/accordion]
[/col]
[/row]
[row]
[col span__sm=""12"" padding=""40px 40px 40px 40px"" margin=""40px 0px 0px 0px"" align=""center"" bg_color=""#273647"" bg_radius=""20"" color=""light""]
<h3>¿Aún tienes una pregunta?<br /></h3>
<p>Por favor, contáctanos para más información.</p>
[button text=""Ponte en contacto"" padding=""10px 30px 10px 30px"" radius=""5""]
[/col]
[/row]
[/section]
[section bg=""24087"" bg_pos=""63% 50%"" dark=""true"" height=""600px"" scroll_for_more=""true""]
[row h_align=""center""]
[col span=""10"" span__sm=""12"" align=""center""]
[ux_text font_size=""1.5""]
<h2>¿Cómo podemos ayudarte?</h2>
[/ux_text]
[gap]
[search style=""flat""]
[gap]
[row_inner]
[col_inner span=""9"" span__sm=""12""]
<p>En Viaweb, nos dedicamos a ofrecer soluciones innovadoras en tecnología y servicios digitales. Aquí puedes encontrar respuestas a las preguntas más frecuentes sobre nuestros servicios, historia y cómo podemos asistirte.</p>
[/col_inner]
[/row_inner]
[/col]
[/row]
[/section]
[section bg_color=""rgb(250, 250, 250)"" padding=""60px""]
[row]
[col span__sm=""12"" align=""center""]
<br />
<h3>Explora nuestra base de conocimientos</h3>
[/col]
[/row]
[row col_bg=""rgb(255,255,255)"" col_bg_radius=""20"" v_align=""equal"" padding=""40px 40px 40px 40px"" depth_hover=""2""]
[col span=""4"" span__sm=""12"" span__md=""6"" animate=""bounceInUp""]
[featured_box img=""24081"" img_width=""48"" pos=""center"" link=""#""]
<br />
<h3>Envíos</h3>
<p><span style=""font-size: 90%;"">Consulta sobre los métodos de envío disponibles y tiempos de entrega.</span></p>
[/featured_box]
[/col]
[col span=""4"" span__sm=""12"" span__md=""6"" animate=""bounceInUp""]
[featured_box img=""24082"" img_width=""48"" pos=""center"" link=""#""]
<br />
<h3>Pagos</h3>
<p><span style=""font-size: 90%;"">Información sobre las opciones de pago aceptadas.</span></p>
[/featured_box]
[/col]
[col span=""4"" span__sm=""12"" span__md=""6"" animate=""bounceInUp""]
[featured_box img=""24084"" img_width=""48"" pos=""center"" link=""#""]
<br />
<h3>Devoluciones</h3>
<p><span style=""font-size: 90%;"">Proceso para realizar devoluciones y reembolsos.</span></p>
[/featured_box]
[/col]
[col span=""4"" span__sm=""12"" span__md=""6"" animate=""bounceInUp""]
[featured_box img=""24085"" img_width=""48"" pos=""center"" link=""#""]
<br />
<h3>Pedidos</h3>
<p><span style=""font-size: 90%;"">Información sobre cómo realizar y gestionar tus pedidos.</span></p>
[/featured_box]
[/col]
[col span=""4"" span__sm=""12"" span__md=""6"" animate=""bounceInUp""]
[featured_box img=""24083"" img_width=""48"" pos=""center"" link=""#""]
<br />
<h3>Cuenta</h3>
<p><span style=""font-size: 90%;"">Acceso y gestión de tu cuenta en Viaweb.</span></p>
[/featured_box]
[/col]
[col span=""4"" span__sm=""12"" span__md=""6"" animate=""bounceInUp""]
[featured_box img=""24086"" img_width=""48"" pos=""center"" link=""#""]
<br />
<h3>Términos</h3>
<p><span style=""font-size: 90%;"">Consulta nuestros términos y condiciones de servicio.</span></p>
[/featured_box]
[/col]
[/row]
[/section]
[section padding=""80px""]
[row]
[col span__sm=""12"" align=""center""]
<br />
<h3>Artículos populares</h3>
[/col]
[/row]
[row]
[col span=""6"" span__sm=""12"" span__md=""12""]
[accordion]
[accordion-item title=""¿Qué hago si necesito modificar mi pedido?""]
<p>Puedes modificar tu pedido contactando a nuestro equipo de atención al cliente dentro de un plazo específico después de realizar la compra.</p>
[/accordion-item]
[accordion-item title=""¿Qué pasa si necesito cambiar mi dirección de envío?""]
<p>Si necesitas cambiar tu dirección de envío, comunícate con nosotros lo antes posible para hacer los ajustes necesarios.</p>
[/accordion-item]
[accordion-item title=""¿Puedo obtener entrega el mismo día?""]
<p>Ofrecemos opciones de entrega el mismo día en ciertas áreas. Verifica la disponibilidad en tu ubicación.</p>
[/accordion-item]
[/accordion]
[/col]
[col span=""6"" span__sm=""12"" span__md=""12""]
[accordion]
[accordion-item title=""¿Cómo puedo obtener un reembolso?""]
<p>Para solicitar un reembolso, sigue nuestro proceso establecido en la sección de devoluciones o contáctanos directamente.</p>
[/accordion-item]
[accordion-item title=""He perdido mi contraseña, ¿cómo inicio sesión?""]
<p>Puedes restablecer tu contraseña siguiendo el enlace de '¿Olvidaste tu contraseña?' en la página de inicio de sesión.</p>
[/accordion-item]
[accordion-item title=""¿Qué sucede con mis datos personales?""]
<p>Tu información personal es protegida y manejada de acuerdo a nuestras políticas de privacidad. Para más detalles, revisa nuestra política de privacidad.</p>
[/accordion-item]
[/accordion]
[/col]
[/row]
[row]
[col span__sm=""12"" padding=""40px 40px 40px 40px"" margin=""40px 0px 0px 0px"" align=""center"" bg_color=""#273647"" bg_radius=""20"" color=""light""]
<h3>¿Aún tienes una pregunta?<br /></h3>
<p>Por favor, contáctanos para más información.</p>
[button text=""Ponte en contacto"" padding=""10px 30px 10px 30px"" radius=""5""]
[/col]
[/row]
[/section]",Consultoría Empresarial: Soluciones Estratégicas,Servicios,Servicios Profesionales,Consultoría de Negocios,"Encuentra respuestas a tus preguntas en nuestro centro de ayuda. Explora temas como envíos, pagos, devoluciones y gestión de cuenta. Si no encuentras lo que buscas, contáctanos para obtener asistencia personalizada.","Una imagen de un aula virtual moderna, con una pantalla grande mostrando un webinar o una clase en línea. En primer plano, se podrían ver estudiantes de diversas edades y profesiones interactuando con tablets o laptops, representando el concepto de educación continua y desarrollo profesional mencionado en el contenido."
"[section label=""Intro & Numbers"" bg_color=""rgb(237, 233, 227)""]

[row width=""custom"" custom_width=""1200px""]

[col span__sm=""12"" margin=""-150px 0px 0px 0px"" margin__sm=""-100px 0px 0px 0px"" bg_color=""rgb(255, 255, 255)""]

[row_inner width=""custom"" custom_width=""1200px"" v_align=""middle"" h_align=""right""]

[col_inner span=""6"" span__sm=""12"" span__md=""12"" padding=""50px 50px 50px 70px"" padding__sm=""10px 30px 0px 30px"" padding__md=""0 50px 20px 50px""]

[gap height=""50px"" height__sm=""5px""]

<h6>elegancia y tecnología</h6>
[ux_text font_size=""1.75""]

<h2>Avanza a tu ritmo</h2>
[/ux_text]
<p>En Viaweb, ofrecemos soluciones tecnológicas avanzadas que integran sistemas de ERP y CRM, desarrollo web y comercio electrónico, y herramientas de inteligencia de negocios. Nuestro enfoque personalizado asegura que cada cliente obtenga el máximo beneficio.</p>
[button text=""Haz tu reserva"" color=""secondary"" padding=""5px 30px 5px 30px"" radius=""30"" expand=""0""]


[/col_inner]
[col_inner span=""6"" span__sm=""12"" span__md=""12"" force_first=""medium"" padding=""50px 50px 20px 0px"" padding__sm=""20px 20px 10px 20px"" padding__md=""50px 50px 0 50px""]

[ux_banner height=""500px"" height__sm=""300px"" height__md=""400px"" bg=""24130"" bg_color=""rgb(255, 255, 255)"" bg_pos=""95% 100%""]

[text_box width__sm=""60"" position_x=""50"" position_y=""50""]


[/text_box]

[/ux_banner]

[/col_inner]

[/row_inner]

[/col]

[/row]
[gap height=""55px"" height__sm=""15px""]

[row col_style=""solid""]

[col span=""4"" span__sm=""12"" align=""center""]

[ux_text font_size=""2.5"" text_align=""center""]

<h3><span class=""count-up"">365</span></h3>
[/ux_text]
[ux_text text_align=""center""]

<h6>Días de servicio al año</h6>
[/ux_text]

[/col]
[col span=""4"" span__sm=""12"" align=""center""]

[ux_text font_size=""2.5"" text_align=""center""]

<h3><span class=""count-up"">1750</span></h3>
[/ux_text]
[ux_text text_align=""center""]

<h6>Clientes satisfechos</h6>
[/ux_text]

[/col]
[col span=""4"" span__sm=""12"" align=""center""]

[ux_text font_size=""2.5"" text_align=""center""]

<h3><span class=""count-up"">145</span></h3>
[/ux_text]
[ux_text text_align=""center""]

<h6>Soluciones disponibles</h6>
[/ux_text]

[/col]

[/row]
[gap]


[/section]
[section label=""Historia"" bg_color=""rgb(237, 233, 227)""]

[row width=""custom"" custom_width=""1200px""]

[col span__sm=""12"" margin=""-100px 0px 0px 0px"" bg_color=""rgb(255, 255, 255)""]

[row_inner width=""custom"" custom_width=""1200px""]

[col_inner span__sm=""12"" padding=""50px 50px 0px 50px"" padding__sm=""50px 20px 0px 20px""]

[ux_text text_align=""center""]

<h6>Apreciamos la calidad</h6>
[/ux_text]
[ux_text font_size=""1.75"" font_size__sm=""2"" text_align=""center""]

<h2>Soluciones tecnológicas icónicas</h2>
[/ux_text]

[/col_inner]

[/row_inner]
[row_inner width=""custom"" custom_width=""1200px"" h_align=""center""]

[col_inner span=""6"" span__sm=""12"" padding=""0px 10px 0px 60px"" padding__sm=""0px 30px 0px 30px"" padding__md=""0px 0px 0px 50px"" margin=""-25px 0px 0px 0px"" margin__sm=""-20px 0px 0px 0px""]

<p>Implementamos tecnologías avanzadas como inteligencia artificial y soluciones en la nube para optimizar los procesos empresariales. Nuestra experiencia en integraciones asegura que cada cliente obtenga el máximo rendimiento de sus sistemas.</p>

[/col_inner]
[col_inner span=""6"" span__sm=""12"" padding=""0px 60px 0px 10px"" padding__sm=""0px 30px 0px 30px"" padding__md=""0px 20px 0px 30px"" margin=""-25px 0px 0px 0px"" margin__sm=""-20px 0px 0px 0px"" border=""0px 0px 0px 3px"" border_margin=""0px 0px 0px -17px""]

<p>Además, ofrecemos formación y capacitación para asegurar que tu equipo esté preparado para utilizar las nuevas herramientas eficientemente.</p>

[/col_inner]

[/row_inner]

[/col]

[/row]

[/section]
[section label=""Llamado a la Acción"" bg=""24137"" bg_pos=""74% 51%"" height=""400px""]

[gap]

[row col_bg=""rgb(255, 255, 255)"" width=""custom"" custom_width=""1200px""]

[col span__sm=""12"" padding=""50px 50px 50px 50px"" align=""center""]

[gap height=""15px""]

[ux_text text_align=""center""]

<h6>Contáctanos</h6>
[/ux_text]
[ux_text font_size=""1.75"" text_align=""center""]

<h2>¿Tienes alguna pregunta?</h2>
[/ux_text]
[button text=""Ponte en contacto"" color=""secondary"" padding=""5px 30px 5px 30px"" radius=""30""]


[/col]

[/row]

[/section]
[section label=""Hero Text"" padding=""0px""]

[row width=""custom"" custom_width=""1200px"" v_align=""bottom""]

[col span=""10"" span__sm=""12"" span__md=""9""]

[gap height=""150px"" height__sm=""100px""]

[ux_text font_size=""1"" font_size__sm=""1"" font_size__md=""0.75""]

<h2><span style=""font-size: 190%;"">Tu comodidad es nuestra única prioridad</span></h2>
[/ux_text]

[/col]
[col span=""2"" span__sm=""12"" span__md=""3"" align=""right""]

[button text=""Solicitar ahora"" color=""secondary"" padding=""5px 30px 5px 30px"" radius=""30"" expand=""true""]


[/col]

[/row]

[/section]

[section label=""Intro & Numbers"" bg_color=""rgb(237, 233, 227)""] [row width=""custom"" custom_width=""1200px""] [col span__sm=""12"" margin=""-150px 0px 0px 0px"" margin__sm=""-100px 0px 0px 0px"" bg_color=""rgb(255, 255, 255)""] [row_inner width=""custom"" custom_width=""1200px"" v_align=""middle"" h_align=""right""] [col_inner span=""6"" span__sm=""12"" span__md=""12"" padding=""50px 50px 50px 70px"" padding__sm=""10px 30px 0px 30px"" padding__md=""0 50px 20px 50px""] [gap height=""50px"" height__sm=""5px""] <h6>elegancia y tecnología</h6> [ux_text font_size=""1.75""] <h2>Avanza a tu ritmo</h2> [/ux_text] <p>En Viaweb, ofrecemos soluciones tecnológicas avanzadas que integran sistemas de ERP y CRM, desarrollo web y comercio electrónico, y herramientas de inteligencia de negocios. Nuestro enfoque personalizado asegura que cada cliente obtenga el máximo beneficio.</p> [button text=""Haz tu reserva"" color=""secondary"" padding=""5px 30px 5px 30px"" radius=""30"" expand=""0""] [/col_inner] [col_inner span=""6"" span__sm=""12"" span__md=""12"" force_first=""medium"" padding=""50px 50px 20px 0px"" padding__sm=""20px 20px 10px 20px"" padding__md=""50px 50px 0 50px""] [ux_banner height=""500px"" height__sm=""300px"" height__md=""400px"" bg=""24130"" bg_color=""rgb(255, 255, 255)"" bg_pos=""95% 100%""] [text_box width__sm=""60"" position_x=""50"" position_y=""50""] [/text_box] [/ux_banner] [/col_inner] [/row_inner] [/col] [/row] [gap height=""55px"" height__sm=""15px""] [row col_style=""solid""] [col span=""4"" span__sm=""12"" align=""center""] [ux_text font_size=""2.5"" text_align=""center""] <h3><span class=""count-up"">365</span></h3> [/ux_text] [ux_text text_align=""center""] <h6>Días de servicio al año</h6> [/ux_text] [/col] [col span=""4"" span__sm=""12"" align=""center""] [ux_text font_size=""2.5"" text_align=""center""] <h3><span class=""count-up"">1750</span></h3> [/ux_text] [ux_text text_align=""center""] <h6>Clientes satisfechos</h6> [/ux_text] [/col] [col span=""4"" span__sm=""12"" align=""center""] [ux_text font_size=""2.5"" text_align=""center""] <h3><span class=""count-up"">145</span></h3> [/ux_text] [ux_text text_align=""center""] <h6>Soluciones disponibles</h6> [/ux_text] [/col] [/row] [gap] [/section] [section label=""Historia"" bg_color=""rgb(237, 233, 227)""] [row width=""custom"" custom_width=""1200px""] [col span__sm=""12"" margin=""-100px 0px 0px 0px"" bg_color=""rgb(255, 255, 255)""] [row_inner width=""custom"" custom_width=""1200px""] [col_inner span__sm=""12"" padding=""50px 50px 0px 50px"" padding__sm=""50px 20px 0px 20px""] [ux_text text_align=""center""] <h6>Apreciamos la calidad</h6> [/ux_text] [ux_text font_size=""1.75"" font_size__sm=""2"" text_align=""center""] <h2>Soluciones tecnológicas icónicas</h2> [/ux_text] [/col_inner] [/row_inner] [row_inner width=""custom"" custom_width=""1200px"" h_align=""center""] [col_inner span=""6"" span__sm=""12"" padding=""0px 10px 0px 60px"" padding__sm=""0px 30px 0px 30px"" padding__md=""0px 0px 0px 50px"" margin=""-25px 0px 0px 0px"" margin__sm=""-20px 0px 0px 0px""] <p>Implementamos tecnologías avanzadas como inteligencia artificial y soluciones en la nube para optimizar los procesos empresariales. Nuestra experiencia en integraciones asegura que cada cliente obtenga el máximo rendimiento de sus sistemas.</p> [/col_inner] [col_inner span=""6"" span__sm=""12"" padding=""0px 60px 0px 10px"" padding__sm=""0px 30px 0px 30px"" padding__md=""0px 20px 0px 30px"" margin=""-25px 0px 0px 0px"" margin__sm=""-20px 0px 0px 0px"" border=""0px 0px 0px 3px"" border_margin=""0px 0px 0px -17px""] <p>Además, ofrecemos formación y capacitación para asegurar que tu equipo esté preparado para utilizar las nuevas herramientas eficientemente.</p> [/col_inner] [/row_inner] [/col] [/row] [/section] [section label=""Llamado a la Acción"" bg=""24137"" bg_pos=""74% 51%"" height=""400px""] [gap] [row col_bg=""rgb(255, 255, 255)"" width=""custom"" custom_width=""1200px""] [col span__sm=""12"" padding=""50px 50px 50px 50px"" align=""center""] [gap height=""15px""] [ux_text text_align=""center""] <h6>Contáctanos</h6> [/ux_text] [ux_text font_size=""1.75"" text_align=""center""] <h2>¿Tienes alguna pregunta?</h2> [/ux_text] [button text=""Ponte en contacto"" color=""secondary"" padding=""5px 30px 5px 30px"" radius=""30""] [/col] [/row] [/section] [section label=""Hero Text"" padding=""0px""] [row width=""custom"" custom_width=""1200px"" v_align=""bottom""] [col span=""10"" span__sm=""12"" span__md=""9""] [gap height=""150px"" height__sm=""100px""] [ux_text font_size=""1"" font_size__sm=""1"" font_size__md=""0.75""] <h2><span style=""font-size: 190%;"">Tu comodidad es nuestra única prioridad</span></h2> [/ux_text] [/col] [col span=""2"" span__sm=""12"" span__md=""3"" align=""right""] [button text=""Solicitar ahora"" color=""secondary"" padding=""5px 30px 5px 30px"" radius=""30"" expand=""true""] [/col] [/row] [/section] [section label=""Hero Image"" bg=""24125"" bg_pos=""48% 62%"" parallax=""7"" height=""550px"" height__sm=""350px"" height__md=""450px""] [/section] [section label=""Image Section"" bg=""24128"" parallax=""7"" height=""400px"" height__sm=""300px"" height__md=""350px""] [/section] [section label=""Galería"" bg_color=""rgb(237, 233, 227)""] [row width=""custom"" custom_width=""1200px""] [col span__sm=""12""] [ux_banner_grid spacing=""xsmall"" height=""561"" height__md=""373"" width=""full-width""] [col_grid span=""3"" span__sm=""12"" height=""2-3""] [ux_banner height=""500px"" height__md=""300px"" bg=""24132"" bg_color=""rgb(237, 233, 227)"" bg_pos=""42% 86%"" hover=""glow"" link=""#""] [text_box width__sm=""60"" position_x=""50"" position_y=""50""] [/text_box] [/ux_banner] [/col_grid] [col_grid span=""6"" span__sm=""12""] [ux_banner height=""500px"" height__md=""400px"" bg=""24127"" bg_color=""rgb(237, 233, 227)"" hover=""glow"" link=""#""] [text_box width__sm=""60"" position_x=""50"" position_y=""50""] [/text_box] [/ux_banner] [/col_grid] [col_grid span=""3"" span__sm=""12"" height=""1-3""] [ux_banner height=""500px"" height__md=""300px"" bg=""24134"" bg_color=""rgb(237, 233, 227)"" bg_pos=""42% 86%"" hover=""glow"" link=""#""] [text_box width__sm=""60"" position_x=""50"" position_y=""50""] [/text_box] [/ux_banner] [/col_grid] [col_grid span=""3"" span__sm=""12"" height=""2-3""] [ux_banner height=""500px"" height__md=""300px"" bg=""24130"" bg_color=""rgb(237, 233, 227)"" bg_pos=""90% 96%"" hover=""glow"" link=""#""] [text_box width__sm=""60"" position_x=""50"" position_y=""50""] [/text_box] [/ux_banner] [/col_grid] [col_grid span=""3"" span__sm=""12"" height=""1-3""] [ux_banner height=""500px"" height__md=""300px"" bg=""24126"" bg_color=""rgb(237, 233, 227)"" bg_pos=""100% 43%"" hover=""glow"" link=""#""] [text_box width__sm=""60"" position_x=""50"" position_y=""50""] [/text_box] [/ux_banner] [/col_grid] [/ux_banner_grid] [/col] [/row] [gap height=""80px"" height__md=""40px""] [/section]
[/section label=""Intro & Numbers"" bg_color=""rgb(237, 233, 227)""][/row width=""custom"" custom_width=""1200px""][/col span__sm=""12"" margin=""-150px 0px 0px 0px"" margin__sm=""-100px 0px 0px 0px"" bg_color=""rgb(255, 255, 255)""][/row_inner width=""custom"" custom_width=""1200px"" v_align=""middle"" h_align=""right""][/col_inner span=""6"" span__sm=""12"" span__md=""12"" padding=""50px 50px 50px 70px"" padding__sm=""10px 30px 0px 30px"" padding__md=""0 50px 20px 50px""][/gap height=""50px"" height__sm=""5px""][/ux_text font_size=""1.75""][//ux_text][/button text=""Haz tu reserva"" color=""secondary"" padding=""5px 30px 5px 30px"" radius=""30"" expand=""0""][//col_inner][/col_inner span=""6"" span__sm=""12"" span__md=""12"" force_first=""medium"" padding=""50px 50px 20px 0px"" padding__sm=""20px 20px 10px 20px"" padding__md=""50px 50px 0 50px""][/ux_banner height=""500px"" height__sm=""300px"" height__md=""400px"" bg=""24130"" bg_color=""rgb(255, 255, 255)"" bg_pos=""95% 100%""][/text_box width__sm=""60"" position_x=""50"" position_y=""50""][//text_box][//ux_banner][//col_inner][//row_inner][//col][//row][/gap height=""55px"" height__sm=""15px""][/row col_style=""solid""][/col span=""4"" span__sm=""12"" align=""center""][/ux_text font_size=""2.5"" text_align=""center""][//ux_text][/ux_text text_align=""center""][//ux_text][//col][/col span=""4"" span__sm=""12"" align=""center""][/ux_text font_size=""2.5"" text_align=""center""][//ux_text][/ux_text text_align=""center""][//ux_text][//col][/col span=""4"" span__sm=""12"" align=""center""][/ux_text font_size=""2.5"" text_align=""center""][//ux_text][/ux_text text_align=""center""][//ux_text][//col][//row][/gap][//section][/section label=""Historia"" bg_color=""rgb(237, 233, 227)""][/row width=""custom"" custom_width=""1200px""][/col span__sm=""12"" margin=""-100px 0px 0px 0px"" bg_color=""rgb(255, 255, 255)""][/row_inner width=""custom"" custom_width=""1200px""][/col_inner span__sm=""12"" padding=""50px 50px 0px 50px"" padding__sm=""50px 20px 0px 20px""][/ux_text text_align=""center""][//ux_text][/ux_text font_size=""1.75"" font_size__sm=""2"" text_align=""center""][//ux_text][//col_inner][//row_inner][/row_inner width=""custom"" custom_width=""1200px"" h_align=""center""][/col_inner span=""6"" span__sm=""12"" padding=""0px 10px 0px 60px"" padding__sm=""0px 30px 0px 30px"" padding__md=""0px 0px 0px 50px"" margin=""-25px 0px 0px 0px"" margin__sm=""-20px 0px 0px 0px""][//col_inner][/col_inner span=""6"" span__sm=""12"" padding=""0px 60px 0px 10px"" padding__sm=""0px 30px 0px 30px"" padding__md=""0px 20px 0px 30px"" margin=""-25px 0px 0px 0px"" margin__sm=""-20px 0px 0px 0px"" border=""0px 0px 0px 3px"" border_margin=""0px 0px 0px -17px""][//col_inner][//row_inner][//col][//row][//section][/section label=""Llamado a la Acción"" bg=""24137"" bg_pos=""74% 51%"" height=""400px""][/gap][/row col_bg=""rgb(255, 255, 255)"" width=""custom"" custom_width=""1200px""][/col span__sm=""12"" padding=""50px 50px 50px 50px"" align=""center""][/gap height=""15px""][/ux_text text_align=""center""][//ux_text][/ux_text font_size=""1.75"" text_align=""center""][//ux_text][/button text=""Ponte en contacto"" color=""secondary"" padding=""5px 30px 5px 30px"" radius=""30""][//col][//row][//section][/section label=""Hero Text"" padding=""0px""][/row width=""custom"" custom_width=""1200px"" v_align=""bottom""][/col span=""10"" span__sm=""12"" span__md=""9""][/gap height=""150px"" height__sm=""100px""][/ux_text font_size=""1"" font_size__sm=""1"" font_size__md=""0.75""][//ux_text][//col][/col span=""2"" span__sm=""12"" span__md=""3"" align=""right""][/button text=""Solicitar ahora"" color=""secondary"" padding=""5px 30px 5px 30px"" radius=""30"" expand=""true""][//col][//row][//section][/section label=""Hero Image"" bg=""24125"" bg_pos=""48% 62%"" parallax=""7"" height=""550px"" height__sm=""350px"" height__md=""450px""][//section][/section label=""Image Section"" bg=""24128"" parallax=""7"" height=""400px"" height__sm=""300px"" height__md=""350px""][//section][/section label=""Galería"" bg_color=""rgb(237, 233, 227)""][/row width=""custom"" custom_width=""1200px""][/col span__sm=""12""][/ux_banner_grid spacing=""xsmall"" height=""561"" height__md=""373"" width=""full-width""][/col_grid span=""3"" span__sm=""12"" height=""2-3""][/ux_banner height=""500px"" height__md=""300px"" bg=""24132"" bg_color=""rgb(237, 233, 227)"" bg_pos=""42% 86%"" hover=""glow"" link=""#""][/text_box width__sm=""60"" position_x=""50"" position_y=""50""][//text_box][//ux_banner][//col_grid][/col_grid span=""6"" span__sm=""12""][/ux_banner height=""500px"" height__md=""400px"" bg=""24127"" bg_color=""rgb(237, 233, 227)"" hover=""glow"" link=""#""][/text_box width__sm=""60"" position_x=""50"" position_y=""50""][//text_box][//ux_banner][//col_grid][/col_grid span=""3"" span__sm=""12"" height=""1-3""][/ux_banner height=""500px"" height__md=""300px"" bg=""24134"" bg_color=""rgb(237, 233, 227)"" bg_pos=""42% 86%"" hover=""glow"" link=""#""][/text_box width__sm=""60"" position_x=""50"" position_y=""50""][//text_box][//ux_banner][//col_grid][/col_grid span=""3"" span__sm=""12"" height=""2-3""][/ux_banner height=""500px"" height__md=""300px"" bg=""24130"" bg_color=""rgb(237, 233, 227)"" bg_pos=""90% 96%"" hover=""glow"" link=""#""][/text_box width__sm=""60"" position_x=""50"" position_y=""50""][//text_box][//ux_banner][//col_grid][/col_grid span=""3"" span__sm=""12"" height=""1-3""][/ux_banner height=""500px"" height__md=""300px"" bg=""24126"" bg_color=""rgb(237, 233, 227)"" bg_pos=""100% 43%"" hover=""glow"" link=""#""][/text_box width__sm=""60"" position_x=""50"" position_y=""50""][//text_box][//ux_banner][//col_grid][//ux_banner_grid][//col][//row][/gap height=""80px"" height__md=""40px""][//section]

[section label=""Intro & Numbers"" bg_color=""rgb(237, 233, 227)""] [row width=""custom"" custom_width=""1200px""] [col span__sm=""12"" margin=""-150px 0px 0px 0px"" margin__sm=""-100px 0px 0px 0px"" bg_color=""rgb(255, 255, 255)""] [row_inner width=""custom"" custom_width=""1200px"" v_align=""middle"" h_align=""right""] [col_inner span=""6"" span__sm=""12"" span__md=""12"" padding=""50px 50px 50px 70px"" padding__sm=""10px 30px 0px 30px"" padding__md=""0 50px 20px 50px""] [gap height=""50px"" height__sm=""5px""] <h6>elegancia y tecnología</h6> [ux_text font_size=""1.75""] <h2>Avanza a tu ritmo</h2> [/ux_text] <p>En Viaweb, ofrecemos soluciones tecnológicas avanzadas que integran sistemas de ERP y CRM, desarrollo web y comercio electrónico, y herramientas de inteligencia de negocios. Nuestro enfoque personalizado asegura que cada cliente obtenga el máximo beneficio.</p> [button text=""Haz tu reserva"" color=""secondary"" padding=""5px 30px 5px 30px"" radius=""30"" expand=""0""] [/col_inner] [col_inner span=""6"" span__sm=""12"" span__md=""12"" force_first=""medium"" padding=""50px 50px 20px 0px"" padding__sm=""20px 20px 10px 20px"" padding__md=""50px 50px 0 50px""] [ux_banner height=""500px"" height__sm=""300px"" height__md=""400px"" bg=""24130"" bg_color=""rgb(255, 255, 255)"" bg_pos=""95% 100%""] [text_box width__sm=""60"" position_x=""50"" position_y=""50""] [/text_box] [/ux_banner] [/col_inner] [/row_inner] [/col] [/row] [gap height=""55px"" height__sm=""15px""] [row col_style=""solid""] [col span=""4"" span__sm=""12"" align=""center""] [ux_text font_size=""2.5"" text_align=""center""] <h3><span class=""count-up"">365</span></h3> [/ux_text] [ux_text text_align=""center""] <h6>Días de servicio al año</h6> [/ux_text] [/col] [col span=""4"" span__sm=""12"" align=""center""] [ux_text font_size=""2.5"" text_align=""center""] <h3><span class=""count-up"">1750</span></h3> [/ux_text] [ux_text text_align=""center""] <h6>Clientes satisfechos</h6> [/ux_text] [/col] [col span=""4"" span__sm=""12"" align=""center""] [ux_text font_size=""2.5"" text_align=""center""] <h3><span class=""count-up"">145</span></h3> [/ux_text] [ux_text text_align=""center""] <h6>Soluciones disponibles</h6> [/ux_text] [/col] [/row] [gap] [/section] [section label=""Historia"" bg_color=""rgb(237, 233, 227)""] [row width=""custom"" custom_width=""1200px""] [col span__sm=""12"" margin=""-100px 0px 0px 0px"" bg_color=""rgb(255, 255, 255)""] [row_inner width=""custom"" custom_width=""1200px""] [col_inner span__sm=""12"" padding=""50px 50px 0px 50px"" padding__sm=""50px 20px 0px 20px""] [ux_text text_align=""center""] <h6>Apreciamos la calidad</h6> [/ux_text] [ux_text font_size=""1.75"" font_size__sm=""2"" text_align=""center""] <h2>Soluciones tecnológicas icónicas</h2> [/ux_text] [/col_inner] [/row_inner] [row_inner width=""custom"" custom_width=""1200px"" h_align=""center""] [col_inner span=""6"" span__sm=""12"" padding=""0px 10px 0px 60px"" padding__sm=""0px 30px 0px 30px"" padding__md=""0px 0px 0px 50px"" margin=""-25px 0px 0px 0px"" margin__sm=""-20px 0px 0px 0px""] <p>Implementamos tecnologías avanzadas como inteligencia artificial y soluciones en la nube para optimizar los procesos empresariales. Nuestra experiencia en integraciones asegura que cada cliente obtenga el máximo rendimiento de sus sistemas.</p> [/col_inner] [col_inner span=""6"" span__sm=""12"" padding=""0px 60px 0px 10px"" padding__sm=""0px 30px 0px 30px"" padding__md=""0px 20px 0px 30px"" margin=""-25px 0px 0px 0px"" margin__sm=""-20px 0px 0px 0px"" border=""0px 0px 0px 3px"" border_margin=""0px 0px 0px -17px""] <p>Además, ofrecemos formación y capacitación para asegurar que tu equipo esté preparado para utilizar las nuevas herramientas eficientemente.</p> [/col_inner] [/row_inner] [/col] [/row] [/section] [section label=""Llamado a la Acción"" bg=""24137"" bg_pos=""74% 51%"" height=""400px""] [gap] [row col_bg=""rgb(255, 255, 255)"" width=""custom"" custom_width=""1200px""] [col span__sm=""12"" padding=""50px 50px 50px 50px"" align=""center""] [gap height=""15px""] [ux_text text_align=""center""] <h6>Contáctanos</h6> [/ux_text] [ux_text font_size=""1.75"" text_align=""center""] <h2>¿Tienes alguna pregunta?</h2> [/ux_text] [button text=""Ponte en contacto"" color=""secondary"" padding=""5px 30px 5px 30px"" radius=""30""] [/col] [/row] [/section] [section label=""Hero Text"" padding=""0px""] [row width=""custom"" custom_width=""1200px"" v_align=""bottom""] [col span=""10"" span__sm=""12"" span__md=""9""] [gap height=""150px"" height__sm=""100px""] [ux_text font_size=""1"" font_size__sm=""1"" font_size__md=""0.75""] <h2><span style=""font-size: 190%;"">Tu comodidad es nuestra única prioridad</span></h2> [/ux_text] [/col] [col span=""2"" span__sm=""12"" span__md=""3"" align=""right""] [button text=""Solicitar ahora"" color=""secondary"" padding=""5px 30px 5px 30px"" radius=""30"" expand=""true""] [/col] [/row] [/section] [section label=""Hero Image"" bg=""24125"" bg_pos=""48% 62%"" parallax=""7"" height=""550px"" height__sm=""350px"" height__md=""450px""] [/section] [section label=""Image Section"" bg=""24128"" parallax=""7"" height=""400px"" height__sm=""300px"" height__md=""350px""] [/section] [section label=""Galería"" bg_color=""rgb(237, 233, 227)""] [row width=""custom"" custom_width=""1200px""] [col span__sm=""12""] [ux_banner_grid spacing=""xsmall"" height=""561"" height__md=""373"" width=""full-width""] [col_grid span=""3"" span__sm=""12"" height=""2-3""] [ux_banner height=""500px"" height__md=""300px"" bg=""24132"" bg_color=""rgb(237, 233, 227)"" bg_pos=""42% 86%"" hover=""glow"" link=""#""] [text_box width__sm=""60"" position_x=""50"" position_y=""50""] [/text_box] [/ux_banner] [/col_grid] [col_grid span=""6"" span__sm=""12""] [ux_banner height=""500px"" height__md=""400px"" bg=""24127"" bg_color=""rgb(237, 233, 227)"" hover=""glow"" link=""#""] [text_box width__sm=""60"" position_x=""50"" position_y=""50""] [/text_box] [/ux_banner] [/col_grid] [col_grid span=""3"" span__sm=""12"" height=""1-3""] [ux_banner height=""500px"" height__md=""300px"" bg=""24134"" bg_color=""rgb(237, 233, 227)"" bg_pos=""42% 86%"" hover=""glow"" link=""#""] [text_box width__sm=""60"" position_x=""50"" position_y=""50""] [/text_box] [/ux_banner] [/col_grid] [col_grid span=""3"" span__sm=""12"" height=""2-3""] [ux_banner height=""500px"" height__md=""300px"" bg=""24130"" bg_color=""rgb(237, 233, 227)"" bg_pos=""90% 96%"" hover=""glow"" link=""#""] [text_box width__sm=""60"" position_x=""50"" position_y=""50""] [/text_box] [/ux_banner] [/col_grid] [col_grid span=""3"" span__sm=""12"" height=""1-3""] [ux_banner height=""500px"" height__md=""300px"" bg=""24126"" bg_color=""rgb(237, 233, 227)"" bg_pos=""100% 43%"" hover=""glow"" link=""#""] [text_box width__sm=""60"" position_x=""50"" position_y=""50""] [/text_box] [/ux_banner] [/col_grid] [/ux_banner_grid] [/col] [/row] [gap height=""80px"" height__md=""40px""] [/section]
[/section label=""Intro & Numbers"" bg_color=""rgb(237, 233, 227)""][/row width=""custom"" custom_width=""1200px""][/col span__sm=""12"" margin=""-150px 0px 0px 0px"" margin__sm=""-100px 0px 0px 0px"" bg_color=""rgb(255, 255, 255)""][/row_inner width=""custom"" custom_width=""1200px"" v_align=""middle"" h_align=""right""][/col_inner span=""6"" span__sm=""12"" span__md=""12"" padding=""50px 50px 50px 70px"" padding__sm=""10px 30px 0px 30px"" padding__md=""0 50px 20px 50px""][/gap height=""50px"" height__sm=""5px""][/ux_text font_size=""1.75""][//ux_text][/button text=""Haz tu reserva"" color=""secondary"" padding=""5px 30px 5px 30px"" radius=""30"" expand=""0""][//col_inner][/col_inner span=""6"" span__sm=""12"" span__md=""12"" force_first=""medium"" padding=""50px 50px 20px 0px"" padding__sm=""20px 20px 10px 20px"" padding__md=""50px 50px 0 50px""][/ux_banner height=""500px"" height__sm=""300px"" height__md=""400px"" bg=""24130"" bg_color=""rgb(255, 255, 255)"" bg_pos=""95% 100%""][/text_box width__sm=""60"" position_x=""50"" position_y=""50""][//text_box][//ux_banner][//col_inner][//row_inner][//col][//row][/gap height=""55px"" height__sm=""15px""][/row col_style=""solid""][/col span=""4"" span__sm=""12"" align=""center""][/ux_text font_size=""2.5"" text_align=""center""][//ux_text][/ux_text text_align=""center""][//ux_text][//col][/col span=""4"" span__sm=""12"" align=""center""][/ux_text font_size=""2.5"" text_align=""center""][//ux_text][/ux_text text_align=""center""][//ux_text][//col][/col span=""4"" span__sm=""12"" align=""center""][/ux_text font_size=""2.5"" text_align=""center""][//ux_text][/ux_text text_align=""center""][//ux_text][//col][//row][/gap][//section][/section label=""Historia"" bg_color=""rgb(237, 233, 227)""][/row width=""custom"" custom_width=""1200px""][/col span__sm=""12"" margin=""-100px 0px 0px 0px"" bg_color=""rgb(255, 255, 255)""][/row_inner width=""custom"" custom_width=""1200px""][/col_inner span__sm=""12"" padding=""50px 50px 0px 50px"" padding__sm=""50px 20px 0px 20px""][/ux_text text_align=""center""][//ux_text][/ux_text font_size=""1.75"" font_size__sm=""2"" text_align=""center""][//ux_text][//col_inner][//row_inner][/row_inner width=""custom"" custom_width=""1200px"" h_align=""center""][/col_inner span=""6"" span__sm=""12"" padding=""0px 10px 0px 60px"" padding__sm=""0px 30px 0px 30px"" padding__md=""0px 0px 0px 50px"" margin=""-25px 0px 0px 0px"" margin__sm=""-20px 0px 0px 0px""][//col_inner][/col_inner span=""6"" span__sm=""12"" padding=""0px 60px 0px 10px"" padding__sm=""0px 30px 0px 30px"" padding__md=""0px 20px 0px 30px"" margin=""-25px 0px 0px 0px"" margin__sm=""-20px 0px 0px 0px"" border=""0px 0px 0px 3px"" border_margin=""0px 0px 0px -17px""][//col_inner][//row_inner][//col][//row][//section][/section label=""Llamado a la Acción"" bg=""24137"" bg_pos=""74% 51%"" height=""400px""][/gap][/row col_bg=""rgb(255, 255, 255)"" width=""custom"" custom_width=""1200px""][/col span__sm=""12"" padding=""50px 50px 50px 50px"" align=""center""][/gap height=""15px""][/ux_text text_align=""center""][//ux_text][/ux_text font_size=""1.75"" text_align=""center""][//ux_text][/button text=""Ponte en contacto"" color=""secondary"" padding=""5px 30px 5px 30px"" radius=""30""][//col][//row][//section][/section label=""Hero Text"" padding=""0px""][/row width=""custom"" custom_width=""1200px"" v_align=""bottom""][/col span=""10"" span__sm=""12"" span__md=""9""][/gap height=""150px"" height__sm=""100px""][/ux_text font_size=""1"" font_size__sm=""1"" font_size__md=""0.75""][//ux_text][//col][/col span=""2"" span__sm=""12"" span__md=""3"" align=""right""][/button text=""Solicitar ahora"" color=""secondary"" padding=""5px 30px 5px 30px"" radius=""30"" expand=""true""][//col][//row][//section][/section label=""Hero Image"" bg=""24125"" bg_pos=""48% 62%"" parallax=""7"" height=""550px"" height__sm=""350px"" height__md=""450px""][//section][/section label=""Image Section"" bg=""24128"" parallax=""7"" height=""400px"" height__sm=""300px"" height__md=""350px""][//section][/section label=""Galería"" bg_color=""rgb(237, 233, 227)""][/row width=""custom"" custom_width=""1200px""][/col span__sm=""12""][/ux_banner_grid spacing=""xsmall"" height=""561"" height__md=""373"" width=""full-width""][/col_grid span=""3"" span__sm=""12"" height=""2-3""][/ux_banner height=""500px"" height__md=""300px"" bg=""24132"" bg_color=""rgb(237, 233, 227)"" bg_pos=""42% 86%"" hover=""glow"" link=""#""][/text_box width__sm=""60"" position_x=""50"" position_y=""50""][//text_box][//ux_banner][//col_grid][/col_grid span=""6"" span__sm=""12""][/ux_banner height=""500px"" height__md=""400px"" bg=""24127"" bg_color=""rgb(237, 233, 227)"" hover=""glow"" link=""#""][/text_box width__sm=""60"" position_x=""50"" position_y=""50""][//text_box][//ux_banner][//col_grid][/col_grid span=""3"" span__sm=""12"" height=""1-3""][/ux_banner height=""500px"" height__md=""300px"" bg=""24134"" bg_color=""rgb(237, 233, 227)"" bg_pos=""42% 86%"" hover=""glow"" link=""#""][/text_box width__sm=""60"" position_x=""50"" position_y=""50""][//text_box][//ux_banner][//col_grid][/col_grid span=""3"" span__sm=""12"" height=""2-3""][/ux_banner height=""500px"" height__md=""300px"" bg=""24130"" bg_color=""rgb(237, 233, 227)"" bg_pos=""90% 96%"" hover=""glow"" link=""#""][/text_box width__sm=""60"" position_x=""50"" position_y=""50""][//text_box][//ux_banner][//col_grid][/col_grid span=""3"" span__sm=""12"" height=""1-3""][/ux_banner height=""500px"" height__md=""300px"" bg=""24126"" bg_color=""rgb(237, 233, 227)"" bg_pos=""100% 43%"" hover=""glow"" link=""#""][/text_box width__sm=""60"" position_x=""50"" position_y=""50""][//text_box][//ux_banner][//col_grid][//ux_banner_grid][//col][//row][/gap height=""80px"" height__md=""40px""][//section]

[section label=""Intro & Numbers"" bg_color=""rgb(237, 233, 227)""] [row width=""custom"" custom_width=""1200px""] [col span__sm=""12"" margin=""-150px 0px 0px 0px"" margin__sm=""-100px 0px 0px 0px"" bg_color=""rgb(255, 255, 255)""] [row_inner width=""custom"" custom_width=""1200px"" v_align=""middle"" h_align=""right""] [col_inner span=""6"" span__sm=""12"" span__md=""12"" padding=""50px 50px 50px 70px"" padding__sm=""10px 30px 0px 30px"" padding__md=""0 50px 20px 50px""] [gap height=""50px"" height__sm=""5px""] <h6>elegancia y tecnología</h6> [ux_text font_size=""1.75""] <h2>Avanza a tu ritmo</h2> [/ux_text] <p>En Viaweb, ofrecemos soluciones tecnológicas avanzadas que integran sistemas de ERP y CRM, desarrollo web y comercio electrónico, y herramientas de inteligencia de negocios. Nuestro enfoque personalizado asegura que cada cliente obtenga el máximo beneficio.</p> [button text=""Haz tu reserva"" color=""secondary"" padding=""5px 30px 5px 30px"" radius=""30"" expand=""0""] [/col_inner] [col_inner span=""6"" span__sm=""12"" span__md=""12"" force_first=""medium"" padding=""50px 50px 20px 0px"" padding__sm=""20px 20px 10px 20px"" padding__md=""50px 50px 0 50px""] [ux_banner height=""500px"" height__sm=""300px"" height__md=""400px"" bg=""24130"" bg_color=""rgb(255, 255, 255)"" bg_pos=""95% 100%""] [text_box width__sm=""60"" position_x=""50"" position_y=""50""] [/text_box] [/ux_banner] [/col_inner] [/row_inner] [/col] [/row] [gap height=""55px"" height__sm=""15px""] [row col_style=""solid""] [col span=""4"" span__sm=""12"" align=""center""] [ux_text font_size=""2.5"" text_align=""center""] <h3><span class=""count-up"">365</span></h3> [/ux_text] [ux_text text_align=""center""] <h6>Días de servicio al año</h6> [/ux_text] [/col] [col span=""4"" span__sm=""12"" align=""center""] [ux_text font_size=""2.5"" text_align=""center""] <h3><span class=""count-up"">1750</span></h3> [/ux_text] [ux_text text_align=""center""] <h6>Clientes satisfechos</h6> [/ux_text] [/col] [col span=""4"" span__sm=""12"" align=""center""] [ux_text font_size=""2.5"" text_align=""center""] <h3><span class=""count-up"">145</span></h3> [/ux_text] [ux_text text_align=""center""] <h6>Soluciones disponibles</h6> [/ux_text] [/col] [/row] [gap] [/section] [section label=""Historia"" bg_color=""rgb(237, 233, 227)""] [row width=""custom"" custom_width=""1200px""] [col span__sm=""12"" margin=""-100px 0px 0px 0px"" bg_color=""rgb(255, 255, 255)""] [row_inner width=""custom"" custom_width=""1200px""] [col_inner span__sm=""12"" padding=""50px 50px 0px 50px"" padding__sm=""50px 20px 0px 20px""] [ux_text text_align=""center""] <h6>Apreciamos la calidad</h6> [/ux_text] [ux_text font_size=""1.75"" font_size__sm=""2"" text_align=""center""] <h2>Soluciones tecnológicas icónicas</h2> [/ux_text] [/col_inner] [/row_inner] [row_inner width=""custom"" custom_width=""1200px"" h_align=""center""] [col_inner span=""6"" span__sm=""12"" padding=""0px 10px 0px 60px"" padding__sm=""0px 30px 0px 30px"" padding__md=""0px 0px 0px 50px"" margin=""-25px 0px 0px 0px"" margin__sm=""-20px 0px 0px 0px""] <p>Implementamos tecnologías avanzadas como inteligencia artificial y soluciones en la nube para optimizar los procesos empresariales. Nuestra experiencia en integraciones asegura que cada cliente obtenga el máximo rendimiento de sus sistemas.</p> [/col_inner] [col_inner span=""6"" span__sm=""12"" padding=""0px 60px 0px 10px"" padding__sm=""0px 30px 0px 30px"" padding__md=""0px 20px 0px 30px"" margin=""-25px 0px 0px 0px"" margin__sm=""-20px 0px 0px 0px"" border=""0px 0px 0px 3px"" border_margin=""0px 0px 0px -17px""] <p>Además, ofrecemos formación y capacitación para asegurar que tu equipo esté preparado para utilizar las nuevas herramientas eficientemente.</p> [/col_inner] [/row_inner] [/col] [/row] [/section] [section label=""Llamado a la Acción"" bg=""24137"" bg_pos=""74% 51%"" height=""400px""] [gap] [row col_bg=""rgb(255, 255, 255)"" width=""custom"" custom_width=""1200px""] [col span__sm=""12"" padding=""50px 50px 50px 50px"" align=""center""] [gap height=""15px""] [ux_text text_align=""center""] <h6>Contáctanos</h6> [/ux_text] [ux_text font_size=""1.75"" text_align=""center""] <h2>¿Tienes alguna pregunta?</h2> [/ux_text] [button text=""Ponte en contacto"" color=""secondary"" padding=""5px 30px 5px 30px"" radius=""30""] [/col] [/row] [/section] [section label=""Hero Text"" padding=""0px""] [row width=""custom"" custom_width=""1200px"" v_align=""bottom""] [col span=""10"" span__sm=""12"" span__md=""9""] [gap height=""150px"" height__sm=""100px""] [ux_text font_size=""1"" font_size__sm=""1"" font_size__md=""0.75""] <h2><span style=""font-size: 190%;"">Tu comodidad es nuestra única prioridad</span></h2> [/ux_text] [/col] [col span=""2"" span__sm=""12"" span__md=""3"" align=""right""] [button text=""Solicitar ahora"" color=""secondary"" padding=""5px 30px 5px 30px"" radius=""30"" expand=""true""] [/col] [/row] [/section] [section label=""Hero Image"" bg=""24125"" bg_pos=""48% 62%"" parallax=""7"" height=""550px"" height__sm=""350px"" height__md=""450px""] [/section] [section label=""Image Section"" bg=""24128"" parallax=""7"" height=""400px"" height__sm=""300px"" height__md=""350px""] [/section] [section label=""Galería"" bg_color=""rgb(237, 233, 227)""] [row width=""custom"" custom_width=""1200px""] [col span__sm=""12""] [ux_banner_grid spacing=""xsmall"" height=""561"" height__md=""373"" width=""full-width""] [col_grid span=""3"" span__sm=""12"" height=""2-3""] [ux_banner height=""500px"" height__md=""300px"" bg=""24132"" bg_color=""rgb(237, 233, 227)"" bg_pos=""42% 86%"" hover=""glow"" link=""#""] [text_box width__sm=""60"" position_x=""50"" position_y=""50""] [/text_box] [/ux_banner] [/col_grid] [col_grid span=""6"" span__sm=""12""] [ux_banner height=""500px"" height__md=""400px"" bg=""24127"" bg_color=""rgb(237, 233, 227)"" hover=""glow"" link=""#""] [text_box width__sm=""60"" position_x=""50"" position_y=""50""] [/text_box] [/ux_banner] [/col_grid] [col_grid span=""3"" span__sm=""12"" height=""1-3""] [ux_banner height=""500px"" height__md=""300px"" bg=""24134"" bg_color=""rgb(237, 233, 227)"" bg_pos=""42% 86%"" hover=""glow"" link=""#""] [text_box width__sm=""60"" position_x=""50"" position_y=""50""] [/text_box] [/ux_banner] [/col_grid] [col_grid span=""3"" span__sm=""12"" height=""2-3""] [ux_banner height=""500px"" height__md=""300px"" bg=""24130"" bg_color=""rgb(237, 233, 227)"" bg_pos=""90% 96%"" hover=""glow"" link=""#""] [text_box width__sm=""60"" position_x=""50"" position_y=""50""] [/text_box] [/ux_banner] [/col_grid] [col_grid span=""3"" span__sm=""12"" height=""1-3""] [ux_banner height=""500px"" height__md=""300px"" bg=""24126"" bg_color=""rgb(237, 233, 227)"" bg_pos=""100% 43%"" hover=""glow"" link=""#""] [text_box width__sm=""60"" position_x=""50"" position_y=""50""] [/text_box] [/ux_banner] [/col_grid] [/ux_banner_grid] [/col] [/row] [gap height=""80px"" height__md=""40px""] [/section]
[/section label=""Intro & Numbers"" bg_color=""rgb(237, 233, 227)""][/row width=""custom"" custom_width=""1200px""][/col span__sm=""12"" margin=""-150px 0px 0px 0px"" margin__sm=""-100px 0px 0px 0px"" bg_color=""rgb(255, 255, 255)""][/row_inner width=""custom"" custom_width=""1200px"" v_align=""middle"" h_align=""right""][/col_inner span=""6"" span__sm=""12"" span__md=""12"" padding=""50px 50px 50px 70px"" padding__sm=""10px 30px 0px 30px"" padding__md=""0 50px 20px 50px""][/gap height=""50px"" height__sm=""5px""][/ux_text font_size=""1.75""][//ux_text][/button text=""Haz tu reserva"" color=""secondary"" padding=""5px 30px 5px 30px"" radius=""30"" expand=""0""][//col_inner][/col_inner span=""6"" span__sm=""12"" span__md=""12"" force_first=""medium"" padding=""50px 50px 20px 0px"" padding__sm=""20px 20px 10px 20px"" padding__md=""50px 50px 0 50px""][/ux_banner height=""500px"" height__sm=""300px"" height__md=""400px"" bg=""24130"" bg_color=""rgb(255, 255, 255)"" bg_pos=""95% 100%""][/text_box width__sm=""60"" position_x=""50"" position_y=""50""][//text_box][//ux_banner][//col_inner][//row_inner][//col][//row][/gap height=""55px"" height__sm=""15px""][/row col_style=""solid""][/col span=""4"" span__sm=""12"" align=""center""][/ux_text font_size=""2.5"" text_align=""center""][//ux_text][/ux_text text_align=""center""][//ux_text][//col][/col span=""4"" span__sm=""12"" align=""center""][/ux_text font_size=""2.5"" text_align=""center""][//ux_text][/ux_text text_align=""center""][//ux_text][//col][/col span=""4"" span__sm=""12"" align=""center""][/ux_text font_size=""2.5"" text_align=""center""][//ux_text][/ux_text text_align=""center""][//ux_text][//col][//row][/gap][//section][/section label=""Historia"" bg_color=""rgb(237, 233, 227)""][/row width=""custom"" custom_width=""1200px""][/col span__sm=""12"" margin=""-100px 0px 0px 0px"" bg_color=""rgb(255, 255, 255)""][/row_inner width=""custom"" custom_width=""1200px""][/col_inner span__sm=""12"" padding=""50px 50px 0px 50px"" padding__sm=""50px 20px 0px 20px""][/ux_text text_align=""center""][//ux_text][/ux_text font_size=""1.75"" font_size__sm=""2"" text_align=""center""][//ux_text][//col_inner][//row_inner][/row_inner width=""custom"" custom_width=""1200px"" h_align=""center""][/col_inner span=""6"" span__sm=""12"" padding=""0px 10px 0px 60px"" padding__sm=""0px 30px 0px 30px"" padding__md=""0px 0px 0px 50px"" margin=""-25px 0px 0px 0px"" margin__sm=""-20px 0px 0px 0px""][//col_inner][/col_inner span=""6"" span__sm=""12"" padding=""0px 60px 0px 10px"" padding__sm=""0px 30px 0px 30px"" padding__md=""0px 20px 0px 30px"" margin=""-25px 0px 0px 0px"" margin__sm=""-20px 0px 0px 0px"" border=""0px 0px 0px 3px"" border_margin=""0px 0px 0px -17px""][//col_inner][//row_inner][//col][//row][//section][/section label=""Llamado a la Acción"" bg=""24137"" bg_pos=""74% 51%"" height=""400px""][/gap][/row col_bg=""rgb(255, 255, 255)"" width=""custom"" custom_width=""1200px""][/col span__sm=""12"" padding=""50px 50px 50px 50px"" align=""center""][/gap height=""15px""][/ux_text text_align=""center""][//ux_text][/ux_text font_size=""1.75"" text_align=""center""][//ux_text][/button text=""Ponte en contacto"" color=""secondary"" padding=""5px 30px 5px 30px"" radius=""30""][//col][//row][//section][/section label=""Hero Text"" padding=""0px""][/row width=""custom"" custom_width=""1200px"" v_align=""bottom""][/col span=""10"" span__sm=""12"" span__md=""9""][/gap height=""150px"" height__sm=""100px""][/ux_text font_size=""1"" font_size__sm=""1"" font_size__md=""0.75""][//ux_text][//col][/col span=""2"" span__sm=""12"" span__md=""3"" align=""right""][/button text=""Solicitar ahora"" color=""secondary"" padding=""5px 30px 5px 30px"" radius=""30"" expand=""true""][//col][//row][//section][/section label=""Hero Image"" bg=""24125"" bg_pos=""48% 62%"" parallax=""7"" height=""550px"" height__sm=""350px"" height__md=""450px""][//section][/section label=""Image Section"" bg=""24128"" parallax=""7"" height=""400px"" height__sm=""300px"" height__md=""350px""][//section][/section label=""Galería"" bg_color=""rgb(237, 233, 227)""][/row width=""custom"" custom_width=""1200px""][/col span__sm=""12""][/ux_banner_grid spacing=""xsmall"" height=""561"" height__md=""373"" width=""full-width""][/col_grid span=""3"" span__sm=""12"" height=""2-3""][/ux_banner height=""500px"" height__md=""300px"" bg=""24132"" bg_color=""rgb(237, 233, 227)"" bg_pos=""42% 86%"" hover=""glow"" link=""#""][/text_box width__sm=""60"" position_x=""50"" position_y=""50""][//text_box][//ux_banner][//col_grid][/col_grid span=""6"" span__sm=""12""][/ux_banner height=""500px"" height__md=""400px"" bg=""24127"" bg_color=""rgb(237, 233, 227)"" hover=""glow"" link=""#""][/text_box width__sm=""60"" position_x=""50"" position_y=""50""][//text_box][//ux_banner][//col_grid][/col_grid span=""3"" span__sm=""12"" height=""1-3""][/ux_banner height=""500px"" height__md=""300px"" bg=""24134"" bg_color=""rgb(237, 233, 227)"" bg_pos=""42% 86%"" hover=""glow"" link=""#""][/text_box width__sm=""60"" position_x=""50"" position_y=""50""][//text_box][//ux_banner][//col_grid][/col_grid span=""3"" span__sm=""12"" height=""2-3""][/ux_banner height=""500px"" height__md=""300px"" bg=""24130"" bg_color=""rgb(237, 233, 227)"" bg_pos=""90% 96%"" hover=""glow"" link=""#""][/text_box width__sm=""60"" position_x=""50"" position_y=""50""][//text_box][//ux_banner][//col_grid][/col_grid span=""3"" span__sm=""12"" height=""1-3""][/ux_banner height=""500px"" height__md=""300px"" bg=""24126"" bg_color=""rgb(237, 233, 227)"" bg_pos=""100% 43%"" hover=""glow"" link=""#""][/text_box width__sm=""60"" position_x=""50"" position_y=""50""][//text_box][//ux_banner][//col_grid][//ux_banner_grid][//col][//row][/gap height=""80px"" height__md=""40px""][//section]

[section label=""Intro & Numbers"" bg_color=""rgb(237, 233, 227)""]

[row width=""custom"" custom_width=""1200px""]

[col span__sm=""12"" margin=""-150px 0px 0px 0px"" margin__sm=""-100px 0px 0px 0px"" bg_color=""rgb(255, 255, 255)""]

[row_inner width=""custom"" custom_width=""1200px"" v_align=""middle"" h_align=""right""]

[col_inner span=""6"" span__sm=""12"" span__md=""12"" padding=""50px 50px 50px 70px"" padding__sm=""10px 30px 0px 30px"" padding__md=""0 50px 20px 50px""]

[gap height=""50px"" height__sm=""5px""]

<h6>elegancia y tecnología</h6>
[ux_text font_size=""1.75""]

<h2>Avanza a tu ritmo</h2>
[/ux_text]
<p>En Viaweb, ofrecemos soluciones tecnológicas avanzadas que integran sistemas de ERP y CRM, desarrollo web y comercio electrónico, y herramientas de inteligencia de negocios. Nuestro enfoque personalizado asegura que cada cliente obtenga el máximo beneficio.</p>
[button text=""Haz tu reserva"" color=""secondary"" padding=""5px 30px 5px 30px"" radius=""30"" expand=""0""]


[/col_inner]
[col_inner span=""6"" span__sm=""12"" span__md=""12"" force_first=""medium"" padding=""50px 50px 20px 0px"" padding__sm=""20px 20px 10px 20px"" padding__md=""50px 50px 0 50px""]

[ux_banner height=""500px"" height__sm=""300px"" height__md=""400px"" bg=""24130"" bg_color=""rgb(255, 255, 255)"" bg_pos=""95% 100%""]

[text_box width__sm=""60"" position_x=""50"" position_y=""50""]


[/text_box]

[/ux_banner]

[/col_inner]

[/row_inner]

[/col]

[/row]
[gap height=""55px"" height__sm=""15px""]

[row col_style=""solid""]

[col span=""4"" span__sm=""12"" align=""center""]

[ux_text font_size=""2.5"" text_align=""center""]

<h3><span class=""count-up"">365</span></h3>
[/ux_text]
[ux_text text_align=""center""]

<h6>Días de servicio al año</h6>
[/ux_text]

[/col]
[col span=""4"" span__sm=""12"" align=""center""]

[ux_text font_size=""2.5"" text_align=""center""]

<h3><span class=""count-up"">1750</span></h3>
[/ux_text]
[ux_text text_align=""center""]

<h6>Clientes satisfechos</h6>
[/ux_text]

[/col]
[col span=""4"" span__sm=""12"" align=""center""]

[ux_text font_size=""2.5"" text_align=""center""]

<h3><span class=""count-up"">145</span></h3>
[/ux_text]
[ux_text text_align=""center""]

<h6>Soluciones disponibles</h6>
[/ux_text]

[/col]

[/row]
[gap]


[/section]
[section label=""Historia"" bg_color=""rgb(237, 233, 227)""]

[row width=""custom"" custom_width=""1200px""]

[col span__sm=""12"" margin=""-100px 0px 0px 0px"" bg_color=""rgb(255, 255, 255)""]

[row_inner width=""custom"" custom_width=""1200px""]

[col_inner span__sm=""12"" padding=""50px 50px 0px 50px"" padding__sm=""50px 20px 0px 20px""]

[ux_text text_align=""center""]

<h6>Apreciamos la calidad</h6>
[/ux_text]
[ux_text font_size=""1.75"" font_size__sm=""2"" text_align=""center""]

<h2>Soluciones tecnológicas icónicas</h2>
[/ux_text]

[/col_inner]

[/row_inner]
[row_inner width=""custom"" custom_width=""1200px"" h_align=""center""]

[col_inner span=""6"" span__sm=""12"" padding=""0px 10px 0px 60px"" padding__sm=""0px 30px 0px 30px"" padding__md=""0px 0px 0px 50px"" margin=""-25px 0px 0px 0px"" margin__sm=""-20px 0px 0px 0px""]

<p>Implementamos tecnologías avanzadas como inteligencia artificial y soluciones en la nube para optimizar los procesos empresariales. Nuestra experiencia en integraciones asegura que cada cliente obtenga el máximo rendimiento de sus sistemas.</p>

[/col_inner]
[col_inner span=""6"" span__sm=""12"" padding=""0px 60px 0px 10px"" padding__sm=""0px 30px 0px 30px"" padding__md=""0px 20px 0px 30px"" margin=""-25px 0px 0px 0px"" margin__sm=""-20px 0px 0px 0px"" border=""0px 0px 0px 3px"" border_margin=""0px 0px 0px -17px""]

<p>Además, ofrecemos formación y capacitación para asegurar que tu equipo esté preparado para utilizar las nuevas herramientas eficientemente.</p>

[/col_inner]

[/row_inner]

[/col]

[/row]

[/section]
[section label=""Llamado a la Acción"" bg=""24137"" bg_pos=""74% 51%"" height=""400px""]

[gap]

[row col_bg=""rgb(255, 255, 255)"" width=""custom"" custom_width=""1200px""]

[col span__sm=""12"" padding=""50px 50px 50px 50px"" align=""center""]

[gap height=""15px""]

[ux_text text_align=""center""]

<h6>Contáctanos</h6>
[/ux_text]
[ux_text font_size=""1.75"" text_align=""center""]

<h2>¿Tienes alguna pregunta?</h2>
[/ux_text]
[button text=""Ponte en contacto"" color=""secondary"" padding=""5px 30px 5px 30px"" radius=""30""]


[/col]

[/row]

[/section]
[section label=""Hero Text"" padding=""0px""]

[row width=""custom"" custom_width=""1200px"" v_align=""bottom""]

[col span=""10"" span__sm=""12"" span__md=""9""]

[gap height=""150px"" height__sm=""100px""]

[ux_text font_size=""1"" font_size__sm=""1"" font_size__md=""0.75""]

<h2><span style=""font-size: 190%;"">Tu comodidad es nuestra única prioridad</span></h2>
[/ux_text]

[/col]
[col span=""2"" span__sm=""12"" span__md=""3"" align=""right""]

[button text=""Solicitar ahora"" color=""secondary"" padding=""5px 30px 5px 30px"" radius=""30"" expand=""true""]


[/col]

[/row]

[/section]
[section label=""Hero Image"" bg=""24125"" bg_pos=""48% 62%"" parallax=""7"" height=""550px"" height__sm=""350px"" height__md=""450px""]


[/section]
[section label=""Image Section"" bg=""24128"" parallax=""7"" height=""400px"" height__sm=""300px"" height__md=""350px""]


[/section]
[section label=""Galería"" bg_color=""rgb(237, 233, 227)""]

[row width=""custom"" custom_width=""1200px""]

[col span__sm=""12""]

[ux_banner_grid spacing=""xsmall"" height=""561"" height__md=""373"" width=""full-width""]

[col_grid span=""3"" span__sm=""12"" height=""2-3""]

[ux_banner height=""500px"" height__md=""300px"" bg=""24132"" bg_color=""rgb(237, 233, 227)"" bg_pos=""42% 86%"" hover=""glow"" link=""#""]

[text_box width__sm=""60"" position_x=""50"" position_y=""50""]


[/text_box]

[/ux_banner]

[/col_grid]
[col_grid span=""6"" span__sm=""12""]

[ux_banner height=""500px"" height__md=""400px"" bg=""24127"" bg_color=""rgb(237, 233, 227)"" hover=""glow"" link=""#""]

[text_box width__sm=""60"" position_x=""50"" position_y=""50""]


[/text_box]

[/ux_banner]

[/col_grid]
[col_grid span=""3"" span__sm=""12"" height=""1-3""]

[ux_banner height=""500px"" height__md=""300px"" bg=""24134"" bg_color=""rgb(237, 233, 227)"" bg_pos=""42% 86%"" hover=""glow"" link=""#""]

[text_box width__sm=""60"" position_x=""50"" position_y=""50""]


[/text_box]

[/ux_banner]

[/col_grid]
[col_grid span=""3"" span__sm=""12"" height=""2-3""]

[ux_banner height=""500px"" height__md=""300px"" bg=""24130"" bg_color=""rgb(237, 233, 227)"" bg_pos=""90% 96%"" hover=""glow"" link=""#""]

[text_box width__sm=""60"" position_x=""50"" position_y=""50""]


[/text_box]

[/ux_banner]

[/col_grid]
[col_grid span=""3"" span__sm=""12"" height=""1-3""]

[ux_banner height=""500px"" height__md=""300px"" bg=""24126"" bg_color=""rgb(237, 233, 227)"" bg_pos=""100% 43%"" hover=""glow"" link=""#""]

[text_box width__sm=""60"" position_x=""50"" position_y=""50""]


[/text_box]

[/ux_banner]

[/col_grid]

[/ux_banner_grid]

[/col]

[/row]
[gap height=""80px"" height__md=""40px""]


[/section]",Preguntas Frecuentes sobre ERP y Servicios de Viaweb,Servicios,Servicios Empresariales,Sistemas ERP,"Viaweb ofrece soluciones tecnológicas avanzadas que integran ERP, CRM, desarrollo web y herramientas de inteligencia empresarial. Con un enfoque personalizado, garantizamos que cada cliente maximice sus beneficios. Nuestro servicio está disponible los 365 días del año, contamos con 1750 clientes satisfechos y ofrecemos 145 soluciones diferentes.","Una imagen que muestre a profesionales utilizando dispositivos tecnológicos modernos en un entorno de oficina elegante y minimalista. La imagen debe transmitir la idea de eficiencia, innovación y soluciones tecnológicas avanzadas."
"[section label=""Blog"" padding=""60px""]
[row]
[col align=""center""]
<p></p>
<h2 style=""font-size: 220%;"">Últimos Artículos del Blog</h2>
<p>Lee nuestros artículos para obtener más información sobre ERP y tendencias en la industria.</p>
[/col]
[/row]
[row style=""collapse""]
[col span=""4"" span__sm=""12""]
[featured_box img=""https://example.com/articulo-1.jpg""]
<h4>5 Beneficios de Implementar un ERP</h4>
<p>Descubre cómo un ERP puede transformar tu negocio.</p>
[button text=""Leer Más"" link=""#articulo-1""]
[/featured_box]
[/col]
[col span=""4"" span__sm=""12""]
[featured_box img=""https://example.com/articulo-2.jpg""]
<h4>Cómo Elegir el ERP Adecuado</h4>
<p>Consejos para seleccionar el sistema ERP que mejor se adapte a tus necesidades.</p>
[button text=""Leer Más"" link=""#articulo-2""]
[/featured_box]
[/col]
[col span=""4"" span__sm=""12""]
[featured_box img=""https://example.com/articulo-3.jpg""]
<h4>Empresas que Usan ERP</h4>
<p>Historias inspiradoras de empresas que han mejorado su rendimiento con un ERP.</p>
[button text=""Leer Más"" link=""#articulo-3""]
[/featured_box]
[/col]
[/row]
[/section]
[section label=""Testimonios"" bg_color=""#f7f7f7"" padding=""60px""]
[row]
[col align=""center""]
<p></p>
<h6 class=""uppercase secondary-color"">Qué dicen nuestros clientes</h6>
<h2 style=""font-size: 220%;"">Testimonios de Clientes Satisfechos</h2>
<p>Historias reales de éxito que muestran cómo nuestros servicios han transformado negocios.</p>
[/col]
[/row]
[gap height=""40px""]
[row]
[col span=""4"" span__sm=""12""]
[testimonial]
<p>""El equipo entendió nuestras necesidades desde el principio y superó todas nuestras expectativas.""</p>
<h4>- Ana Pérez</h4>
<p class=""meta"">CEO de TechCorp</p>
[/testimonial]
[/col]
[col span=""4"" span__sm=""12""]
[testimonial]
<p>""Gracias a ellos, nuestro negocio se ha digitalizado por completo, aumentando nuestras ventas un 200%.""</p>
<h4>- Carlos Gómez</h4>
<p class=""meta"">Fundador de GreenFoods</p>
[/testimonial]
[/col]
[col span=""4"" span__sm=""12""]
[testimonial]
<p>""No podríamos haber elegido un socio más confiable para nuestro proyecto de comercio electrónico.""</p>
<h4>- Laura Méndez</h4>
<p class=""meta"">Directora de ModaOnline</p>
[/testimonial]
[/col]
[/row]
[/section]
[section label=""Blog"" padding=""60px""]
[row]
[col align=""center""]
<p></p>
<h2 style=""font-size: 220%;"">Últimos Artículos del Blog</h2>
<p>Lee nuestros artículos para obtener más información sobre ERP y tendencias en la industria.</p>
[/col]
[/row]
[gap height=""40px""]
[row style=""collapse""]
[col span=""4"" span__sm=""12""]
[featured_box img=""https://example.com/articulo-1.jpg""]
<h4>5 Beneficios de Implementar un ERP</h4>
<p>Descubre cómo un ERP puede transformar tu negocio.</p>
[button text=""Leer Más"" link=""#articulo-1""]
[/featured_box]
[/col]
[col span=""4"" span__sm=""12""]
[featured_box img=""https://example.com/articulo-2.jpg""]
<h4>Cómo Elegir el ERP Adecuado</h4>
<p>Consejos para seleccionar el sistema ERP que mejor se adapte a tus necesidades.</p>
[button text=""Leer Más"" link=""#articulo-2""]
[/featured_box]
[/col]
[col span=""4"" span__sm=""12""]
[featured_box img=""https://example.com/articulo-3.jpg""]
<h4>Casos de Éxito: Empresas que Usan ERP</h4>
<p>Historias inspiradoras de empresas que han mejorado su rendimiento con un ERP.</p>
[button text=""Leer Más"" link=""#articulo-3""]
[/featured_box]
[/col]
[/row]
[/section]",Servicios de Desarrollo Web,Servicios,Servicios,Desarrollo Web,"Descubre nuestros últimos artículos del blog sobre ERP y tendencias de la industria. Obtén información valiosa sobre los beneficios de implementar un ERP, cómo elegir el sistema adecuado y casos de éxito de empresas que utilizan ERP.","Una imagen que muestre una interfaz de usuario de un sistema ERP moderno, con gráficos y paneles de control coloridos y fáciles de entender. Esto complementaría la sección de ""Últimos Artículos del Blog"" y reforzaría visualmente los beneficios de implementar un ERP."
"[section label=""Especificaciones"" padding=""80px""]
[row]
[col span__sm=""12"" align=""center""]
<h6 class=""uppercase secondary-color"">Especificaciones Técnicas</h6>
<h2 style=""font-size: 220%;"">Especificaciones del ERP</h2>
<p>Explora las potentes características y capacidades de nuestros sistemas ERP:</p>
[row_inner style=""large""]
[col_inner span=""4"" span__sm=""12""]
[featured_box img=""https://example.com/nuevo-icono-4.png"" img_width=""40""]
<br />
<h4>Basado en la Nube</h4>
<p>Accede a tu sistema ERP desde cualquier lugar con hosting seguro en la nube.</p>
[/featured_box]
[/col_inner]
[col_inner span=""4"" span__sm=""12""]
[featured_box img=""https://example.com/nuevo-icono-5.png"" img_width=""40""]
<br />
<h4>Soporte Multilenguaje</h4>
<p>Opera a nivel global con soporte para múltiples idiomas.</p>
[/featured_box]
[/col_inner]
[col_inner span=""4"" span__sm=""12""]
[featured_box img=""https://example.com/nuevo-icono-6.png"" img_width=""40""]
<br />
<h4>Paneles Personalizados</h4>
<p>Monitorea tus KPIs y métricas con paneles de control fáciles de usar.</p>
[/featured_box]
[/col_inner]
[/row_inner]
[/col]
[/row]
[/section]
[section label=""Especificaciones"" padding=""80px""]
[row]
[col span__sm=""12"" align=""center""]
<h6 class=""uppercase secondary-color"">Especificaciones Técnicas</h6>
<h2 style=""font-size: 220%;"">Especificaciones del ERP</h2>
<p>Explora las potentes características y capacidades de nuestros sistemas ERP:</p>
[row_inner style=""large""]
[col_inner span=""4"" span__sm=""12""]
[featured_box img=""https://example.com/nuevo-icono-4.png"" img_width=""40""]
<br />
<h4>Basado en la Nube</h4>
<p>Accede a tu sistema ERP desde cualquier lugar con hosting seguro en la nube.</p>
[/featured_box]
[/col_inner]
[col_inner span=""4"" span__sm=""12""]
[featured_box img=""https://example.com/nuevo-icono-5.png"" img_width=""40""]
<br />
<h4>Soporte Multilenguaje</h4>
<p>Opera a nivel global con soporte para múltiples idiomas.</p>
[/featured_box]
[/col_inner]
[col_inner span=""4"" span__sm=""12""]
[/col_inner]
[featured_box img=""https://example.com/nuevo-icono-6.png"" img_width=""40""]
<br />
<h4>Paneles Personalizados</h4>
<p>Monitorea tus KPIs y métricas con paneles de control fáciles de usar.</p>
[/featured_box]
<p>[/col_inner]</p>
[/row_inner]
[/col]
[/row]
[/section]
[section label=""Especificaciones"" padding=""80px""]
[row]
[col span__sm=""12"" align=""center""]
<h6 class=""uppercase secondary-color"">Especificaciones Técnicas</h6>
<h2 style=""font-size: 220%;"">Especificaciones del ERP</h2>
<p>Explora las potentes características y capacidades de nuestros sistemas ERP:</p>
[row_inner style=""large""]
[col_inner span=""4"" span__sm=""12""]
[featured_box img=""https://example.com/nuevo-icono-4.png"" img_width=""40""]
<br />
<h4>Basado en la Nube</h4>
<p>Accede a tu sistema ERP desde cualquier lugar con hosting seguro en la nube.</p>
[/featured_box]
[/col_inner]
[col_inner span=""4"" span__sm=""12""]
[featured_box img=""https://example.com/nuevo-icono-5.png"" img_width=""40""]
<br />
<h4>Soporte Multilenguaje</h4>
<p>Opera a nivel global con soporte para múltiples idiomas.</p>
[/featured_box]
[/col_inner]
[col_inner span=""4"" span__sm=""12""]
[featured_box img=""https://example.com/nuevo-icono-6.png"" img_width=""40""]
<br />
<h4>Paneles Personalizados</h4>
<p>Monitorea tus KPIs y métricas con paneles de control fáciles de usar.</p>
[/featured_box]
[/col_inner]
[/row_inner]
[/col]
[/row]
[/section]
[section label=""Especificaciones"" padding=""80px""]
[row]
[col span__sm=""12"" align=""center""]
<h6 class=""uppercase secondary-color"">Especificaciones Técnicas</h6>
<h2 style=""font-size: 220%;"">Especificaciones del ERP</h2>
<p>Explora las potentes características y capacidades de nuestros sistemas ERP:</p>
[row_inner style=""large""]
[col_inner span=""4"" span__sm=""12""]
[featured_box img=""https://example.com/nuevo-icono-4.png"" img_width=""40""]
<br />
<h4>Basado en la Nube</h4>
<p>Accede a tu sistema ERP desde cualquier lugar con hosting seguro en la nube.</p>
[/featured_box]
[/col_inner]
[col_inner span=""4"" span__sm=""12""]
[featured_box img=""https://example.com/nuevo-icono-5.png"" img_width=""40""]
<br />
<h4>Soporte Multilenguaje</h4>
<p>Opera a nivel global con soporte para múltiples idiomas.</p>
[/featured_box]
[/col_inner]
[col_inner span=""4"" span__sm=""12""]
[featured_box img=""https://example.com/nuevo-icono-6.png"" img_width=""40""]
<br />
<h4>Paneles Personal izados</h4>
<p>Monitorea tus KPIs y métricas con paneles de control fáciles de usar.</p>
[/featured_box]
[/col_inner]
[/row_inner]
[/col]
[/row]
[/section]
[section label=""Especificaciones"" padding=""80px""]
[row]
[col span__sm=""12"" align=""center""]
[/col]
<h6 class=""uppercase secondary-color"">Especificaciones Técnicas</h6>
<h2 style=""font-size: 220%;"">Especificaciones del ERP</h2>
<p>Explora las potentes características y capacidades de nuestros sistemas ERP:</p>
[row_inner style=""large""]
[col span=""4"" span__sm=""12""]
[featured_box img=""https://example.com/nuevo-icono-4.png"" img_width=""40""]
<br />
<h4>Basado en la Nube</h4>
<p>Accede a tu sistema ERP desde cualquier lugar con hosting seguro en la nube.</p>
[/featured_box]
[/col]
[col span=""4"" span__sm=""12""]
[featured_box img=""https://example.com/nuevo-icono-5.png"" img_width=""40""]
<br />
<h4>Soporte Multilenguaje</h4>
<p>Opera a nivel global con soporte para múltiples idiomas.</p>
[/featured_box]
[/col]
[col span=""4"" span__sm=""12""]
[featured_box img=""https://example.com/nuevo-icono-6.png"" img_width=""40""]
<br />
<h4>Paneles Personalizados</h4>
<p>Monitorea tus KPIs y métricas con paneles de control fáciles de usar.</p>
[/featured_box]
[/col]
[/row_inner]
<p>[/ col]</p>
[/row]
[/section]
[section label=""Especificaciones"" padding=""80px""]
[row]
[col span__sm=""12"" align=""center""]
<h6 class=""uppercase secondary-color"">Especificaciones Técnicas</h6>
<h2 style=""font-size: 220%;"">Especificaciones del ERP</h2>
<p>Explora las potentes características y capacidades de nuestros sistemas ERP:</p>
[row_inner style=""large""]
[col_inner span=""4"" span__sm=""12""]
[featured_box img=""https://example.com/nuevo-icono-4.png"" img_width=""40""]
<br />
<h4>Basado en la Nube</h4>
<p>Accede a tu sistema ERP desde cualquier lugar con hosting seguro en la nube.</p>
[/featured_box]
[/col_inner]
[col_inner span=""4"" span__sm=""12""]
[featured_box img=""https://example.com/nuevo-icono-5.png"" img_width=""40""]
<br />
<h4>Soporte Multilenguaje</h4>
<p>Opera a nivel global con soporte para múltiples idiomas.</p>
[/featured_box]
[/col_inner]
[col_inner span=""4"" span__sm=""12""]
[featured_box img=""https://example.com/nuevo-icono-6.png"" img_width=""40""]
<br />
<h4>Paneles Personal izados</h4>
<p>Monitorea tus KPIs y métricas con paneles de control fáciles de usar.</p>
[/featured_box]
[/col_inner]
[/row_inner]
[/col]
[/row]
[/section]",Servicios de Desarrollo Web,Servicios,Desarrollo Web,Características del Servicio,"Explora las potentes características de nuestros sistemas ERP, incluyendo hosting en la nube, soporte multilenguaje y paneles de control personalizados. Nuestras soluciones están diseñadas para optimizar tus procesos empresariales y mejorar la eficiencia operativa.","Una imagen que muestre a un equipo diverso de profesionales trabajando juntos en una sala de conferencias moderna, utilizando dispositivos tecnológicos y discutiendo frente a una pantalla grande con gráficos de ERP. Esto ilustraría el aspecto de colaboración y tecnología avanzada mencionado en las especificaciones del ERP."
"[section label=""Intro & Numbers"" bg_color=""rgb(237, 233, 227)""] [row width=""custom"" custom_width=""1200px""] [col span__sm=""12"" margin=""-150px 0px 0px 0px"" margin__sm=""-100px 0px 0px 0px"" bg_color=""rgb(255, 255, 255)""] [row_inner width=""custom"" custom_width=""1200px"" v_align=""middle"" h_align=""right""] [col_inner span=""6"" span__sm=""12"" span__md=""12"" padding=""50px 50px 50px 70px"" padding__sm=""10px 30px 0px 30px"" padding__md=""0 50px 20px 50px""] [gap height=""50px"" height__sm=""5px""] <h6>elegancia y tecnología</h6> [ux_text font_size=""1.75""] <h2>Avanza a tu ritmo</h2> [/ux_text] <p>En Viaweb, ofrecemos soluciones tecnológicas avanzadas que integran sistemas de ERP y CRM, desarrollo web y comercio electrónico, y herramientas de inteligencia de negocios. Nuestro enfoque personalizado asegura que cada cliente obtenga el máximo beneficio.</p> [button text=""Haz tu reserva"" color=""secondary"" padding=""5px 30px 5px 30px"" radius=""30"" expand=""0""] [/col_inner] [col_inner span=""6"" span__sm=""12"" span__md=""12"" force_first=""medium"" padding=""50px 50px 20px 0px"" padding__sm=""20px 20px 10px 20px"" padding__md=""50px 50px 0 50px""] [ux_banner height=""500px"" height__sm=""300px"" height__md=""400px"" bg=""24130"" bg_color=""rgb(255, 255, 255)"" bg_pos=""95% 100%""] [text_box width__sm=""60"" position_x=""50"" position_y=""50""] [/text_box] [/ux_banner] [/col_inner] [/row_inner] [/col] [/row] [gap height=""55px"" height__sm=""15px""] [row col_style=""solid""] [col span=""4"" span__sm=""12"" align=""center""] [ux_text font_size=""2.5"" text_align=""center""] <h3><span class=""count-up"">365</span></h3> [/ux_text] [ux_text text_align=""center""] <h6>Días de servicio al año</h6> [/ux_text] [/col] [col span=""4"" span__sm=""12"" align=""center""] [ux_text font_size=""2.5"" text_align=""center""] <h3><span class=""count-up"">1750</span></h3> [/ux_text] [ux_text text_align=""center""] <h6>Clientes satisfechos</h6> [/ux_text] [/col] [col span=""4"" span__sm=""12"" align=""center""] [ux_text font_size=""2.5"" text_align=""center""] <h3><span class=""count-up"">145</span></h3> [/ux_text] [ux_text text_align=""center""] <h6>Soluciones disponibles</h6> [/ux_text] [/col] [/row] [gap] [/section] [section label=""Historia"" bg_color=""rgb(237, 233, 227)""] [row width=""custom"" custom_width=""1200px""] [col span__sm=""12"" margin=""-100px 0px 0px 0px"" bg_color=""rgb(255, 255, 255)""] [row_inner width=""custom"" custom_width=""1200px""] [col_inner span__sm=""12"" padding=""50px 50px 0px 50px"" padding__sm=""50px 20px 0px 20px""] [ux_text text_align=""center""] <h6>Apreciamos la calidad</h6> [/ux_text] [ux_text font_size=""1.75"" font_size__sm=""2"" text_align=""center""] <h2>Soluciones tecnológicas icónicas</h2> [/ux_text] [/col_inner] [/row_inner] [row_inner width=""custom"" custom_width=""1200px"" h_align=""center""] [col_inner span=""6"" span__sm=""12"" padding=""0px 10px 0px 60px"" padding__sm=""0px 30px 0px 30px"" padding__md=""0px 0px 0px 50px"" margin=""-25px 0px 0px 0px"" margin__sm=""-20px 0px 0px 0px""] <p>Implementamos tecnologías avanzadas como inteligencia artificial y soluciones en la nube para optimizar los procesos empresariales. Nuestra experiencia en integraciones asegura que cada cliente obtenga el máximo rendimiento de sus sistemas.</p> [/col_inner] [col_inner span=""6"" span__sm=""12"" padding=""0px 60px 0px 10px"" padding__sm=""0px 30px 0px 30px"" padding__md=""0px 20px 0px 30px"" margin=""-25px 0px 0px 0px"" margin__sm=""-20px 0px 0px 0px"" border=""0px 0px 0px 3px"" border_margin=""0px 0px 0px -17px""] <p>Además, ofrecemos formación y capacitación para asegurar que tu equipo esté preparado para utilizar las nuevas herramientas eficientemente.</p> [/col_inner] [/row_inner] [/col] [/row] [/section] [section label=""Llamado a la Acción"" bg=""24137"" bg_pos=""74% 51%"" height=""400px""] [gap] [row col_bg=""rgb(255, 255, 255)"" width=""custom"" custom_width=""1200px""] [col span__sm=""12"" padding=""50px 50px 50px 50px"" align=""center""] [gap height=""15px""] [ux_text text_align=""center""] <h6>Contáctanos</h6> [/ux_text] [ux_text font_size=""1.75"" text_align=""center""] <h2>¿Tienes alguna pregunta?</h2> [/ux_text] [button text=""Ponte en contacto"" color=""secondary"" padding=""5px 30px 5px 30px"" radius=""30""] [/col] [/row] [/section] [section label=""Hero Text"" padding=""0px""] [row width=""custom"" custom_width=""1200px"" v_align=""bottom""] [col span=""10"" span__sm=""12"" span__md=""9""] [gap height=""150px"" height__sm=""100px""] [ux_text font_size=""1"" font_size__sm=""1"" font_size__md=""0.75""] <h2><span style=""font-size: 190%;"">Tu comodidad es nuestra única prioridad</span></h2> [/ux_text] [/col] [col span=""2"" span__sm=""12"" span__md=""3"" align=""right""] [button text=""Solicitar ahora"" color=""secondary"" padding=""5px 30px 5px 30px"" radius=""30"" expand=""true""] [/col] [/row] [/section] [section label=""Hero Image"" bg=""24125"" bg_pos=""48% 62%"" parallax=""7"" height=""550px"" height__sm=""350px"" height__md=""450px""] [/section] [section label=""Image Section"" bg=""24128"" parallax=""7"" height=""400px"" height__sm=""300px"" height__md=""350px""] [/section] [section label=""Galería"" bg_color=""rgb(237, 233, 227)""] [row width=""custom"" custom_width=""1200px""] [col span__sm=""12""] [ux_banner_grid spacing=""xsmall"" height=""561"" height__md=""373"" width=""full-width""] [col_grid span=""3"" span__sm=""12"" height=""2-3""] [ux_banner height=""500px"" height__md=""300px"" bg=""24132"" bg_color=""rgb(237, 233, 227)"" bg_pos=""42% 86%"" hover=""glow"" link=""#""] [text_box width__sm=""60"" position_x=""50"" position_y=""50""] [/text_box] [/ux_banner] [/col_grid] [col_grid span=""6"" span__sm=""12""] [ux_banner height=""500px"" height__md=""400px"" bg=""24127"" bg_color=""rgb(237, 233, 227)"" hover=""glow"" link=""#""] [text_box width__sm=""60"" position_x=""50"" position_y=""50""] [/text_box] [/ux_banner] [/col_grid] [col_grid span=""3"" span__sm=""12"" height=""1-3""] [ux_banner height=""500px"" height__md=""300px"" bg=""24134"" bg_color=""rgb(237, 233, 227)"" bg_pos=""42% 86%"" hover=""glow"" link=""#""] [text_box width__sm=""60"" position_x=""50"" position_y=""50""] [/text_box] [/ux_banner] [/col_grid] [col_grid span=""3"" span__sm=""12"" height=""2-3""] [ux_banner height=""500px"" height__md=""300px"" bg=""24130"" bg_color=""rgb(237, 233, 227)"" bg_pos=""90% 96%"" hover=""glow"" link=""#""] [text_box width__sm=""60"" position_x=""50"" position_y=""50""] [/text_box] [/ux_banner] [/col_grid] [col_grid span=""3"" span__sm=""12"" height=""1-3""] [ux_banner height=""500px"" height__md=""300px"" bg=""24126"" bg_color=""rgb(237, 233, 227)"" bg_pos=""100% 43%"" hover=""glow"" link=""#""] [text_box width__sm=""60"" position_x=""50"" position_y=""50""] [/text_box] [/ux_banner] [/col_grid] [/ux_banner_grid] [/col] [/row] [gap height=""80px"" height__md=""40px""] [/section]",Soluciones ERP,Tecnología,Tecnología,Software Empresarial,"Bienvenido a nuestra consultoría empresarial. Ofrecemos soluciones personalizadas que transforman y optimizan tu organización. Nuestro método incluye diagnóstico, estrategia e implementación para asegurar resultados tangibles y sostenibles.","Una imagen que muestre una mano sosteniendo un dispositivo móvil con una aplicación de ERP abierta, con un fondo de oficina moderna desenfocado. Esto reflejaría la accesibilidad y movilidad del ERP basado en la nube mencionado en el contenido."
"[section label=""Blog"" padding=""60px""]

[row]

[col align=""center""]

<p></p>
<h2 style=""font-size: 220%;"">Últimos Artículos del Blog</h2>
<p>Lee nuestros artículos para obtener más información sobre ERP y tendencias en la industria.</p>

[/col]

[/row]
[row style=""collapse""]

[col span=""4"" span__sm=""12""]

[featured_box img=""https://example.com/articulo-1.jpg""]

<h4>5 Beneficios de Implementar un ERP</h4>
<p>Descubre cómo un ERP puede transformar tu negocio.</p>
[button text=""Leer Más"" link=""#articulo-1""]


[/featured_box]

[/col]
[col span=""4"" span__sm=""12""]

[featured_box img=""https://example.com/articulo-2.jpg""]

<h4>Cómo Elegir el ERP Adecuado</h4>
<p>Consejos para seleccionar el sistema ERP que mejor se adapte a tus necesidades.</p>
[button text=""Leer Más"" link=""#articulo-2""]


[/featured_box]

[/col]
[col span=""4"" span__sm=""12""]

[featured_box img=""https://example.com/articulo-3.jpg""]

<h4>Empresas que Usan ERP</h4>
<p>Historias inspiradoras de empresas que han mejorado su rendimiento con un ERP.</p>

[button text=""Leer Más"" link=""#articulo-3""]


[/featured_box]

[/col]

[/row]

[/section]",Características ERP,Tecnología,Tecnología,Funcionalidades,"Descubre nuestros servicios de consultoría empresarial. Ofrecemos soluciones en consultoría estratégica, optimización de procesos, gestión del cambio y formación. Nuestro equipo de expertos está dedicado a impulsar el éxito de tu negocio.","Una imagen que muestre un collage de iconos representando diferentes módulos de un sistema ERP (como finanzas, recursos humanos, inventario, etc.) dispuestos en un diseño circular o hexagonal. Esto ilustraría visualmente la integración y variedad de funciones mencionadas en las características principales del ERP."
"[section label=""Características Principales"" bg_color=""#f7f5f4"" padding=""60px""]

[ux_text text_align=""center""]

<h6>Servicios de Desarrollo Web</h6> <h3><span style=""font-size: 150%;"">Simplificando la experiencia digital y redefiniendo el comercio electrónico.</span></h3>
[/ux_text]
[gap height=""52px""]

[row style=""large""]

[col span=""4"" span__sm=""12""]

[featured_box img=""https://example.com/nuevo-icono-1.png"" img_width=""40""]

<p></p>
<h4>Automatización de Procesos</h4>
<p>Aumenta la productividad automatizando tareas y flujos de trabajo repetitivos.</p>

[/featured_box]

[/col]
[col span=""4"" span__sm=""12""]

[featured_box img=""https://example.com/nuevo-icono-2.png"" img_width=""40""]

<p></p>
<h4>Analíticas en Tiempo Real</h4>
<p>Toma decisiones informadas con datos actualizados y análisis accionables.</p>

[/featured_box]

[/col]
[col span=""4"" span__sm=""12""]

[featured_box img=""https://example.com/nuevo-icono-3.png"" img_width=""40""]

<p></p>
<h4>Soluciones Escalables</h4>
<p>Haz crecer tu negocio con sistemas ERP que se adaptan a tus necesidades.</p>

[/featured_box]

[/col]

[/row]

[/section]",Especificaciones ERP,Tecnología,Tecnología,Detalles Técnicos,"Simplificamos tu experiencia digital y redefinimos el comercio electrónico. Nuestros servicios de desarrollo web incluyen automatización de procesos, analíticas en tiempo real y soluciones escalables para hacer crecer tu negocio.","Una imagen que muestre una pantalla de computadora con un dashboard de ERP moderno y colorido, con gráficos y métricas claras. En primer plano, se podría ver las manos de un profesional trabajando con el sistema. Esto complementaría la sección de especificaciones técnicas y paneles personalizados mencionados en el contenido."
"[section label=""Especificaciones"" padding=""80px""]

[row]

[col span__sm=""12"" align=""center""]

<h6 class=""uppercase secondary-color"">Especificaciones Técnicas</h6>
<h2 style=""font-size: 220%;"">Especificaciones del ERP</h2>
<p>Explora las potentes características y capacidades de nuestros sistemas ERP:</p>
[row_inner style=""large""]

[col_inner span=""4"" span__sm=""12""]

[featured_box img=""https://example.com/nuevo-icono-4.png"" img_width=""40""]

<br />
<h4>Basado en la Nube</h4>
<p>Accede a tu sistema ERP desde cualquier lugar con hosting seguro en la nube.</p>

[/featured_box]

[/col_inner]
[col_inner span=""4"" span__sm=""12""]

[featured_box img=""https://example.com/nuevo-icono-5.png"" img_width=""40""]

<br />
<h4>Soporte Multilenguaje</h4>
<p>Opera a nivel global con soporte para múltiples idiomas.</p>

[/featured_box]

[/col_inner]
[col_inner span=""4"" span__sm=""12""]

[featured_box img=""https://example.com/nuevo-icono-6.png"" img_width=""40""]

<br />
<h4>Paneles Personalizados</h4>
<p>Monitorea tus KPIs y métricas con paneles de control fáciles de usar.</p>

[/featured_box]

[/col_inner]

[/row_inner]

[/col]

[/row]

[/section]",Características y Especificaciones ERP,Tecnología,Tecnología,Funcionalidades,"Explora las especificaciones técnicas de nuestros sistemas ERP. Ofrecemos soluciones basadas en la nube, soporte multilenguaje y paneles personalizados para monitorear tus KPIs y métricas de manera eficiente.","Una imagen que muestre a un consultor profesional presentando un plan estratégico a un grupo de ejecutivos en una sala de juntas moderna. La imagen debería incluir gráficos o diagramas proyectados en una pantalla grande, ilustrando el enfoque de consultoría estratégica mencionado en el contenido."
"[ux_slider label=""Hero"" slide_width=""6000px"" draggable=""false"" nav_style=""simple"" bullets=""false"" bullet_style=""simple"" timer=""3000"" pause_hover=""false""]

[section bg=""22765"" bg_size=""original"" bg_overlay=""rgba(0, 0, 0, 0.44)"" bg_pos=""42% 12%"" hover=""zoom-long"" dark=""true"" padding__sm=""100px"" height=""600px""]

[row width=""full-width"" h_align=""center"" padding=""0px 0px 0px 0px""]

[col span=""6"" span__sm=""12"" span__md=""10"" align=""center"" animate=""fadeInDown""]

<h1><span style=""font-size: 200%;"">Consultoría Empresarial</span></h1>
<p>Su aliado estratégico en soluciones empresariales</p>
[gap height=""10px""]

[button text=""Ver Video"" letter_case=""lowercase"" color=""success"" padding=""5px 20px 5px 20px"" radius=""40"" icon=""icon-play"" icon_pos=""left""]


[/col]

[/row]

[/section]

[/ux_slider]
[section label=""Intro"" bg_color=""rgb(246, 246, 246)"" dark=""true"" padding=""0px"" height=""0px""]

[row col_bg=""rgb(34, 49, 246)"" h_align=""center"" padding=""50px 50px 30px 50px"" padding__sm=""45px 25px 15px 25px"" padding__md=""45px 80px 15px 80px""]

[col span__sm=""12"" margin=""-100px 0px 0px 0px"" bg_color=""rgb(39, 54, 71)""]

<h6>Bienvenido</h6>
[row_inner style=""small"" width=""full-width"" v_align=""middle"" h_align=""center""]

[col_inner span=""6"" span__sm=""12"" span__md=""12""]

<h2><span style=""font-size: 150%;"">Impulsa tu negocio hoy</span></h2>

[/col_inner]
[col_inner span=""6"" span__sm=""12"" span__md=""12""]

<p>Ofrecemos soluciones personalizadas en consultoría empresarial que transforman y optimizan tu organización.</p>

[/col_inner]

[/row_inner]

[/col]

[/row]

[/section]
[section label=""Method"" bg_color=""rgb(246, 246, 246)"" padding=""50px""]

[row h_align=""center""]

[col span=""8"" span__sm=""12"" span__md=""10"" align=""center""]

<h3><span style=""font-size: 200%;"">Nuestro Método</span></h3>
<p>Trabajamos en conjunto contigo para identificar oportunidades y definir estrategias efectivas.</p>

[/col]

[/row]
[row v_align=""equal"" h_align=""center"" padding=""40px 30px 45px 30px""]

[col span=""4"" span__sm=""12"" bg_color=""rgb(255,255,255)""]

[featured_box img=""22775"" img_width=""40"" pos=""center""]

[gap height=""10px""]

<h3>Diagnóstico</h3>
<p>Realizamos un análisis exhaustivo de tus procesos y operaciones para detectar áreas de mejora.</p>

[/featured_box]

[/col]
[col span=""4"" span__sm=""12"" bg_color=""rgb(255,255,255)""]

[featured_box img=""22777"" img_width=""40"" pos=""center""]

[gap height=""10px""]

<h3>Estrategia</h3>
<p>Desarrollamos un plan de acción personalizado que se alinea con tus objetivos empresariales.</p>

[/featured_box]

[/col]
[col span=""4"" span__sm=""12"" bg_color=""rgb(255,255,255)""]

[featured_box img=""22776"" img_width=""40"" pos=""center""]

[gap height=""10px""]

<h3>Implementación</h3>
<p>Acompañamos la ejecución de las estrategias para asegurar resultados tangibles y sostenibles.</p>

[/featured_box]

[/col]

[/row]
[row]

[col span__sm=""12"" align=""center""]

[button text=""Más Características"" letter_case=""lowercase"" style=""underline""]


[/col]

[/row]

[/section]
[section label=""Services Intro"" bg_color=""rgb(39, 54, 71)"" dark=""true"" padding=""100px""]

[row]

[col span=""6"" span__sm=""12"" span__md=""12""]

<h3><span style=""font-size: 200%;"">Nuestros Servicios</span></h3>

[/col]
[col span=""6"" span__sm=""12"" span__md=""12""]

<p>Ofrecemos un amplio rango de servicios de consultoría que se adaptan a las necesidades específicas de cada cliente.</p>

[/col]

[/row]
[gap height=""100px"" height__md=""40px""]


[/section]
[section label=""Services""]

[row]

[col span__sm=""12"" margin=""-175px 0px 0px 0px""]

[row_inner h_align=""center""]

[col_inner span=""6"" span__sm=""12""]

[ux_image_box style=""shade"" img=""22768"" image_height=""80%"" image_overlay=""rgba(0, 0, 0, 0.25)"" image_hover=""overlay-add"" text_align=""left""]

<h4><span style=""font-size: 200%;"">Consultoría Estratégica</span></h4>
<p>Desarrollo de planes estratégicos a medida.</p>

[/ux_image_box]

[/col_inner]
[col_inner span=""6"" span__sm=""12""]

[ux_image_box style=""shade"" img=""22766"" image_height=""80%"" image_overlay=""rgba(0, 0, 0, 0.25)"" image_hover=""overlay-add"" text_align=""left""]

<h4><span style=""font-size: 200%;"">Optimización de Procesos</span></h4>
<p>Mejora continua y eficiencia operativa.</p>

[/ux_image_box]

[/col_inner]
[col_inner span=""6"" span__sm=""12""]

[ux_image_box style=""shade"" img=""22767"" image_height=""80%"" image_overlay=""rgba(0, 0, 0, 0.25)"" image_hover=""overlay-add"" text_align=""left""]

<h4><span style=""font-size: 200%;"">Gestión del Cambio</span></h4>
<p>Asesoría en proyectos de transformación organizacional.</p>

[/ux_image_box]

[/col_inner]
[col_inner span=""6"" span__sm=""12""]

[ux_image_box style=""shade"" img=""22769"" image_height=""80%"" image_overlay=""rgba(0, 0, 0, 0.25)"" image_hover=""overlay-add"" text_align=""left""]

<h4><span style=""font-size: 200%;"">Formación y Capacitación</span></h4>
<p>Programas de desarrollo de talento y habilidades.</p>

[/ux_image_box]

[/col_inner]
[col_inner span__sm=""12""]

[gap height=""10px""]


[/col_inner]
[col_inner span=""3"" span__sm=""12"" align=""center""]

[button text=""Más Servicios"" letter_case=""lowercase"" padding=""5px 20px 5px 20px"" radius=""40"" icon=""icon-angle-right""]


[/col_inner]

[/row_inner]

[/col]

[/row]

[/section]
[section label=""Quotes"" bg_color=""rgb(246, 246, 246)"" padding=""100px""]

[ux_slider nav_style=""simple"" nav_color=""dark"" bullet_style=""simple"" timer=""3000"" pause_hover=""false""]

[row]


[/row]
[col span__sm=""12"" align=""center""]

<h4><span style=""font-size: 180%;"">""La consultoría de Viaweb transformó nuestro negocio.""</span></h4>
<p>- Cliente Satisfecho, <a href=""#"">Ciudad</a></p>

[/col]
<p></row></p>
[row]


[/row]
[col span__sm=""12"" align=""center""]

<h4><span style=""font-size: 180%;"">""Gracias a su asesoría, alcanzamos nuestros objetivos.""</span></h4>
<p>- Cliente Satisfecho, <a href=""#"">Ciudad</a></p>

[/col]
<p></row></p>
[row]


[/row]
[col span__sm=""12"" align=""center""]

<h4><span style=""font-size: 180%;"">""Un equipo profesional y comprometido.""</span></h4>
<p>- Cliente Satisfecho, <a href=""#"">Ciudad</a></p>

[/col]
<p></row]
</p>

[/ux_slider]

[/section]
[section label=""Facts"" bg_overlay=""rgb(39, 54, 71)"" dark=""true"" padding=""100px""]

[row h_align=""center""]

[col span__sm=""12"" align=""center""]

<h3><span style=""font-size: 200%;"">Algunos Datos</span></h3>
<p>Nuestra experiencia y trayectoria en consultoría empresarial.</p>

[/col]
[col span=""3"" span__sm=""6"" span__md=""6"" align=""center""]

<h3><span style=""font-size: 200%;"">100+</span></h3>
<p>Proyectos Completados</p>

[/col]
[col span=""3"" span__sm=""6"" span__md=""6"" align=""center""]

<h3><span style=""font-size: 200%;"">50+</span></h3>
<p>Clientes Satisfechos</p>

[/col]
[col span=""3"" span__sm=""6"" span__md=""6"" align=""center""]

<h3><span style=""font-size: 200%;"">10+</span></h3>
<p>Años de Experiencia</p>

[/col]
[col span=""3"" span__sm=""6"" span__md=""6"" align=""center""]

<h3><span style=""font-size: 200%;"">80%</span></h3>
<p>Retorno de Inversión Promedio</p>

[/col]

[/row]

[/section]
[section label=""Video"" padding=""100px"" padding__sm=""75px""]

[gap height=""40px""]

[row style=""large"" v_align=""middle"" h_align=""center""]

[col span=""6"" span__sm=""12"" span__md=""10"" animate=""fadeInUp""]

<h6>VIDEO</h6>
<h3><span style=""font-size: 200%;"">Pasión por la Consultoría</span></h3>
<p>Transformamos empresas a través de un enfoque personalizado y estratégico.</p>

[/col]
[col span=""6"" span__sm=""12"" span__md=""10"" force_first=""medium"" animate=""fadeInUp""]

[ux_image_box style=""overlay"" img=""22773"" image_height=""400px"" text_pos=""middle""]

[video_button size=""150""]


[/ux_image_box]

[/col]

[/row]

[/section]
[section label=""Team Members"" bg_color=""rgb(246, 246, 246)"" padding=""100px"" padding__sm=""30px""]

[row h_align=""center""]

[col span__sm=""12"" align=""center""]

<h3><span style=""font-size: 150%;"">Nuestro Equipo</span></h3>
<p>Profesionales dedicados a tu éxito.</p>

[/col]
[col span=""4"" span__sm=""12""]

[ux_image_box style=""shade"" img=""22772"" image_hover=""zoom""]

<h4><span style=""font-size: 140%;"">Nombre del Consultor</span></h4>
<p>Consultor Principal</p>
[follow style=""small"" facebook=""3"" instagram=""3"" twitter=""#""]


[/ux_image_box]

[/col]
[col span=""4"" span__sm=""12""]

[ux_image_box style=""shade"" img=""22771"" image_hover=""zoom""]

<h4><span style=""font-size: 140%;"">Nombre del Consultor</span></h4>
<p>Consultor de Estrategia</p>
[follow style=""small"" facebook=""3"" instagram=""3"" twitter=""#""]


[/ux_image_box]

[/col]
[col span=""4"" span__sm=""12""]

[ux_image_box style=""shade"" img=""22770"" image_hover=""zoom""]

<h4><span style=""font-size: 140%;"">Nombre del Consultor</span></h4>
<p>Consultor de Procesos</p>
[follow style=""small"" facebook=""3"" instagram=""3"" twitter=""#""]


[/ux_image_box]

[/col]
[col span=""2"" span__sm=""12"" align=""center""]

[button text=""Sobre Nosotros"" letter_case=""lowercase"" style=""underline""]


[/col]

[/row]

[/section]
[section label=""Product"" padding=""120px""]

[row style=""large"" v_align=""middle"" h_align=""center""]

[col span=""6"" span__sm=""12"" span__md=""10"" animate=""fadeInLeft""]

[ux_banner height=""500px"" bg=""22774"" bg_pos=""45% 67%""]

[text_box position_x=""50"" position_y=""50""]


[/text_box]

[/ux_banner]

[/col]
[col span=""6"" span__sm=""12"" span__md=""10"" animate=""fadeInRight""]

[row_inner style=""collapse"" padding=""0px 0px 10px 0px""]

[col_inner span__sm=""12""]

[featured_box img=""22776"" img_width=""30"" pos=""left""]

<h3>Enfoque Centrado en el Cliente</h3>

[/featured_box]
[gap height=""10px""]

<p>Trabajamos de la mano contigo para asegurar el éxito de tu negocio.</p>

[/col_inner]

[/row_inner]
[row_inner style=""collapse"" padding=""0px 0px 10px 0px""]

[col_inner span__sm=""12""]

[featured_box img=""22775"" img_width=""30"" pos=""left""]

<h3>Compromiso con la Excelencia</h3>

[/featured_box]
[gap height=""10px""]

<p>Nos esforzamos por ofrecer soluciones de la más alta calidad.</p>

[/col_inner]

[/row_inner]
[row_inner style=""collapse"" padding=""0px 0px 10px 0px""]

[col_inner span__sm=""12""]

[featured_box img=""22778"" img_width=""30"" pos=""left""]

<h3>Innovación Continua</h3>

[/featured_box]
[gap height=""10px""]

<p>Nos adaptamos a las necesidades cambiantes del mercado.</p>

[/col_inner]

[/row_inner]

[/col]

[/row]

[/section]
[section label=""Latest news"" bg_color=""rgb(246, 246, 246)""]

[gap height=""100px""]

[row]

[col span__sm=""12"" align=""center""]

<h3><span style=""font-size: 150%;"">Últimas Noticias</span></h3>
<p>Actualizaciones y novedades sobre nuestros servicios y proyectos.</p>

[/col]
[col span__sm=""12""]

[blog_posts style=""normal"" columns=""3"" columns__sm=""1"" columns__md=""2"" slider_nav_style=""simple"" slider_nav_position=""outside"" slider_bullets=""true"" auto_slide=""3000"" posts=""6"" show_date=""false"" show_category=""text"" image_height=""0%"" image_overlay=""rgb(255, 255, 255)"" text_align=""left"" text_bg=""rgb(39, 54, 71)"" text_color=""dark"" text_padding=""80px 40px 80px 40px""]


[/col]

[/row]

[/section]
[section label=""Partners"" bg_color=""rgb(246, 246, 246)""]

[ux_gallery ids=""13491,13490,13488,13489,13487,13486"" style=""none"" columns=""6"" columns__sm=""3"" columns__md=""3""]

[gap height=""100px""]


[/section]
[section label=""Call to action"" bg_color=""#273647"" dark=""true"" padding=""0px"" height=""0px""]

[row col_bg=""rgb(34, 49, 246)"" h_align=""center"" padding=""50px 50px 30px 50px"" padding__sm=""45px 25px 15px 25px"" padding__md=""45px 80px 15px 80px""]

[col span__sm=""12"" margin=""-100px 0px 0px 0px"" bg_color=""#4ac193""]

<h6>Consulta Gratuita</h6>
[row_inner style=""small"" width=""full-width"" v_align=""middle"" h_align=""center""]

[col_inner span=""6"" span__sm=""12"" span__md=""12""]

<h2><span style=""font-size: 150%;"">Únete a nuestros clientes satisfechos</span></h2>

[/col_inner]
[col_inner span=""6"" span__sm=""12"" span__md=""12""]

[button text=""Solicitar Consulta"" color=""white"" expand=""true""]

[button text=""Contáctanos"" color=""white"" style=""outline"" expand=""true""]


[/col_inner]

[/row_inner]

[/col]

[/row]
[gap height=""100px""]


[/section]

[ux_slider label=""Hero"" slide_width=""6000px"" draggable=""false"" nav_style=""simple"" bullets=""false"" bullet_style=""simple"" timer=""3000"" pause_hover=""false""]

[section bg=""22765"" bg_size=""original"" bg_overlay=""rgba(0, 0, 0, 0.44)"" bg_pos=""42% 12%"" hover=""zoom-long"" dark=""true"" padding__sm=""100px"" height=""600px""]

[row width=""full-width"" h_align=""center"" padding=""0px 0px 0px 0px""]

[col span=""6"" span__sm=""12"" span__md=""10"" align=""center"" animate=""fadeInDown""]

<h1><span style=""font-size: 200%;"">Consultoría Empresarial</span></h1>
<p>Su aliado estratégico en soluciones empresariales</p>
[gap height=""10px""]

[button text=""Ver Video"" letter_case=""lowercase"" color=""success"" padding=""5px 20px 5px 20px"" radius=""40"" icon=""icon-play"" icon_pos=""left""]


[/col]

[/row]

[/section]

[/ux_slider]
[section label=""Intro"" bg_color=""rgb(246, 246, 246)"" dark=""true"" padding=""0px"" height=""0px""]

[row col_bg=""rgb(34, 49, 246)"" h_align=""center"" padding=""50px 50px 30px 50px"" padding__sm=""45px 25px 15px 25px"" padding__md=""45px 80px 15px 80px""]

[col span__sm=""12"" margin=""-100px 0px 0px 0px"" bg_color=""rgb(39, 54, 71)""]

<h6>Bienvenido</h6>
[row_inner style=""small"" width=""full-width"" v_align=""middle"" h_align=""center""]

[col_inner span=""6"" span__sm=""12"" span__md=""12""]

<h2><span style=""font-size: 150%;"">Impulsa tu negocio hoy</span></h2>

[/col_inner]
[col_inner span=""6"" span__sm=""12"" span__md=""12""]

<p>Ofrecemos soluciones personalizadas en consultoría empresarial que transforman y optimizan tu organización.</p>

[/col_inner]

[/row_inner]

[/col]

[/row]

[/section]
[section label=""Method"" bg_color=""rgb(246, 246, 246)"" padding=""50px""]

[row h_align=""center""]

[col span=""8"" span__sm=""12"" span__md=""10"" align=""center""]

<h3><span style=""font-size: 200%;"">Nuestro Método</span></h3>
<p>Trabajamos en conjunto contigo para identificar oportunidades y definir estrategias efectivas.</p>

[/col]

[/row]
[row v_align=""equal"" h_align=""center"" padding=""40px 30px 45px 30px""]

[col span=""4"" span__sm=""12"" bg_color=""rgb(255,255,255)""]

[featured_box img=""22775"" img_width=""40"" pos=""center""]

[gap height=""10px""]

<h3>Diagnóstico</h3>
<p>Realizamos un análisis exhaustivo de tus procesos y operaciones para detectar áreas de mejora.</p>

[/featured_box]

[/col]
[col span=""4"" span__sm=""12"" bg_color=""rgb(255,255,255)""]

[featured_box img=""22777"" img_width=""40"" pos=""center""]

[gap height=""10px""]

<h3>Estrategia</h3>
<p>Desarrollamos un plan de acción personalizado que se alinea con tus objetivos empresariales.</p>

[/featured_box]

[/col]
[col span=""4"" span__sm=""12"" bg_color=""rgb(255,255,255)""]

[featured_box img=""22776"" img_width=""40"" pos=""center""]

[gap height=""10px""]

<h3>Implementación</h3>
<p>Acompañamos la ejecución de las estrategias para asegurar resultados tangibles y sostenibles.</p>

[/featured_box]

[/col]

[/row]
[row]

[col span__sm=""12"" align=""center""]

[button text=""Más Características"" letter_case=""lowercase"" style=""underline""]


[/col]

[/row]

[/section]
[section label=""Services Intro"" bg_color=""rgb(39, 54, 71)"" dark=""true"" padding=""100px""]

[row]

[col span=""6"" span__sm=""12"" span__md=""12""]

<h3><span style=""font-size: 200%;"">Nuestros Servicios</span></h3>

[/col]
[col span=""6"" span__sm=""12"" span__md=""12""]

<p>Ofrecemos un amplio rango de servicios de consultoría que se adaptan a las necesidades específicas de cada cliente.</p>

[/col]

[/row]
[gap height=""100px"" height__md=""40px""]


[/section]
[section label=""Services""]

[row]

[col span__sm=""12"" margin=""-175px 0px 0px 0px""]

[row_inner h_align=""center""]

[col_inner span=""6"" span__sm=""12""]

[ux_image_box style=""shade"" img=""22768"" image_height=""80%"" image_overlay=""rgba(0, 0, 0, 0.25)"" image_hover=""overlay-add"" text_align=""left""]

<h4><span style=""font-size: 200%;"">Consultoría Estratégica</span></h4>
<p>Desarrollo de planes estratégicos a medida.</p>

[/ux_image_box]

[/col_inner]
[col_inner span=""6"" span__sm=""12""]

[ux_image_box style=""shade"" img=""22766"" image_height=""80%"" image_overlay=""rgba(0, 0, 0, 0.25)"" image_hover=""overlay-add"" text_align=""left""]

<h4><span style=""font-size: 200%;"">Optimización de Procesos</span></h4>
<p>Mejora continua y eficiencia operativa.</p>

[/ux_image_box]

[/col_inner]
[col_inner span=""6"" span__sm=""12""]

[ux_image_box style=""shade"" img=""22767"" image_height=""80%"" image_overlay=""rgba(0, 0, 0, 0.25)"" image_hover=""overlay-add"" text_align=""left""]

<h4><span style=""font-size: 200%;"">Gestión del Cambio</span></h4>
<p>Asesoría en proyectos de transformación organizacional.</p>

[/ux_image_box]

[/col_inner]
[col_inner span=""6"" span__sm=""12""]

[ux_image_box style=""shade"" img=""22769"" image_height=""80%"" image_overlay=""rgba(0, 0, 0, 0.25)"" image_hover=""overlay-add"" text_align=""left""]

<h4><span style=""font-size: 200%;"">Formación y Capacitación</span></h4>
<p>Programas de desarrollo de talento y habilidades.</p>

[/ux_image_box]

[/col_inner]
[col_inner span__sm=""12""]

[gap height=""10px""]


[/col_inner]
[col_inner span=""3"" span__sm=""12"" align=""center""]

[button text=""Más Servicios"" letter_case=""lowercase"" padding=""5px 20px 5px 20px"" radius=""40"" icon=""icon-angle-right""]


[/col_inner]

[/row_inner]

[/col]

[/row]

[/section]
[section label=""Quotes"" bg_color=""rgb(246, 246, 246)"" padding=""100px""]

[ux_slider nav_style=""simple"" nav_color=""dark"" bullet_style=""simple"" timer=""3000"" pause_hover=""false""]

[row]


[/row]
[col span__sm=""12"" align=""center""]

<h4><span style=""font-size: 180%;"">""La consultoría de Viaweb transformó nuestro negocio.""</span></h4>
<p>- Cliente Satisfecho, <a href=""#"">Ciudad</a></p>

[/col]
<p></row></p>
[row]


[/row]
[col span__sm=""12"" align=""center""]

<h4><span style=""font-size: 180%;"">""Gracias a su asesoría, alcanzamos nuestros objetivos.""</span></h4>
<p>- Cliente Satisfecho, <a href=""#"">Ciudad</a></p>

[/col]
<p></row></p>
[row]


[/row]
[col span__sm=""12"" align=""center""]

<h4><span style=""font-size: 180%;"">""Un equipo profesional y comprometido.""</span></h4>
<p>- Cliente Satisfecho, <a href=""#"">Ciudad</a></p>

[/col]
<p></row]
</p>

[/ux_slider]

[/section]
[section label=""Facts"" bg_overlay=""rgb(39, 54, 71)"" dark=""true"" padding=""100px""]

[row h_align=""center""]

[col span__sm=""12"" align=""center""]

<h3><span style=""font-size: 200%;"">Algunos Datos</span></h3>
<p>Nuestra experiencia y trayectoria en consultoría empresarial.</p>

[/col]
[col span=""3"" span__sm=""6"" span__md=""6"" align=""center""]

<h3><span style=""font-size: 200%;"">100+</span></h3>
<p>Proyectos Completados</p>

[/col]
[col span=""3"" span__sm=""6"" span__md=""6"" align=""center""]

<h3><span style=""font-size: 200%;"">50+</span></h3>
<p>Clientes Satisfechos</p>

[/col]
[col span=""3"" span__sm=""6"" span__md=""6"" align=""center""]

<h3><span style=""font-size: 200%;"">10+</span></h3>
<p>Años de Experiencia</p>

[/col]
[col span=""3"" span__sm=""6"" span__md=""6"" align=""center""]

<h3><span style=""font-size: 200%;"">80%</span></h3>
<p>Retorno de Inversión Promedio</p>

[/col]

[/row]

[/section]
[section label=""Video"" padding=""100px"" padding__sm=""75px""]

[gap height=""40px""]

[row style=""large"" v_align=""middle"" h_align=""center""]

[col span=""6"" span__sm=""12"" span__md=""10"" animate=""fadeInUp""]

<h6>VIDEO</h6>
<h3><span style=""font-size: 200%;"">Pasión por la Consultoría</span></h3>
<p>Transformamos empresas a través de un enfoque personalizado y estratégico.</p>

[/col]
[col span=""6"" span__sm=""12"" span__md=""10"" force_first=""medium"" animate=""fadeInUp""]

[ux_image_box style=""overlay"" img=""22773"" image_height=""400px"" text_pos=""middle""]

[video_button size=""150""]


[/ux_image_box]

[/col]

[/row]

[/section]
[section label=""Team Members"" bg_color=""rgb(246, 246, 246)"" padding=""100px"" padding__sm=""30px""]

[row h_align=""center""]

[col span__sm=""12"" align=""center""]

<h3><span style=""font-size: 150%;"">Nuestro Equipo</span></h3>
<p>Profesionales dedicados a tu éxito.</p>

[/col]
[col span=""4"" span__sm=""12""]

[ux_image_box style=""shade"" img=""22772"" image_hover=""zoom""]

<h4><span style=""font-size: 140%;"">Nombre del Consultor</span></h4>
<p>Consultor Principal</p>
[follow style=""small"" facebook=""3"" instagram=""3"" twitter=""#""]


[/ux_image_box]

[/col]
[col span=""4"" span__sm=""12""]

[ux_image_box style=""shade"" img=""22771"" image_hover=""zoom""]

<h4><span style=""font-size: 140%;"">Nombre del Consultor</span></h4>
<p>Consultor de Estrategia</p>
[follow style=""small"" facebook=""3"" instagram=""3"" twitter=""#""]


[/ux_image_box]

[/col]
[col span=""4"" span__sm=""12""]

[ux_image_box style=""shade"" img=""22770"" image_hover=""zoom""]

<h4><span style=""font-size: 140%;"">Nombre del Consultor</span></h4>
<p>Consultor de Procesos</p>
[follow style=""small"" facebook=""3"" instagram=""3"" twitter=""#""]


[/ux_image_box]

[/col]
[col span=""2"" span__sm=""12"" align=""center""]

[button text=""Sobre Nosotros"" letter_case=""lowercase"" style=""underline""]


[/col]

[/row]

[/section]
[section label=""Product"" padding=""120px""]

[row style=""large"" v_align=""middle"" h_align=""center""]

[col span=""6"" span__sm=""12"" span__md=""10"" animate=""fadeInLeft""]

[ux_banner height=""500px"" bg=""22774"" bg_pos=""45% 67%""]

[text_box position_x=""50"" position_y=""50""]


[/text_box]

[/ux_banner]

[/col]
[col span=""6"" span__sm=""12"" span__md=""10"" animate=""fadeInRight""]

[row_inner style=""collapse"" padding=""0px 0px 10px 0px""]

[col_inner span__sm=""12""]

[featured_box img=""22776"" img_width=""30"" pos=""left""]

<h3>Enfoque Centrado en el Cliente</h3>

[/featured_box]
[gap height=""10px""]

<p>Trabajamos de la mano contigo para asegurar el éxito de tu negocio.</p>

[/col_inner]

[/row_inner]
[row_inner style=""collapse"" padding=""0px 0px 10px 0px""]

[col_inner span__sm=""12""]

[featured_box img=""22775"" img_width=""30"" pos=""left""]

<h3>Compromiso con la Excelencia</h3>

[/featured_box]
[gap height=""10px""]

<p>Nos esforzamos por ofrecer soluciones de la más alta calidad.</p>

[/col_inner]

[/row_inner]
[row_inner style=""collapse"" padding=""0px 0px 10px 0px""]

[col_inner span__sm=""12""]

[featured_box img=""22778"" img_width=""30"" pos=""left""]

<h3>Innovación Continua</h3>

[/featured_box]
[gap height=""10px""]

<p>Nos adaptamos a las necesidades cambiantes del mercado.</p>

[/col_inner]

[/row_inner]

[/col]

[/row]

[/section]
[section label=""Latest news"" bg_color=""rgb(246, 246, 246)""]

[gap height=""100px""]

[row]

[col span__sm=""12"" align=""center""]

<h3><span style=""font-size: 150%;"">Últimas Noticias</span></h3>
<p>Actualizaciones y novedades sobre nuestros servicios y proyectos.</p>

[/col]
[col span__sm=""12""]

[blog_posts style=""normal"" columns=""3"" columns__sm=""1"" columns__md=""2"" slider_nav_style=""simple"" slider_nav_position=""outside"" slider_bullets=""true"" auto_slide=""3000"" posts=""6"" show_date=""false"" show_category=""text"" image_height=""0%"" image_overlay=""rgb(255, 255, 255)"" text_align=""left"" text_bg=""rgb(39, 54, 71)"" text_color=""dark"" text_padding=""80px 40px 80px 40px""]


[/col]

[/row]

[/section]
[section label=""Partners"" bg_color=""rgb(246, 246, 246)""]

[ux_gallery ids=""13491,13490,13488,13489,13487,13486"" style=""none"" columns=""6"" columns__sm=""3"" columns__md=""3""]

[gap height=""100px""]


[/section]
[section label=""Call to action"" bg_color=""#273647"" dark=""true"" padding=""0px"" height=""0px""]

[row col_bg=""rgb(34, 49, 246)"" h_align=""center"" padding=""50px 50px 30px 50px"" padding__sm=""45px 25px 15px 25px"" padding__md=""45px 80px 15px 80px""]

[col span__sm=""12"" margin=""-100px 0px 0px 0px"" bg_color=""#4ac193""]

<h6>Consulta Gratuita</h6>
[row_inner style=""small"" width=""full-width"" v_align=""middle"" h_align=""center""]

[col_inner span=""6"" span__sm=""12"" span__md=""12""]

<h2><span style=""font-size: 150%;"">Únete a nuestros clientes satisfechos</span></h2>

[/col_inner]
[col_inner span=""6"" span__sm=""12"" span__md=""12""]

[button text=""Solicitar Consulta"" color=""white"" expand=""true""]

[button text=""Contáctanos"" color=""white"" style=""outline"" expand=""true""]


[/col_inner]

[/row_inner]

[/col]

[/row]
[gap height=""100px""]


[/section]

[ux_slider label=""Hero"" slide_width=""6000px"" draggable=""false"" nav_style=""simple"" bullets=""false"" bullet_style=""simple"" timer=""3000"" pause_hover=""false""]

[section bg=""22848"" bg_size=""original"" bg_overlay=""rgba(36, 103, 162, 0.436)"" bg_pos=""42% 12%"" hover=""zoom-long"" dark=""true"" padding__sm=""100px"" height=""600px""]

[row width=""full-width"" h_align=""center"" padding=""0px 0px 0px 0px""]

[col span=""6"" span__sm=""12"" span__md=""10"" align=""center"" animate=""fadeInDown""]

<h1><span style=""font-size: 200%;"">Consultoría Empresarial</span></h1>
<p>Su aliado estratégico en soluciones empresariales</p>
[video_button video=""https://www.youtube.com/watch?v=hJSXQj_KeE0""]

[gap height=""10px""]


[/col]

[/row]

[/section]

[/ux_slider]
[section label=""Intro"" bg_color=""rgb(246, 246, 246)"" dark=""true"" padding=""0px"" height=""0px""]

[row col_bg=""rgb(34, 49, 246)"" h_align=""center"" padding=""50px 50px 30px 50px"" padding__sm=""45px 25px 15px 25px"" padding__md=""45px 80px 15px 80px""]

[col span__sm=""12"" margin=""-100px 0px 0px 0px"" bg_color=""#2467a2""]

<h6>Bienvenido</h6>
[row_inner style=""small"" width=""full-width"" v_align=""middle"" h_align=""center""]

[col_inner span=""6"" span__sm=""12"" span__md=""12""]

<h2><span style=""font-size: 150%;"">Impulsa tu negocio hoy</span></h2>

[/col_inner]
[col_inner span=""6"" span__sm=""12"" span__md=""12""]

<p>Ofrecemos soluciones personalizadas en consultoría empresarial que transforman y optimizan tu organización.</p>

[/col_inner]

[/row_inner]

[/col]

[/row]

[/section]
[section label=""Method"" bg_color=""rgb(246, 246, 246)"" padding=""50px""]

[row h_align=""center""]

[col span=""8"" span__sm=""12"" span__md=""10"" align=""center""]

<h3><span style=""font-size: 200%;"">Nuestro Método</span></h3>
<p>Trabajamos en conjunto contigo para identificar oportunidades y definir estrategias efectivas.</p>

[/col]

[/row]
[row v_align=""equal"" h_align=""center"" padding=""40px 30px 45px 30px""]

[col span=""4"" span__sm=""12"" bg_color=""rgb(255,255,255)""]

[featured_box img=""22775"" img_width=""40"" pos=""center""]

[gap height=""10px""]

<h3>Diagnóstico</h3>
<p>Realizamos un análisis exhaustivo de tus procesos y operaciones para detectar áreas de mejora.</p>

[/featured_box]

[/col]
[col span=""4"" span__sm=""12"" bg_color=""rgb(255,255,255)""]

[featured_box img=""22777"" img_width=""40"" pos=""center""]

[gap height=""10px""]

<h3>Estrategia</h3>
<p>Desarrollamos un plan de acción personalizado que se alinea con tus objetivos empresariales.</p>

[/featured_box]

[/col]
[col span=""4"" span__sm=""12"" bg_color=""rgb(255,255,255)""]

[featured_box img=""22776"" img_width=""40"" pos=""center""]

[gap height=""10px""]

<h3>Implementación</h3>
<p>Acompañamos la ejecución de las estrategias para asegurar resultados tangibles y sostenibles.</p>

[/featured_box]

[/col]

[/row]
[row]

[col span__sm=""12"" align=""center""]

[button text=""Más Características"" letter_case=""lowercase"" style=""underline""]


[/col]

[/row]

[/section]
[section label=""Services Intro"" bg_color=""#2467a2"" dark=""true"" padding=""100px""]

[row]

[col span=""6"" span__sm=""12"" span__md=""12""]

<h3><span style=""font-size: 200%;"">Nuestros Servicios</span></h3>

[/col]
[col span=""6"" span__sm=""12"" span__md=""12""]

<p>Ofrecemos un amplio rango de servicios de consultoría que se adaptan a las necesidades específicas de cada cliente.</p>

[/col]

[/row]
[gap height=""100px"" height__md=""40px""]


[/section]
[section label=""Services""]

[row]

[col span__sm=""12"" margin=""-175px 0px 0px 0px""]

[row_inner h_align=""center""]

[col_inner span=""6"" span__sm=""12""]

[ux_image_box style=""shade"" img=""24842"" image_height=""80%"" image_overlay=""rgba(0, 0, 0, 0.25)"" image_hover=""overlay-add"" text_align=""left""]

<h4><span style=""font-size: 200%;"">Consultoría Estratégica</span></h4>
<p>Desarrollo de planes estratégicos a medida.</p>

[/ux_image_box]

[/col_inner]
[col_inner span=""6"" span__sm=""12""]

[ux_image_box style=""shade"" img=""26988"" image_height=""80%"" image_overlay=""rgba(0, 0, 0, 0.25)"" image_hover=""overlay-add"" text_align=""left""]

<h4><span style=""font-size: 200%;"">Optimización de Procesos</span></h4>
<p>Mejora continua y eficiencia operativa.</p>

[/ux_image_box]

[/col_inner]
[col_inner span=""6"" span__sm=""12""]

[ux_image_box style=""shade"" img=""22835"" image_height=""80%"" image_overlay=""rgba(0, 0, 0, 0.25)"" image_hover=""overlay-add"" text_align=""left""]

<h4><span style=""font-size: 200%;"">Gestión del Cambio</span></h4>
<p>Asesoría en proyectos de transformación organizacional.</p>

[/ux_image_box]

[/col_inner]
[col_inner span=""6"" span__sm=""12""]

[ux_image_box style=""shade"" img=""27091"" image_height=""80%"" image_overlay=""rgba(0, 0, 0, 0.25)"" image_hover=""overlay-add"" text_align=""left""]

<h4><span style=""font-size: 200%;"">Formación y Capacitación</span></h4>
<p>Programas de desarrollo de talento y habilidades.</p>

[/ux_image_box]

[/col_inner]
[col_inner span__sm=""12""]

[gap height=""10px""]


[/col_inner]
[col_inner span=""3"" span__sm=""12"" align=""center""]

[button text=""Más Servicios"" letter_case=""lowercase"" padding=""5px 20px 5px 20px"" radius=""40"" icon=""icon-angle-right""]


[/col_inner]

[/row_inner]

[/col]

[/row]

[/section]
[section label=""Quotes"" bg_color=""#2467a2"" dark=""true"" padding=""100px""]

[ux_slider nav_style=""simple"" nav_color=""dark"" bullet_style=""simple"" timer=""3000"" pause_hover=""false""]

[col span__sm=""12"" align=""center""]

<h4><span style=""font-size: 180%;"">""La consultoría de Viaweb transformó nuestro negocio.""</span></h4>
<p>- Cliente Satisfecho, <a href=""#"">Ciudad</a></p>

[/col]
[col span__sm=""12"" align=""center""]

<h4><span style=""font-size: 180%;"">""Gracias a su asesoría, alcanzamos nuestros objetivos.""</span></h4>
<p>- Cliente Satisfecho, <a href=""#"">Ciudad</a></p>

[/col]
[col span__sm=""12"" align=""center""]

<h4><span style=""font-size: 180%;"">""Un equipo profesional y comprometido.""</span></h4>
<p>- Cliente Satisfecho, <a href=""#"">Ciudad</a></p>

[/col]

[/ux_slider]

[/section]
[section label=""Facts"" bg_color=""#2467a2"" bg_overlay=""rgba(0,0,0,.5)"" dark=""true"" padding=""100px""]

[row h_align=""center""]

[col span__sm=""12"" align=""center""]

<h3><span style=""font-size: 200%;"">Algunos Datos</span></h3>
<p>Nuestra experiencia y trayectoria en consultoría empresarial.</p>

[/col]
[col span=""3"" span__sm=""6"" span__md=""6"" align=""center""]

<h3><span style=""font-size: 200%;"">100+</span></h3>
<p>Proyectos Completados</p>

[/col]
[col span=""3"" span__sm=""6"" span__md=""6"" align=""center""]

<h3><span style=""font-size: 200%;"">50+</span></h3>
<p>Clientes Satisfechos</p>

[/col]
[col span=""3"" span__sm=""6"" span__md=""6"" align=""center""]

<h3><span style=""font-size: 200%;"">10+</span></h3>
<p>Años de Experiencia</p>

[/col]
[col span=""3"" span__sm=""6"" span__md=""6"" align=""center""]

<h3><span style=""font-size: 200%;"">80%</span></h3>
<p>Retorno de Inversión Promedio</p>

[/col]

[/row]

[/section]
[section label=""Video"" padding=""100px"" padding__sm=""75px""]

[gap height=""40px""]

[row style=""large"" v_align=""middle"" h_align=""center""]

[col span=""6"" span__sm=""12"" span__md=""10"" animate=""fadeInUp""]

<h6>VIDEO</h6>
<h3><span style=""font-size: 200%;"">Pasión por la Consultoría</span></h3>
<p>Transformamos empresas a través de un enfoque personalizado y estratégico.</p>

[/col]
[col span=""6"" span__sm=""12"" span__md=""10"" force_first=""medium"" animate=""fadeInUp""]

[ux_image_box style=""overlay"" img=""8822"" image_height=""400px"" text_pos=""middle""]

[video_button video=""https://www.youtube.com/watch?v=hJSXQj_KeE0"" size=""150""]


[/ux_image_box]

[/col]

[/row]

[/section]
[section label=""Team Members"" bg_color=""#2467a2"" padding=""100px"" padding__sm=""30px""]

[row h_align=""center""]

[col span__sm=""12"" align=""center""]

[ux_text text_color=""rgb(255,255,255)""]

<h3><span style=""font-size: 150%;"">Nuestro Equipo</span></h3>
<p>Profesionales dedicados a tu éxito.</p>
[/ux_text]

[/col]
[col span=""4"" span__sm=""12""]

[ux_image_box style=""shade"" img=""8876"" image_hover=""zoom""]

<h4><span style=""font-size: 140%;"">Nombre del Consultor</span></h4>
<p>Consultor Principal</p>
[follow style=""small"" facebook=""3"" instagram=""3"" twitter=""#""]


[/ux_image_box]

[/col]
[col span=""4"" span__sm=""12""]

[ux_image_box style=""shade"" img=""8910"" image_hover=""zoom""]

<h4><span style=""font-size: 140%;"">Nombre del Consultor</span></h4>
<p>Consultor de Estrategia</p>
[follow style=""small"" facebook=""3"" instagram=""3"" twitter=""#""]


[/ux_image_box]

[/col]
[col span=""4"" span__sm=""12""]

[ux_image_box style=""shade"" img=""8909"" image_hover=""zoom""]

<h4><span style=""font-size: 140%;"">Nombre del Consultor</span></h4>
<p>Consultor de Procesos</p>
[follow style=""small"" facebook=""3"" instagram=""3"" twitter=""#""]


[/ux_image_box]

[/col]
[col span=""2"" span__sm=""12"" align=""center""]

[button text=""Sobre Nosotros"" letter_case=""lowercase"" style=""underline""]


[/col]

[/row]

[/section]
[section label=""Product"" padding=""120px""]

[row style=""large"" v_align=""middle"" h_align=""center""]

[col span=""6"" span__sm=""12"" span__md=""10"" animate=""fadeInLeft""]

[ux_banner height=""500px"" bg=""4945"" bg_pos=""45% 67%""]

[text_box position_x=""50"" position_y=""50""]


[/text_box]

[/ux_banner]

[/col]
[col span=""6"" span__sm=""12"" span__md=""10"" animate=""fadeInRight""]

[row_inner style=""collapse"" padding=""0px 0px 10px 0px""]

[col_inner span__sm=""12""]

[featured_box img=""5048"" img_width=""30"" pos=""left""]

<h3>Enfoque Centrado en el Cliente</h3>

[/featured_box]
[gap height=""10px""]

<p>Trabajamos de la mano contigo para asegurar el éxito de tu negocio.</p>

[/col_inner]

[/row_inner]
[row_inner style=""collapse"" padding=""0px 0px 10px 0px""]

[col_inner span__sm=""12""]

[featured_box img=""5048"" img_width=""30"" pos=""left""]

<h3>Compromiso con la Excelencia</h3>

[/featured_box]
[gap height=""10px""]

<p>Nos esforzamos por ofrecer soluciones de la más alta calidad.</p>

[/col_inner]

[/row_inner]
[row_inner style=""collapse"" padding=""0px 0px 10px 0px""]

[col_inner span__sm=""12""]

[featured_box img=""5048"" img_width=""30"" pos=""left""]

<h3>Innovación Continua</h3>

[/featured_box]
[gap height=""10px""]

<p>Nos adaptamos a las necesidades cambiantes del mercado.</p>

[/col_inner]

[/row_inner]

[/col]

[/row]

[/section]
[section label=""Latest news"" bg_color=""#2467a2"" dark=""true""]

[gap height=""100px""]

[row]

[col span__sm=""12"" align=""center""]

<h3><span style=""font-size: 150%;"">Últimas Noticias</span></h3>
<p>Actualizaciones y novedades sobre nuestros servicios y proyectos.</p>

[/col]
[col span__sm=""12"" bg_color=""rgba(255, 255, 255, 0.477)""]

[blog_posts style=""shade"" type=""slider-full"" slider_nav_style=""circle"" cat=""7860"" title_size=""larger"" show_date=""text"" excerpt=""false"" show_category=""label"" comments=""false"" image_size=""large"" image_overlay=""rgba(0, 0, 0, 0.09)"" image_hover=""overlay-remove"" text_size=""large"" text_hover=""bounce"" text_padding=""10% 0px 10% 0px""]

[blog_posts style=""normal"" columns=""3"" columns__sm=""1"" columns__md=""2"" slider_nav_style=""simple"" slider_nav_position=""outside"" slider_bullets=""true"" auto_slide=""3000"" posts=""6"" show_date=""false"" show_category=""text"" image_height=""0%"" image_overlay=""rgb(255, 255, 255)"" text_align=""left"" text_bg=""rgb(39, 54, 71)"" text_color=""dark"" text_padding=""80px 40px 80px 40px""]


[/col]

[/row]

[/section]
[section label=""Partners"" bg_color=""rgb(255,255,255)""]

[ux_gallery ids=""13491,13490,13488,13489,13487,13486"" style=""none"" columns=""6"" columns__sm=""3"" columns__md=""3""]

[gap height=""100px""]


[/section]
[section label=""Call to action"" bg_color=""rgb(255,255,255)"" dark=""true"" padding=""0px"" height=""0px""]

[row col_bg=""rgb(34, 49, 246)"" h_align=""center"" padding=""50px 50px 30px 50px"" padding__sm=""45px 25px 15px 25px"" padding__md=""45px 80px 15px 80px""]

[col span__sm=""12"" margin=""-100px 0px 0px 0px"" bg_color=""#2467a2""]

<h6>Consulta Gratuita</h6>
[row_inner style=""small"" width=""full-width"" v_align=""middle"" h_align=""center""]

[col_inner span=""6"" span__sm=""12"" span__md=""12""]

<h2><span style=""font-size: 150%;"">Únete a nuestros clientes satisfechos</span></h2>

[/col_inner]
[col_inner span=""6"" span__sm=""12"" span__md=""12""]

[button text=""Solicitar Consulta"" color=""secondary"" expand=""true""]

[button text=""Contáctanos"" color=""white"" style=""outline"" expand=""true""]


[/col_inner]

[/row_inner]
[blog_posts style=""normal"" columns=""3"" columns__md=""1"" cat=""7767"" image_height=""56.25%""]


[/col]

[/row]
[gap height=""100px""]


[/section]",Soluciones Tecnológicas Avanzadas,Tecnología,Tecnología,Servicios Empresariales,"Somos tu aliado estratégico en soluciones empresariales. Ofrecemos consultoría personalizada, optimización de procesos y gestión del cambio. Nuestro equipo de expertos está comprometido con el éxito de tu negocio, brindando resultados tangibles y sostenibles.","Una imagen que muestre un collage de personas diversas trabajando en diferentes entornos empresariales (oficina, fábrica, tienda), conectadas por líneas o iconos que representen la integración de sistemas ERP. Esto ilustraría la versatilidad y el alcance de los servicios de consultoría empresarial descritos en el contenido."
"[scroll_to title=""contacto"" link=""contacto"" bullet=""false""]
[section label=""Preguntas Frecuentes"" bg_color=""#f7f5f4"" padding=""60px""]
[gap height=""40px""]
[row style=""collapse""]
[col span=""6"" span__sm=""12""]
<br />
<h4>¿Cómo puede ayudarme un ERP?</h4>
<p>Un ERP puede mejorar la eficiencia operativa, reducir costos y proporcionar información valiosa para la toma de decisiones estratégicas.</p>
<p class=""description"">Beneficios de implementar un sistema ERP.</p>
[/col]
[col span=""6"" span__sm=""12""]
<br />
<h4>¿Es fácil de implementar?</h4>
<p>Nuestro equipo te guiará a través de cada paso del proceso de implementación para asegurar una transición suave y exitosa.</p>
<p class=""description"">Proceso de implementación de un ERP.</p>
[/col]
[/row]
[row style=""collapse""]
[col span=""6"" span__sm=""12""]
<br />
<h4>¿Ofrecen soporte técnico?</h4>
<p>Sí, ofrecemos soporte técnico continuo para resolver cualquier problema que puedas encontrar.</p>
<p class=""description"">Información sobre el soporte técnico disponible.</p>
[/col]
[col span=""6"" span__sm=""12""]
<br />
<h4>¿Puedo integrar el ERP con otras herramientas?</h4>
<p>Sí, nuestros sistemas ERP son compatibles con una variedad de aplicaciones y pueden integrarse fácilmente con herramientas de CRM, plataformas de e-commerce y otras soluciones de software que ya utilizas en tu negocio.</p>
[/col]
[/row]
[row style=""collapse""]
[col span=""6"" span__sm=""12""]
<br />
<h4>¿Cuál es el costo de sus servicios?</h4>
<p>El costo de nuestros servicios varía según las soluciones y el alcance del proyecto. Te invitamos a contactarnos para obtener una cotización personalizada que se ajuste a las necesidades de tu empresa.</p>
[/col]
[col span=""6"" span__sm=""12""]
<br />
<h4>¿Ofrecen soporte post-implementación?</h4>
<p>Sí, ofrecemos soporte post-implementación para asegurarnos de que tu equipo esté completamente capacitado y que cualquier inconveniente que surja sea resuelto de manera oportuna.</p>
[/col]
[/row]
[row style=""collapse""]
[col span=""6"" span__sm=""12""]
<br />
<h4>¿Qué industrias atendemos?</h4>
<p>Atendemos diversas industrias, incluyendo retail, manufactura, agroindustria y más, adaptando nuestras soluciones a las necesidades específicas de cada sector.</p>
[/col]
[col span=""6"" span__sm=""12""]
<br />
<h4>¿Cómo puedo solicitar una demo?</h4>
<p>Puedes solicitar una demo a través de nuestro formulario de contacto o haciendo clic en el botón ""Solicitar una Demo"" en la sección de inicio.</p>
[/col]
[/row]
[row style=""collapse""]
[col span=""6"" span__sm=""12""]
<br />
<h4>¿Cómo garantizan la seguridad de los datos?</h4>
<p>Implementamos medidas de seguridad avanzadas, incluyendo cifrado de datos, autenticación de múltiples factores y copias de seguridad regulares, para proteger la información de nuestros clientes y garantizar su confidencialidad.</p>
[/col]
[col span=""6"" span__sm=""12""]
<br />
<h4>¿Qué tipo de capacitación ofrecen?</h4>
<p>Ofrecemos talleres, tutoriales en línea y sesiones personalizadas para asegurar que tu equipo esté completamente capacitado en el uso de nuestras herramientas.</p>
[/col]
[/row]
[row style=""collapse""]
[col span=""6"" span__sm=""12""]
<br />
<h4>¿Ofrecen soluciones personalizadas para mi industria?</h4>
<p>Sí, desarrollamos soluciones a medida que se adaptan a las necesidades específicas de cada sector, asegurando que obtengas el máximo valor de nuestras herramientas.</p>
[/col]
[col span=""6"" span__sm=""12""]
<br />
<h4>¿Qué beneficios ofrece el e-commerce?</h4>
<p>Nuestra solución de e-commerce permite a las empresas expandir su alcance, mejorar la experiencia del cliente y aumentar las ventas en línea.</p>
[/col]
[/row]
[/section]
[section label=""Preguntas Frecuentes"" bg_color=""#f7f5f4"" padding=""60px""]
[row]
[col span__sm=""12"" align=""center""]
[/col]
[/row]
[gap height=""40px""]
[row style=""collapse""]
[col span=""6"" span__sm=""12""]
<br />
<h4>¿Qué es un ERP?</h4>
<p>Un ERP (Enterprise Resource Planning) es un sistema que integra todas las operaciones de una empresa en una única plataforma, facilitando la gestión y el análisis de datos en tiempo real.</p>
<p class=""description"">Descripción general de un sistema ERP.</p>
[/col]
[col span=""6"" span__sm=""12""]
<br />
<h4>¿Qué servicios ofrece Viaweb?</h4>
<p>Viaweb se especializa en proporcionar soluciones integrales que optimizan la gestión empresarial. Nuestros servicios incluyen:</p>
<ul>
<li><strong>Inteligencia Artificial (AI):</strong> Implementamos soluciones de AI que permiten a las empresas automatizar procesos y obtener insights valiosos a partir de sus datos.</li>
<li><strong>Business Intelligence (BI):</strong> Ofrecemos herramientas de BI que facilitan el análisis de datos y la generación de informes, ayudando a las empresas a tomar decisiones estratégicas basadas en información precisa.</li>
<li><strong>Capacitación:</strong> Proporcionamos formación especializada para tu equipo, asegurando que puedan utilizar nuestras herramientas de manera efectiva.</li>
<li><strong>Consultoría:</strong> Nuestros expertos brindan asesoría personalizada para identificar las mejores soluciones tecnológicas que se adapten a las necesidades específicas de tu negocio.</li>
<li><strong>CRM:</strong> Implementamos sistemas de gestión de relaciones con clientes que mejoran la comunicación y el seguimiento de interacciones.</li>
<li><strong>E-commerce:</strong> Desarrollamos plataformas de comercio electrónico que permiten a las empresas expandir su alcance y mejorar la experiencia de compra.</li>
<li><strong>ERP:</strong> Nuestros sistemas de planificación de recursos empresariales integran todas las operaciones de tu empresa en una única plataforma.</li>
<li><strong>Hosting y Dominios:</strong> Ofrecemos servicios de alojamiento web y registro de dominios para garantizar tu presencia en línea.</li>
<li><strong>Desarrollo Web:</strong> Creamos sitios web personalizados que reflejan la identidad de tu marca.</li>
</ul>
[/col]
[/row]
[row style=""collapse""]
[col span=""6"" span__sm=""12""]
<br />
<h4>¿Cómo puede ayudarme un ERP?</h4>
<p>Un ERP puede mejorar la eficiencia operativa, reducir costos y proporcionar información valiosa para la toma de decisiones estratégicas.</p>
<p class=""description"">Beneficios de implementar un sistema ERP.</p>
[/col]
[col span=""6"" span__sm=""12""]
<br />
<h4>¿Es fácil de implementar?</h4>
<p>Nuestro equipo te guiará a través de cada paso del proceso de implementación para asegurar una transición suave y exitosa.</p>
<p class=""description"">Proceso de implementación de un ERP.</p>
[/col]
[/row]
[row style=""collapse""]
[col span=""6"" span__sm=""12""]
<br />
<h4>¿Ofrecen soporte técnico?</h4>
<p>Sí, ofrecemos soporte técnico continuo para resolver cualquier problema que puedas encontrar.</p>
<p class=""description"">Información sobre el soporte técnico disponible.</p>
[/col]
[col span=""6"" span__sm=""12""]
<br />
<h4>¿Puedo integrar el ERP con otras herramientas?</h4>
<p>Sí, nuestros sistemas ERP son compatibles con una variedad de aplicaciones y pueden integrarse fácilmente con herramientas de CRM, plataformas de e-commerce y otras soluciones de software que ya utilizas en tu negocio.</p>
[/col]
[/row]
[row style=""collapse""]
[col span=""6"" span__sm=""12""]
<br />
<h4>¿Cuál es el costo de sus servicios?</h4>
<p>El costo de nuestros servicios varía según las soluciones y el alcance del proyecto. Te invitamos a contactarnos para obtener una cotización personalizada que se ajuste a las necesidades de tu empresa.</p>
[/col]
[col span=""6"" span__sm=""12""]
<br />
<h4>¿Ofrecen soporte post-implementación?</h4>
<p>Sí, ofrecemos soporte post-implementación para asegurarnos de que tu equipo esté completamente capacitado y que cualquier inconveniente que surja sea resuelto de manera oportuna.</p>
[/col]
[/row]
[row style=""collapse""]
[col span=""6"" span__sm=""12""]
<br />
<h4>¿Qué industrias atendemos?</h4>
<p>Atendemos diversas industrias, incluyendo retail, manufactura, agroindustria y más, adaptando nuestras soluciones a las necesidades específicas de cada sector.</p>
[/col]
[col span=""6"" span__sm=""12""]
<br />
<h4>¿Cómo puedo solicitar una demo?</h4>
<p>Puedes solicitar una demo a través de nuestro formulario de contacto o haciendo clic en el botón ""Solicitar una Demo"" en la sección de inicio.</p>
[/col]
[/row]
[row style=""collapse""]
[col span=""6"" span__sm=""12""]
<br />
<h4>¿Cómo garantizan la seguridad de los datos?</h4>
<p>Implementamos medidas de seguridad avanzadas, incluyendo cifrado de datos, autenticación de múltiples factores y copias de seguridad regulares, para proteger la información de nuestros clientes y garantizar su confidencialidad.</p>
[/col]
[col span=""6"" span__sm=""12""]
<br />
<h4>¿Qué tipo de capacitación ofrecen?</h4>
<p>Ofrecemos talleres, tutoriales en línea y sesiones personalizadas para asegurar que tu equipo esté completamente capacitado en el uso de nuestras herramientas.</p>
[/col]
[/row]
[row style=""collapse""]
[col span=""6"" span__sm=""12""]
<br />
<h4>¿Ofrecen soluciones personalizadas para mi industria?</h4>
<p>Sí, desarrollamos soluciones a medida que se adaptan a las necesidades específicas de cada sector, asegurando que obtengas el máximo valor de nuestras herramientas.</p>
[/col]
[col span=""6"" span__sm=""12""]
<br />
<h4>¿Qué beneficios ofrece el e-commerce?</h4>
<p>Nuestra solución de e-commerce permite a las empresas expandir su alcance, mejorar la experiencia del cliente y aumentar las ventas en línea.</p>
[/col]
[/row]
[row style=""collapse""]
[col span=""6"" span__sm=""12""]
<br />
<h4>¿Qué tipo de herramientas de Business Intelligence ofrecen?</h4>
<p>Proporcionamos herramientas que permiten el análisis de datos y la generación de informes para una mejor toma de decisiones.</p>
[/col]
[col span=""6"" span__sm=""12""]
<br />
<h4>¿Puedo personalizar mi ERP?</h4>
<p>Sí, nuestros sistemas ERP son altamente personalizables para adaptarse a las necesidades específicas de tu negocio.</p>
[/col]
[/row]
[row style=""collapse""]
[col span=""6"" span__sm=""12""]
<br />
<h4>¿Ofrecen ejemplos de flujos de trabajo automatizados?</h4>
<p>Sí, ofrecemos ejemplos de flujos de trabajo automatizados que pueden incluir la gestión de pedidos, generación de leads y seguimiento de proyectos, entre otros.</p>
[/col]
[col span=""6"" span__sm=""12""]
<br />
<h4>¿Cómo garantizan la calidad de sus servicios?</h4>
<p>Implementamos estándares de calidad rigurosos y realizamos pruebas exhaustivas para asegurar que nuestras soluciones cumplan con las expectativas de nuestros clientes.</p>
[/col]
[/row]
[/section]
[section label=""Preguntas Frecuentes"" bg_color=""#f7f5f4"" padding=""60px""]
[row]
[col span__sm=""12"" align=""center""]
<br />
<h2>Preguntas Frecuentes</h2>
<p>Conoce más sobre nuestras soluciones y cómo pueden beneficiar a tu negocio.</p>
<h2 style=""font-size: 220%;"">Preguntas Frecuentes</h2>
<p>Resolvemos tus dudas sobre nuestras soluciones ERP.</p>
[/col]
[/row]
[row]
[col span=""6"" span__sm=""12"" padding=""20px""]
[accordion]
[accordion-item title=""¿Qué servicios ofrece Viaweb?""]
<p>Viaweb se especializa en proporcionar soluciones integrales que optimizan la gestión empresarial. Nuestros servicios incluyen:</p>
<ul>
<li><strong>Inteligencia Artificial (AI):</strong> Implementamos soluciones de AI que permiten a las empresas automatizar procesos y obtener insights valiosos a partir de sus datos.</li>
<li><strong>Business Intelligence (BI):</strong> Ofrecemos herramientas de BI que facilitan el análisis de datos y la generación de informes, ayudando a las empresas a tomar decisiones estratégicas basadas en información precisa.</li>
<li><strong>Capacitación:</strong> Proporcionamos formación... de nuestros clientes y garantizar su confidencialidad.</p>
[/accordion-item]
[accordion-item title=""¿Puedo integrar el ERP con otras herramientas?""]
<p>Sí, nuestros sistemas ERP son compatibles con una variedad de aplicaciones y pueden integrarse fácilmente con herramientas de CRM, plataformas de e-commerce y otras soluciones de software que ya utilizas en tu negocio.</p>
[/accordion-item]
[accordion-item title=""¿Cuál es el costo de sus servicios?""]
<p>El costo de nuestros servicios varía según las soluciones y el alcance del proyecto. Te invitamos a contactarnos para obtener una cotización personalizada que se ajuste a las necesidades de tu empresa.</p>
[/accordion-item]
[accordion-item title=""¿Ofrecen soporte post-implementación?""]
<p>Sí, ofrecemos soporte post-implementación para asegurarnos de que tu equipo esté completamente capacitado y que cualquier inconveniente que surja sea resuelto de manera oportuna.</p>
[/accordion-item]
[/accordion]
<h4>¿Qué es un ERP?</h4>
<p>Un ERP (Enterprise Resource Planning) es un sistema que integra todas las operaciones de una empresa en una única plataforma, facilitando la gestión y el análisis de datos en tiempo real.</p>
<p class=""description"">Descripción general de un sistema ERP.</p>
<h4>¿Es fácil de implementar?</h4>
<p>Nuestro equipo te guiará a través de cada paso del proceso de implementación para asegurar una transición suave y exitosa.</p>
<p class=""description"">Proceso de implementación de un ERP.</p>
[/col]
[col span=""6"" span__sm=""12"" padding=""20px""]
[accordion]
[accordion-item title=""¿Cómo funciona el soporte técnico?""]
<p>Ofrecemos soporte técnico remoto y asistencia continua para resolver cualquier inconveniente que pueda surgir.</p>
[/accordion-item]
[accordion-item title=""¿Puedo personalizar mi ERP?""]
<p>Sí, nuestros sistemas ERP son altamente personalizables para adaptarse a las necesidades específicas de tu negocio.</p>
[/accordion-item]
[accordion-item title=""¿Qué tipo de capacitación ofrecen?""]
<p>Ofrecemos capacitación y formación para tu equipo, asegurando que puedan maximizar el uso de nuestras herramientas.</p>
[/accordion-item]
[accordion-item title=""¿Qué industrias atendemos?""]
<p>Atendemos diversas industrias, incluyendo retail, manufactura, agroindustria, y más, adaptando nuestras soluciones a las necesidades específicas de cada sector.</p>
[/accordion-item]
[accordion-item title=""¿Cómo puedo solicitar una demo?""]
<p>Puedes solicitar una demo a través de nuestro formulario de contacto o haciendo clic en el botón ""Solicitar una Demo"" en la sección de inicio.</p>
[/accordion-item]
[/accordion]
<h4>¿Cómo puede ayudarme un ERP?</h4>
<p>Un ERP puede mejorar la eficiencia operativa, reducir costos, y proporcionar información valiosa para la toma de decisiones estratégicas.</p>
<p class=""description"">Beneficios de implementar un sistema ERP.</p>
<h4>¿Ofrecen soporte técnico?</h4>
<p>Sí, ofrecemos soporte técnico continuo para resolver cualquier problema que puedas encontrar.</p>
<p class=""description"">Información sobre el soporte técnico disponible.</p>
[/col]
[/row]
[/section]
[section label=""Preguntas Frecuentes"" bg_color=""#f7f5f4"" padding=""60px""]
[row]
[col span__sm=""12"" align=""center""]
<br />
<h2>Preguntas Frecuentes</h2>
<p>Conoce más sobre nuestras soluciones y cómo pueden beneficiar a tu negocio.</p>
[/col]
[/row]
[row]
[col span=""6"" span__sm=""12"" padding=""20px""]
[accordion]
[accordion-item title=""¿Qué servicios ofrece Viaweb?""]
<p>Viaweb se especializa en proporcionar soluciones integrales que optimizan la gestión empresarial. Nuestros servicios incluyen:</p>
<ul>
<li><strong>Inteligencia Artificial (AI):</strong> Implementamos soluciones de AI que permiten a las empresas automatizar procesos y obtener insights valiosos a partir de sus datos.</li>
<li><strong>Business Intelligence (BI):</strong> Ofrecemos herramientas de BI que facilitan el análisis de datos y la generación de informes, ayudando a las empresas a tomar decisiones estratégicas basadas en información precisa.</li>
<li><strong>Capacitación:</strong> Proporcionamos formación especializada para tu equipo, asegurando que puedan utilizar nuestras herramientas de manera efectiva y maximizar su potencial.</li>
<li><strong>Consultoría:</strong> Nuestros expertos brindan asesoría personalizada para identificar las mejores soluciones tecnológicas que se adapten a las necesidades específicas de tu negocio.</li>
<li><strong>CRM:</strong> Implementamos sistemas de gestión de relaciones con clientes que mejoran la comunicación y el seguimiento de interacciones, optimizando la experiencia del cliente.</li>
<li><strong>E-commerce:</strong> Desarrollamos plataformas de comercio electrónico que permiten a las empresas expandir su alcance y mejorar la experiencia de compra en línea.</li>
<li><strong>ERP:</strong> Nuestros sistemas de planificación de recursos empresariales integran todas las operaciones de tu empresa en una única plataforma, facilitando la gestión y el análisis de datos en tiempo real.</li>
<li><strong>Hosting y Dominios:</strong> Ofrecemos servicios de alojamiento web y registro de dominios, garantizando que tu presencia en línea sea segura y confiable.</li>
<li><strong>Desarrollo Web:</strong> Creamos sitios web personalizados que reflejan la identidad de tu marca y mejoran la interacción con tus clientes.</li>
</ul>
[/accordion-item]
[accordion-item title=""¿Cómo puedo solicitar una demo?""]
<p>Para solicitar una demo, completa nuestro formulario de contacto o haz clic en el botón ""Solicitar una Demo"" en la sección de inicio.</p>
[/accordion-item]
[accordion-item title=""¿Qué industrias atendemos?""]
<p>Atendemos diversas industrias como retail, manufactura y agroindustria, adaptando nuestras soluciones a las necesidades específicas de cada sector.</p>
[/accordion-item]
[accordion-item title=""¿Cómo funciona el soporte técnico?""]
<p>Brindamos soporte técnico remoto y asistencia continua para resolver cualquier inconveniente que pueda surgir.</p>
[/accordion-item]
[accordion-item title=""¿Puedo personalizar mi ERP?""]
<p>Sí, nuestros sistemas ERP son altamente personalizables para satisfacer las necesidades específicas de tu negocio.</p>
[/accordion-item]
[accordion-item title=""¿Qué tipo de capacitación ofrecen?""]
<p>Ofrecemos capacitación y formación para tu equipo, asegurando que puedan aprovechar al máximo nuestras herramientas.</p>
[/accordion-item]
[/accordion]
[/col]
[col span=""6"" span__sm=""12"" padding=""20px""]
[accordion]
[accordion-item title=""¿Cómo puede ayudarme un ERP?""]
<p>Un ERP puede mejorar la eficiencia operativa, reducir costos y proporcionar información valiosa para la toma de decisiones estratégicas.</p>
<p class=""description"">Conoce los beneficios de implementar un sistema ERP en tu empresa.</p>
[/accordion-item]
[accordion-item title=""¿Ofrecen ejemplos de flujos de trabajo automatizados?""]
<p>Sí, aquí tienes algunos ejemplos de flujos de trabajo automatizados que puedes implementar:</p>
<ul>
<li><strong>Generación de Leads:</strong> Captura de información de prospectos de manera automática, facilitando el seguimiento y la conversión.</li>
<li><strong>Gestión de Pedidos:</strong> Procesamiento automático de pedidos que actualiza inventarios y notifica al equipo de logística.</li>
<li><strong>Recordatorios de Pagos:</strong> Envío automático de recordatorios a clientes, mejorando la cobranza y reduciendo impagos.</li>
<li><strong>Seguimiento de Proyectos:</strong> Informes automáticos sobre el estado de proyectos, mejorando la comunicación con los clientes.</li>
<li><strong>Onboarding de Empleados:</strong> Proceso de incorporación automatizado que asegura que los nuevos empleados reciban toda la información necesaria.</li>
<li><strong>Actualización de Inventario:</strong> Sincronización automática de inventarios al recibir nuevos productos, manteniendo la información actualizada.</li>
<li><strong>Informes Periódicos:</strong> Generación automática de informes de rendimiento, facilitando la toma de decisiones informadas.</li>
<li><strong>Feedback de Clientes:</strong> Encuestas automáticas de satisfacción que permiten recopilar y analizar la retroalimentación de los clientes.</li>
</ul>
<p>Estos flujos de trabajo automatizados mejoran la eficiencia, reducen errores y optimizan la experiencia del cliente.</p>
[/accordion-item]
[accordion-item title=""¿Cómo garantizan la seguridad de los datos?""]
<p>Implementamos medidas de seguridad avanzadas, incluyendo cifrado de datos, autenticación de múltiples factores y copias de seguridad regulares, para proteger la información de nuestros clientes y garantizar su confidencialidad.</p>
[/accordion-item]
[accordion-item title=""¿Puedo integrar el ERP con otras herramientas?""]
<p>Sí, nuestros sistemas ERP son compatibles con una variedad de aplicaciones y pueden integrarse fácilmente con herramientas de CRM, plataformas de e-commerce y otras soluciones de software que ya utilizas en tu negocio.</p>
[/accordion-item]
[accordion-item title=""¿Cuál es el costo de sus servicios?""]
<p>El costo de nuestros servicios varía según las soluciones y el alcance del proyecto. Te invitamos a contactarnos para obtener una cotización personalizada que se ajuste a las necesidades de tu empresa.</p>
[/accordion-item]
[accordion-item title=""¿Ofrecen soporte post-implementación?""]
<p>Sí, ofrecemos soporte post-implementación para asegurarnos de que tu equipo esté completamente capacitado y que cualquier inconveniente que surja sea resuelto de manera oportuna.</p>
[/accordion-item]
[/accordion]
[/col]
[/row]
[/section]
[section label=""FAQ"" bg_color=""#f7f5f4"" padding=""60px""]
[gap height=""40px""]
[row style=""collapse""]
[col span=""6"" span__sm=""12""]
<br />
<h4>¿Qué es un ERP?</h4>
<p>Un ERP (Enterprise Resource Planning) es un sistema que integra todas las operaciones de una empresa en una única plataforma, facilitando la gestión y el análisis de datos en tiempo real.</p>
<p class=""description"">Descripción general de un sistema ERP.</p>
[/col]
[col span=""6"" span__sm=""12""]
<br />
<h4>¿Cómo puede ayudarme un ERP?</h4>
<p>Un ERP puede mejorar la eficiencia operativa, reducir costos, y proporcionar información valiosa para la toma de decisiones estratégicas.</p>
<p class=""description"">Beneficios de implementar un sistema ERP.</p>
[/col]
[/row]
[row style=""collapse""]
[col span=""6"" span__sm=""12""]
<br />
<h4>¿Es fácil de implementar?</h4>
<p>Nuestro equipo te guiará a través de cada paso del proceso de implementación para asegurar una transición suave y exitosa.</p>
<p class=""description"">Proceso de implementación de un ERP.</p>
[/col]
[col span=""6"" span__sm=""12""]
<br />
<h4>¿Ofrecen soporte técnico?</h4>
<p>Sí, ofrecemos soporte técnico continuo para resolver cualquier problema que puedas encontrar.</p>
<p class=""description"">Información sobre el soporte técnico disponible.</p>
[/col]
[/row]
[/section]
[scroll_to title=""contacto"" link=""contacto"" bullet=""false""]
[section label=""Preguntas Frecuentes"" bg_color=""#f7f5f4"" padding=""60px""]
[gap height=""40px""]
[row style=""collapse""]
[col span=""6"" span__sm=""12""]
<br />
<h4>¿Cómo puede ayudarme un ERP?</h4>
<p>Un ERP puede mejorar la eficiencia operativa, reducir costos y proporcionar información valiosa para la toma de decisiones estratégicas.</p>
<p class=""description"">Beneficios de implementar un sistema ERP.</p>
[/col]
[col span=""6"" span__sm=""12""]
<br />
<h4>¿Es fácil de implementar?</h4>
<p>Nuestro equipo te guiará a través de cada paso del proceso de implementación para asegurar una transición suave y exitosa.</p>
<p class=""description"">Proceso de implementación de un ERP.</p>
[/col]
[/row]
[row style=""collapse""]
[col span=""6"" span__sm=""12""]
<br />
<h4>¿Ofrecen soporte técnico?</h4>
<p>Sí, ofrecemos soporte técnico continuo para resolver cualquier problema que puedas encontrar.</p>
<p class=""description"">Información sobre el soporte técnico disponible.</p>
[/col]
[col span=""6"" span__sm=""12""]
<br />
<h4>¿Puedo integrar el ERP con otras herramientas?</h4>
<p>Sí, nuestros sistemas ERP son compatibles con una variedad de aplicaciones y pueden integrarse fácilmente con herramientas de CRM, plataformas de e-commerce y otras soluciones de software que ya utilizas en tu negocio.</p>
[/col]
[/row]
[row style=""collapse""]
[col span=""6"" span__sm=""12""]
<br />
<h4>¿Cuál es el costo de sus servicios?</h4>
<p>El costo de nuestros servicios varía según las soluciones y el alcance del proyecto. Te invitamos a contactarnos para obtener una cotización personalizada que se ajuste a las necesidades de tu empresa.</p>
[/col]
[col span=""6"" span__sm=""12""]
<br />
<h4>¿Ofrecen soporte post-implementación?</h4>
<p>Sí, ofrecemos soporte post-implementación para asegurarnos de que tu equipo esté completamente capacitado y que cualquier inconveniente que surja sea resuelto de manera oportuna.</p>
[/col]
[/row]
[row style=""collapse""]
[col span=""6"" span__sm=""12""]
<br />
<h4>¿Qué industrias atendemos?</h4>
<p>Atendemos diversas industrias, incluyendo retail, manufactura, agroindustria y más, adaptando nuestras soluciones a las necesidades específicas de cada sector.</p>
[/col]
[col span=""6"" span__sm=""12""]
<br />
<h4>¿Cómo puedo solicitar una demo?</h4>
<p>Puedes solicitar una demo a través de nuestro formulario de contacto o haciendo clic en el botón ""Solicitar una Demo"" en la sección de inicio.</p>
[/col]
[/row]
[row style=""collapse""]
[col span=""6"" span__sm=""12""]
<br />
<h4>¿Cómo garantizan la seguridad de los datos?</h4>
<p>Implementamos medidas de seguridad avanzadas, incluyendo cifrado de datos, autenticación de múltiples factores y copias de seguridad regulares, para proteger la información de nuestros clientes y garantizar su confidencialidad.</p>
[/col]
[col span=""6"" span__sm=""12""]
<br />
<h4>¿Qué tipo de capacitación ofrecen?</h4>
<p>Ofrecemos talleres, tutoriales en línea y sesiones personalizadas para asegurar que tu equipo esté completamente capacitado en el uso de nuestras herramientas.</p>
[/col]
[/row]
[row style=""collapse""]
[col span=""6"" span__sm=""12""]
<br />
<h4>¿Ofrecen soluciones personalizadas para mi industria?</h4>
<p>Sí, desarrollamos soluciones a medida que se adaptan a las necesidades específicas de cada sector, asegurando que obtengas el máximo valor de nuestras herramientas.</p>
[/col]
[col span=""6"" span__sm=""12""]
<br />
<h4>¿Qué beneficios ofrece el e-commerce?</h4>
<p>Nuestra solución de e-commerce permite a las empresas expandir su alcance, mejorar la experiencia del cliente y aumentar las ventas en línea.</p>
[/col]
[/row]
[/section]
[section label=""Preguntas Frecuentes"" bg_color=""#f7f5f4"" padding=""60px""]
[row]
[col span__sm=""12"" align=""center""]
[/col]
[/row]
[gap height=""40px""]
[row style=""collapse""]
[col span=""6"" span__sm=""12""]
<br />
<h4>¿Qué es un ERP?</h4>
<p>Un ERP (Enterprise Resource Planning) es un sistema que integra todas las operaciones de una empresa en una única plataforma, facilitando la gestión y el análisis de datos en tiempo real.</p>
<p class=""description"">Descripción general de un sistema ERP.</p>
[/col]
[col span=""6"" span__sm=""12""]
<br />
<h4>¿Qué servicios ofrece Viaweb?</h4>
<p>Viaweb se especializa en proporcionar soluciones integrales que optimizan la gestión empresarial. Nuestros servicios incluyen:</p>
<ul>
<li><strong>Inteligencia Artificial (AI):</strong> Implementamos soluciones de AI que permiten a las empresas automatizar procesos y obtener insights valiosos a partir de sus datos.</li>
<li><strong>Business Intelligence (BI):</strong> Ofrecemos herramientas de BI que facilitan el análisis de datos y la generación de informes, ayudando a las empresas a tomar decisiones estratégicas basadas en información precisa.</li>
<li><strong>Capacitación:</strong> Proporcionamos formación especializada para tu equipo, asegurando que puedan utilizar nuestras herramientas de manera efectiva.</li>
<li><strong>Consultoría:</strong> Nuestros expertos brindan asesoría personalizada para identificar las mejores soluciones tecnológicas que se adapten a las necesidades específicas de tu negocio.</li>
<li><strong>CRM:</strong> Implementamos sistemas de gestión de relaciones con clientes que mejoran la comunicación y el seguimiento de interacciones.</li>
<li><strong>E-commerce:</strong> Desarrollamos plataformas de comercio electrónico que permiten a las empresas expandir su alcance y mejorar la experiencia de compra.</li>
<li><strong>ERP:</strong> Nuestros sistemas de planificación de recursos empresariales integran todas las operaciones de tu empresa en una única plataforma.</li>
<li><strong>Hosting y Dominios:</strong> Ofrecemos servicios de alojamiento web y registro de dominios para garantizar tu presencia en línea.</li>
<li><strong>Desarrollo Web:</strong> Creamos sitios web personalizados que reflejan la identidad de tu marca.</li>
</ul>
[/col]
[/row]
[row style=""collapse""]
[col span=""6"" span__sm=""12""]
<br />
<h4>¿Cómo puede ayudarme un ERP?</h4>
<p>Un ERP puede mejorar la eficiencia operativa, reducir costos y proporcionar información valiosa para la toma de decisiones estratégicas.</p>
<p class=""description"">Beneficios de implementar un sistema ERP.</p>
[/col]
[col span=""6"" span__sm=""12""]
<br />
<h4>¿Es fácil de implementar?</h4>
<p>Nuestro equipo te guiará a través de cada paso del proceso de implementación para asegurar una transición suave y exitosa.</p>
<p class=""description"">Proceso de implementación de un ERP.</p>
[/col]
[/row]
[row style=""collapse""]
[col span=""6"" span__sm=""12""]
<br />
<h4>¿Ofrecen soporte técnico?</h4>
<p>Sí, ofrecemos soporte técnico continuo para resolver cualquier problema que puedas encontrar.</p>
<p class=""description"">Información sobre el soporte técnico disponible.</p>
[/col]
[col span=""6"" span__sm=""12""]
<br />
<h4>¿Puedo integrar el ERP con otras herramientas?</h4>
<p>Sí, nuestros sistemas ERP son compatibles con una variedad de aplicaciones y pueden integrarse fácilmente con herramientas de CRM, plataformas de e-commerce y otras soluciones de software que ya utilizas en tu negocio.</p>
[/col]
[/row]
[row style=""collapse""]
[col span=""6"" span__sm=""12""]
<br />
<h4>¿Cuál es el costo de sus servicios?</h4>
<p>El costo de nuestros servicios varía según las soluciones y el alcance del proyecto. Te invitamos a contactarnos para obtener una cotización personalizada que se ajuste a las necesidades de tu empresa.</p>
[/col]
[col span=""6"" span__sm=""12""]
<br />
<h4>¿Ofrecen soporte post-implementación?</h4>
<p>Sí, ofrecemos soporte post-implementación para asegurarnos de que tu equipo esté completamente capacitado y que cualquier inconveniente que surja sea resuelto de manera oportuna.</p>
[/col]
[/row]
[row style=""collapse""]
[col span=""6"" span__sm=""12""]
<br />
<h4>¿Qué industrias atendemos?</h4>
<p>Atendemos diversas industrias, incluyendo retail, manufactura, agroindustria y más, adaptando nuestras soluciones a las necesidades específicas de cada sector.</p>
[/col]
[col span=""6"" span__sm=""12""]
<br />
<h4>¿Cómo puedo solicitar una demo?</h4>
<p>Puedes solicitar una demo a través de nuestro formulario de contacto o haciendo clic en el botón ""Solicitar una Demo"" en la sección de inicio.</p>
[/col]
[/row]
[row style=""collapse""]
[col span=""6"" span__sm=""12""]
<br />
<h4>¿Cómo garantizan la seguridad de los datos?</h4>
<p>Implementamos medidas de seguridad avanzadas, incluyendo cifrado de datos, autenticación de múltiples factores y copias de seguridad regulares, para proteger la información de nuestros clientes y garantizar su confidencialidad.</p>
[/col]
[col span=""6"" span__sm=""12""]
<br />
<h4>¿Qué tipo de capacitación ofrecen?</h4>
<p>Ofrecemos talleres, tutoriales en línea y sesiones personalizadas para asegurar que tu equipo esté completamente capacitado en el uso de nuestras herramientas.</p>
[/col]
[/row]
[row style=""collapse""]
[col span=""6"" span__sm=""12""]
<br />
<h4>¿Ofrecen soluciones personalizadas para mi industria?</h4>
<p>Sí, desarrollamos soluciones a medida que se adaptan a las necesidades específicas de cada sector, asegurando que obtengas el máximo valor de nuestras herramientas.</p>
[/col]
[col span=""6"" span__sm=""12""]
<br />
<h4>¿Qué beneficios ofrece el e-commerce?</h4>
<p>Nuestra solución de e-commerce permite a las empresas expandir su alcance, mejorar la experiencia del cliente y aumentar las ventas en línea.</p>
[/col]
[/row]
[row style=""collapse""]
[col span=""6"" span__sm=""12""]
<br />
<h4>¿Qué tipo de herramientas de Business Intelligence ofrecen?</h4>
<p>Proporcionamos herramientas que permiten el análisis de datos y la generación de informes para una mejor toma de decisiones.</p>
[/col]
[col span=""6"" span__sm=""12""]
<br />
<h4>¿Puedo personalizar mi ERP?</h4>
<p>Sí, nuestros sistemas ERP son altamente personalizables para adaptarse a las necesidades específicas de tu negocio.</p>
[/col]
[/row]
[row style=""collapse""]
[col span=""6"" span__sm=""12""]
<br />
<h4>¿Ofrecen ejemplos de flujos de trabajo automatizados?</h4>
<p>Sí, ofrecemos ejemplos de flujos de trabajo automatizados que pueden incluir la gestión de pedidos, generación de leads y seguimiento de proyectos, entre otros.</p>
[/col]
[col span=""6"" span__sm=""12""]
<br />
<h4>¿Cómo garantizan la calidad de sus servicios?</h4>
<p>Implementamos estándares de calidad rigurosos y realizamos pruebas exhaustivas para asegurar que nuestras soluciones cumplan con las expectativas de nuestros clientes.</p>
[/col]
[/row]
[/section]
[section label=""Preguntas Frecuentes"" bg_color=""#f7f5f4"" padding=""60px""]
[row]
[col span__sm=""12"" align=""center""]
<br />
<h2>Preguntas Frecuentes</h2>
<p>Conoce más sobre nuestras soluciones y cómo pueden beneficiar a tu negocio.</p>
<h2 style=""font-size: 220%;"">Preguntas Frecuentes</h2>
<p>Resolvemos tus dudas sobre nuestras soluciones ERP.</p>
[/col]
[/row]
[row]
[col span=""6"" span__sm=""12"" padding=""20px""]
[accordion]
[accordion-item title=""¿Qué servicios ofrece Viaweb?""]
<p>Viaweb se especializa en proporcionar soluciones integrales que optimizan la gestión empresarial. Nuestros servicios incluyen:</p>
<ul>
<li><strong>Inteligencia Artificial (AI):</strong> Implementamos soluciones de AI que permiten a las empresas automatizar procesos y obtener insights valiosos a partir de sus datos.</li>
<li><strong>Business Intelligence (BI):</strong> Ofrecemos herramientas de BI que facilitan el análisis de datos y la generación de informes, ayudando a las empresas a tomar decisiones estratégicas basadas en información precisa.</li>
<li><strong>Capacitación:</strong> Proporcionamos formación... de nuestros clientes y garantizar su confidencialidad.</p>
[/accordion-item]
[accordion-item title=""¿Puedo integrar el ERP con otras herramientas?""]
<p>Sí, nuestros sistemas ERP son compatibles con una variedad de aplicaciones y pueden integrarse fácilmente con herramientas de CRM, plataformas de e-commerce y otras soluciones de software que ya utilizas en tu negocio.</p>
[/accordion-item]
[accordion-item title=""¿Cuál es el costo de sus servicios?""]
<p>El costo de nuestros servicios varía según las soluciones y el alcance del proyecto. Te invitamos a contactarnos para obtener una cotización personalizada que se ajuste a las necesidades de tu empresa.</p>
[/accordion-item]
[accordion-item title=""¿Ofrecen soporte post-implementación?""]
<p>Sí, ofrecemos soporte post-implementación para asegurarnos de que tu equipo esté completamente capacitado y que cualquier inconveniente que surja sea resuelto de manera oportuna.</p>
[/accordion-item]
[/accordion]
<h4>¿Qué es un ERP?</h4>
<p>Un ERP (Enterprise Resource Planning) es un sistema que integra todas las operaciones de una empresa en una única plataforma, facilitando la gestión y el análisis de datos en tiempo real.</p>
<p class=""description"">Descripción general de un sistema ERP.</p>
<h4>¿Es fácil de implementar?</h4>
<p>Nuestro equipo te guiará a través de cada paso del proceso de implementación para asegurar una transición suave y exitosa.</p>
<p class=""description"">Proceso de implementación de un ERP.</p>
[/col]
[col span=""6"" span__sm=""12"" padding=""20px""]
[accordion]
[accordion-item title=""¿Cómo funciona el soporte técnico?""]
<p>Ofrecemos soporte técnico remoto y asistencia continua para resolver cualquier inconveniente que pueda surgir.</p>
[/accordion-item]
[accordion-item title=""¿Puedo personalizar mi ERP?""]
<p>Sí, nuestros sistemas ERP son altamente personalizables para adaptarse a las necesidades específicas de tu negocio.</p>
[/accordion-item]
[accordion-item title=""¿Qué tipo de capacitación ofrecen?""]
<p>Ofrecemos capacitación y formación para tu equipo, asegurando que puedan maximizar el uso de nuestras herramientas.</p>
[/accordion-item]
[accordion-item title=""¿Qué industrias atendemos?""]
<p>Atendemos diversas industrias, incluyendo retail, manufactura, agroindustria, y más, adaptando nuestras soluciones a las necesidades específicas de cada sector.</p>
[/accordion-item]
[accordion-item title=""¿Cómo puedo solicitar una demo?""]
<p>Puedes solicitar una demo a través de nuestro formulario de contacto o haciendo clic en el botón ""Solicitar una Demo"" en la sección de inicio.</p>
[/accordion-item]
[/accordion]
<h4>¿Cómo puede ayudarme un ERP?</h4>
<p>Un ERP puede mejorar la eficiencia operativa, reducir costos, y proporcionar información valiosa para la toma de decisiones estratégicas.</p>
<p class=""description"">Beneficios de implementar un sistema ERP.</p>
<h4>¿Ofrecen soporte técnico?</h4>
<p>Sí, ofrecemos soporte técnico continuo para resolver cualquier problema que puedas encontrar.</p>
<p class=""description"">Información sobre el soporte técnico disponible.</p>
[/col]
[/row]
[/section]
[section label=""Preguntas Frecuentes"" bg_color=""#f7f5f4"" padding=""60px""]
[row]
[col span__sm=""12"" align=""center""]
<br />
<h2>Preguntas Frecuentes</h2>
<p>Conoce más sobre nuestras soluciones y cómo pueden beneficiar a tu negocio.</p>
[/col]
[/row]
[row]
[col span=""6"" span__sm=""12"" padding=""20px""]
[accordion]
[accordion-item title=""¿Qué servicios ofrece Viaweb?""]
<p>Viaweb se especializa en proporcionar soluciones integrales que optimizan la gestión empresarial. Nuestros servicios incluyen:</p>
<ul>
<li><strong>Inteligencia Artificial (AI):</strong> Implementamos soluciones de AI que permiten a las empresas automatizar procesos y obtener insights valiosos a partir de sus datos.</li>
<li><strong>Business Intelligence (BI):</strong> Ofrecemos herramientas de BI que facilitan el análisis de datos y la generación de informes, ayudando a las empresas a tomar decisiones estratégicas basadas en información precisa.</li>
<li><strong>Capacitación:</strong> Proporcionamos formación especializada para tu equipo, asegurando que puedan utilizar nuestras herramientas de manera efectiva y maximizar su potencial.</li>
<li><strong>Consultoría:</strong> Nuestros expertos brindan asesoría personalizada para identificar las mejores soluciones tecnológicas que se adapten a las necesidades específicas de tu negocio.</li>
<li><strong>CRM:</strong> Implementamos sistemas de gestión de relaciones con clientes que mejoran la comunicación y el seguimiento de interacciones, optimizando la experiencia del cliente.</li>
<li><strong>E-commerce:</strong> Desarrollamos plataformas de comercio electrónico que permiten a las empresas expandir su alcance y mejorar la experiencia de compra en línea.</li>
<li><strong>ERP:</strong> Nuestros sistemas de planificación de recursos empresariales integran todas las operaciones de tu empresa en una única plataforma, facilitando la gestión y el análisis de datos en tiempo real.</li>
<li><strong>Hosting y Dominios:</strong> Ofrecemos servicios de alojamiento web y registro de dominios, garantizando que tu presencia en línea sea segura y confiable.</li>
<li><strong>Desarrollo Web:</strong> Creamos sitios web personalizados que reflejan la identidad de tu marca y mejoran la interacción con tus clientes.</li>
</ul>
[/accordion-item]
[accordion-item title=""¿Cómo puedo solicitar una demo?""]
<p>Para solicitar una demo, completa nuestro formulario de contacto o haz clic en el botón ""Solicitar una Demo"" en la sección de inicio.</p>
[/accordion-item]
[accordion-item title=""¿Qué industrias atendemos?""]
<p>Atendemos diversas industrias como retail, manufactura y agroindustria, adaptando nuestras soluciones a las necesidades específicas de cada sector.</p>
[/accordion-item]
[accordion-item title=""¿Cómo funciona el soporte técnico?""]
<p>Brindamos soporte técnico remoto y asistencia continua para resolver cualquier inconveniente que pueda surgir.</p>
[/accordion-item]
[accordion-item title=""¿Puedo personalizar mi ERP?""]
<p>Sí, nuestros sistemas ERP son altamente personalizables para satisfacer las necesidades específicas de tu negocio.</p>
[/accordion-item]
[accordion-item title=""¿Qué tipo de capacitación ofrecen?""]
<p>Ofrecemos capacitación y formación para tu equipo, asegurando que puedan aprovechar al máximo nuestras herramientas.</p>
[/accordion-item]
[/accordion]
[/col]
[col span=""6"" span__sm=""12"" padding=""20px""]
[accordion]
[accordion-item title=""¿Cómo puede ayudarme un ERP?""]
<p>Un ERP puede mejorar la eficiencia operativa, reducir costos y proporcionar información valiosa para la toma de decisiones estratégicas.</p>
<p class=""description"">Conoce los beneficios de implementar un sistema ERP en tu empresa.</p>
[/accordion-item]
[accordion-item title=""¿Ofrecen ejemplos de flujos de trabajo automatizados?""]
<p>Sí, aquí tienes algunos ejemplos de flujos de trabajo automatizados que puedes implementar:</p>
<ul>
<li><strong>Generación de Leads:</strong> Captura de información de prospectos de manera automática, facilitando el seguimiento y la conversión.</li>
<li><strong>Gestión de Pedidos:</strong> Procesamiento automático de pedidos que actualiza inventarios y notifica al equipo de logística.</li>
<li><strong>Recordatorios de Pagos:</strong> Envío automático de recordatorios a clientes, mejorando la cobranza y reduciendo impagos.</li>
<li><strong>Seguimiento de Proyectos:</strong> Informes automáticos sobre el estado de proyectos, mejorando la comunicación con los clientes.</li>
<li><strong>Onboarding de Empleados:</strong> Proceso de incorporación automatizado que asegura que los nuevos empleados reciban toda la información necesaria.</li>
<li><strong>Actualización de Inventario:</strong> Sincronización automática de inventarios al recibir nuevos productos, manteniendo la información actualizada.</li>
<li><strong>Informes Periódicos:</strong> Generación automática de informes de rendimiento, facilitando la toma de decisiones informadas.</li>
<li><strong>Feedback de Clientes:</strong> Encuestas automáticas de satisfacción que permiten recopilar y analizar la retroalimentación de los clientes.</li>
</ul>
<p>Estos flujos de trabajo automatizados mejoran la eficiencia, reducen errores y optimizan la experiencia del cliente.</p>
[/accordion-item]
[accordion-item title=""¿Cómo garantizan la seguridad de los datos?""]
<p>Implementamos medidas de seguridad avanzadas, incluyendo cifrado de datos, autenticación de múltiples factores y copias de seguridad regulares, para proteger la información de nuestros clientes y garantizar su confidencialidad.</p>
[/accordion-item]
[accordion-item title=""¿Puedo integrar el ERP con otras herramientas?""]
<p>Sí, nuestros sistemas ERP son compatibles con una variedad de aplicaciones y pueden integrarse fácilmente con herramientas de CRM, plataformas de e-commerce y otras soluciones de software que ya utilizas en tu negocio.</p>
[/accordion-item]
[accordion-item title=""¿Cuál es el costo de sus servicios?""]
<p>El costo de nuestros servicios varía según las soluciones y el alcance del proyecto. Te invitamos a contactarnos para obtener una cotización personalizada que se ajuste a las necesidades de tu empresa.</p>
[/accordion-item]
[accordion-item title=""¿Ofrecen soporte post-implementación?""]
<p>Sí, ofrecemos soporte post-implementación para asegurarnos de que tu equipo esté completamente capacitado y que cualquier inconveniente que surja sea resuelto de manera oportuna.</p>
[/accordion-item]
[/accordion]
[/col]
[/row]
[/section]
[section label=""FAQ"" bg_color=""#f7f5f4"" padding=""60px""]
[gap height=""40px""]
[row style=""collapse""]
[col span=""6"" span__sm=""12""]
<br />
<h4>¿Qué es un ERP?</h4>
<p>Un ERP (Enterprise Resource Planning) es un sistema que integra todas las operaciones de una empresa en una única plataforma, facilitando la gestión y el análisis de datos en tiempo real.</p>
<p class=""description"">Descripción general de un sistema ERP.</p>
[/col]
[col span=""6"" span__sm=""12""]
<br />
<h4>¿Cómo puede ayudarme un ERP?</h4>
<p>Un ERP puede mejorar la eficiencia operativa, reducir costos, y proporcionar información valiosa para la toma de decisiones estratégicas.</p>
<p class=""description"">Beneficios de implementar un sistema ERP.</p>
[/col]
[/row]
[row style=""collapse""]
[col span=""6"" span__sm=""12""]
<br />
<h4>¿Es fácil de implementar?</h4>
<p>Nuestro equipo te guiará a través de cada paso del proceso de implementación para asegurar una transición suave y exitosa.</p>
<p class=""description"">Proceso de implementación de un ERP.</p>
[/col]
[col span=""6"" span__sm=""12""]
<br />
<h4>¿Ofrecen soporte técnico?</h4>
<p>Sí, ofrecemos soporte técnico continuo para resolver cualquier problema que puedas encontrar.</p>
<p class=""description"">Información sobre el soporte técnico disponible.</p>
[/col]
[/row]
[/section]",Características y Especificaciones del ERP,Tecnología,Sistemas ERP,Funcionalidades,"Descubre cómo nuestras soluciones ERP pueden optimizar tu negocio. Respondemos a tus preguntas sobre implementación, costos, soporte técnico y más. Obtén información valiosa sobre cómo un sistema ERP puede mejorar la eficiencia operativa y ayudarte a tomar decisiones estratégicas.","Una imagen que muestre un panel de control de ERP con gráficos, estadísticas y diferentes módulos integrados, representando la centralización de operaciones empresariales en una única plataforma."
"<!-- wp:html -->[ux_slider]

[section label=""Características Principales"" bg_color=""#f7f5f4"" padding=""60px""]

[ux_text text_align=""center""]

<h6>Servicios de Desarrollo Web</h6> <h3><span style=""font-size: 150%;"">Simplificando la experiencia digital y redefiniendo el comercio electrónico.</span></h3>
[/ux_text]
[gap height=""52px""]

[row style=""large""]

[col span=""4"" span__sm=""12""]

[featured_box img=""https://example.com/nuevo-icono-1.png"" img_width=""40""]

<p></p>
<h4>Automatización de Procesos</h4>
<p>Aumenta la productividad automatizando tareas y flujos de trabajo repetitivos.</p>

[/featured_box]

[/col]
[col span=""4"" span__sm=""12""]

[featured_box img=""https://example.com/nuevo-icono-2.png"" img_width=""40""]

<p></p>
<h4>Analíticas en Tiempo Real</h4>
<p>Toma decisiones informadas con datos actualizados y análisis accionables.</p>

[/featured_box]

[/col]
[col span=""4"" span__sm=""12""]

[featured_box img=""https://example.com/nuevo-icono-3.png"" img_width=""40""]

<p></p>
<h4>Soluciones Escalables</h4>
<p>Haz crecer tu negocio con sistemas ERP que se adaptan a tus necesidades.</p>

[/featured_box]

[/col]

[/row]

[/section]
[section label=""Características Principales"" bg_color=""rgb(247, 245, 244)"" padding=""60px""]

[ux_text text_align=""center""]

<h6>Servicios de Desarrollo Web</h6> <h3><span style=""font-size: 150%;"">Simplificando la experiencia digital y redefiniendo el comercio electrónico.</span></h3>
[/ux_text]
[gap height=""52px""]

[row style=""large""]

[col span=""4"" span__sm=""12""]

[featured_box img=""https://example.com/nuevo-icono-1.png"" img_width=""40""]

<p></p>
<h4>Automatización de Procesos</h4>
<p>Aumenta la productividad automatizando tareas y flujos de trabajo repetitivos.</p>

[/featured_box]

[/col]
[col span=""4"" span__sm=""12""]

[featured_box img=""https://example.com/nuevo-icono-2.png"" img_width=""40""]

<p></p>
<h4>Analíticas en Tiempo Real</h4>
<p>Toma decisiones informadas con datos actualizados y análisis accionables.</p>

[/featured_box]

[/col]
[col span=""4"" span__sm=""12""]

[featured_box img=""https://example.com/nuevo-icono-3.png"" img_width=""40""]

<p></p>
<h4>Soluciones Escalables</h4>
<p>Haz crecer tu negocio con sistemas ERP que se adaptan a tus necesidades.</p>

[/featured_box]

[/col]

[/row]

[/section]
[section label=""Características Principales"" bg_color=""#f7f5f4"" padding=""60px""]

[ux_text text_align=""center""]

<h6>Servicios de Desarrollo Web</h6> <h3><span style=""font-size: 150%;"">Simplificando la experiencia digital y redefiniendo el comercio electrónico.</span></h3>
[/ux_text]
[gap height=""52px""]

[row style=""large""]

[col span=""4"" span__sm=""12""]

[featured_box img=""https://example.com/nuevo-icono-1.png"" img_width=""40""]

<p></p>
<h4>Automatización de Procesos</h4>
<p>Aumenta la productividad automatizando tareas y flujos de trabajo repetitivos.</p>

[/featured_box]

[/col]
[col span=""4"" span__sm=""12""]

[featured_box img=""https://example.com/nuevo-icono-2.png"" img_width=""40""]

<p></p>
<h4>Analíticas en Tiempo Real</h4>
<p>Toma decisiones informadas con datos actualizados y análisis accionables.</p>

[/featured_box]

[/col]
[col span=""4"" span__sm=""12""]

[featured_box img=""https://example.com/nuevo-icono-3.png"" img_width=""40""]

<p></p>
<h4>Soluciones Escalables</h4>
<p>Haz crecer tu negocio con sistemas ERP que se adaptan a tus necesidades.</p>

[/featured_box]

[/col]

[/row]

[/section]

[/ux_slider]
[section label=""Especificaciones"" padding=""80px""]

[row]

[col span__sm=""12"" align=""center""]

<h6 class=""uppercase secondary-color"">Especificaciones Técnicas</h6>
<h2 style=""font-size: 220%;"">Especificaciones del ERP</h2>
<p>Explora las potentes características y capacidades de nuestros sistemas ERP:</p>
[row_inner style=""large""]

[col_inner span=""4"" span__sm=""12""]

[featured_box img=""https://example.com/nuevo-icono-4.png"" img_width=""40""]

<p></p>
<h4>Basado en la Nube</h4>
<p>Accede a tu sistema ERP desde cualquier lugar con hosting seguro en la nube.</p>

[/featured_box]

[/col_inner]
[col_inner span=""4"" span__sm=""12""]

[featured_box img=""https://example.com/nuevo-icono-5.png"" img_width=""40""]

<p></p>
<h4>Soporte Multilenguaje</h4>
<p>Opera a nivel global con soporte para múltiples idiomas.</p>

[/featured_box]

[/col_inner]
[col_inner span=""4"" span__sm=""12""]

[featured_box img=""https://example.com/nuevo-icono-6.png"" img_width=""40""]

<p></p>
<h4>Paneles Personalizados</h4>
<p>Monitorea tus KPIs y métricas con paneles de control fáciles de usar.</p>

[/featured_box]

[/col_inner]

[/row_inner]

[/col]

[/row]

[/section]

[section label=""Características Principales"" bg_color=""#f7f5f4"" padding=""60px""]

[ux_text text_align=""center""]

<h6>Servicios de Desarrollo Web</h6> <h3><span style=""font-size: 150%;"">Simplificando la experiencia digital y redefiniendo el comercio electrónico.</span></h3>
[/ux_text]
[gap height=""52px""]

[row style=""large""]

[col span=""4"" span__sm=""12""]

[featured_box img=""https://example.com/nuevo-icono-1.png"" img_width=""40""]

<br />
<h4>Automatización de Procesos</h4>
<p>Aumenta la productividad automatizando tareas y flujos de trabajo repetitivos.</p>

[/featured_box]

[/col]
[col span=""4"" span__sm=""12""]

[featured_box img=""https://example.com/nuevo-icono-2.png"" img_width=""40""]

<br />
<h4>Analíticas en Tiempo Real</h4>
<p>Toma decisiones informadas con datos actualizados y análisis accionables.</p>

[/featured_box]

[/col]
[col span=""4"" span__sm=""12""]

[featured_box img=""https://example.com/nuevo-icono-3.png"" img_width=""40""]

<br />
<h4>Soluciones Escalables</h4>
<p>Haz crecer tu negocio con sistemas ERP que se adaptan a tus necesidades.</p>

[/featured_box]

[/col]

[/row]

[/section]
[section label=""Especificaciones"" padding=""80px""]

[row]

[col span__sm=""12"" align=""center""]

<h6 class=""uppercase secondary-color"">Especificaciones Técnicas</h6>
<h2 style=""font-size: 220%;"">Especificaciones del ERP</h2>
<p>Explora las potentes características y capacidades de nuestros sistemas ERP:</p>
[row_inner style=""large""]

[col_inner span=""4"" span__sm=""12""]

[featured_box img=""https://example.com/nuevo-icono-4.png"" img_width=""40""]

<br />
<h4>Basado en la Nube</h4>
<p>Accede a tu sistema ERP desde cualquier lugar con hosting seguro en la nube.</p>

[/featured_box]

[/col_inner]
[col_inner span=""4"" span__sm=""12""]

[featured_box img=""https://example.com/nuevo-icono-5.png"" img_width=""40""]

<br />
<h4>Soporte Multilenguaje</h4>
<p>Opera a nivel global con soporte para múltiples idiomas.</p>

[/featured_box]

[/col_inner]
[col_inner span=""4"" span__sm=""12""]

[featured_box img=""https://example.com/nuevo-icono-6.png"" img_width=""40""]

<br />
<h4>Paneles Personalizados</h4>
<p>Monitorea tus KPIs y métricas con paneles de control fáciles de usar.</p>

[/featured_box]

[/col_inner]

[/row_inner]

[/col]

[/row]

[/section]

[section label=""Características Principales"" bg_color=""#f7f5f4"" padding=""60px""]

[ux_text text_align=""center""]

<h6>Servicios de Desarrollo Web</h6> <h3><span style=""font-size: 150%;"">Simplificando la experiencia digital y redefiniendo el comercio electrónico.</span></h3>
[/ux_text]
[gap height=""52px""]

[row style=""large""]

[col span=""4"" span__sm=""12""]

[featured_box img=""https://example.com/nuevo-icono-1.png"" img_width=""40""]

<br />
<h4>Automatización de Procesos</h4>
<p>Aumenta la productividad automatizando tareas y flujos de trabajo repetitivos.</p>

[/featured_box]

[/col]
[col span=""4"" span__sm=""12""]

[featured_box img=""https://example.com/nuevo-icono-2.png"" img_width=""40""]

<br />
<h4>Analíticas en Tiempo Real</h4>
<p>Toma decisiones informadas con datos actualizados y análisis accionables.</p>

[/featured_box]

[/col]
[col span=""4"" span__sm=""12""]

[featured_box img=""https://example.com/nuevo-icono-3.png"" img_width=""40""]

<br />
<h4>Soluciones Escalables</h4>
<p>Haz crecer tu negocio con sistemas ERP que se adaptan a tus necesidades.</p>

[/featured_box]

[/col]

[/row]

[/section]
[section label=""Características Principales"" bg_color=""rgb(247, 245, 244)"" padding=""60px""]

[ux_text text_align=""center""]

<h6>Servicios de Desarrollo Web</h6> <h3><span style=""font-size: 150%;"">Simplificando la experiencia digital y redefiniendo el comercio electrónico.</span></h3>
[/ux_text]
[gap height=""52px""]

[row style=""large""]

[col span=""4"" span__sm=""12""]

[featured_box img=""https://example.com/nuevo-icono-1.png"" img_width=""40""]

<br />
<h4>Automatización de Procesos</h4>
<p>Aumenta la productividad automatizando tareas y flujos de trabajo repetitivos.</p>

[/featured_box]

[/col]
[col span=""4"" span__sm=""12""]

[featured_box img=""https://example.com/nuevo-icono-2.png"" img_width=""40""]

<br />
<h4>Analíticas en Tiempo Real</h4>
<p>Toma decisiones informadas con datos actualizados y análisis accionables.</p>

[/featured_box]

[/col]
[col span=""4"" span__sm=""12""]

[featured_box img=""https://example.com/nuevo-icono-3.png"" img_width=""40""]

<br />
<h4>Soluciones Escalables</h4>
<p>Haz crecer tu negocio con sistemas ERP que se adaptan a tus necesidades.</p>

[/featured_box]

[/col]

[/row]

[/section]
[section label=""Características Principales"" bg_color=""#f7f5f4"" padding=""60px""]

[ux_text text_align=""center""]

<h6>Servicios de Desarrollo Web</h6> <h3><span style=""font-size: 150%;"">Simplificando la experiencia digital y redefiniendo el comercio electrónico.</span></h3>
[/ux_text]
[gap height=""52px""]

[row style=""large""]

[col span=""4"" span__sm=""12""]

[featured_box img=""https://example.com/nuevo-icono-1.png"" img_width=""40""]

<br />
<h4>Automatización de Procesos</h4>
<p>Aumenta la productividad automatizando tareas y flujos de trabajo repetitivos.</p>

[/featured_box]

[/col]
[col span=""4"" span__sm=""12""]

[featured_box img=""https://example.com/nuevo-icono-2.png"" img_width=""40""]

<br />
<h4>Analíticas en Tiempo Real</h4>
<p>Toma decisiones informadas con datos actualizados y análisis accionables.</p>

[/featured_box]

[/col]
[col span=""4"" span__sm=""12""]

[featured_box img=""https://example.com/nuevo-icono-3.png"" img_width=""40""]

<br />
<h4>Soluciones Escalables</h4>
<p>Haz crecer tu negocio con sistemas ERP que se adaptan a tus necesidades.</p>

[/featured_box]

[/col]

[/row]

[/section]
[section label=""Especificaciones"" padding=""80px""]

[row]

[col span__sm=""12"" align=""center""]

<h6 class=""uppercase secondary-color"">Especificaciones Técnicas</h6>
<h2 style=""font-size: 220%;"">Especificaciones del ERP</h2>
<p>Explora las potentes características y capacidades de nuestros sistemas ERP:</p>
[row_inner style=""large""]

[col_inner span=""4"" span__sm=""12""]

[featured_box img=""https://example.com/nuevo-icono-4.png"" img_width=""40""]

<br />
<h4>Basado en la Nube</h4>
<p>Accede a tu sistema ERP desde cualquier lugar con hosting seguro en la nube.</p>

[/featured_box]

[/col_inner]
[col_inner span=""4"" span__sm=""12""]

[featured_box img=""https://example.com/nuevo-icono-5.png"" img_width=""40""]

<br />
<h4>Soporte Multilenguaje</h4>
<p>Opera a nivel global con soporte para múltiples idiomas.</p>

[/featured_box]

[/col_inner]
[col_inner span=""4"" span__sm=""12""]

[featured_box img=""https://example.com/nuevo-icono-6.png"" img_width=""40""]

<br />
<h4>Paneles Personalizados</h4>
<p>Monitorea tus KPIs y métricas con paneles de control fáciles de usar.</p>

[/featured_box]

[/col_inner]

[/row_inner]

[/col]

[/row]

[/section]
<!-- /wp:html -->",Blog y Recursos ERP,Tecnología,ERP,Contenido y Recursos,"Descubre nuestros servicios de desarrollo web que simplifican la experiencia digital y redefinen el comercio electrónico. Ofrecemos automatización de procesos, analíticas en tiempo real y soluciones escalables para impulsar tu negocio.","Una imagen que muestre una interfaz de usuario moderna y elegante de un sistema ERP, con gráficos, paneles de control y elementos visuales que representen la automatización de procesos, análisis en tiempo real y soluciones escalables."
"[section label=""Hero"" bg=""24033"" bg_pos=""50% 37%"" parallax=""7"" dark=""true"" height=""650px"" height__sm=""500px"" height__md=""550px""]

[row]

[col span=""6"" span__sm=""12"" span__md=""6""]

<h1 style=""font-size:220%; font-weight:700; line-height:1.2;"">Asóciate con Viaweb<br />y lleva tu negocio al siguiente nivel.</h1>
<p style=""font-size:140%; max-width:500px;"">En Viaweb, creemos en la colaboración para generar valor y crecer juntos.</p>
[gap height=""15px""]

[button text=""Nuestros Socios"" letter_case=""capitalize"" color=""#2F2E70"" radius=""8px"" expand=""true""]

[button text=""Contáctanos"" letter_case=""capitalize"" color=""white"" style=""outline"" radius=""8px"" expand=""true"" icon=""icon-angle-right""]


[/col]

[/row]

[/section]
[section label=""Partnerships"" bg_color=""#F6F6F7"" padding=""80px""]

[row]

[col align=""center""]

<br />
<h2 style=""font-size:180%; font-weight:700; color:#2F2E70;"">Beneficios de Asociarte con Nosotros</h2>

[/col]

[/row]
[row style=""small"" h_align=""center""]

[col span=""4"" span__sm=""12""]

[featured_box img=""27124""]

<h5>Socios Estratégicos</h5>
<p>Colaboramos con empresas que comparten nuestra visión y valores.</p>

[/featured_box]

[/col]
[col span=""4"" span__sm=""12""]

[featured_box img=""27124""]

<h5>Ventajas Competitivas</h5>
<p>Las alianzas ofrecen acceso a nuevos mercados y crecimiento sostenible.</p>

[/featured_box]

[/col]
[col span=""4"" span__sm=""12""]

[featured_box img=""27124""]

<h5>¡Forma Parte!</h5>
<p>Conoce el proceso para unirte a nuestra red de socios.</p>


[/featured_box]

[/col]

[/row]

[/section]
[section label=""CTA"" bg_color=""#2F2E70"" dark=""true"" padding=""60px""]

[row h_align=""center""]

[col span=""6"" span__sm=""12""]

<h2 style=""font-size:170%;"">Hablemos de Asociación</h2>
<p>Exploramos oportunidades que beneficien a ambas partes. ¡Contáctanos!</p>
[button text=""Contáctanos"" letter_case=""capitalize"" color=""white"" style=""solid"" radius=""8px"" icon=""icon-angle-right"" link=""#""]


[/col]

[/row]

[/section]",Planes y Precios,Ventas,Ventas,Precios,"Asóciate con Viaweb y lleva tu negocio al siguiente nivel. Ofrecemos beneficios estratégicos, ventajas competitivas y oportunidades de crecimiento para nuestros socios. Explora cómo una colaboración con nosotros puede impulsar tu empresa.","Una imagen de dos personas estrechando las manos en un entorno de oficina moderno, simbolizando una asociación exitosa entre Viaweb y sus socios comerciales."
"[section label=""Hero"" bg=""24091"" bg_color=""#FFFFFF"" bg_pos=""57% 100%"" padding=""120px""]

[row label=""Title"" h_align=""center""]

[col span=""8"" span__sm=""12"" align=""center""]

<h6 data-text-color=""#2F2E70"">Planes y Precios</h6>
<h2 style=""font-size: 250%;"">Planes para todos</h2>
<p>En Viaweb, ofrecemos soluciones adaptadas a las necesidades de cada cliente. Nuestros planes están diseñados para brindar servicios de alta calidad, asegurando que cada empresa encuentre el soporte adecuado para su crecimiento.</p>
[button text=""Ver planes"" letter_case=""lowercase"" icon=""icon-angle-down"" link=""#planes""]

[/col]

[/row]
[gap height=""100px""]

[scroll_to title=""planes"" bullet=""false""]

[/section]
[section label=""Características"" padding=""70px""]

[row h_align=""center""]

[col span=""9"" span__sm=""10"" span__md=""10"" padding=""40px 0px 0px 0px"" align=""center""]

<h6 data-text-color=""#2F2E70"">Características</h6>
<h2 style=""font-size: 220%;"">Todos los planes incluyen</h2>
[gap height=""60px""]

[row_inner label=""Características"" style=""large""]

[col_inner span=""6"" span__sm=""12"" span__md=""12""]

[featured_box img=""24094"" img_width=""40"" pos=""left""]

<h3>Aplicación de escritorio y móvil</h3>
<p>Acceso a nuestras soluciones en cualquier lugar y en cualquier dispositivo.</p>

[/featured_box]

[/col_inner]
[col_inner span=""6"" span__sm=""12"" span__md=""12""]

[featured_box img=""24098"" img_width=""40"" pos=""left""]

<h3>Estimaciones de tiempo</h3>
<p>Análisis de eficiencia para una mejor gestión del tiempo y recursos.</p>

[/featured_box]

[/col_inner]
[col_inner span=""6"" span__sm=""12"" span__md=""12""]

[featured_box img=""24092"" img_width=""40"" pos=""left""]

<h3>Facturación</h3>
<p>Gestión sencilla de facturas y pagos a través de nuestra plataforma.</p>

[/featured_box]

[/col_inner]
[col_inner span=""6"" span__sm=""12"" span__md=""12""]

[featured_box img=""24095"" img_width=""40"" pos=""left""]

<h3>Pagos en línea</h3>
<p>Opciones de pago seguras y rápidas para una experiencia sin complicaciones.</p>

[/featured_box]

[/col_inner]
[col_inner span=""6"" span__sm=""12"" span__md=""12""]

[featured_box img=""24093"" img_width=""40"" pos=""left""]

<h3>Informes avanzados</h3>
<p>Acceso a reportes detallados para la toma de decisiones informadas.</p>

[/featured_box]

[/col_inner]
[col_inner span=""6"" span__sm=""12"" span__md=""12""]

[featured_box img=""24096"" img_width=""40"" pos=""left""]

<h3>Tareas recurrentes</h3>
<p>Automatización de tareas para optimizar el flujo de trabajo.</p>

[/featured_box]

[/col_inner]

[/row_inner]

[/col]

[/row]

[/section]
[section label=""FAQ"" bg_color=""#F7F5F4"" padding=""70px""]

[row label=""Title"" h_align=""center""]

[col span=""9"" span__sm=""10"" span__md=""10"" padding=""40px 0px 0px 0px"" align=""center""]

<h6 data-text-color=""#2F2E70"">Preguntas</h6>
<h2 style=""font-size: 220%;"">Preguntas Frecuentes sobre Precios</h2>

[/col]

[/row]
[row label=""Questions Accordion"" h_align=""center"" padding=""40px 40px 40px 40px""]

[col span=""9"" span__sm=""11"" span__md=""10"" align=""left"" bg_color=""#FFFFFF""]

[accordion]
[accordion-item title=""¿Cuál es el propósito del período de prueba?""]
<p>El período de prueba permite a los usuarios evaluar nuestros servicios antes de comprometerse a un plan de pago.</p>
[/accordion-item]
[accordion-item title=""¿Pago mensual o anual?""]
<p>Ofrecemos opciones de pago mensuales y anuales para adaptarnos a tus necesidades.</p>
[/accordion-item]
[accordion-item title=""¿Puedo cancelar en cualquier momento?""]
<p>Sí, puedes cancelar tu suscripción en cualquier momento sin penalizaciones.</p>
[/accordion-item]
[accordion-item title=""¿Qué métodos de pago aceptan?""]
<p>Aceptamos diversas formas de pago, incluidas tarjetas de crédito y transferencias bancarias.</p>
[/accordion-item]
[accordion-item title=""¿Se calcula el IVA en el precio?""]
<p>El IVA se aplica según la legislación vigente y se reflejará en la factura final.</p>
[/accordion-item]
[accordion-item title=""¿Ofrecen descuentos?""]
<p>Sí, ofrecemos descuentos para planes anuales y para empresas que contratan múltiples servicios.</p>
[/accordion-item]
[/accordion]

[/col]

[/row]
[row label=""More Questions"" h_align=""center""]

[col span=""9"" span__sm=""10"" span__md=""10"" padding=""40px 0px 0px 0px"" align=""center""]

<h2>¿Más preguntas?</h2>
<p>Contacta a nuestro equipo de atención al cliente, estamos aquí para ayudarte.</p>
[button text=""Contáctanos"" letter_case=""lowercase""]

[/col]

[/row]

[/section]
[section label=""Planes de Precios"" bg_color=""#F7F5F4"" padding=""0px""]

[row label=""Planes"" h_align=""center""]

[col span__sm=""11"" margin=""-80px 0px 0px 0px""]

[row_inner class=""pricing-color-box""]

[col_inner span=""4"" span__sm=""12""]

[ux_price_table title=""Mini"" price=""$20"" description=""Por mes"" radius=""10"" depth_hover=""0""]
[bullet_item text=""Hasta 20 proyectos""]
[bullet_item text=""Hasta 20 páginas""]
[bullet_item text=""Dominio personalizado""]
[bullet_item text=""Diseño profesional""]
[button text=""Seleccionar plan"" letter_case=""lowercase"" color=""#2F2E70"" expand=""true""]
[/ux_price_table]

[/col_inner]
[col_inner span=""4"" span__sm=""12""]

[ux_price_table title=""Pequeño"" price=""$50"" description=""Por mes"" featured=""true"" radius=""10"" depth_hover=""0""]
[bullet_item text=""Hasta 50 proyectos""]
[bullet_item text=""Hasta 50 páginas""]
[bullet_item text=""Dominio personalizado""]
[bullet_item text=""Diseño profesional""]
[button text=""Seleccionar plan"" letter_case=""lowercase"" color=""#2F2E70"" expand=""true""]
[/ux_price_table]

[/col_inner]
[col_inner span=""4"" span__sm=""12""]

[ux_price_table title=""Grande"" price=""$100"" description=""Por mes"" radius=""10"" depth_hover=""0""]
[bullet_item text=""Hasta 100 proyectos""]
[bullet_item text=""Hasta 100 páginas""]
[bullet_item text=""Dominio personalizado""]
[bullet_item text=""Diseño profesional""]
[button text=""Seleccionar plan"" letter_case=""lowercase"" color=""#2F2E70"" expand=""true""]
[/ux_price_table]

[/col_inner]

[/row_inner]

[/col]

[/row]
[row label=""Otro Plan"" h_align=""center""]

[col span=""9"" span__sm=""10"" span__md=""10"" padding=""0px 0px 40px 0px"" align=""center""]

<h2>¿Necesitas mayor capacidad?</h2>
<p>No dudes en contactarnos</p>
[button text=""Contáctanos"" letter_case=""lowercase""]

[/col]

[/row]

[/section]",Planes y Precios Alternativos,Ventas,Ventas,Precios,"Encuentra el plan perfecto para tu negocio con nuestras soluciones adaptadas. Desde pequeñas empresas hasta grandes corporaciones, ofrecemos opciones flexibles con características como aplicaciones móviles, facturación en línea y reportes avanzados.","Una imagen que muestre tres dispositivos (computadora de escritorio, tableta y teléfono inteligente) mostrando la misma interfaz de usuario, representando la accesibilidad multiplataforma de los planes de Viaweb."
"[section label=""Contenido Único"" bg_color=""#ffffff"" padding=""60px""]

[row]

[col span__sm=""12"" align=""center""]

<h2 style=""font-size: 220%;"">Contenido Único</h2>
<p>Aquí puedes agregar contenido específico para tu página.</p>

[/col]

[/row]

[/section]",Planes y Precios,Ventas,Precios,Planes de servicio,Explora nuestro contenido único diseñado específicamente para satisfacer tus necesidades. Descubre soluciones personalizadas y recursos exclusivos que te ayudarán a alcanzar tus objetivos empresariales.,"Una imagen abstracta o icónica que represente la idea de ""contenido único"", como un rompecabezas con una pieza destacada o un objeto singular entre varios objetos similares."
"[ux_banner label=""Implementaciones ERP Personalizadas *Solo Móvil"" bg=""22859"" bg_color=""#f7f5f4"" video_visibility=""visible"" visibility=""show-for-small""]

[text_box width__sm=""60"" position_x=""50"" position_y=""50""]

<h2>Soluciones ERP Personalizadas</h2>
<p>Optimiza los procesos de tu negocio con implementaciones ERP a medida.</p>

[/text_box]

[/ux_banner]
[section label=""Hero"" bg=""22881"" bg_color=""#f7f5f4"" bg_overlay=""rgba(0, 0, 0, 0.5)"" padding=""60px"" height=""600px"" scroll_for_more=""true""]

[row v_align=""middle""]

[col span=""5"" span__sm=""12"" span__md=""8""]

<h6 class=""uppercase"">Tu Negocio, Optimizado</h6>
<h1 style=""font-size: 350%; line-height: 100%;"">ERP Personalizado para el Éxito</h1>
<p>Optimiza operaciones, mejora la eficiencia y obtén información clave con nuestras soluciones ERP.</p>
<h1 style=""font-size: 200%;"">Empieza Hoy</h1>
[gap height=""5px""]

[row_inner style=""collapse"" padding=""0px 5px 0px 5px""]

[col_inner span=""6"" span__sm=""12""]

[button text=""Más Información"" letter_case=""lowercase"" color=""secondary"" size=""large"" radius=""4"" expand=""true"" link=""#learn-more""]


[/col_inner]
[col_inner span=""6"" span__sm=""12""]

[button text=""Solicitar una Demo"" letter_case=""lowercase"" color=""white"" size=""large"" radius=""4"" expand=""true"" link=""#request-demo""]


[/col_inner]

[/row_inner]

[/col]

[/row]

[/section]
[section label=""Características Principales"" bg_color=""#f7f5f4"" padding=""60px""]

[row style=""large""]

[col span=""4"" span__sm=""12""]

[featured_box img=""22860"" img_width=""40""]

<h4>Automatización de Procesos</h4>
<p>Aumenta la productividad automatizando tareas y flujos de trabajo repetitivos.</p>

[/featured_box]

[/col]
[col span=""4"" span__sm=""12""]

[featured_box img=""22861"" img_width=""40""]

<h4>Analíticas en Tiempo Real</h4>
<p>Toma decisiones informadas con datos actualizados y análisis accionables.</p>

[/featured_box]

[/col]
[col span=""4"" span__sm=""12""]

[featured_box img=""22862"" img_width=""40""]

<h4>Soluciones Escalables</h4>
<p>Haz crecer tu negocio con sistemas ERP que se adaptan a tus necesidades.</p>

[/featured_box]

[/col]

[/row]

[/section]
[section label=""Introducción"" padding=""120px"" padding__sm=""80px""]

[row style=""large""]

[col span=""6"" span__sm=""12"" span__md=""5""]

<h6 class=""uppercase secondary-color"">¿Por Qué Elegirnos?</h6>
<h1>Soluciones ERP Diseñadas por Expertos</h1>
<p>Nuestras implementaciones ERP están personalizadas para tu negocio, asegurando un rendimiento óptimo y crecimiento.</p>
[accordion]

[accordion-item title=""01. Personalización para tu Industria""]

<p>Diseñamos sistemas ERP que cumplen con los requisitos únicos de tu sector.</p>

[/accordion-item]
[accordion-item title=""02. Integración Perfecta""]

<p>Integra sin problemas con tus herramientas y plataformas existentes.</p>

[/accordion-item]
[accordion-item title=""03. Soporte Continuo""]

<p>Disfruta de soporte dedicado para mantener tu sistema funcionando sin inconvenientes.</p>

[/accordion-item]

[/accordion]

[/col]
[col span=""1"" span__sm=""12"" margin=""-30px -80px -30px 80px"" bg_color=""#a7bcb5"" visibility=""hide-for-small""]

[gap height=""360px""]


[/col]
[col span=""5"" span__sm=""12"" span__md=""6"" force_first=""small""]

[ux_banner height=""300px"" bg=""22879"" bg_color=""#f7f5f4""]

[text_box width=""100"" scale=""150"" position_x=""50"" position_y=""50""]

[video_button]


[/text_box]

[/ux_banner]

[/col]

[/row]

[/section]
[section label=""Especificaciones"" padding=""80px""]

[row]

[col span__sm=""12"" align=""center""]

<h6 class=""uppercase secondary-color"">Especificaciones Técnicas</h6>
<h2 style=""font-size: 220%;"">Especificaciones del ERP</h2>
<p>Explora las potentes características y capacidades de nuestros sistemas ERP:</p>
[row_inner style=""large""]

[col_inner span=""4"" span__sm=""12""]

[featured_box img=""22863"" img_width=""40""]

<h4>Basado en la Nube</h4>
<p>Accede a tu sistema ERP desde cualquier lugar con hosting seguro en la nube.</p>

[/featured_box]

[/col_inner]
[col_inner span=""4"" span__sm=""12""]

[featured_box img=""22865"" img_width=""40""]

<h4>Soporte Multilenguaje</h4>
<p>Opera a nivel global con soporte para múltiples idiomas.</p>

[/featured_box]

[/col_inner]
[col_inner span=""4"" span__sm=""12""]

[featured_box img=""22864"" img_width=""40""]

<h4>Paneles Personalizados</h4>
<p>Monitorea tus KPIs y métricas con paneles de control fáciles de usar.</p>

[/featured_box]

[/col_inner]

[/row_inner]

[/col]

[/row]

[/section]
[section label=""Beneficios de Nuestro ERP"" padding=""80px""]

[col span__sm=""12"" align=""center""]

<h6 class=""uppercase secondary-color"">Beneficios Clave</h6>
<h2 style=""font-size: 220%;"">¿Por Qué Elegir Nuestro ERP?</h2>
<p>Descubre cómo nuestras soluciones pueden transformar tu negocio:</p>
[row_inner style=""large""]

[col_inner span=""4"" span__sm=""12""]

[featured_box img=""22866"" img_width=""40""]

<h4>Mejora de la Eficiencia</h4>
<p>Reduce costos y mejora la eficiencia operativa con procesos optimizados.</p>

[/featured_box]

[/col_inner]
[col_inner span=""4"" span__sm=""12""]

[featured_box img=""22867"" img_width=""40""]

<h4>Visibilidad Total</h4>
<p>Obtén una visión completa de tus operaciones en tiempo real.</p>

[/featured_box]

[/col_inner]
[col_inner span=""4"" span__sm=""12""]

[featured_box img=""22868"" img_width=""40""]

<h4>Decisiones Basadas en Datos</h4>
<p>Utiliza datos precisos para tomar decisiones estratégicas informadas.</p>

[/featured_box]

[/col_inner]

[/row_inner]

[/col]

[/section]
[section label=""Testimonios de Clientes"" bg_color=""#f7f5f4"" padding=""80px""]

[col span__sm=""12"" align=""center""]

<h6 class=""uppercase secondary-color"">Lo Que Dicen Nuestros Clientes</h6>
<h2 style=""font-size: 220%;"">Testimonios</h2>
[row_inner style=""large""]

[col_inner span=""6"" span__sm=""12""]

[ux_text font_size=""1.25""]

<p>""La implementación del ERP ha cambiado por completo nuestra forma de trabajar. ¡Altamente recomendados!"" - Javier Ruiz, Director de Operaciones</p>
[/ux_text]

[/col_inner]
[col_inner span=""6"" span__sm=""12""]

[ux_text font_size=""1.25""]

<p>""Gracias a su soporte continuo, hemos podido maximizar el uso de nuestro sistema ERP."" - Laura Fernández, Gerente de Proyectos</p>
[/ux_text]

[/col_inner]

[/row_inner]

[/col]

[/section]
[section label=""Preguntas Frecuentes"" padding=""80px""]

[col span__sm=""12"" align=""center""]

<h6 class=""uppercase secondary-color"">Preguntas Frecuentes</h6>
<h2 style=""font-size: 220%;"">FAQ</h2>
[accordion]

[accordion-item title=""¿Qué es un ERP?""]

<p>Un ERP (Enterprise Resource Planning) es un sistema que integra todas las facetas de un negocio en una única plataforma.</p>

[/accordion-item]
[accordion-item title=""¿Cómo se personaliza un ERP?""]

<p>Nuestros expertos trabajan contigo para entender tus necesidades y adaptar el sistema a tus procesos específicos.</p>

[/accordion-item]
[accordion-item title=""¿Qué tipo de soporte ofrecen?""]

<p>Ofrecemos soporte técnico continuo y formación para asegurar que tu equipo pueda utilizar el sistema de manera efectiva.</p>

[/accordion-item]

[/accordion]

[/col]

[/section]
[section label=""Contacto"" bg_color=""#273647"" dark=""true""]

[col span=""6"" span__sm=""12"" span__md=""12""]

[ux_text font_size=""1.1"" text_align=""left""]

<h6>Contacto</h6>
[/ux_text]
[ux_text font_size=""1.5""]


[/ux_text]

[/col]
[col span=""6"" span__sm=""12"" span__md=""12"" padding=""0px 0px 0px 30px"" padding__md=""0px 0px 0px 0"" margin=""-70px 0px 0px 0px"" margin__md=""-0 0px 0px 0px""]

[button text=""Solicita una consulta gratuita"" color=""white"" padding=""5px 0px 5px 0px"" expand=""true""]


[/col]

[/section]",Planes y Precios,Ventas,Precios,Planes de servicio,"Optimiza los procesos de tu negocio con nuestras soluciones ERP personalizadas. Ofrecemos automatización, análisis en tiempo real y escalabilidad para impulsar la eficiencia y el crecimiento de tu empresa. Descubre cómo nuestro ERP puede transformar tu operación.","Una imagen que muestre una vista panorámica de una oficina moderna con personas trabajando en computadoras, con gráficos y pantallas de datos flotando sobre sus estaciones de trabajo, representando la implementación de un sistema ERP avanzado."
"[section label=""Hero"" bg=""24091"" bg_color=""#ffffff"" bg_pos=""57% 100%"" padding=""120px""]

[row label=""Title"" h_align=""center""]

[col span=""8"" span__sm=""12"" align=""center""]

<h6 data-text-color=""#28a745"">Planes y Precios</h6>
<h2 style=""font-size: 250%;"">Planes para todos</h2>
<p>En Viaweb, ofrecemos soluciones adaptadas a las necesidades de cada cliente. Nuestros planes están diseñados para brindar servicios de alta calidad, asegurando que cada empresa encuentre el soporte adecuado para su crecimiento.</p>
[button text=""Ver planes"" letter_case=""lowercase"" icon=""icon-angle-down"" link=""#planes""]


[/col]

[/row]
[gap height=""100px""]

[scroll_to title=""planes"" bullet=""false""]


[/section]
[section label=""Características"" padding=""70px""]

[row h_align=""center""]

[col span=""9"" span__sm=""10"" span__md=""10"" padding=""40px 0px 0px 0px"" align=""center""]

<h6 data-text-color=""#28a745"">Características</h6>
<h2 style=""font-size: 220%;"">Todos los planes incluyen</h2>
[gap height=""60px""]

[row_inner label=""Características"" style=""large""]

[col_inner span=""3"" span__sm=""12"" span__md=""6""]

[featured_box img=""24094"" img_width=""40"" pos=""left""]

<br />
<h3>Aplicación de escritorio y móvil</h3>
<p>Acceso a nuestras soluciones en cualquier lugar y en cualquier dispositivo.</p>

[/featured_box]

[/col_inner]
[col_inner span=""3"" span__sm=""12"" span__md=""6""]

[featured_box img=""24098"" img_width=""40"" pos=""left""]

<br />
<h3>Estimaciones de tiempo</h3>
<p>Análisis de eficiencia para una mejor gestión del tiempo y recursos.</p>

[/featured_box]

[/col_inner]
[col_inner span=""3"" span__sm=""12"" span__md=""6""]

[featured_box img=""24092"" img_width=""40"" pos=""left""]

<br />
<h3>Facturación</h3>
<p>Gestión sencilla de facturas y pagos a través de nuestra plataforma.</p>

[/featured_box]

[/col_inner]
[col_inner span=""3"" span__sm=""12"" span__md=""6""]

[featured_box img=""24095"" img_width=""40"" pos=""left""]

<br />
<h3>Pagos en línea</h3>
<p>Opciones de pago seguras y rápidas para una experiencia sin complicaciones.</p>

[/featured_box]

[/col_inner]

[/row_inner]

[/col]

[/row]

[/section]
[section label=""FAQ"" bg_color=""#f7f5f4"" padding=""70px""]

[row label=""Title"" h_align=""center""]

[col span=""9"" span__sm=""10"" span__md=""10"" padding=""40px 0px 0px 0px"" align=""center""]

<br />
<h6 data-text-color=""#28a745"">Preguntas</h6>
<h2 style=""font-size: 220%;"">Preguntas Frecuentes sobre Precios</h2>

[/col]

[/row]
[row label=""Questions Accordion"" h_align=""center"" padding=""40px 40px 40px 40px""]

[col span=""9"" span__sm=""11"" span__md=""10"" align=""left"" bg_color=""#ffffff""]

[accordion]

[accordion-item title=""¿Cuál es el propósito del período de prueba?""]

<p>El período de prueba permite a los usuarios evaluar nuestros servicios antes de comprometerse a un plan de pago.</p>

[/accordion-item]
[accordion-item title=""¿Pago mensual o anual?""]

<p>Ofrecemos opciones de pago mensuales y anuales para adaptarnos a tus necesidades.</p>

[/accordion-item]
[accordion-item title=""¿Puedo cancelar en cualquier momento?""]

<p>Sí, puedes cancelar tu suscripción en cualquier momento sin penalizaciones.</p>

[/accordion-item]
[accordion-item title=""¿Qué métodos de pago aceptan?""]

<p>Aceptamos diversas formas de pago, incluidas tarjetas de crédito y transferencias bancarias.</p>

[/accordion-item]
[accordion-item title=""¿Se calcula el IVA en el precio?""]

<p>El IVA se aplica según la legislación vigente y se reflejará en la factura final.</p>

[/accordion-item]
[accordion-item title=""¿Ofrecen descuentos?""]

<p>Sí, ofrecemos descuentos para planes anuales y para empresas que contratan múltiples servicios.</p>

[/accordion-item]

[/accordion]

[/col]

[/row]
[row label=""More Questions"" h_align=""center""]

[col span=""9"" span__sm=""10"" span__md=""10"" padding=""40px 0px 0px 0px"" align=""center""]

<h2>¿Más preguntas?</h2>
<p>Contacta a nuestro equipo de atención al cliente, estamos aquí para ayudarte.</p>
[button text=""Contáctanos"" letter_case=""lowercase""]


[/col]

[/row]

[/section]
[section label=""Planes de Precios"" bg_color=""#f7f5f4"" padding=""0px""]

[row label=""Planes"" h_align=""center""]

[col span__sm=""11"" margin=""-80px 0px 0px 0px""]

[row_inner class=""pricing-color-box""]

[col_inner span=""4"" span__sm=""12""]

[ux_price_table title=""Mini"" price=""$20"" description=""Por mes"" radius=""10"" depth_hover=""0""]

[bullet_item text=""Hasta 20 proyectos""]

[bullet_item text=""Hasta 20 páginas""]

[bullet_item text=""Dominio personalizado""]

[bullet_item text=""Diseño profesional""]

[button text=""Seleccionar plan"" letter_case=""lowercase"" color=""#28a745"" expand=""true""]


[/ux_price_table]

[/col_inner]
[col_inner span=""4"" span__sm=""12""]

[ux_price_table title=""Pequeño"" price=""$50"" description=""Por mes"" featured=""true"" radius=""10"" depth_hover=""0""]

[bullet_item text=""Hasta 50 proyectos""]

[bullet_item text=""Hasta 50 páginas""]

[bullet_item text=""Dominio personalizado""]

[bullet_item text=""Diseño profesional""]

[button text=""Seleccionar plan"" letter_case=""lowercase"" color=""#28a745"" expand=""true""]


[/ux_price_table]

[/col_inner]
[col_inner span=""4"" span__sm=""12""]

[ux_price_table title=""Grande"" price=""$100"" description=""Por mes"" radius=""10"" depth_hover=""0""]

[bullet_item text=""Hasta 100 proyectos""]

[bullet_item text=""Hasta 100 páginas""]

[bullet_item text=""Dominio personalizado""]

[bullet_item text=""Diseño profesional""]

[button text=""Seleccionar plan"" letter_case=""lowercase"" color=""#28a745"" expand=""true""]


[/ux_price_table]

[/col_inner]

[/row_inner]

[/col]

[/row]
[row label=""Otro Plan"" h_align=""center""]

[col span=""9"" span__sm=""10"" span__md=""10"" padding=""0px 0px 40px 0px"" align=""center""]

<h2>¿Necesitas mayor capacidad?</h2>
<p>No dudes en contactarnos</p>
[button text=""Contáctanos"" letter_case=""lowercase""]


[/col]

[/row]

[/section]",Planes y Precios,Ventas,Precios,Planes de servicio,"Descubre nuestros planes y precios adaptados a las necesidades de cada cliente. Ofrecemos soluciones de alta calidad para impulsar el crecimiento de tu empresa, con características como aplicaciones móviles y de escritorio, estimaciones de tiempo, facturación y pagos en línea.","Una imagen que muestre una variedad de dispositivos electrónicos (computadora de escritorio, laptop, tablet y smartphone) con la interfaz de una aplicación de gestión de proyectos visible en sus pantallas. En el fondo, se pueden ver gráficos de barras y círculos que representan estimaciones de tiempo y facturación. La imagen debe transmitir una sensación de profesionalismo, eficiencia y modernidad, utilizando una paleta de colores que incluya el verde (#28a745) mencionado en el texto."
"[block id=""consultoria-empresarial-estrategia-y-optimizacion""]
[block id=""marketing-digital-consultoria-integrada""]",Planes de precios,Ventas,Precios,Planes,"Ofrecemos servicios de consultoría empresarial centrados en estrategia y optimización, así como consultoría integrada de marketing digital para impulsar el crecimiento y la eficiencia de tu negocio.","Una imagen que represente una reunión de consultoría empresarial, mostrando a un consultor profesional interactuando con un equipo de ejecutivos alrededor de una mesa de conferencias. En un lado de la imagen, se puede ver una pizarra o pantalla con gráficos y estrategias de marketing digital. La imagen debe transmitir una sensación de colaboración, experiencia y soluciones integradas para negocios."
,,,,,"Explora nuestra lista de páginas web, que incluye información sobre transformación empresarial, cultura corporativa, sistemas ERP, consultoría estratégica y formularios de contacto. Mantente al día con nuestros servicios y recursos más recientes.",