ID,Title,"File Name","File Size",Caption,"Alt Text",Description,URL,"Date Uploaded",Type
31262,two-businessmen-wear-suits-sit-at-table-with-laptop-discussing-details-of-project-reviewing-progress-brainstorming-ideas-preparing-for-upcoming-presentation-looking-at-financial-data-or-reports-stockpack-adobe-stock,two-businessmen-wear-suits-sit-at-table-with-laptop-discussing-details-of-project-reviewing-progress-brainstorming-ideas-preparing-for-upcoming-presentation-looking-at-financial-data-or-reports-stockpack-adobe-stock.jpg,"160 KB","Two businessmen wear suits sit at table with laptop, discussing details of project, reviewing progress, brainstorming ideas, preparing for upcoming presentation, looking at financial data or reports","Two businessmen wear suits sit at table with laptop, discussing details of project, reviewing progress, brainstorming ideas, preparing for upcoming presentation, looking at financial data or reports","Two businessmen wear suits sit at table with laptop, discussing details of project, reviewing progress, brainstorming ideas, preparing for upcoming presentation, looking at financial data or reports",https://web.viaweb.net.ar/wp-content/uploads/2025/03/two-businessmen-wear-suits-sit-at-table-with-laptop-discussing-details-of-project-reviewing-progress-brainstorming-ideas-preparing-for-upcoming-presentation-looking-at-financial-data-or-reports-stockpack-adobe-stock.jpg,"marzo 23, 2025",image/jpeg
30947,ava11,ava11.jpg,"4 KB",,,,https://web.viaweb.net.ar/wp-content/uploads/2025/03/ava11.jpg,"marzo 21, 2025",image/jpeg
30946,ava10,ava10.jpg,"7 KB",,,,https://web.viaweb.net.ar/wp-content/uploads/2025/03/ava10.jpg,"marzo 21, 2025",image/jpeg
30945,ava9,ava9.jpg,"7 KB",,,,https://web.viaweb.net.ar/wp-content/uploads/2025/03/ava9.jpg,"marzo 21, 2025",image/jpeg
30944,ava8,ava8.jpg,"6 KB",,,,https://web.viaweb.net.ar/wp-content/uploads/2025/03/ava8.jpg,"marzo 21, 2025",image/jpeg
30943,ava7,ava7.jpg,"10 KB",,,,https://web.viaweb.net.ar/wp-content/uploads/2025/03/ava7.jpg,"marzo 21, 2025",image/jpeg
30942,ava6,ava6.jpg,"11 KB",,,,https://web.viaweb.net.ar/wp-content/uploads/2025/03/ava6.jpg,"marzo 21, 2025",image/jpeg
30941,ava5,ava5.jpg,"12 KB",,,,https://web.viaweb.net.ar/wp-content/uploads/2025/03/ava5.jpg,"marzo 21, 2025",image/jpeg
30940,ava4,ava4.jpg,"9 KB",,,,https://web.viaweb.net.ar/wp-content/uploads/2025/03/ava4.jpg,"marzo 21, 2025",image/jpeg
30939,ava3,ava3.jpg,"11 KB",,,,https://web.viaweb.net.ar/wp-content/uploads/2025/03/ava3.jpg,"marzo 21, 2025",image/jpeg
30938,ava2,ava2.jpg,"9 KB",,,,https://web.viaweb.net.ar/wp-content/uploads/2025/03/ava2.jpg,"marzo 21, 2025",image/jpeg
30937,ava1,ava1.jpg,"10 KB",,,,https://web.viaweb.net.ar/wp-content/uploads/2025/03/ava1.jpg,"marzo 21, 2025",image/jpeg
27127,g142,g142.png,"28 KB",,,,https://web.viaweb.net.ar/wp-content/uploads/2025/03/g142.png,"marzo 15, 2025",image/png
27126,viaweb-marca-footer-1-120&#215;27-1-1-4,viaweb-marca-footer-1-120x27-1-1-4.png,"4 KB",,,,https://web.viaweb.net.ar/wp-content/uploads/2025/03/viaweb-marca-footer-1-120x27-1-1-4.png,"marzo 15, 2025",image/png
27125,unnamed-2,unnamed-2.png,"39 KB",,,,https://web.viaweb.net.ar/wp-content/uploads/2025/03/unnamed-2.png,"marzo 15, 2025",image/png
27124,"unnamed-2 (1)",unnamed-2-1.png,"39 KB",,,,https://web.viaweb.net.ar/wp-content/uploads/2025/03/unnamed-2-1.png,"marzo 15, 2025",image/png
27123,temp_image_1733988006578,temp_image_1733988006578.png,"81 KB",,,,https://web.viaweb.net.ar/wp-content/uploads/2025/03/temp_image_1733988006578.png,"marzo 15, 2025",image/png
27122,temp_image_1733987998025,temp_image_1733987998025.png,"87 KB",,,,https://web.viaweb.net.ar/wp-content/uploads/2025/03/temp_image_1733987998025.png,"marzo 15, 2025",image/png
27121,temp_image_1733987985091,temp_image_1733987985091.png,"104 KB",,,,https://web.viaweb.net.ar/wp-content/uploads/2025/03/temp_image_1733987985091.png,"marzo 15, 2025",image/png
27120,temp_image_1733987744126,temp_image_1733987744126.png,"102 KB",,,,https://web.viaweb.net.ar/wp-content/uploads/2025/03/temp_image_1733987744126.png,"marzo 15, 2025",image/png
27119,temp_image_1733987574585,temp_image_1733987574585.png,"88 KB",,,,https://web.viaweb.net.ar/wp-content/uploads/2025/03/temp_image_1733987574585.png,"marzo 15, 2025",image/png
27118,"temp_image_1733987574585 (1)",temp_image_1733987574585-1.png,"88 KB",,,,https://web.viaweb.net.ar/wp-content/uploads/2025/03/temp_image_1733987574585-1.png,"marzo 15, 2025",image/png
27117,temp_image_1733987351809,temp_image_1733987351809.png,"107 KB",,,,https://web.viaweb.net.ar/wp-content/uploads/2025/03/temp_image_1733987351809.png,"marzo 15, 2025",image/png
27116,temp_image_1733987350590,temp_image_1733987350590.png,"106 KB",,,,https://web.viaweb.net.ar/wp-content/uploads/2025/03/temp_image_1733987350590.png,"marzo 15, 2025",image/png
27115,"temp_image_1733987350590 (1)",temp_image_1733987350590-1.png,"106 KB",,,,https://web.viaweb.net.ar/wp-content/uploads/2025/03/temp_image_1733987350590-1.png,"marzo 15, 2025",image/png
27114,temp_image_1733987349562,temp_image_1733987349562.png,"80 KB",,,,https://web.viaweb.net.ar/wp-content/uploads/2025/03/temp_image_1733987349562.png,"marzo 15, 2025",image/png
27113,screenshot-12-11-2024-2_20-am-3,screenshot-12-11-2024-2_20-am-3.jpg,"54 KB",,,,https://web.viaweb.net.ar/wp-content/uploads/2025/03/screenshot-12-11-2024-2_20-am-3.jpg,"marzo 15, 2025",image/jpeg
27112,"screenshot-12-11-2024-2_20-am-3 (2)",screenshot-12-11-2024-2_20-am-3-2.jpg,"54 KB",,,,https://web.viaweb.net.ar/wp-content/uploads/2025/03/screenshot-12-11-2024-2_20-am-3-2.jpg,"marzo 15, 2025",image/jpeg
27111,"screenshot-12-11-2024-2_20-am-3 (1)",screenshot-12-11-2024-2_20-am-3-1.jpg,"54 KB",,,,https://web.viaweb.net.ar/wp-content/uploads/2025/03/screenshot-12-11-2024-2_20-am-3-1.jpg,"marzo 15, 2025",image/jpeg
27110,screenshot-12-11-2024-2_20-am-2,screenshot-12-11-2024-2_20-am-2.jpg,"44 KB",,,,https://web.viaweb.net.ar/wp-content/uploads/2025/03/screenshot-12-11-2024-2_20-am-2.jpg,"marzo 15, 2025",image/jpeg
27109,screenshot-12-11-2024-2_20-am,screenshot-12-11-2024-2_20-am.jpg,"62 KB",,,,https://web.viaweb.net.ar/wp-content/uploads/2025/03/screenshot-12-11-2024-2_20-am.jpg,"marzo 15, 2025",image/jpeg
27108,"screenshot-12-11-2024-2_20-am (1)",screenshot-12-11-2024-2_20-am-1.jpg,"62 KB",,,,https://web.viaweb.net.ar/wp-content/uploads/2025/03/screenshot-12-11-2024-2_20-am-1.jpg,"marzo 15, 2025",image/jpeg
27107,palette,palette.png,"54 KB",,,,https://web.viaweb.net.ar/wp-content/uploads/2025/03/palette.png,"marzo 15, 2025",image/png
27106,image,image.png,"55 KB",,,,https://web.viaweb.net.ar/wp-content/uploads/2025/03/image.png,"marzo 15, 2025",image/png
27102,"woman-working-warehouse_23-2148923071 (2)",woman-working-warehouse_23-2148923071-2.jpg,"71 KB",,,,https://web.viaweb.net.ar/wp-content/uploads/2025/03/woman-working-warehouse_23-2148923071-2.jpg,"marzo 14, 2025",image/jpeg
27101,"woman-working-warehouse_23-2148923071 (1)",woman-working-warehouse_23-2148923071-1.jpg,"71 KB",,,,https://web.viaweb.net.ar/wp-content/uploads/2025/03/woman-working-warehouse_23-2148923071-1.jpg,"marzo 14, 2025",image/jpeg
27100,woman-working-warehouse_23-2148923070,woman-working-warehouse_23-2148923070.jpg,"52 KB",,,,https://web.viaweb.net.ar/wp-content/uploads/2025/03/woman-working-warehouse_23-2148923070.jpg,"marzo 14, 2025",image/jpeg
27099,"woman-working-warehouse_23-2148923070 (1)",woman-working-warehouse_23-2148923070-1.jpg,"52 KB",,,,https://web.viaweb.net.ar/wp-content/uploads/2025/03/woman-working-warehouse_23-2148923070-1.jpg,"marzo 14, 2025",image/jpeg
27098,woman-working-pottery-studio_53876-54571,woman-working-pottery-studio_53876-54571.jpg,"55 KB",,,,https://web.viaweb.net.ar/wp-content/uploads/2025/03/woman-working-pottery-studio_53876-54571.jpg,"marzo 14, 2025",image/jpeg
27097,"woman-working-pottery-studio_53876-54571 (1)",woman-working-pottery-studio_53876-54571-1.jpg,"55 KB",,,,https://web.viaweb.net.ar/wp-content/uploads/2025/03/woman-working-pottery-studio_53876-54571-1.jpg,"marzo 14, 2025",image/jpeg
27096,woman-with-protection-mask-having-online-meeting-conference-modern-new-normal-office-freelancer-working-workplace-chatting-with-remotely-team-virtual-webinar-using-internet-technology_482257-12877,woman-with-protection-mask-having-online-meeting-conference-modern-new-normal-office-freelancer-working-workplace-chatting-with-remotely-team-virtual-webinar-using-internet-technology_482257-12877.jpg,"49 KB",,,,https://web.viaweb.net.ar/wp-content/uploads/2025/03/woman-with-protection-mask-having-online-meeting-conference-modern-new-normal-office-freelancer-working-workplace-chatting-with-remotely-team-virtual-webinar-using-internet-technology_482257-12877.jpg,"marzo 14, 2025",image/jpeg
27095,"woman-with-protection-mask-having-online-meeting-conference-modern-new-normal-office-freelancer-working-workplace-chatting-with-remotely-team-virtual-webinar-using-internet-technology_482257-12877 (2)",woman-with-protection-mask-having-online-meeting-conference-modern-new-normal-office-freelancer-working-workplace-chatting-with-remotely-team-virtual-webinar-using-internet-technology_482257-12877-2.jpg,"49 KB",,,,https://web.viaweb.net.ar/wp-content/uploads/2025/03/woman-with-protection-mask-having-online-meeting-conference-modern-new-normal-office-freelancer-working-workplace-chatting-with-remotely-team-virtual-webinar-using-internet-technology_482257-12877-2.jpg,"marzo 14, 2025",image/jpeg
27094,"woman-with-protection-mask-having-online-meeting-conference-modern-new-normal-office-freelancer-working-workplace-chatting-with-remotely-team-virtual-webinar-using-internet-technology_482257-12877 (1)",woman-with-protection-mask-having-online-meeting-conference-modern-new-normal-office-freelancer-working-workplace-chatting-with-remotely-team-virtual-webinar-using-internet-technology_482257-12877-1.jpg,"49 KB",,,,https://web.viaweb.net.ar/wp-content/uploads/2025/03/woman-with-protection-mask-having-online-meeting-conference-modern-new-normal-office-freelancer-working-workplace-chatting-with-remotely-team-virtual-webinar-using-internet-technology_482257-12877-1.jpg,"marzo 14, 2025",image/jpeg
27093,woman-start-up-online-seller-owner-workplace-small-business-entrepreneur-sme-freelance-asian-woman-working-with-box-home_928131-8018,woman-start-up-online-seller-owner-workplace-small-business-entrepreneur-sme-freelance-asian-woman-working-with-box-home_928131-8018.jpg,"52 KB",,,,https://web.viaweb.net.ar/wp-content/uploads/2025/03/woman-start-up-online-seller-owner-workplace-small-business-entrepreneur-sme-freelance-asian-woman-working-with-box-home_928131-8018.jpg,"marzo 14, 2025",image/jpeg
27092,"woman-start-up-online-seller-owner-workplace-small-business-entrepreneur-sme-freelance-asian-woman-working-with-box-home_928131-8018 (1)",woman-start-up-online-seller-owner-workplace-small-business-entrepreneur-sme-freelance-asian-woman-working-with-box-home_928131-8018-1.jpg,"52 KB",,,,https://web.viaweb.net.ar/wp-content/uploads/2025/03/woman-start-up-online-seller-owner-workplace-small-business-entrepreneur-sme-freelance-asian-woman-working-with-box-home_928131-8018-1.jpg,"marzo 14, 2025",image/jpeg
27091,woman-showing-inventory-laptop-warehouse-manager_774935-2318,woman-showing-inventory-laptop-warehouse-manager_774935-2318.jpg,"73 KB",,,,https://web.viaweb.net.ar/wp-content/uploads/2025/03/woman-showing-inventory-laptop-warehouse-manager_774935-2318.jpg,"marzo 14, 2025",image/jpeg
27090,"woman-showing-inventory-laptop-warehouse-manager_774935-2318 (1)",woman-showing-inventory-laptop-warehouse-manager_774935-2318-1.jpg,"73 KB",,,,https://web.viaweb.net.ar/wp-content/uploads/2025/03/woman-showing-inventory-laptop-warehouse-manager_774935-2318-1.jpg,"marzo 14, 2025",image/jpeg
27089,woman-hiking-in-infected-ticks-forest,woman-hiking-in-infected-ticks-forest.jpg,"76 KB","Woman hiking in Infected ticks forest with warning sign. Risk of tick-borne and lyme disease.",,,https://web.viaweb.net.ar/wp-content/uploads/2025/03/woman-hiking-in-infected-ticks-forest.jpg,"marzo 14, 2025",image/jpeg
27088,weberp-images,weberp-images.jpg,"9 KB",,,,https://web.viaweb.net.ar/wp-content/uploads/2025/03/weberp-images.jpg,"marzo 14, 2025",image/jpeg
27087,warehouse-worker-uniform-standing-coffee-small-factory-with-laptop_386167-16802,warehouse-worker-uniform-standing-coffee-small-factory-with-laptop_386167-16802.jpg,"45 KB",,,,https://web.viaweb.net.ar/wp-content/uploads/2025/03/warehouse-worker-uniform-standing-coffee-small-factory-with-laptop_386167-16802.jpg,"marzo 14, 2025",image/jpeg
27086,"warehouse-worker-uniform-standing-coffee-small-factory-with-laptop_386167-16802 (1)",warehouse-worker-uniform-standing-coffee-small-factory-with-laptop_386167-16802-1.jpg,"45 KB",,,,https://web.viaweb.net.ar/wp-content/uploads/2025/03/warehouse-worker-uniform-standing-coffee-small-factory-with-laptop_386167-16802-1.jpg,"marzo 14, 2025",image/jpeg
27085,warehouse-worker-record-audio-message-phone-working-small-coffee-factory_386167-16590,warehouse-worker-record-audio-message-phone-working-small-coffee-factory_386167-16590.jpg,"44 KB",,,,https://web.viaweb.net.ar/wp-content/uploads/2025/03/warehouse-worker-record-audio-message-phone-working-small-coffee-factory_386167-16590.jpg,"marzo 14, 2025",image/jpeg
27084,"warehouse-worker-record-audio-message-phone-working-small-coffee-factory_386167-16590 (1)",warehouse-worker-record-audio-message-phone-working-small-coffee-factory_386167-16590-1.jpg,"44 KB",,,,https://web.viaweb.net.ar/wp-content/uploads/2025/03/warehouse-worker-record-audio-message-phone-working-small-coffee-factory_386167-16590-1.jpg,"marzo 14, 2025",image/jpeg
27083,"vw polo seguro",vw-polo-seguro.jpg,"106 KB",,,,https://web.viaweb.net.ar/wp-content/uploads/2025/03/vw-polo-seguro.jpg,"marzo 14, 2025",image/jpeg
27082,volunteers-talking-about-donations-charity_23-2149230515,volunteers-talking-about-donations-charity_23-2149230515.jpg,"73 KB",,,,https://web.viaweb.net.ar/wp-content/uploads/2025/03/volunteers-talking-about-donations-charity_23-2149230515.jpg,"marzo 14, 2025",image/jpeg
27081,"volunteers-talking-about-donations-charity_23-2149230515 (1)",volunteers-talking-about-donations-charity_23-2149230515-1.jpg,"73 KB",,,,https://web.viaweb.net.ar/wp-content/uploads/2025/03/volunteers-talking-about-donations-charity_23-2149230515-1.jpg,"marzo 14, 2025",image/jpeg
27080,volunteer-scanning-food-donations-charity_23-2149230521,volunteer-scanning-food-donations-charity_23-2149230521.jpg,"45 KB",,,,https://web.viaweb.net.ar/wp-content/uploads/2025/03/volunteer-scanning-food-donations-charity_23-2149230521.jpg,"marzo 14, 2025",image/jpeg
27079,"volunteer-scanning-food-donations-charity_23-2149230521 (2)",volunteer-scanning-food-donations-charity_23-2149230521-2.jpg,"45 KB",,,,https://web.viaweb.net.ar/wp-content/uploads/2025/03/volunteer-scanning-food-donations-charity_23-2149230521-2.jpg,"marzo 14, 2025",image/jpeg
27078,"volunteer-scanning-food-donations-charity_23-2149230521 (1)",volunteer-scanning-food-donations-charity_23-2149230521-1.jpg,"45 KB",,,,https://web.viaweb.net.ar/wp-content/uploads/2025/03/volunteer-scanning-food-donations-charity_23-2149230521-1.jpg,"marzo 14, 2025",image/jpeg
27077,"Close-up view of tick on human finger against dog lying in grass.",tick-on-human-finger-against-dog.jpg,"21 KB","Close-up view of tick on human finger against dog lying in grass.",,,https://web.viaweb.net.ar/wp-content/uploads/2025/03/tick-on-human-finger-against-dog.jpg,"marzo 14, 2025",image/jpeg
27076,"Infected ticks warning sign in a forest. Risk of tick-borne and lyme disease.",tick-insect-warning-sign-in-forest.jpg,"70 KB","Infected ticks warning sign in a forest. Risk of tick-borne and lyme disease.",,,https://web.viaweb.net.ar/wp-content/uploads/2025/03/tick-insect-warning-sign-in-forest.jpg,"marzo 14, 2025",image/jpeg
27075,"tick insect warning sign in forest",tick-insect-warning-sign.jpg,"77 KB","tick insect warning sign in forest",,,https://web.viaweb.net.ar/wp-content/uploads/2025/03/tick-insect-warning-sign.jpg,"marzo 14, 2025",image/jpeg
27074,so-what-you-think-young-designer-showing-her-designs-someone-video-conference_590464-41407,so-what-you-think-young-designer-showing-her-designs-someone-video-conference_590464-41407.jpg,"58 KB",,,,https://web.viaweb.net.ar/wp-content/uploads/2025/03/so-what-you-think-young-designer-showing-her-designs-someone-video-conference_590464-41407.jpg,"marzo 14, 2025",image/jpeg
27073,"so-what-you-think-young-designer-showing-her-designs-someone-video-conference_590464-41407 (4)",so-what-you-think-young-designer-showing-her-designs-someone-video-conference_590464-41407-4.jpg,"58 KB",,,,https://web.viaweb.net.ar/wp-content/uploads/2025/03/so-what-you-think-young-designer-showing-her-designs-someone-video-conference_590464-41407-4.jpg,"marzo 14, 2025",image/jpeg
27072,"so-what-you-think-young-designer-showing-her-designs-someone-video-conference_590464-41407 (1)",so-what-you-think-young-designer-showing-her-designs-someone-video-conference_590464-41407-1.jpg,"58 KB",,,,https://web.viaweb.net.ar/wp-content/uploads/2025/03/so-what-you-think-young-designer-showing-her-designs-someone-video-conference_590464-41407-1.jpg,"marzo 14, 2025",image/jpeg
27071,selective-focus-young-man-handshake-with-someone-office_1150-15531,selective-focus-young-man-handshake-with-someone-office_1150-15531.jpg,"60 KB",,,,https://web.viaweb.net.ar/wp-content/uploads/2025/03/selective-focus-young-man-handshake-with-someone-office_1150-15531.jpg,"marzo 14, 2025",image/jpeg
27070,"selective-focus-young-man-handshake-with-someone-office_1150-15531 (1)",selective-focus-young-man-handshake-with-someone-office_1150-15531-1.jpg,"60 KB",,,,https://web.viaweb.net.ar/wp-content/uploads/2025/03/selective-focus-young-man-handshake-with-someone-office_1150-15531-1.jpg,"marzo 14, 2025",image/jpeg
27069,selective-focus-computer-with-online-customers-orders-background-african-american-manager-preparing-packages-storage-room-employee-working-merchandise-inventory-storehouse_482257-62599,selective-focus-computer-with-online-customers-orders-background-african-american-manager-preparing-packages-storage-room-employee-working-merchandise-inventory-storehouse_482257-62599.jpg,"34 KB",,,,https://web.viaweb.net.ar/wp-content/uploads/2025/03/selective-focus-computer-with-online-customers-orders-background-african-american-manager-preparing-packages-storage-room-employee-working-merchandise-inventory-storehouse_482257-62599.jpg,"marzo 14, 2025",image/jpeg
27068,"selective-focus-computer-with-online-customers-orders-background-african-american-manager-preparing-packages-storage-room-employee-working-merchandise-inventory-storehouse_482257-62599 (2)",selective-focus-computer-with-online-customers-orders-background-african-american-manager-preparing-packages-storage-room-employee-working-merchandise-inventory-storehouse_482257-62599-2.jpg,"34 KB",,,,https://web.viaweb.net.ar/wp-content/uploads/2025/03/selective-focus-computer-with-online-customers-orders-background-african-american-manager-preparing-packages-storage-room-employee-working-merchandise-inventory-storehouse_482257-62599-2.jpg,"marzo 14, 2025",image/jpeg
27067,"selective-focus-computer-with-online-customers-orders-background-african-american-manager-preparing-packages-storage-room-employee-working-merchandise-inventory-storehouse_482257-62599 (1)",selective-focus-computer-with-online-customers-orders-background-african-american-manager-preparing-packages-storage-room-employee-working-merchandise-inventory-storehouse_482257-62599-1.jpg,"34 KB",,,,https://web.viaweb.net.ar/wp-content/uploads/2025/03/selective-focus-computer-with-online-customers-orders-background-african-american-manager-preparing-packages-storage-room-employee-working-merchandise-inventory-storehouse_482257-62599-1.jpg,"marzo 14, 2025",image/jpeg
27066,pixelcut-export,pixelcut-export.jpg,"312 KB",,,,https://web.viaweb.net.ar/wp-content/uploads/2025/03/pixelcut-export.jpg,"marzo 14, 2025",image/jpeg
27065,person-using-laptop_53876-20641,person-using-laptop_53876-20641.jpg,"73 KB",,,,https://web.viaweb.net.ar/wp-content/uploads/2025/03/person-using-laptop_53876-20641.jpg,"marzo 14, 2025",image/jpeg
27064,"person-using-laptop_53876-20641 (2)",person-using-laptop_53876-20641-2.jpg,"73 KB",,,,https://web.viaweb.net.ar/wp-content/uploads/2025/03/person-using-laptop_53876-20641-2.jpg,"marzo 14, 2025",image/jpeg
27063,"person-using-laptop_53876-20641 (1)",person-using-laptop_53876-20641-1.jpg,"73 KB",,,,https://web.viaweb.net.ar/wp-content/uploads/2025/03/person-using-laptop_53876-20641-1.jpg,"marzo 14, 2025",image/jpeg
27062,people-office_144627-38028,people-office_144627-38028.jpg,"60 KB",,,,https://web.viaweb.net.ar/wp-content/uploads/2025/03/people-office_144627-38028.jpg,"marzo 14, 2025",image/jpeg
27061,"people-office_144627-38028 (1)",people-office_144627-38028-1.jpg,"60 KB",,,,https://web.viaweb.net.ar/wp-content/uploads/2025/03/people-office_144627-38028-1.jpg,"marzo 14, 2025",image/jpeg
27060,modern-worker-using-laptop_236854-7634,modern-worker-using-laptop_236854-7634.jpg,"62 KB",,,,https://web.viaweb.net.ar/wp-content/uploads/2025/03/modern-worker-using-laptop_236854-7634.jpg,"marzo 14, 2025",image/jpeg
27059,"modern-worker-using-laptop_236854-7634 (1)",modern-worker-using-laptop_236854-7634-1.jpg,"62 KB",,,,https://web.viaweb.net.ar/wp-content/uploads/2025/03/modern-worker-using-laptop_236854-7634-1.jpg,"marzo 14, 2025",image/jpeg
27058,middleaged-latin-man-owner-organic-grocery-shop-selling-eggs-doing-bookkeeping-paper_354453-1112,middleaged-latin-man-owner-organic-grocery-shop-selling-eggs-doing-bookkeeping-paper_354453-1112.jpg,"59 KB",,,,https://web.viaweb.net.ar/wp-content/uploads/2025/03/middleaged-latin-man-owner-organic-grocery-shop-selling-eggs-doing-bookkeeping-paper_354453-1112.jpg,"marzo 14, 2025",image/jpeg
27057,"middleaged-latin-man-owner-organic-grocery-shop-selling-eggs-doing-bookkeeping-paper_354453-1112 (1)",middleaged-latin-man-owner-organic-grocery-shop-selling-eggs-doing-bookkeeping-paper_354453-1112-1.jpg,"59 KB",,,,https://web.viaweb.net.ar/wp-content/uploads/2025/03/middleaged-latin-man-owner-organic-grocery-shop-selling-eggs-doing-bookkeeping-paper_354453-1112-1.jpg,"marzo 14, 2025",image/jpeg
27056,men-checking-stock-pastry-bakery-shop_53876-49881,men-checking-stock-pastry-bakery-shop_53876-49881.jpg,"61 KB",,,,https://web.viaweb.net.ar/wp-content/uploads/2025/03/men-checking-stock-pastry-bakery-shop_53876-49881.jpg,"marzo 14, 2025",image/jpeg
27055,"men-checking-stock-pastry-bakery-shop_53876-49881 (1)",men-checking-stock-pastry-bakery-shop_53876-49881-1.jpg,"61 KB",,,,https://web.viaweb.net.ar/wp-content/uploads/2025/03/men-checking-stock-pastry-bakery-shop_53876-49881-1.jpg,"marzo 14, 2025",image/jpeg
27054,manager-use-his-tablet-online-checking-products-available_484651-2792,manager-use-his-tablet-online-checking-products-available_484651-2792.jpg,"82 KB",,,,https://web.viaweb.net.ar/wp-content/uploads/2025/03/manager-use-his-tablet-online-checking-products-available_484651-2792.jpg,"marzo 14, 2025",image/jpeg
27053,"manager-use-his-tablet-online-checking-products-available_484651-2792 (1)",manager-use-his-tablet-online-checking-products-available_484651-2792-1.jpg,"82 KB",,,,https://web.viaweb.net.ar/wp-content/uploads/2025/03/manager-use-his-tablet-online-checking-products-available_484651-2792-1.jpg,"marzo 14, 2025",image/jpeg
27052,"very large Lyme disease bullseye appears on young mans leg",lyme-disease-bullseye-on-young-mans-leg.jpg,"29 KB","very large Lyme disease bullseye appears on young mans leg",,,https://web.viaweb.net.ar/wp-content/uploads/2025/03/lyme-disease-bullseye-on-young-mans-leg.jpg,"marzo 14, 2025",image/jpeg
27051,lyme-disease-borreliosis-or-borrelia-typical-lyme-rash-spot,lyme-disease-borreliosis-or-borrelia-typical-lyme-rash-spot.jpg,"39 KB","Lyme disease, Borreliosis or Borrelia, typical lyme rash, spot. A person, leg bitten by a deer tick. Selective focus.",,,https://web.viaweb.net.ar/wp-content/uploads/2025/03/lyme-disease-borreliosis-or-borrelia-typical-lyme-rash-spot.jpg,"marzo 14, 2025",image/jpeg
27050,"lyme-disease-borreliosis-or-borrelia-typical-lyme-rash-spot (1)",lyme-disease-borreliosis-or-borrelia-typical-lyme-rash-spot-1.jpg,"36 KB","Lyme disease, Borreliosis or Borrelia, typical lyme rash, spot. A person, leg bitten by a deer tick. Selective focus.",,,https://web.viaweb.net.ar/wp-content/uploads/2025/03/lyme-disease-borreliosis-or-borrelia-typical-lyme-rash-spot-1.jpg,"marzo 14, 2025",image/jpeg
27049,latin-brunette-girl-posing-indoor_344912-1383,latin-brunette-girl-posing-indoor_344912-1383.jpg,"54 KB",,,,https://web.viaweb.net.ar/wp-content/uploads/2025/03/latin-brunette-girl-posing-indoor_344912-1383.jpg,"marzo 14, 2025",image/jpeg
27048,"latin-brunette-girl-posing-indoor_344912-1383 (1)",latin-brunette-girl-posing-indoor_344912-1383-1.jpg,"54 KB",,,,https://web.viaweb.net.ar/wp-content/uploads/2025/03/latin-brunette-girl-posing-indoor_344912-1383-1.jpg,"marzo 14, 2025",image/jpeg
27047,ixodes-ricinus,ixodes-ricinus.jpg,"42 KB","Ixodes ricinus, the castor bean tick, is a chiefly European species of hard-bodied tick.",,,https://web.viaweb.net.ar/wp-content/uploads/2025/03/ixodes-ricinus.jpg,"marzo 14, 2025",image/jpeg
27046,group-happy-multiracial-businesspeople-discussing-together-office_1423-248,group-happy-multiracial-businesspeople-discussing-together-office_1423-248.jpg,"53 KB",,,,https://web.viaweb.net.ar/wp-content/uploads/2025/03/group-happy-multiracial-businesspeople-discussing-together-office_1423-248.jpg,"marzo 14, 2025",image/jpeg
27045,"group-happy-multiracial-businesspeople-discussing-together-office_1423-248 (1)",group-happy-multiracial-businesspeople-discussing-together-office_1423-248-1.jpg,"53 KB",,,,https://web.viaweb.net.ar/wp-content/uploads/2025/03/group-happy-multiracial-businesspeople-discussing-together-office_1423-248-1.jpg,"marzo 14, 2025",image/jpeg
27044,front-view-young-beautiful-businesswoman-working-her-pc-table-along-with-phone-graphics-writing-down-notes-job-activities-technology_140725-16299,front-view-young-beautiful-businesswoman-working-her-pc-table-along-with-phone-graphics-writing-down-notes-job-activities-technology_140725-16299.jpg,"51 KB",,,,https://web.viaweb.net.ar/wp-content/uploads/2025/03/front-view-young-beautiful-businesswoman-working-her-pc-table-along-with-phone-graphics-writing-down-notes-job-activities-technology_140725-16299.jpg,"marzo 14, 2025",image/jpeg
27043,"front-view-young-beautiful-businesswoman-working-her-pc-table-along-with-phone-graphics-writing-down-notes-job-activities-technology_140725-16299 (1)",front-view-young-beautiful-businesswoman-working-her-pc-table-along-with-phone-graphics-writing-down-notes-job-activities-technology_140725-16299-1.jpg,"51 KB",,,,https://web.viaweb.net.ar/wp-content/uploads/2025/03/front-view-young-beautiful-businesswoman-working-her-pc-table-along-with-phone-graphics-writing-down-notes-job-activities-technology_140725-16299-1.jpg,"marzo 14, 2025",image/jpeg
27042,front-view-woman-working-beer-factory_23-2150573959,front-view-woman-working-beer-factory_23-2150573959.jpg,"39 KB",,,,https://web.viaweb.net.ar/wp-content/uploads/2025/03/front-view-woman-working-beer-factory_23-2150573959.jpg,"marzo 14, 2025",image/jpeg
27041,"front-view-woman-working-beer-factory_23-2150573959 (1)",front-view-woman-working-beer-factory_23-2150573959-1.jpg,"39 KB",,,,https://web.viaweb.net.ar/wp-content/uploads/2025/03/front-view-woman-working-beer-factory_23-2150573959-1.jpg,"marzo 14, 2025",image/jpeg
27040,female-sound-engineer-studio-using-digital-tablet_107420-96160,female-sound-engineer-studio-using-digital-tablet_107420-96160.jpg,"54 KB",,,,https://web.viaweb.net.ar/wp-content/uploads/2025/03/female-sound-engineer-studio-using-digital-tablet_107420-96160.jpg,"marzo 14, 2025",image/jpeg
27039,"female-sound-engineer-studio-using-digital-tablet_107420-96160 (1)",female-sound-engineer-studio-using-digital-tablet_107420-96160-1.jpg,"54 KB",,,,https://web.viaweb.net.ar/wp-content/uploads/2025/03/female-sound-engineer-studio-using-digital-tablet_107420-96160-1.jpg,"marzo 14, 2025",image/jpeg
27038,female-male-collegues-working-office_1303-17929,female-male-collegues-working-office_1303-17929.jpg,"47 KB",,,,https://web.viaweb.net.ar/wp-content/uploads/2025/03/female-male-collegues-working-office_1303-17929.jpg,"marzo 14, 2025",image/jpeg
27037,"female-male-collegues-working-office_1303-17929 (1)",female-male-collegues-working-office_1303-17929-1.jpg,"47 KB",,,,https://web.viaweb.net.ar/wp-content/uploads/2025/03/female-male-collegues-working-office_1303-17929-1.jpg,"marzo 14, 2025",image/jpeg
27036,enthusiastic-asian-girl-cafe-uniform-barista-worker-with-laptop-looking-happy-surprised_1258-199450,enthusiastic-asian-girl-cafe-uniform-barista-worker-with-laptop-looking-happy-surprised_1258-199450.jpg,"38 KB",,,,https://web.viaweb.net.ar/wp-content/uploads/2025/03/enthusiastic-asian-girl-cafe-uniform-barista-worker-with-laptop-looking-happy-surprised_1258-199450.jpg,"marzo 14, 2025",image/jpeg
27035,"enthusiastic-asian-girl-cafe-uniform-barista-worker-with-laptop-looking-happy-surprised_1258-199450 (1)",enthusiastic-asian-girl-cafe-uniform-barista-worker-with-laptop-looking-happy-surprised_1258-199450-1.jpg,"38 KB",,,,https://web.viaweb.net.ar/wp-content/uploads/2025/03/enthusiastic-asian-girl-cafe-uniform-barista-worker-with-laptop-looking-happy-surprised_1258-199450-1.jpg,"marzo 14, 2025",image/jpeg
27034,due-economic-crisis-falling-sales-revenue-shortfalls-small-businesses-owner-is-facing-increased-work-pressure-about-ongoing-need-cash-which-causes-worry-concern-confusion_757350-5,due-economic-crisis-falling-sales-revenue-shortfalls-small-businesses-owner-is-facing-increased-work-pressure-about-ongoing-need-cash-which-causes-worry-concern-confusion_757350-5.jpg,"47 KB",,,,https://web.viaweb.net.ar/wp-content/uploads/2025/03/due-economic-crisis-falling-sales-revenue-shortfalls-small-businesses-owner-is-facing-increased-work-pressure-about-ongoing-need-cash-which-causes-worry-concern-confusion_757350-5.jpg,"marzo 14, 2025",image/jpeg
27033,"due-economic-crisis-falling-sales-revenue-shortfalls-small-businesses-owner-is-facing-increased-work-pressure-about-ongoing-need-cash-which-causes-worry-concern-confusion_757350-5 (1)",due-economic-crisis-falling-sales-revenue-shortfalls-small-businesses-owner-is-facing-increased-work-pressure-about-ongoing-need-cash-which-causes-worry-concern-confusion_757350-5-1.jpg,"47 KB",,,,https://web.viaweb.net.ar/wp-content/uploads/2025/03/due-economic-crisis-falling-sales-revenue-shortfalls-small-businesses-owner-is-facing-increased-work-pressure-about-ongoing-need-cash-which-causes-worry-concern-confusion_757350-5-1.jpg,"marzo 14, 2025",image/jpeg
27032,dangerous-deer-tick-and-small-child-legs-in-summer-shoes-on-a-grass-ixodes-ricinus,dangerous-deer-tick-and-small-child-legs-in-summer-shoes-on-a-grass-ixodes-ricinus.jpg,"38 KB","Parasite hidden on a green leaf detail and little girl foots in sandals on a lawn in a natural park. Tick-borne diseases prevention",,,https://web.viaweb.net.ar/wp-content/uploads/2025/03/dangerous-deer-tick-and-small-child-legs-in-summer-shoes-on-a-grass-ixodes-ricinus.jpg,"marzo 14, 2025",image/jpeg
27031,craftswoman-stands-pottery-room-with-laptop-her-hands_447912-8023,craftswoman-stands-pottery-room-with-laptop-her-hands_447912-8023.jpg,"68 KB",,,,https://web.viaweb.net.ar/wp-content/uploads/2025/03/craftswoman-stands-pottery-room-with-laptop-her-hands_447912-8023.jpg,"marzo 14, 2025",image/jpeg
27030,"craftswoman-stands-pottery-room-with-laptop-her-hands_447912-8023 (1)",craftswoman-stands-pottery-room-with-laptop-her-hands_447912-8023-1.jpg,"68 KB",,,,https://web.viaweb.net.ar/wp-content/uploads/2025/03/craftswoman-stands-pottery-room-with-laptop-her-hands_447912-8023-1.jpg,"marzo 14, 2025",image/jpeg
27029,contemporary-worker_236854-7635,contemporary-worker_236854-7635.jpg,"47 KB",,,,https://web.viaweb.net.ar/wp-content/uploads/2025/03/contemporary-worker_236854-7635.jpg,"marzo 14, 2025",image/jpeg
27028,"contemporary-worker_236854-7635 (1)",contemporary-worker_236854-7635-1.jpg,"47 KB",,,,https://web.viaweb.net.ar/wp-content/uploads/2025/03/contemporary-worker_236854-7635-1.jpg,"marzo 14, 2025",image/jpeg
27027,coffee-business-concept-beautiful-caucasian-bartender-barista-manager-working-planing-laptop-modern-coffee-shop_1258-548,coffee-business-concept-beautiful-caucasian-bartender-barista-manager-working-planing-laptop-modern-coffee-shop_1258-548.jpg,"54 KB",,,,https://web.viaweb.net.ar/wp-content/uploads/2025/03/coffee-business-concept-beautiful-caucasian-bartender-barista-manager-working-planing-laptop-modern-coffee-shop_1258-548.jpg,"marzo 14, 2025",image/jpeg
27026,"coffee-business-concept-beautiful-caucasian-bartender-barista-manager-working-planing-laptop-modern-coffee-shop_1258-548 (1)",coffee-business-concept-beautiful-caucasian-bartender-barista-manager-working-planing-laptop-modern-coffee-shop_1258-548-1.jpg,"54 KB",,,,https://web.viaweb.net.ar/wp-content/uploads/2025/03/coffee-business-concept-beautiful-caucasian-bartender-barista-manager-working-planing-laptop-modern-coffee-shop_1258-548-1.jpg,"marzo 14, 2025",image/jpeg
27025,"Close-up of Tick Reaching For Human Leg Passing By in Forest.",close-up-of-tick-reaching-for-human-leg-passing-by-in-forest.jpg,"22 KB","Close-up of Tick Reaching For Human Leg Passing By in Forest.",,,https://web.viaweb.net.ar/wp-content/uploads/2025/03/close-up-of-tick-reaching-for-human-leg-passing-by-in-forest.jpg,"marzo 14, 2025",image/jpeg
27024,clients-assisted-by-salesman-eco-store_482257-76097,clients-assisted-by-salesman-eco-store_482257-76097.jpg,"57 KB",,,,https://web.viaweb.net.ar/wp-content/uploads/2025/03/clients-assisted-by-salesman-eco-store_482257-76097.jpg,"marzo 14, 2025",image/jpeg
27023,"clients-assisted-by-salesman-eco-store_482257-76097 (1)",clients-assisted-by-salesman-eco-store_482257-76097-1.jpg,"57 KB",,,,https://web.viaweb.net.ar/wp-content/uploads/2025/03/clients-assisted-by-salesman-eco-store_482257-76097-1.jpg,"marzo 14, 2025",image/jpeg
27022,cheerful-successful-middle-aged-manager-businessman-holding-tablet-computer-large-warehouse-organizing-distribution_342744-1494,cheerful-successful-middle-aged-manager-businessman-holding-tablet-computer-large-warehouse-organizing-distribution_342744-1494.jpg,"60 KB",,,,https://web.viaweb.net.ar/wp-content/uploads/2025/03/cheerful-successful-middle-aged-manager-businessman-holding-tablet-computer-large-warehouse-organizing-distribution_342744-1494.jpg,"marzo 14, 2025",image/jpeg
27021,"cheerful-successful-middle-aged-manager-businessman-holding-tablet-computer-large-warehouse-organizing-distribution_342744-1494 (2)",cheerful-successful-middle-aged-manager-businessman-holding-tablet-computer-large-warehouse-organizing-distribution_342744-1494-2.jpg,"60 KB",,,,https://web.viaweb.net.ar/wp-content/uploads/2025/03/cheerful-successful-middle-aged-manager-businessman-holding-tablet-computer-large-warehouse-organizing-distribution_342744-1494-2.jpg,"marzo 14, 2025",image/jpeg
27020,"cheerful-successful-middle-aged-manager-businessman-holding-tablet-computer-large-warehouse-organizing-distribution_342744-1494 (1)",cheerful-successful-middle-aged-manager-businessman-holding-tablet-computer-large-warehouse-organizing-distribution_342744-1494-1.jpg,"60 KB",,,,https://web.viaweb.net.ar/wp-content/uploads/2025/03/cheerful-successful-middle-aged-manager-businessman-holding-tablet-computer-large-warehouse-organizing-distribution_342744-1494-1.jpg,"marzo 14, 2025",image/jpeg
27019,carpenter-meeting-with-client-shaking-hands-talking-about-commission_482257-93675,carpenter-meeting-with-client-shaking-hands-talking-about-commission_482257-93675.jpg,"49 KB",,,,https://web.viaweb.net.ar/wp-content/uploads/2025/03/carpenter-meeting-with-client-shaking-hands-talking-about-commission_482257-93675.jpg,"marzo 14, 2025",image/jpeg
27018,"carpenter-meeting-with-client-shaking-hands-talking-about-commission_482257-93675 (2)",carpenter-meeting-with-client-shaking-hands-talking-about-commission_482257-93675-2.jpg,"49 KB",,,,https://web.viaweb.net.ar/wp-content/uploads/2025/03/carpenter-meeting-with-client-shaking-hands-talking-about-commission_482257-93675-2.jpg,"marzo 14, 2025",image/jpeg
27017,"carpenter-meeting-with-client-shaking-hands-talking-about-commission_482257-93675 (1)",carpenter-meeting-with-client-shaking-hands-talking-about-commission_482257-93675-1.jpg,"49 KB",,,,https://web.viaweb.net.ar/wp-content/uploads/2025/03/carpenter-meeting-with-client-shaking-hands-talking-about-commission_482257-93675-1.jpg,"marzo 14, 2025",image/jpeg
27016,businesswoman-working-desk-warehouse_1218270-3972,businesswoman-working-desk-warehouse_1218270-3972.jpg,"58 KB",,,,https://web.viaweb.net.ar/wp-content/uploads/2025/03/businesswoman-working-desk-warehouse_1218270-3972.jpg,"marzo 14, 2025",image/jpeg
27015,"businesswoman-working-desk-warehouse_1218270-3972 (1)",businesswoman-working-desk-warehouse_1218270-3972-1.jpg,"58 KB",,,,https://web.viaweb.net.ar/wp-content/uploads/2025/03/businesswoman-working-desk-warehouse_1218270-3972-1.jpg,"marzo 14, 2025",image/jpeg
27014,businesswoman-working-desk-warehouse_625516-1172,businesswoman-working-desk-warehouse_625516-1172.jpg,"71 KB",,,,https://web.viaweb.net.ar/wp-content/uploads/2025/03/businesswoman-working-desk-warehouse_625516-1172.jpg,"marzo 14, 2025",image/jpeg
27013,"businesswoman-working-desk-warehouse_625516-1172 (1)",businesswoman-working-desk-warehouse_625516-1172-1.jpg,"71 KB",,,,https://web.viaweb.net.ar/wp-content/uploads/2025/03/businesswoman-working-desk-warehouse_625516-1172-1.jpg,"marzo 14, 2025",image/jpeg
27012,businesswoman-with-laptop-working-warehouse_774935-2271,businesswoman-with-laptop-working-warehouse_774935-2271.jpg,"57 KB",,,,https://web.viaweb.net.ar/wp-content/uploads/2025/03/businesswoman-with-laptop-working-warehouse_774935-2271.jpg,"marzo 14, 2025",image/jpeg
27011,"businesswoman-with-laptop-working-warehouse_774935-2271 (1)",businesswoman-with-laptop-working-warehouse_774935-2271-1.jpg,"57 KB",,,,https://web.viaweb.net.ar/wp-content/uploads/2025/03/businesswoman-with-laptop-working-warehouse_774935-2271-1.jpg,"marzo 14, 2025",image/jpeg
27010,businesswoman-eating-tasty-sandwich-having-meal-break-working-business-company-office-takeout-lunchbreak_482257-2136,businesswoman-eating-tasty-sandwich-having-meal-break-working-business-company-office-takeout-lunchbreak_482257-2136.jpg,"54 KB",,,,https://web.viaweb.net.ar/wp-content/uploads/2025/03/businesswoman-eating-tasty-sandwich-having-meal-break-working-business-company-office-takeout-lunchbreak_482257-2136.jpg,"marzo 14, 2025",image/jpeg
27009,"businesswoman-eating-tasty-sandwich-having-meal-break-working-business-company-office-takeout-lunchbreak_482257-2136 (1)",businesswoman-eating-tasty-sandwich-having-meal-break-working-business-company-office-takeout-lunchbreak_482257-2136-1.jpg,"54 KB",,,,https://web.viaweb.net.ar/wp-content/uploads/2025/03/businesswoman-eating-tasty-sandwich-having-meal-break-working-business-company-office-takeout-lunchbreak_482257-2136-1.jpg,"marzo 14, 2025",image/jpeg
27008,businesspeople-working-finance-accounting-analyze-financi_74952-1411,businesspeople-working-finance-accounting-analyze-financi_74952-1411.jpg,"70 KB",,,,https://web.viaweb.net.ar/wp-content/uploads/2025/03/businesspeople-working-finance-accounting-analyze-financi_74952-1411.jpg,"marzo 14, 2025",image/jpeg
27007,"businesspeople-working-finance-accounting-analyze-financi_74952-1411 (2)",businesspeople-working-finance-accounting-analyze-financi_74952-1411-2.jpg,"70 KB",,,,https://web.viaweb.net.ar/wp-content/uploads/2025/03/businesspeople-working-finance-accounting-analyze-financi_74952-1411-2.jpg,"marzo 14, 2025",image/jpeg
27006,"businesspeople-working-finance-accounting-analyze-financi_74952-1411 (1)",businesspeople-working-finance-accounting-analyze-financi_74952-1411-1.jpg,"70 KB",,,,https://web.viaweb.net.ar/wp-content/uploads/2025/03/businesspeople-working-finance-accounting-analyze-financi_74952-1411-1.jpg,"marzo 14, 2025",image/jpeg
27005,businessman-working-desk-warehouse_625516-1126,businessman-working-desk-warehouse_625516-1126.jpg,"80 KB",,,,https://web.viaweb.net.ar/wp-content/uploads/2025/03/businessman-working-desk-warehouse_625516-1126.jpg,"marzo 14, 2025",image/jpeg
27004,"businessman-working-desk-warehouse_625516-1126 (1)",businessman-working-desk-warehouse_625516-1126-1.jpg,"80 KB",,,,https://web.viaweb.net.ar/wp-content/uploads/2025/03/businessman-working-desk-warehouse_625516-1126-1.jpg,"marzo 14, 2025",image/jpeg
27003,brainstorming-workshop_1098-15937,brainstorming-workshop_1098-15937.jpg,"52 KB",,,,https://web.viaweb.net.ar/wp-content/uploads/2025/03/brainstorming-workshop_1098-15937.jpg,"marzo 14, 2025",image/jpeg
27002,"brainstorming-workshop_1098-15937 (1)",brainstorming-workshop_1098-15937-1.jpg,"52 KB",,,,https://web.viaweb.net.ar/wp-content/uploads/2025/03/brainstorming-workshop_1098-15937-1.jpg,"marzo 14, 2025",image/jpeg
27001,beautiful-freelancer-stock-broker-signing-business-deal-her-work-desk-successful-businesswoman-reading-work-contract_662251-777,beautiful-freelancer-stock-broker-signing-business-deal-her-work-desk-successful-businesswoman-reading-work-contract_662251-777.jpg,"55 KB",,,,https://web.viaweb.net.ar/wp-content/uploads/2025/03/beautiful-freelancer-stock-broker-signing-business-deal-her-work-desk-successful-businesswoman-reading-work-contract_662251-777.jpg,"marzo 14, 2025",image/jpeg
27000,"beautiful-freelancer-stock-broker-signing-business-deal-her-work-desk-successful-businesswoman-reading-work-contract_662251-777 (1)",beautiful-freelancer-stock-broker-signing-business-deal-her-work-desk-successful-businesswoman-reading-work-contract_662251-777-1.jpg,"55 KB",,,,https://web.viaweb.net.ar/wp-content/uploads/2025/03/beautiful-freelancer-stock-broker-signing-business-deal-her-work-desk-successful-businesswoman-reading-work-contract_662251-777-1.jpg,"marzo 14, 2025",image/jpeg
26999,african-american-distribution-warehouse-worker-arm-scanning-box-code_482257-77690,african-american-distribution-warehouse-worker-arm-scanning-box-code_482257-77690.jpg,"37 KB",,,,https://web.viaweb.net.ar/wp-content/uploads/2025/03/african-american-distribution-warehouse-worker-arm-scanning-box-code_482257-77690.jpg,"marzo 14, 2025",image/jpeg
26998,"african-american-distribution-warehouse-worker-arm-scanning-box-code_482257-77690 (1)",african-american-distribution-warehouse-worker-arm-scanning-box-code_482257-77690-1.jpg,"37 KB",,,,https://web.viaweb.net.ar/wp-content/uploads/2025/03/african-american-distribution-warehouse-worker-arm-scanning-box-code_482257-77690-1.jpg,"marzo 14, 2025",image/jpeg
26997,zero-waste-store-vendor-sells-food_482257-76257,zero-waste-store-vendor-sells-food_482257-76257.jpg,"65 KB",,,,https://web.viaweb.net.ar/wp-content/uploads/2025/03/zero-waste-store-vendor-sells-food_482257-76257.jpg,"marzo 14, 2025",image/jpeg
26996,"zero-waste-store-vendor-sells-food_482257-76257 (1)",zero-waste-store-vendor-sells-food_482257-76257-1.jpg,"65 KB",,,,https://web.viaweb.net.ar/wp-content/uploads/2025/03/zero-waste-store-vendor-sells-food_482257-76257-1.jpg,"marzo 14, 2025",image/jpeg
26995,young-serious-female-clerk-making-notes-copybook-while-counting-profit_274679-43670,young-serious-female-clerk-making-notes-copybook-while-counting-profit_274679-43670.jpg,"72 KB",,,,https://web.viaweb.net.ar/wp-content/uploads/2025/03/young-serious-female-clerk-making-notes-copybook-while-counting-profit_274679-43670.jpg,"marzo 14, 2025",image/jpeg
26994,"young-serious-female-clerk-making-notes-copybook-while-counting-profit_274679-43670 (1)",young-serious-female-clerk-making-notes-copybook-while-counting-profit_274679-43670-1.jpg,"72 KB",,,,https://web.viaweb.net.ar/wp-content/uploads/2025/03/young-serious-female-clerk-making-notes-copybook-while-counting-profit_274679-43670-1.jpg,"marzo 14, 2025",image/jpeg
26993,young-female-focused-worker-sterile-cloths-is-checking-charts-from-her-folder-while-standing-near-boxes-factory-storage-area-counting-them_232070-518,young-female-focused-worker-sterile-cloths-is-checking-charts-from-her-folder-while-standing-near-boxes-factory-storage-area-counting-them_232070-518.jpg,"38 KB",,,,https://web.viaweb.net.ar/wp-content/uploads/2025/03/young-female-focused-worker-sterile-cloths-is-checking-charts-from-her-folder-while-standing-near-boxes-factory-storage-area-counting-them_232070-518.jpg,"marzo 14, 2025",image/jpeg
26992,"young-female-focused-worker-sterile-cloths-is-checking-charts-from-her-folder-while-standing-near-boxes-factory-storage-area-counting-them_232070-518 (1)",young-female-focused-worker-sterile-cloths-is-checking-charts-from-her-folder-while-standing-near-boxes-factory-storage-area-counting-them_232070-518-1.jpg,"38 KB",,,,https://web.viaweb.net.ar/wp-content/uploads/2025/03/young-female-focused-worker-sterile-cloths-is-checking-charts-from-her-folder-while-standing-near-boxes-factory-storage-area-counting-them_232070-518-1.jpg,"marzo 14, 2025",image/jpeg
26991,young-attractive-girls-electronics-store-use-laptop-exhibition_78826-3428,young-attractive-girls-electronics-store-use-laptop-exhibition_78826-3428.jpg,"48 KB",,,,https://web.viaweb.net.ar/wp-content/uploads/2025/03/young-attractive-girls-electronics-store-use-laptop-exhibition_78826-3428.jpg,"marzo 14, 2025",image/jpeg
26990,"young-attractive-girls-electronics-store-use-laptop-exhibition_78826-3428 (1)",young-attractive-girls-electronics-store-use-laptop-exhibition_78826-3428-1.jpg,"48 KB",,,,https://web.viaweb.net.ar/wp-content/uploads/2025/03/young-attractive-girls-electronics-store-use-laptop-exhibition_78826-3428-1.jpg,"marzo 14, 2025",image/jpeg
26989,young-attractive-girls-electronics-shop-testing-phones-shop-window-concept-buying-gadgets_78826-3137,young-attractive-girls-electronics-shop-testing-phones-shop-window-concept-buying-gadgets_78826-3137.jpg,"42 KB",,,,https://web.viaweb.net.ar/wp-content/uploads/2025/03/young-attractive-girls-electronics-shop-testing-phones-shop-window-concept-buying-gadgets_78826-3137.jpg,"marzo 14, 2025",image/jpeg
26988,"young-attractive-girls-electronics-shop-testing-phones-shop-window-concept-buying-gadgets_78826-3137 (1)",young-attractive-girls-electronics-shop-testing-phones-shop-window-concept-buying-gadgets_78826-3137-1.jpg,"42 KB",,,,https://web.viaweb.net.ar/wp-content/uploads/2025/03/young-attractive-girls-electronics-shop-testing-phones-shop-window-concept-buying-gadgets_78826-3137-1.jpg,"marzo 14, 2025",image/jpeg
26987,young-asian-logistics-manager-analyzing-goods-supply-laptop-warehouse-worker-doing-inventory-management-computer-while-sitting-desk-with-close-up-selective-focus-hand_482257-71303,young-asian-logistics-manager-analyzing-goods-supply-laptop-warehouse-worker-doing-inventory-management-computer-while-sitting-desk-with-close-up-selective-focus-hand_482257-71303.jpg,"39 KB",,,,https://web.viaweb.net.ar/wp-content/uploads/2025/03/young-asian-logistics-manager-analyzing-goods-supply-laptop-warehouse-worker-doing-inventory-management-computer-while-sitting-desk-with-close-up-selective-focus-hand_482257-71303.jpg,"marzo 14, 2025",image/jpeg
26986,"young-asian-logistics-manager-analyzing-goods-supply-laptop-warehouse-worker-doing-inventory-management-computer-while-sitting-desk-with-close-up-selective-focus-hand_482257-71303 (2)",young-asian-logistics-manager-analyzing-goods-supply-laptop-warehouse-worker-doing-inventory-management-computer-while-sitting-desk-with-close-up-selective-focus-hand_482257-71303-2.jpg,"39 KB",,,,https://web.viaweb.net.ar/wp-content/uploads/2025/03/young-asian-logistics-manager-analyzing-goods-supply-laptop-warehouse-worker-doing-inventory-management-computer-while-sitting-desk-with-close-up-selective-focus-hand_482257-71303-2.jpg,"marzo 14, 2025",image/jpeg
26985,"young-asian-logistics-manager-analyzing-goods-supply-laptop-warehouse-worker-doing-inventory-management-computer-while-sitting-desk-with-close-up-selective-focus-hand_482257-71303 (1)",young-asian-logistics-manager-analyzing-goods-supply-laptop-warehouse-worker-doing-inventory-management-computer-while-sitting-desk-with-close-up-selective-focus-hand_482257-71303-1.jpg,"39 KB",,,,https://web.viaweb.net.ar/wp-content/uploads/2025/03/young-asian-logistics-manager-analyzing-goods-supply-laptop-warehouse-worker-doing-inventory-management-computer-while-sitting-desk-with-close-up-selective-focus-hand_482257-71303-1.jpg,"marzo 14, 2025",image/jpeg
26984,woman-working-warehouse_23-2148923071,woman-working-warehouse_23-2148923071.jpg,"71 KB",,,,https://web.viaweb.net.ar/wp-content/uploads/2025/03/woman-working-warehouse_23-2148923071.jpg,"marzo 14, 2025",image/jpeg
25190,"wc-product-export-1-2-2025-1738421869099 &#8211; wc-product-export-1-2-2025-1738421869099 (3)",wc-product-export-1-2-2025-1738421869099-wc-product-export-1-2-2025-1738421869099-3.csv,"680 KB","wc-product-export-1-2-2025-1738421869099 - wc-product-export-1-2-2025-1738421869099 (3)",,,https://web.viaweb.net.ar/wp-content/uploads/2025/02/wc-product-export-1-2-2025-1738421869099-wc-product-export-1-2-2025-1738421869099-3.csv,"febrero 3, 2025",text/csv
25189,"wc-product-export-1-2-2025-1738421869099 &#8211; combined",wc-product-export-1-2-2025-1738421869099-combined.csv,"453 KB","wc-product-export-1-2-2025-1738421869099 - combined",,,https://web.viaweb.net.ar/wp-content/uploads/2025/02/wc-product-export-1-2-2025-1738421869099-combined.csv,"febrero 3, 2025",text/csv
25154,logo-head,logo-head-png.avif,"6 KB","terbay propiedades - facundo terbay dueño",,,https://web.viaweb.net.ar/wp-content/uploads/2025/01/logo-head-png.avif,"enero 31, 2025",image/png
25140,Camaras-3,Camaras-3.webp,"8 KB",,,,https://web.viaweb.net.ar/wp-content/uploads/2025/01/Camaras-3.webp,"enero 31, 2025",image/webp
25139,predis-logo,predis-logo.svg,"12 KB",,,,https://web.viaweb.net.ar/wp-content/uploads/2025/01/predis-logo.svg,"enero 31, 2025",image/svg+xml
25138,woocommerce,woocommerce-png.avif,"17 KB",,,,https://web.viaweb.net.ar/wp-content/uploads/2025/01/woocommerce-png.avif,"enero 31, 2025",image/png
25137,WordPress,WordPress-png.avif,"47 KB",,,,https://web.viaweb.net.ar/wp-content/uploads/2025/01/WordPress-png.avif,"enero 31, 2025",image/png
25136,trans_logo_dolibarr,trans_logo_dolibarr-png.avif,"13 KB",,,,https://web.viaweb.net.ar/wp-content/uploads/2025/01/trans_logo_dolibarr-png.avif,"enero 31, 2025",image/png
25135,Zapier_logo.svg,Zapier_logo.svg-png.avif,"20 KB",,,,https://web.viaweb.net.ar/wp-content/uploads/2025/01/Zapier_logo.svg-png.avif,"enero 31, 2025",image/png
25134,descarga,descarga-png.avif,"0 B",,,,https://web.viaweb.net.ar/wp-content/uploads/2025/01/descarga-png.avif,"enero 31, 2025",image/png
25118,Logo_header-horizontal,Logo_header-horizontal-1-png.avif,"50 KB",,,,https://web.viaweb.net.ar/wp-content/uploads/2025/01/Logo_header-horizontal-1-png.avif,"enero 31, 2025",image/png
25117,Logo_header-horizontal,Logo_header-horizontal-png.avif,"50 KB",,,,https://web.viaweb.net.ar/wp-content/uploads/2025/01/Logo_header-horizontal-png.avif,"enero 31, 2025",image/png
25116,logocabarcosfondoblanco,logocabarcosfondoblanco-png.avif,"8 KB","cabarcos motores daniel martinez - socio gerente",,,https://web.viaweb.net.ar/wp-content/uploads/2025/01/logocabarcosfondoblanco-png.avif,"enero 31, 2025",image/png
25115,Logo-Natan2-1024&#215;375,Logo-Natan2-1024x375-1-png.avif,"11 KB","natan motos - alvaro vazquez , dueño",,,https://web.viaweb.net.ar/wp-content/uploads/2025/01/Logo-Natan2-1024x375-1-png.avif,"enero 31, 2025",image/png
25114,Morgado_Logo,Morgado_Logo-png.avif,"8 KB","morgado hogar, lorena yañez - marketing",,,https://web.viaweb.net.ar/wp-content/uploads/2025/01/Morgado_Logo-png.avif,"enero 31, 2025",image/png
25113,LOGO_INTEGRA_2024_BLANCO,LOGO_INTEGRA_2024_BLANCO-png.avif,"0 B","inmobiliaria estudio integra - damian neira, socio gerente",,,https://web.viaweb.net.ar/wp-content/uploads/2025/01/LOGO_INTEGRA_2024_BLANCO-png.avif,"enero 31, 2025",image/png
25111,logo_sia-omo0plaz6sgw9qpsm20xzftgrvqn0ekbaxnw06rcw0,logo_sia-omo0plaz6sgw9qpsm20xzftgrvqn0ekbaxnw06rcw0.webp,"16 KB","sia construcciones - juan urdinez - ceo",,,https://web.viaweb.net.ar/wp-content/uploads/2025/01/logo_sia-omo0plaz6sgw9qpsm20xzftgrvqn0ekbaxnw06rcw0.webp,"enero 31, 2025",image/webp
25110,Screenshot,Screenshot-png.avif,"2 KB","oscar de piano - edilicias srl - ceo",,,https://web.viaweb.net.ar/wp-content/uploads/2025/01/Screenshot-png.avif,"enero 31, 2025",image/png
25109,Logo-Crecemos-Juntos-borde-blanco-1024&#215;1024,Logo-Crecemos-Juntos-borde-blanco-1024x1024-1-png.avif,"46 KB",,,,https://web.viaweb.net.ar/wp-content/uploads/2025/01/Logo-Crecemos-Juntos-borde-blanco-1024x1024-1-png.avif,"enero 31, 2025",image/png
25108,SCTPATAGONIALOGO,SCTPATAGONIALOGO-png.avif,"0 B",,,,https://web.viaweb.net.ar/wp-content/uploads/2025/01/SCTPATAGONIALOGO-png.avif,"enero 31, 2025",image/png
25107,440758034_935589788569426_4258097907368051733_n-removebg-preview-1-2,440758034_935589788569426_4258097907368051733_n-removebg-preview-1-2-png.avif,"8 KB","german van der braver - socio gerente - motocenter pro boxes",,,https://web.viaweb.net.ar/wp-content/uploads/2025/01/440758034_935589788569426_4258097907368051733_n-removebg-preview-1-2-png.avif,"enero 31, 2025",image/png
24854,images-removebg-preview,images-removebg-preview-png.avif,"14 KB",,,,https://web.viaweb.net.ar/wp-content/uploads/2025/01/images-removebg-preview-png.avif,"enero 26, 2025",image/png
24853,vultr-removebg-preview,vultr-removebg-preview-png.avif,"9 KB",,,,https://web.viaweb.net.ar/wp-content/uploads/2025/01/vultr-removebg-preview-png.avif,"enero 26, 2025",image/png
24852,wiroos-removebg-preview,wiroos-removebg-preview-png.avif,"8 KB",,,,https://web.viaweb.net.ar/wp-content/uploads/2025/01/wiroos-removebg-preview-png.avif,"enero 26, 2025",image/png
24850,images,images-png.avif,"0 B",,,,https://web.viaweb.net.ar/wp-content/uploads/2025/01/images-png.avif,"enero 26, 2025",image/png
24849,wiroos,wiroos-png.avif,"4 KB",,,,https://web.viaweb.net.ar/wp-content/uploads/2025/01/wiroos-png.avif,"enero 26, 2025",image/png
24848,vultr,vultr-png.avif,"4 KB",,,,https://web.viaweb.net.ar/wp-content/uploads/2025/01/vultr-png.avif,"enero 26, 2025",image/png
24844,"small group of architects and builders",small-group-of-people-working-in-an-office.avif,"34 KB","small group of architects and builders",,,https://web.viaweb.net.ar/wp-content/uploads/2025/01/small-group-of-people-working-in-an-office.avif,"enero 25, 2025",image/jpeg
24843,slow-motion-video-of-two-women-working-together-with-a-lapto,slow-motion-video-of-two-women-working-together-with-a-lapto.avif,"33 KB","Slow motion video of two women working together with a laptop in a modern coworking space while a young adult man is using his smartphone. They are sitting on a sofa. Hispanic and afro ethnicities.",,,https://web.viaweb.net.ar/wp-content/uploads/2025/01/slow-motion-video-of-two-women-working-together-with-a-lapto.avif,"enero 25, 2025",image/jpeg
24842,"large (8)",large-8.avif,"47 KB",,,,https://web.viaweb.net.ar/wp-content/uploads/2025/01/large-8.avif,"enero 25, 2025",image/jpeg
24841,business-people-examining-graphs-on-digital-tablet,business-people-examining-graphs-on-digital-tablet.avif,"22 KB","Businesswoman discussing with coworker over digital tablet. Professionals are analyzing graphs in meeting. They are working at office.",,,https://web.viaweb.net.ar/wp-content/uploads/2025/01/business-people-examining-graphs-on-digital-tablet.avif,"enero 25, 2025",image/jpeg
24840,white-collar-workers-sharing-ideas-while-holding-digital-tab,white-collar-workers-sharing-ideas-while-holding-digital-tab.avif,"14 KB","Close-up portrait of latin businessmen and businesswomen sharing ideas while talking to each other over digital tablet and notepad during meeting at office",,,https://web.viaweb.net.ar/wp-content/uploads/2025/01/white-collar-workers-sharing-ideas-while-holding-digital-tab.avif,"enero 25, 2025",image/jpeg
24539,brooke-cagle-QLEu_4Xj-fk-unsplash-edited,brooke-cagle-QLEu_4Xj-fk-unsplash-edited.avif,"84 KB",,,,https://web.viaweb.net.ar/wp-content/uploads/2025/01/brooke-cagle-QLEu_4Xj-fk-unsplash-edited.avif,"enero 4, 2025",image/jpeg
24530,Animated_Mockup-1024&#215;768-1,Animated_Mockup-1024x768-1-png.avif,"48 KB",,,,https://web.viaweb.net.ar/wp-content/uploads/2025/01/Animated_Mockup-1024x768-1-png.avif,"enero 4, 2025",image/png
24521,surface-WwnGA0kpGC8-unsplash,surface-WwnGA0kpGC8-unsplash.jpg,"93 KB",,,,https://web.viaweb.net.ar/wp-content/uploads/2025/01/surface-WwnGA0kpGC8-unsplash.jpg,"enero 4, 2025",image/jpeg
24520,surface-wIgQqekgK7Q-unsplash,surface-wIgQqekgK7Q-unsplash.jpg,"90 KB",,,,https://web.viaweb.net.ar/wp-content/uploads/2025/01/surface-wIgQqekgK7Q-unsplash.jpg,"enero 4, 2025",image/jpeg
24519,surface-hcJ713eJ0Oc-unsplash,surface-hcJ713eJ0Oc-unsplash.jpg,"69 KB",,,,https://web.viaweb.net.ar/wp-content/uploads/2025/01/surface-hcJ713eJ0Oc-unsplash.jpg,"enero 4, 2025",image/jpeg
24437,export-1,export-1.txt,"92 KB",export-1,,,https://web.viaweb.net.ar/wp-content/uploads/2025/01/export-1.txt,"enero 4, 2025",text/plain
24436,export-1,export-1-1.csv,"92 KB",export-1,,,https://web.viaweb.net.ar/wp-content/uploads/2025/01/export-1-1.csv,"enero 4, 2025",text/csv
24435,"export (1)",export-1.csv,"92 KB","export (1)",,,https://web.viaweb.net.ar/wp-content/uploads/2025/01/export-1.csv,"enero 4, 2025",text/csv
24434,wc-product-export-4-1-2025-1735967476743,wc-product-export-4-1-2025-1735967476743.pdf,"995 KB",wc-product-export-4-1-2025-1735967476743,,,https://web.viaweb.net.ar/wp-content/uploads/2025/01/wc-product-export-4-1-2025-1735967476743.pdf,"enero 4, 2025",application/pdf
24012,flatsome-onboarding-placeholder-3-1,flatsome-onboarding-placeholder-3-1.png,"148 KB",,,,https://web.viaweb.net.ar/wp-content/uploads/2025/01/flatsome-onboarding-placeholder-3-1.png,"enero 1, 2025",image/png
24011,flatsome-onboarding-placeholder-2-1,flatsome-onboarding-placeholder-2-1.png,"126 KB",,,,https://web.viaweb.net.ar/wp-content/uploads/2025/01/flatsome-onboarding-placeholder-2-1.png,"enero 1, 2025",image/png
24010,flatsome-onboarding-placeholder-1-1,flatsome-onboarding-placeholder-1-1.png,"179 KB",,,,https://web.viaweb.net.ar/wp-content/uploads/2025/01/flatsome-onboarding-placeholder-1-1.png,"enero 1, 2025",image/png
24006,charles-deluvio-6g7K1idhMJw-unsplash-edited,charles-deluvio-6g7K1idhMJw-unsplash-edited.jpg,"50 KB",,,,https://web.viaweb.net.ar/wp-content/uploads/2025/01/charles-deluvio-6g7K1idhMJw-unsplash-edited.jpg,"enero 1, 2025",image/jpeg
23999,gaelle-marcel-Ld6bx4-axwo-unsplash,gaelle-marcel-Ld6bx4-axwo-unsplash.jpg,"95 KB",,,,https://web.viaweb.net.ar/wp-content/uploads/2025/01/gaelle-marcel-Ld6bx4-axwo-unsplash.jpg,"enero 1, 2025",image/jpeg
22955,jjjj,jjjj.txt,"4 KB",jjjj,,,https://web.viaweb.net.ar/wp-content/uploads/2024/12/jjjj.txt,"diciembre 28, 2024",text/plain
22907,homee,homee.txt,"20 KB",homee,,,https://web.viaweb.net.ar/wp-content/uploads/2024/12/homee.txt,"diciembre 28, 2024",text/plain
22850,blake-wisz-SK5jOjXxGRA-unsplash,blake-wisz-SK5jOjXxGRA-unsplash.jpg,"107 KB",,,,https://web.viaweb.net.ar/wp-content/uploads/2024/12/blake-wisz-SK5jOjXxGRA-unsplash.jpg,"diciembre 28, 2024",image/jpeg
22849,isaac-smith-AT77Q0Njnt0-unsplash,isaac-smith-AT77Q0Njnt0-unsplash.jpg,"75 KB",,,,https://web.viaweb.net.ar/wp-content/uploads/2024/12/isaac-smith-AT77Q0Njnt0-unsplash.jpg,"diciembre 28, 2024",image/jpeg
22848,neonbrand-y_6rqStQBYQ-unsplash,neonbrand-y_6rqStQBYQ-unsplash.jpg,"76 KB",,,,https://web.viaweb.net.ar/wp-content/uploads/2024/12/neonbrand-y_6rqStQBYQ-unsplash.jpg,"diciembre 28, 2024",image/jpeg
22844,stephanie-krist-zW4rvExIVcQ-unsplash,stephanie-krist-zW4rvExIVcQ-unsplash.jpg,"134 KB",,,,https://web.viaweb.net.ar/wp-content/uploads/2024/12/stephanie-krist-zW4rvExIVcQ-unsplash.jpg,"diciembre 28, 2024",image/jpeg
22843,scott-graham-5fNmWej4tAA-unsplash,scott-graham-5fNmWej4tAA-unsplash.jpg,"93 KB",,,,https://web.viaweb.net.ar/wp-content/uploads/2024/12/scott-graham-5fNmWej4tAA-unsplash.jpg,"diciembre 28, 2024",image/jpeg
22842,dan-farrell-FnR2U1lXsBQ-unsplash,dan-farrell-FnR2U1lXsBQ-unsplash.jpg,"82 KB",,,,https://web.viaweb.net.ar/wp-content/uploads/2024/12/dan-farrell-FnR2U1lXsBQ-unsplash.jpg,"diciembre 28, 2024",image/jpeg
22841,surface-Fg0z0GBydqQ-unsplash,surface-Fg0z0GBydqQ-unsplash.jpg,"136 KB",,,,https://web.viaweb.net.ar/wp-content/uploads/2024/12/surface-Fg0z0GBydqQ-unsplash.jpg,"diciembre 28, 2024",image/jpeg
22836,linkedin-sales-solutions-h448yp0t2qQ-unsplash,linkedin-sales-solutions-h448yp0t2qQ-unsplash.jpg,"102 KB",,,,https://web.viaweb.net.ar/wp-content/uploads/2024/12/linkedin-sales-solutions-h448yp0t2qQ-unsplash.jpg,"diciembre 28, 2024",image/jpeg
22835,linkedin-sales-solutions-YSQNPbBGltI-unsplash,linkedin-sales-solutions-YSQNPbBGltI-unsplash.jpg,"88 KB",,,,https://web.viaweb.net.ar/wp-content/uploads/2024/12/linkedin-sales-solutions-YSQNPbBGltI-unsplash.jpg,"diciembre 28, 2024",image/jpeg
22834,linkedin-sales-solutions-UK1N66KUkMk-unsplash,linkedin-sales-solutions-UK1N66KUkMk-unsplash.jpg,"69 KB",,,,https://web.viaweb.net.ar/wp-content/uploads/2024/12/linkedin-sales-solutions-UK1N66KUkMk-unsplash.jpg,"diciembre 28, 2024",image/jpeg
22833,linkedin-sales-solutions-W3Jl3jREpDY-unsplash,linkedin-sales-solutions-W3Jl3jREpDY-unsplash.jpg,"61 KB",,,,https://web.viaweb.net.ar/wp-content/uploads/2024/12/linkedin-sales-solutions-W3Jl3jREpDY-unsplash.jpg,"diciembre 28, 2024",image/jpeg
22832,linkedin-sales-solutions-jJFrkJP_-RA-unsplash,linkedin-sales-solutions-jJFrkJP_-RA-unsplash.jpg,"93 KB",,,,https://web.viaweb.net.ar/wp-content/uploads/2024/12/linkedin-sales-solutions-jJFrkJP_-RA-unsplash.jpg,"diciembre 28, 2024",image/jpeg
22831,you-x-ventures-6awfTPLGaCE-unsplash,you-x-ventures-6awfTPLGaCE-unsplash.jpg,"123 KB",,,,https://web.viaweb.net.ar/wp-content/uploads/2024/12/you-x-ventures-6awfTPLGaCE-unsplash.jpg,"diciembre 28, 2024",image/jpeg
22829,you-x-ventures-fznQW-kn5VU-unsplash,you-x-ventures-fznQW-kn5VU-unsplash.jpg,"86 KB",,,,https://web.viaweb.net.ar/wp-content/uploads/2024/12/you-x-ventures-fznQW-kn5VU-unsplash.jpg,"diciembre 28, 2024",image/jpeg
22826,kobu-agency-f0QiOMWdP-o-unsplash,kobu-agency-f0QiOMWdP-o-unsplash.jpg,"47 KB",,,,https://web.viaweb.net.ar/wp-content/uploads/2024/12/kobu-agency-f0QiOMWdP-o-unsplash.jpg,"diciembre 28, 2024",image/jpeg
22818,kobu-agency-7okkFhxrxNw-unsplash,kobu-agency-7okkFhxrxNw-unsplash.jpg,"38 KB",,,,https://web.viaweb.net.ar/wp-content/uploads/2024/12/kobu-agency-7okkFhxrxNw-unsplash.jpg,"diciembre 28, 2024",image/jpeg
22817,kobu-agency-ipARHaxETRk-unsplash,kobu-agency-ipARHaxETRk-unsplash.jpg,"28 KB",,,,https://web.viaweb.net.ar/wp-content/uploads/2024/12/kobu-agency-ipARHaxETRk-unsplash.jpg,"diciembre 28, 2024",image/jpeg
22543,,2023043157647600-78ac-79b7-d3a8-213adbfba819.jpg,"23 KB",,,,https://web.viaweb.net.ar/wp-content/uploads/2024/12/2023043157647600-78ac-79b7-d3a8-213adbfba819.jpg,"diciembre 24, 2024",image/jpeg
22542,,202304310b0136f5-fee9-3339-4ed2-cd4df54374ad.jpg,"17 KB",,,,https://web.viaweb.net.ar/wp-content/uploads/2024/12/202304310b0136f5-fee9-3339-4ed2-cd4df54374ad.jpg,"diciembre 24, 2024",image/jpeg
22541,,20230431a3e815b8-83a7-df6e-989d-97e167adb70f.jpg,"21 KB",,,,https://web.viaweb.net.ar/wp-content/uploads/2024/12/20230431a3e815b8-83a7-df6e-989d-97e167adb70f.jpg,"diciembre 24, 2024",image/jpeg
22540,,2023043163decca0-8a04-94d8-fc82-dc484345395c.jpg,"39 KB",,,,https://web.viaweb.net.ar/wp-content/uploads/2024/12/2023043163decca0-8a04-94d8-fc82-dc484345395c.jpg,"diciembre 24, 2024",image/jpeg
22538,,202304318e93732e-94f3-9ff9-503c-925b34ea196f.jpg,"39 KB",,,,https://web.viaweb.net.ar/wp-content/uploads/2024/12/202304318e93732e-94f3-9ff9-503c-925b34ea196f.jpg,"diciembre 24, 2024",image/jpeg
22454,obtain_candidates,obtain_candidates.jpg,"20 KB",,,,https://web.viaweb.net.ar/wp-content/uploads/2024/12/obtain_candidates.jpg,"diciembre 20, 2024",image/jpeg
22453,eloquent_job_postings,eloquent_job_postings.jpg,"14 KB",,,,https://web.viaweb.net.ar/wp-content/uploads/2024/12/eloquent_job_postings.jpg,"diciembre 20, 2024",image/jpeg
22452,free_company_profile,free_company_profile.jpg,"21 KB",,,,https://web.viaweb.net.ar/wp-content/uploads/2024/12/free_company_profile.jpg,"diciembre 20, 2024",image/jpeg
22451,home_hero,home_hero.jpg,"39 KB",,,,https://web.viaweb.net.ar/wp-content/uploads/2024/12/home_hero.jpg,"diciembre 20, 2024",image/jpeg
22345,data2,data2.txt,"21 KB",data2,,,https://web.viaweb.net.ar/wp-content/uploads/2024/12/data2.txt,"diciembre 19, 2024",text/plain
22344,"constants_preset_example (1)",constants_preset_example-1.csv,"139 B","constants_preset_example (1)",,,https://web.viaweb.net.ar/wp-content/uploads/2024/12/constants_preset_example-1.csv,"diciembre 19, 2024",text/csv
22343,"Hoja de cálculo sin título &#8211; Constantes a usar 2025 _ 1 &#8211; Hoja 2 &#8211; Hoja 1",Hoja-de-calculo-sin-titulo-Constantes-a-usar-2025-_-1-Hoja-2-Hoja-1.csv,"44 KB","Hoja de cálculo sin título - Constantes a usar 2025 _ 1 - Hoja 2 - Hoja 1",,,https://web.viaweb.net.ar/wp-content/uploads/2024/12/Hoja-de-calculo-sin-titulo-Constantes-a-usar-2025-_-1-Hoja-2-Hoja-1.csv,"diciembre 19, 2024",text/csv
22035,"viaweb logo",viaweb-logo.jpg,"7 KB",,,,https://web.viaweb.net.ar/wp-content/uploads/2024/12/viaweb-logo.jpg,"diciembre 17, 2024",image/jpeg
22034,"Viaweb fondo",Viaweb-fondo.jpg,"5 KB",,,,https://web.viaweb.net.ar/wp-content/uploads/2024/12/Viaweb-fondo.jpg,"diciembre 17, 2024",image/jpeg
21775,"workflow 1(4).xlsx &#8211; Hoja 1",workflow-14.xlsx-Hoja-1.pdf,"1 MB","workflow 1(4).xlsx - Hoja 1",,,https://web.viaweb.net.ar/wp-content/uploads/2024/12/workflow-14.xlsx-Hoja-1.pdf,"diciembre 16, 2024",application/pdf
21347,temp_image_1733987351809,temp_image_1733987351809.png,"107 KB",,,,https://web.viaweb.net.ar/wp-content/uploads/2024/12/temp_image_1733987351809.png,"diciembre 12, 2024",image/png
21346,temp_image_1733987350590,temp_image_1733987350590.png,"106 KB",,,,https://web.viaweb.net.ar/wp-content/uploads/2024/12/temp_image_1733987350590.png,"diciembre 12, 2024",image/png
21345,temp_image_1733987349562,temp_image_1733987349562.png,"80 KB",,,,https://web.viaweb.net.ar/wp-content/uploads/2024/12/temp_image_1733987349562.png,"diciembre 12, 2024",image/png
21344,"screenshot-12-11-2024 2_20 am",screenshot-12-11-2024-2_20-am.jpg,"62 KB",,,,https://web.viaweb.net.ar/wp-content/uploads/2024/12/screenshot-12-11-2024-2_20-am.jpg,"diciembre 12, 2024",image/jpeg
21343,"screenshot-12-11-2024 2_20 am (3)",screenshot-12-11-2024-2_20-am-3.jpg,"54 KB",,,,https://web.viaweb.net.ar/wp-content/uploads/2024/12/screenshot-12-11-2024-2_20-am-3.jpg,"diciembre 12, 2024",image/jpeg
21342,"screenshot-12-11-2024 2_20 am (2)",screenshot-12-11-2024-2_20-am-2.jpg,"44 KB",,,,https://web.viaweb.net.ar/wp-content/uploads/2024/12/screenshot-12-11-2024-2_20-am-2.jpg,"diciembre 12, 2024",image/jpeg
21341,"screenshot-12-11-2024 2_20 am (1)",screenshot-12-11-2024-2_20-am-1.jpg,"44 KB",,,,https://web.viaweb.net.ar/wp-content/uploads/2024/12/screenshot-12-11-2024-2_20-am-1.jpg,"diciembre 12, 2024",image/jpeg
21340,"screenshot-12-11-2024 2_17 am",screenshot-12-11-2024-2_17-am.jpg,"86 KB",,,,https://web.viaweb.net.ar/wp-content/uploads/2024/12/screenshot-12-11-2024-2_17-am.jpg,"diciembre 12, 2024",image/jpeg
21339,"Screenshot 2024-12-11 at 02-19-36 Palette Visualizer &#8211; Coolors",Screenshot-2024-12-11-at-02-19-36-Palette-Visualizer-Coolors.png,"593 KB",,,,https://web.viaweb.net.ar/wp-content/uploads/2024/12/Screenshot-2024-12-11-at-02-19-36-Palette-Visualizer-Coolors.png,"diciembre 12, 2024",image/png
21338,palette,palette.png,"54 KB",,,,https://web.viaweb.net.ar/wp-content/uploads/2024/12/palette.png,"diciembre 12, 2024",image/png
21337,image,image.png,"55 KB",,,,https://web.viaweb.net.ar/wp-content/uploads/2024/12/image.png,"diciembre 12, 2024",image/png
21336,image,image.jpg,"13 KB",,,,https://web.viaweb.net.ar/wp-content/uploads/2024/12/image.jpg,"diciembre 12, 2024",image/jpeg
21335,"image &#8211; copia",image-copia.jpg,"13 KB",,,,https://web.viaweb.net.ar/wp-content/uploads/2024/12/image-copia.jpg,"diciembre 12, 2024",image/jpeg
21334,g142,g142.png,"28 KB",,,,https://web.viaweb.net.ar/wp-content/uploads/2024/12/g142.png,"diciembre 12, 2024",image/png
21333,"viaweb-marca-footer-1-120&#215;27-1-1 (4)",viaweb-marca-footer-1-120x27-1-1-4.png,"4 KB",,,,https://web.viaweb.net.ar/wp-content/uploads/2024/12/viaweb-marca-footer-1-120x27-1-1-4.png,"diciembre 12, 2024",image/png
21332,"unnamed (2)",unnamed-2.png,"39 KB",,,,https://web.viaweb.net.ar/wp-content/uploads/2024/12/unnamed-2.png,"diciembre 12, 2024",image/png
21331,"unnamed (2) &#8211; copia",unnamed-2-copia.png,"39 KB",,,,https://web.viaweb.net.ar/wp-content/uploads/2024/12/unnamed-2-copia.png,"diciembre 12, 2024",image/png
21330,temp_image_1733988006578,temp_image_1733988006578.png,"81 KB",,,,https://web.viaweb.net.ar/wp-content/uploads/2024/12/temp_image_1733988006578.png,"diciembre 12, 2024",image/png
21329,temp_image_1733987998025,temp_image_1733987998025.png,"87 KB",,,,https://web.viaweb.net.ar/wp-content/uploads/2024/12/temp_image_1733987998025.png,"diciembre 12, 2024",image/png
21328,temp_image_1733987985091,temp_image_1733987985091.png,"104 KB",,,,https://web.viaweb.net.ar/wp-content/uploads/2024/12/temp_image_1733987985091.png,"diciembre 12, 2024",image/png
21327,temp_image_1733987744126,temp_image_1733987744126.png,"102 KB",,,,https://web.viaweb.net.ar/wp-content/uploads/2024/12/temp_image_1733987744126.png,"diciembre 12, 2024",image/png
21326,temp_image_1733987574585,temp_image_1733987574585.png,"88 KB",,,,https://web.viaweb.net.ar/wp-content/uploads/2024/12/temp_image_1733987574585.png,"diciembre 12, 2024",image/png
20516,"WhatsApp Image 2024-10-24 at 00.13.44 (31)",WhatsApp-Image-2024-10-24-at-00.13.44-31.jpeg,"139 KB",,,,https://web.viaweb.net.ar/wp-content/uploads/2024/12/WhatsApp-Image-2024-10-24-at-00.13.44-31.jpeg,"diciembre 4, 2024",image/jpeg
20515,"WhatsApp Image 2024-10-24 at 00.13.44 (30)",WhatsApp-Image-2024-10-24-at-00.13.44-30.jpeg,"139 KB",,,,https://web.viaweb.net.ar/wp-content/uploads/2024/12/WhatsApp-Image-2024-10-24-at-00.13.44-30.jpeg,"diciembre 4, 2024",image/jpeg
20514,"WhatsApp Image 2024-10-24 at 00.13.44 (29)",WhatsApp-Image-2024-10-24-at-00.13.44-29.jpeg,"162 KB",,,,https://web.viaweb.net.ar/wp-content/uploads/2024/12/WhatsApp-Image-2024-10-24-at-00.13.44-29.jpeg,"diciembre 4, 2024",image/jpeg
20513,"WhatsApp Image 2024-10-24 at 00.13.44 (28)",WhatsApp-Image-2024-10-24-at-00.13.44-28.jpeg,"147 KB",,,,https://web.viaweb.net.ar/wp-content/uploads/2024/12/WhatsApp-Image-2024-10-24-at-00.13.44-28.jpeg,"diciembre 4, 2024",image/jpeg
20512,"WhatsApp Image 2024-10-24 at 00.13.44 (27)",WhatsApp-Image-2024-10-24-at-00.13.44-27.jpeg,"164 KB",,,,https://web.viaweb.net.ar/wp-content/uploads/2024/12/WhatsApp-Image-2024-10-24-at-00.13.44-27.jpeg,"diciembre 4, 2024",image/jpeg
20511,"WhatsApp Image 2024-10-24 at 00.13.44 (26)",WhatsApp-Image-2024-10-24-at-00.13.44-26.jpeg,"196 KB",,,,https://web.viaweb.net.ar/wp-content/uploads/2024/12/WhatsApp-Image-2024-10-24-at-00.13.44-26.jpeg,"diciembre 4, 2024",image/jpeg
20510,"WhatsApp Image 2024-10-24 at 00.13.44 (25)",WhatsApp-Image-2024-10-24-at-00.13.44-25.jpeg,"67 KB",,,,https://web.viaweb.net.ar/wp-content/uploads/2024/12/WhatsApp-Image-2024-10-24-at-00.13.44-25.jpeg,"diciembre 4, 2024",image/jpeg
20509,"WhatsApp Image 2024-10-24 at 00.13.44 (24)",WhatsApp-Image-2024-10-24-at-00.13.44-24.jpeg,"86 KB",,,,https://web.viaweb.net.ar/wp-content/uploads/2024/12/WhatsApp-Image-2024-10-24-at-00.13.44-24.jpeg,"diciembre 4, 2024",image/jpeg
20508,"WhatsApp Image 2024-10-24 at 00.13.44 (23)",WhatsApp-Image-2024-10-24-at-00.13.44-23.jpeg,"142 KB",,,,https://web.viaweb.net.ar/wp-content/uploads/2024/12/WhatsApp-Image-2024-10-24-at-00.13.44-23.jpeg,"diciembre 4, 2024",image/jpeg
20507,"WhatsApp Image 2024-10-24 at 00.13.44 (22)",WhatsApp-Image-2024-10-24-at-00.13.44-22.jpeg,"148 KB",,,,https://web.viaweb.net.ar/wp-content/uploads/2024/12/WhatsApp-Image-2024-10-24-at-00.13.44-22.jpeg,"diciembre 4, 2024",image/jpeg
20506,"WhatsApp Image 2024-10-24 at 00.13.44 (21)",WhatsApp-Image-2024-10-24-at-00.13.44-21.jpeg,"139 KB",,,,https://web.viaweb.net.ar/wp-content/uploads/2024/12/WhatsApp-Image-2024-10-24-at-00.13.44-21.jpeg,"diciembre 4, 2024",image/jpeg
20505,"WhatsApp Image 2024-10-24 at 00.13.44 (20)",WhatsApp-Image-2024-10-24-at-00.13.44-20.jpeg,"113 KB",,,,https://web.viaweb.net.ar/wp-content/uploads/2024/12/WhatsApp-Image-2024-10-24-at-00.13.44-20.jpeg,"diciembre 4, 2024",image/jpeg
20504,"WhatsApp Image 2024-10-24 at 00.13.44 (19)",WhatsApp-Image-2024-10-24-at-00.13.44-19.jpeg,"113 KB",,,,https://web.viaweb.net.ar/wp-content/uploads/2024/12/WhatsApp-Image-2024-10-24-at-00.13.44-19.jpeg,"diciembre 4, 2024",image/jpeg
20503,"WhatsApp Image 2024-10-24 at 00.13.44 (18)",WhatsApp-Image-2024-10-24-at-00.13.44-18.jpeg,"177 KB",,,,https://web.viaweb.net.ar/wp-content/uploads/2024/12/WhatsApp-Image-2024-10-24-at-00.13.44-18.jpeg,"diciembre 4, 2024",image/jpeg
20502,"WhatsApp Image 2024-10-24 at 00.13.44 (17)",WhatsApp-Image-2024-10-24-at-00.13.44-17.jpeg,"92 KB",,,,https://web.viaweb.net.ar/wp-content/uploads/2024/12/WhatsApp-Image-2024-10-24-at-00.13.44-17.jpeg,"diciembre 4, 2024",image/jpeg
20501,"WhatsApp Image 2024-10-24 at 00.13.44 (16)",WhatsApp-Image-2024-10-24-at-00.13.44-16.jpeg,"144 KB",,,,https://web.viaweb.net.ar/wp-content/uploads/2024/12/WhatsApp-Image-2024-10-24-at-00.13.44-16.jpeg,"diciembre 4, 2024",image/jpeg
20500,"WhatsApp Image 2024-10-24 at 00.13.44 (15)",WhatsApp-Image-2024-10-24-at-00.13.44-15.jpeg,"166 KB",,,,https://web.viaweb.net.ar/wp-content/uploads/2024/12/WhatsApp-Image-2024-10-24-at-00.13.44-15.jpeg,"diciembre 4, 2024",image/jpeg
20499,"WhatsApp Image 2024-10-24 at 00.13.44 (14)",WhatsApp-Image-2024-10-24-at-00.13.44-14.jpeg,"118 KB",,,,https://web.viaweb.net.ar/wp-content/uploads/2024/12/WhatsApp-Image-2024-10-24-at-00.13.44-14.jpeg,"diciembre 4, 2024",image/jpeg
20498,"WhatsApp Image 2024-10-24 at 00.13.44 (13)",WhatsApp-Image-2024-10-24-at-00.13.44-13.jpeg,"127 KB",,,,https://web.viaweb.net.ar/wp-content/uploads/2024/12/WhatsApp-Image-2024-10-24-at-00.13.44-13.jpeg,"diciembre 4, 2024",image/jpeg
20497,"WhatsApp Image 2024-10-24 at 00.13.44 (12)",WhatsApp-Image-2024-10-24-at-00.13.44-12.jpeg,"137 KB",,,,https://web.viaweb.net.ar/wp-content/uploads/2024/12/WhatsApp-Image-2024-10-24-at-00.13.44-12.jpeg,"diciembre 4, 2024",image/jpeg
20496,"WhatsApp Image 2024-10-24 at 00.13.44 (11)",WhatsApp-Image-2024-10-24-at-00.13.44-11.jpeg,"144 KB",,,,https://web.viaweb.net.ar/wp-content/uploads/2024/12/WhatsApp-Image-2024-10-24-at-00.13.44-11.jpeg,"diciembre 4, 2024",image/jpeg
20495,"WhatsApp Image 2024-10-24 at 00.13.44 (10)",WhatsApp-Image-2024-10-24-at-00.13.44-10.jpeg,"45 KB",,,,https://web.viaweb.net.ar/wp-content/uploads/2024/12/WhatsApp-Image-2024-10-24-at-00.13.44-10.jpeg,"diciembre 4, 2024",image/jpeg
20494,"WhatsApp Image 2024-10-24 at 00.13.44 (9)",WhatsApp-Image-2024-10-24-at-00.13.44-9.jpeg,"200 KB",,,,https://web.viaweb.net.ar/wp-content/uploads/2024/12/WhatsApp-Image-2024-10-24-at-00.13.44-9.jpeg,"diciembre 4, 2024",image/jpeg
20493,"WhatsApp Image 2024-10-24 at 00.13.44 (8)",WhatsApp-Image-2024-10-24-at-00.13.44-8.jpeg,"200 KB",,,,https://web.viaweb.net.ar/wp-content/uploads/2024/12/WhatsApp-Image-2024-10-24-at-00.13.44-8.jpeg,"diciembre 4, 2024",image/jpeg
20492,"WhatsApp Image 2024-10-24 at 00.13.44 (7)",WhatsApp-Image-2024-10-24-at-00.13.44-7.jpeg,"200 KB",,,,https://web.viaweb.net.ar/wp-content/uploads/2024/12/WhatsApp-Image-2024-10-24-at-00.13.44-7.jpeg,"diciembre 4, 2024",image/jpeg
20491,"WhatsApp Image 2024-10-24 at 00.13.44 (6)",WhatsApp-Image-2024-10-24-at-00.13.44-6.jpeg,"126 KB",,,,https://web.viaweb.net.ar/wp-content/uploads/2024/12/WhatsApp-Image-2024-10-24-at-00.13.44-6.jpeg,"diciembre 4, 2024",image/jpeg
20490,"WhatsApp Image 2024-10-24 at 00.13.44 (5)",WhatsApp-Image-2024-10-24-at-00.13.44-5.jpeg,"126 KB",,,,https://web.viaweb.net.ar/wp-content/uploads/2024/12/WhatsApp-Image-2024-10-24-at-00.13.44-5.jpeg,"diciembre 4, 2024",image/jpeg
20489,"WhatsApp Image 2024-10-24 at 00.13.44 (4)",WhatsApp-Image-2024-10-24-at-00.13.44-4.jpeg,"69 KB",,,,https://web.viaweb.net.ar/wp-content/uploads/2024/12/WhatsApp-Image-2024-10-24-at-00.13.44-4.jpeg,"diciembre 4, 2024",image/jpeg
20488,"WhatsApp Image 2024-10-24 at 00.13.44 (3)",WhatsApp-Image-2024-10-24-at-00.13.44-3.jpeg,"69 KB",,,,https://web.viaweb.net.ar/wp-content/uploads/2024/12/WhatsApp-Image-2024-10-24-at-00.13.44-3.jpeg,"diciembre 4, 2024",image/jpeg
20487,"WhatsApp Image 2024-10-24 at 00.13.44 (2)",WhatsApp-Image-2024-10-24-at-00.13.44-2.jpeg,"151 KB",,,,https://web.viaweb.net.ar/wp-content/uploads/2024/12/WhatsApp-Image-2024-10-24-at-00.13.44-2.jpeg,"diciembre 4, 2024",image/jpeg
20486,"WhatsApp Image 2024-10-24 at 00.13.44 (1)",WhatsApp-Image-2024-10-24-at-00.13.44-1.jpeg,"151 KB",,,,https://web.viaweb.net.ar/wp-content/uploads/2024/12/WhatsApp-Image-2024-10-24-at-00.13.44-1.jpeg,"diciembre 4, 2024",image/jpeg
20485,"WhatsApp Image 2024-10-24 at 00.13.44",WhatsApp-Image-2024-10-24-at-00.13.44.jpeg,"167 KB",,,,https://web.viaweb.net.ar/wp-content/uploads/2024/12/WhatsApp-Image-2024-10-24-at-00.13.44.jpeg,"diciembre 4, 2024",image/jpeg
20484,"WhatsApp Image 2024-10-24 at 00.13.44 (40)",WhatsApp-Image-2024-10-24-at-00.13.44-40.jpeg,"132 KB",,,,https://web.viaweb.net.ar/wp-content/uploads/2024/12/WhatsApp-Image-2024-10-24-at-00.13.44-40.jpeg,"diciembre 4, 2024",image/jpeg
20483,"WhatsApp Image 2024-10-24 at 00.13.44 (39)",WhatsApp-Image-2024-10-24-at-00.13.44-39.jpeg,"139 KB",,,,https://web.viaweb.net.ar/wp-content/uploads/2024/12/WhatsApp-Image-2024-10-24-at-00.13.44-39.jpeg,"diciembre 4, 2024",image/jpeg
20482,"WhatsApp Image 2024-10-24 at 00.13.44 (38)",WhatsApp-Image-2024-10-24-at-00.13.44-38.jpeg,"114 KB",,,,https://web.viaweb.net.ar/wp-content/uploads/2024/12/WhatsApp-Image-2024-10-24-at-00.13.44-38.jpeg,"diciembre 4, 2024",image/jpeg
20481,"WhatsApp Image 2024-10-24 at 00.13.44 (37)",WhatsApp-Image-2024-10-24-at-00.13.44-37.jpeg,"143 KB",,,,https://web.viaweb.net.ar/wp-content/uploads/2024/12/WhatsApp-Image-2024-10-24-at-00.13.44-37.jpeg,"diciembre 4, 2024",image/jpeg
20480,"WhatsApp Image 2024-10-24 at 00.13.44 (36)",WhatsApp-Image-2024-10-24-at-00.13.44-36.jpeg,"194 KB",,,,https://web.viaweb.net.ar/wp-content/uploads/2024/12/WhatsApp-Image-2024-10-24-at-00.13.44-36.jpeg,"diciembre 4, 2024",image/jpeg
20479,"WhatsApp Image 2024-10-24 at 00.13.44 (35)",WhatsApp-Image-2024-10-24-at-00.13.44-35.jpeg,"131 KB",,,,https://web.viaweb.net.ar/wp-content/uploads/2024/12/WhatsApp-Image-2024-10-24-at-00.13.44-35.jpeg,"diciembre 4, 2024",image/jpeg
20478,"WhatsApp Image 2024-10-24 at 00.13.44 (34)",WhatsApp-Image-2024-10-24-at-00.13.44-34.jpeg,"144 KB",,,,https://web.viaweb.net.ar/wp-content/uploads/2024/12/WhatsApp-Image-2024-10-24-at-00.13.44-34.jpeg,"diciembre 4, 2024",image/jpeg
20477,"WhatsApp Image 2024-10-24 at 00.13.44 (33)",WhatsApp-Image-2024-10-24-at-00.13.44-33.jpeg,"131 KB",,,,https://web.viaweb.net.ar/wp-content/uploads/2024/12/WhatsApp-Image-2024-10-24-at-00.13.44-33.jpeg,"diciembre 4, 2024",image/jpeg
20476,"WhatsApp Image 2024-10-24 at 00.13.44 (32)",WhatsApp-Image-2024-10-24-at-00.13.44-32.jpeg,"127 KB",,,,https://web.viaweb.net.ar/wp-content/uploads/2024/12/WhatsApp-Image-2024-10-24-at-00.13.44-32.jpeg,"diciembre 4, 2024",image/jpeg
18319,"Photo by Photo By: Kaboompics.com",a-woman-in-a-white-robe-interacts-with-two-smartphones-showcasing-social-media-engagement-icons.-6214965-scaled.jpg,,,"A woman in a white robe interacts with two smartphones, showcasing social media engagement icons.",,https://web.viaweb.net.ar/wp-content/uploads/2024/12/a-woman-in-a-white-robe-interacts-with-two-smartphones-showcasing-social-media-engagement-icons.-6214965-scaled.jpg,"diciembre 3, 2024",image/jpeg
10778,3-48-52-Cotizaci_n_Nexion_ERP2,3-48-52-Cotizaci_n_Nexion_ERP2.txt,"763 KB",3-48-52-Cotizaci_n_Nexion_ERP2,,,https://web.viaweb.net.ar/wp-content/uploads/2024/11/3-48-52-Cotizaci_n_Nexion_ERP2.txt,"noviembre 3, 2024",text/plain
10777,"ok &#8211; Hoja 2",ok-Hoja-2.csv,"139 KB","ok - Hoja 2",,,https://web.viaweb.net.ar/wp-content/uploads/2024/11/ok-Hoja-2.csv,"noviembre 3, 2024",text/csv
10776,"ok &#8211; 372",ok-372.csv,"114 KB","ok - 372",,,https://web.viaweb.net.ar/wp-content/uploads/2024/11/ok-372.csv,"noviembre 3, 2024",text/csv
10775,10-0-1-Reescribir_descripci_n_sitio_web,10-0-1-Reescribir_descripci_n_sitio_web.pdf,"988 KB",10-0-1-Reescribir_descripci_n_sitio_web,,,https://web.viaweb.net.ar/wp-content/uploads/2024/11/10-0-1-Reescribir_descripci_n_sitio_web.pdf,"noviembre 3, 2024",application/pdf
10774,"Página de Inicio",Pagina-de-Inicio.txt,"4 KB","Página de Inicio",,,https://web.viaweb.net.ar/wp-content/uploads/2024/11/Pagina-de-Inicio.txt,"noviembre 3, 2024",text/plain
10773,"nuevo 1",nuevo-1.txt,"63 KB","nuevo 1",,,https://web.viaweb.net.ar/wp-content/uploads/2024/11/nuevo-1.txt,"noviembre 3, 2024",text/plain
10772,merge_from_ofoct,merge_from_ofoct.txt,"1 MB",merge_from_ofoct,,,https://web.viaweb.net.ar/wp-content/uploads/2024/11/merge_from_ofoct.txt,"noviembre 3, 2024",text/plain
10771,"merge_from_ofoct (3)",merge_from_ofoct-3.txt,"2 MB","merge_from_ofoct (3)",,,https://web.viaweb.net.ar/wp-content/uploads/2024/11/merge_from_ofoct-3.txt,"noviembre 3, 2024",text/plain
10770,"Información Corporativa",Informacion-Corporativa.txt,"25 KB","Información Corporativa",,,https://web.viaweb.net.ar/wp-content/uploads/2024/11/Informacion-Corporativa.txt,"noviembre 3, 2024",text/plain
10769,"DATOSDEVIAWEB2020-2024-NOJODASMASJONATHAN.txt 10-22-24 8-27pm",DATOSDEVIAWEB2020-2024-NOJODASMASJONATHAN.txt-10-22-24-8-27pm.txt,"78 KB","DATOSDEVIAWEB2020-2024-NOJODASMASJONATHAN.txt 10-22-24 8-27pm",,,https://web.viaweb.net.ar/wp-content/uploads/2024/11/DATOSDEVIAWEB2020-2024-NOJODASMASJONATHAN.txt-10-22-24-8-27pm.txt,"noviembre 3, 2024",text/plain
10315,palette,palette.txt,"3 KB",palette,,,https://web.viaweb.net.ar/wp-content/uploads/2024/11/palette.txt,"noviembre 3, 2024",text/plain
10313,vw,vw.png,"39 KB",,,,https://web.viaweb.net.ar/wp-content/uploads/2024/11/vw.png,"noviembre 3, 2024",image/png
10312,vwpalette2025,vwpalette2025.pdf,"57 KB",vwpalette2025,,,https://web.viaweb.net.ar/wp-content/uploads/2024/11/vwpalette2025.pdf,"noviembre 3, 2024",application/pdf
10311,"screenshot-11-2-2024 7_05 pm",screenshot-11-2-2024-7_05-pm.jpg,"58 KB",,,,https://web.viaweb.net.ar/wp-content/uploads/2024/11/screenshot-11-2-2024-7_05-pm.jpg,"noviembre 3, 2024",image/jpeg
10310,"screenshot-11-2-2024 7_06 pm",screenshot-11-2-2024-7_06-pm.jpg,"48 KB",,,,https://web.viaweb.net.ar/wp-content/uploads/2024/11/screenshot-11-2-2024-7_06-pm.jpg,"noviembre 3, 2024",image/jpeg
10309,vsvsvs,vsvsvs.pdf,"24 KB",vsvsvs,,,https://web.viaweb.net.ar/wp-content/uploads/2024/11/vsvsvs.pdf,"noviembre 3, 2024",application/pdf
10308,"screenshot-11-2-2024 7_08 pm",screenshot-11-2-2024-7_08-pm.jpg,"48 KB",,,,https://web.viaweb.net.ar/wp-content/uploads/2024/11/screenshot-11-2-2024-7_08-pm.jpg,"noviembre 3, 2024",image/jpeg
10307,"screenshot-11-2-2024 7_08 pm (1)",screenshot-11-2-2024-7_08-pm-1.jpg,"67 KB",,,,https://web.viaweb.net.ar/wp-content/uploads/2024/11/screenshot-11-2-2024-7_08-pm-1.jpg,"noviembre 3, 2024",image/jpeg
10306,"screenshot-11-2-2024 7_08 pm (2)",screenshot-11-2-2024-7_08-pm-2.jpg,"67 KB",,,,https://web.viaweb.net.ar/wp-content/uploads/2024/11/screenshot-11-2-2024-7_08-pm-2.jpg,"noviembre 3, 2024",image/jpeg
10305,"screenshot-11-2-2024 7_08 pm (3)",screenshot-11-2-2024-7_08-pm-3.jpg,"57 KB",,,,https://web.viaweb.net.ar/wp-content/uploads/2024/11/screenshot-11-2-2024-7_08-pm-3.jpg,"noviembre 3, 2024",image/jpeg
10304,export-media-urls-185571,export-media-urls-185571.csv,"50 KB",export-media-urls-185571,,,https://web.viaweb.net.ar/wp-content/uploads/2024/11/export-media-urls-185571.csv,"noviembre 3, 2024",text/csv
10303,Nucleo+UI+Essential,NucleoUIEssential.zip,"437 KB",Nucleo+UI+Essential,,,https://web.viaweb.net.ar/wp-content/uploads/2024/11/NucleoUIEssential.zip,"noviembre 3, 2024",application/zip
10297,"home final 1",home-final-1.txt,"104 KB","home final 1",,,https://web.viaweb.net.ar/wp-content/uploads/2024/11/home-final-1.txt,"noviembre 3, 2024",text/plain
10296,"home final 12",home-final-12.txt,"124 KB","home final 12",,,https://web.viaweb.net.ar/wp-content/uploads/2024/11/home-final-12.txt,"noviembre 3, 2024",text/plain
9958,cropped-Untitled,cropped-cropped-Untitled-2-1.png,"38 KB",https://web.viaweb.net.ar/wp-content/uploads/2024/10/cropped-cropped-Untitled-2-1.png,,https://web.viaweb.net.ar/wp-content/uploads/2024/10/cropped-cropped-Untitled-2-1.png,https://web.viaweb.net.ar/wp-content/uploads/2024/10/cropped-cropped-Untitled-2-1.png,"octubre 31, 2024",image/png
9580,"WhatsApp Image 2024-10-24 at 00.13.44",WhatsApp-Image-2024-10-24-at-00.13.44.jpeg,"167 KB",,,,https://web.viaweb.net.ar/wp-content/uploads/2024/10/WhatsApp-Image-2024-10-24-at-00.13.44.jpeg,"octubre 24, 2024",image/jpeg
9579,"WhatsApp Image 2024-10-24 at 00.13.44 (40)",WhatsApp-Image-2024-10-24-at-00.13.44-40.jpeg,"132 KB",,,,https://web.viaweb.net.ar/wp-content/uploads/2024/10/WhatsApp-Image-2024-10-24-at-00.13.44-40.jpeg,"octubre 24, 2024",image/jpeg
9549,"WhatsApp Image 2024-10-24 at 00.13.44 (10)",WhatsApp-Image-2024-10-24-at-00.13.44-10.jpeg,"45 KB",,,,https://web.viaweb.net.ar/wp-content/uploads/2024/10/WhatsApp-Image-2024-10-24-at-00.13.44-10.jpeg,"octubre 24, 2024",image/jpeg
9548,"WhatsApp Image 2024-10-24 at 00.13.44 (9)",WhatsApp-Image-2024-10-24-at-00.13.44-9.jpeg,"200 KB",,,,https://web.viaweb.net.ar/wp-content/uploads/2024/10/WhatsApp-Image-2024-10-24-at-00.13.44-9.jpeg,"octubre 24, 2024",image/jpeg
9547,"WhatsApp Image 2024-10-24 at 00.13.44 (8)",WhatsApp-Image-2024-10-24-at-00.13.44-8.jpeg,"200 KB",,,,https://web.viaweb.net.ar/wp-content/uploads/2024/10/WhatsApp-Image-2024-10-24-at-00.13.44-8.jpeg,"octubre 24, 2024",image/jpeg
9546,"WhatsApp Image 2024-10-24 at 00.13.44 (7)",WhatsApp-Image-2024-10-24-at-00.13.44-7.jpeg,"200 KB",,,,https://web.viaweb.net.ar/wp-content/uploads/2024/10/WhatsApp-Image-2024-10-24-at-00.13.44-7.jpeg,"octubre 24, 2024",image/jpeg
9545,"WhatsApp Image 2024-10-24 at 00.13.44 (6)",WhatsApp-Image-2024-10-24-at-00.13.44-6.jpeg,"126 KB",,,,https://web.viaweb.net.ar/wp-content/uploads/2024/10/WhatsApp-Image-2024-10-24-at-00.13.44-6.jpeg,"octubre 24, 2024",image/jpeg
9544,"WhatsApp Image 2024-10-24 at 00.13.44 (5)",WhatsApp-Image-2024-10-24-at-00.13.44-5.jpeg,"126 KB",,,,https://web.viaweb.net.ar/wp-content/uploads/2024/10/WhatsApp-Image-2024-10-24-at-00.13.44-5.jpeg,"octubre 24, 2024",image/jpeg
9543,"WhatsApp Image 2024-10-24 at 00.13.44 (4)",WhatsApp-Image-2024-10-24-at-00.13.44-4.jpeg,"69 KB",,,,https://web.viaweb.net.ar/wp-content/uploads/2024/10/WhatsApp-Image-2024-10-24-at-00.13.44-4.jpeg,"octubre 24, 2024",image/jpeg
9542,"WhatsApp Image 2024-10-24 at 00.13.44 (3)",WhatsApp-Image-2024-10-24-at-00.13.44-3.jpeg,"69 KB",,,,https://web.viaweb.net.ar/wp-content/uploads/2024/10/WhatsApp-Image-2024-10-24-at-00.13.44-3.jpeg,"octubre 24, 2024",image/jpeg
9541,"WhatsApp Image 2024-10-24 at 00.13.44 (2)",WhatsApp-Image-2024-10-24-at-00.13.44-2.jpeg,"151 KB",,,,https://web.viaweb.net.ar/wp-content/uploads/2024/10/WhatsApp-Image-2024-10-24-at-00.13.44-2.jpeg,"octubre 24, 2024",image/jpeg
9540,"WhatsApp Image 2024-10-24 at 00.13.44 (1)",WhatsApp-Image-2024-10-24-at-00.13.44-1.jpeg,"151 KB",,,,https://web.viaweb.net.ar/wp-content/uploads/2024/10/WhatsApp-Image-2024-10-24-at-00.13.44-1.jpeg,"octubre 24, 2024",image/jpeg
9401,"eCommerce Mayoristas (B2B)",eCommerce-Mayoristas-B2B.txt,"3 KB","eCommerce Mayoristas (B2B)",,,https://web.viaweb.net.ar/wp-content/uploads/2024/10/eCommerce-Mayoristas-B2B.txt,"octubre 23, 2024",text/plain
9400,"Detalle de Servicios Adicionale",Detalle-de-Servicios-Adicionale.txt,"7 KB","Detalle de Servicios Adicionale",,,https://web.viaweb.net.ar/wp-content/uploads/2024/10/Detalle-de-Servicios-Adicionale.txt,"octubre 23, 2024",text/plain
9399,"Desarrollo Web E-commerce",Desarrollo-Web-E-commerce.txt,"3 KB","Desarrollo Web E-commerce",,,https://web.viaweb.net.ar/wp-content/uploads/2024/10/Desarrollo-Web-E-commerce.txt,"octubre 23, 2024",text/plain
9398,"Desarrollo Web E-commerce Innovación y Tecnología Omnicanal",Desarrollo-Web-E-commerce-Innovacion-y-Tecnologia-Omnicanal.txt,"3 KB","Desarrollo Web E-commerce Innovación y Tecnología Omnicanal",,,https://web.viaweb.net.ar/wp-content/uploads/2024/10/Desarrollo-Web-E-commerce-Innovacion-y-Tecnologia-Omnicanal.txt,"octubre 23, 2024",text/plain
9220,viaweb-marca-footer-1-120&#215;27-1-1__2_-removebg-preview-removebg-preview,viaweb-marca-footer-1-120x27-1-1__2_-removebg-preview-removebg-preview-1.png,"3 KB",,,,https://web.viaweb.net.ar/wp-content/uploads/2024/10/viaweb-marca-footer-1-120x27-1-1__2_-removebg-preview-removebg-preview-1.png,"octubre 21, 2024",image/png
9218,"viaweb-marca-footer-1-120&#215;27-1-1 (1)",viaweb-marca-footer-1-120x27-1-1-1-3.png,"5 KB",,,,https://web.viaweb.net.ar/wp-content/uploads/2024/10/viaweb-marca-footer-1-120x27-1-1-1-3.png,"octubre 21, 2024",image/png
9217,"viaweb-marca-footer-1-120&#215;27-1-1 (2)",viaweb-marca-footer-1-120x27-1-1-2-1.png,"3 KB",,,,https://web.viaweb.net.ar/wp-content/uploads/2024/10/viaweb-marca-footer-1-120x27-1-1-2-1.png,"octubre 21, 2024",image/png
9215,viaweb-marca-footer-1-120&#215;27-1-1__1_-removebg-preview,viaweb-marca-footer-1-120x27-1-1__1_-removebg-preview-4.png,"7 KB",,,,https://web.viaweb.net.ar/wp-content/uploads/2024/10/viaweb-marca-footer-1-120x27-1-1__1_-removebg-preview-4.png,"octubre 21, 2024",image/png
9213,"viaweb-marca-footer-1-120&#215;27-1-1__1_-removebg-preview (1)",viaweb-marca-footer-1-120x27-1-1__1_-removebg-preview-1-1.png,"7 KB",,,,https://web.viaweb.net.ar/wp-content/uploads/2024/10/viaweb-marca-footer-1-120x27-1-1__1_-removebg-preview-1-1.png,"octubre 21, 2024",image/png
9212,"viaweb-marca-footer-1-120&#215;27-1-1__1_-removebg-preview (2)",viaweb-marca-footer-1-120x27-1-1__1_-removebg-preview-2-1.png,"7 KB",,,,https://web.viaweb.net.ar/wp-content/uploads/2024/10/viaweb-marca-footer-1-120x27-1-1__1_-removebg-preview-2-1.png,"octubre 21, 2024",image/png
9211,image-removebg-preview,image-removebg-preview-1.png,"7 KB",,,,https://web.viaweb.net.ar/wp-content/uploads/2024/10/image-removebg-preview-1.png,"octubre 21, 2024",image/png
9210,"viaweb-marca-footer-1-120&#215;27-1-1__1_-removebg-preview (3)",viaweb-marca-footer-1-120x27-1-1__1_-removebg-preview-3-1.png,"7 KB",,,,https://web.viaweb.net.ar/wp-content/uploads/2024/10/viaweb-marca-footer-1-120x27-1-1__1_-removebg-preview-3-1.png,"octubre 21, 2024",image/png
9207,"viaweb-marca-footer-1-120&#215;27-1-1 (1)",viaweb-marca-footer-1-120x27-1-1-1-2.png,"5 KB",,,,https://web.viaweb.net.ar/wp-content/uploads/2024/10/viaweb-marca-footer-1-120x27-1-1-1-2.png,"octubre 21, 2024",image/png
9206,"viaweb-marca-footer-1-120&#215;27-1-1 (2)",viaweb-marca-footer-1-120x27-1-1-2.png,"3 KB",,,,https://web.viaweb.net.ar/wp-content/uploads/2024/10/viaweb-marca-footer-1-120x27-1-1-2.png,"octubre 21, 2024",image/png
9204,viaweb-marca-footer-1-120&#215;27-1-1__1_-removebg-preview,viaweb-marca-footer-1-120x27-1-1__1_-removebg-preview.png,"7 KB",,,,https://web.viaweb.net.ar/wp-content/uploads/2024/10/viaweb-marca-footer-1-120x27-1-1__1_-removebg-preview.png,"octubre 21, 2024",image/png
9197,viaweb-marca-footer-1-120&#215;27-1-1__2_-removebg-preview-removebg-preview,viaweb-marca-footer-1-120x27-1-1__2_-removebg-preview-removebg-preview.png,"3 KB",,,,https://web.viaweb.net.ar/wp-content/uploads/2024/10/viaweb-marca-footer-1-120x27-1-1__2_-removebg-preview-removebg-preview.png,"octubre 21, 2024",image/png
9122,testimonial-skip-01,testimonial-skip-01.jpg,"37 KB",,,,https://web.viaweb.net.ar/wp-content/uploads/2024/08/testimonial-skip-01.jpg,"octubre 20, 2024",image/jpeg
8911,testimonial-2.jpg,testimonial-2-1.jpg,"32 KB",,,,https://web.viaweb.net.ar/wp-content/uploads/2024/10/testimonial-2-1.jpg,"octubre 20, 2024",image/jpeg
8910,testimonial-4.jpg,testimonial-4.jpg,"25 KB",,,,https://web.viaweb.net.ar/wp-content/uploads/2024/10/testimonial-4.jpg,"octubre 20, 2024",image/jpeg
8909,testimonial-1.jpg,testimonial-1-1.jpg,"20 KB",,,,https://web.viaweb.net.ar/wp-content/uploads/2024/10/testimonial-1-1.jpg,"octubre 20, 2024",image/jpeg
8891,testimonial-3.jpg,testimonial-3-1.jpg,"24 KB",,,,https://web.viaweb.net.ar/wp-content/uploads/2024/10/testimonial-3-1.jpg,"octubre 20, 2024",image/jpeg
8878,Team-3.jpg,Team-3-1.jpg,"25 KB",,,,https://web.viaweb.net.ar/wp-content/uploads/2024/10/Team-3-1.jpg,"octubre 20, 2024",image/jpeg
8877,Team-1.jpg,Team-1-1.jpg,"19 KB",,,,https://web.viaweb.net.ar/wp-content/uploads/2024/10/Team-1-1.jpg,"octubre 20, 2024",image/jpeg
8876,testimonial-3.jpg,testimonial-3.jpg,"28 KB",,,,https://web.viaweb.net.ar/wp-content/uploads/2024/10/testimonial-3.jpg,"octubre 20, 2024",image/jpeg
8875,testimonial-2.jpg,testimonial-2.jpg,"19 KB",,,,https://web.viaweb.net.ar/wp-content/uploads/2024/10/testimonial-2.jpg,"octubre 20, 2024",image/jpeg
8874,testimonial-1.jpg,testimonial-1.jpg,"24 KB",,,,https://web.viaweb.net.ar/wp-content/uploads/2024/10/testimonial-1.jpg,"octubre 20, 2024",image/jpeg
8848,cropped-viaweb-marca-footer-1-120&#215;27-1.png,cropped-viaweb-marca-footer-1-120x27-1.png,"8 KB",https://web.viaweb.net.ar/wp-content/uploads/2024/10/cropped-viaweb-marca-footer-1-120&#215;27-1.png,,https://web.viaweb.net.ar/wp-content/uploads/2024/10/cropped-viaweb-marca-footer-1-120x27-1.png,https://web.viaweb.net.ar/wp-content/uploads/2024/10/cropped-viaweb-marca-footer-1-120x27-1.png,"octubre 19, 2024",image/png
8832,"Tractor spraying soybean",software-y-sistemas-de-gestion-para-agroindustria-copia-1.jpg,"239 KB","Tractor spraying soybean field at spring",,,https://web.viaweb.net.ar/wp-content/uploads/2024/10/software-y-sistemas-de-gestion-para-agroindustria-copia-1.jpg,"octubre 19, 2024",image/jpeg
8831,"software-erp-industrial-700&#215;467 &#8211; copia",software-erp-industrial-700x467-copia-1.jpg,"58 KB",,,,https://web.viaweb.net.ar/wp-content/uploads/2024/10/software-erp-industrial-700x467-copia-1.jpg,"octubre 19, 2024",image/jpeg
8830,"images &#8211; copia",images-copia.jpeg,"12 KB",,,,https://web.viaweb.net.ar/wp-content/uploads/2024/10/images-copia.jpeg,"octubre 19, 2024",image/jpeg
8829,"Tractor spraying soybean",software-y-sistemas-de-gestion-para-agroindustria-copia.jpg,"239 KB","Tractor spraying soybean field at spring",,,https://web.viaweb.net.ar/wp-content/uploads/2024/10/software-y-sistemas-de-gestion-para-agroindustria-copia.jpg,"octubre 19, 2024",image/jpeg
8828,software-erp-industrial-700&#215;467,software-erp-industrial-700x467-2.jpg,"58 KB",,,,https://web.viaweb.net.ar/wp-content/uploads/2024/10/software-erp-industrial-700x467-2.jpg,"octubre 19, 2024",image/jpeg
8827,"software-erp-industrial-700&#215;467 &#8211; copia",software-erp-industrial-700x467-copia.jpg,"58 KB",,,,https://web.viaweb.net.ar/wp-content/uploads/2024/10/software-erp-industrial-700x467-copia.jpg,"octubre 19, 2024",image/jpeg
8826,momento-incorporar-erp-sistema-1024&#215;340,momento-incorporar-erp-sistema-1024x340-3.jpg,"35 KB",,,,https://web.viaweb.net.ar/wp-content/uploads/2024/10/momento-incorporar-erp-sistema-1024x340-3.jpg,"octubre 19, 2024",image/jpeg
8823,momento-incorporar-erp-sistema-1024&#215;340,momento-incorporar-erp-sistema-1024x340-2.jpg,"35 KB",,,,https://web.viaweb.net.ar/wp-content/uploads/2024/10/momento-incorporar-erp-sistema-1024x340-2.jpg,"octubre 19, 2024",image/jpeg
8822,"Pantalla de Gestión de Pedidos Muestra todos los pedidos de venta y compra en una sola vista, permitiendo la creación de nuevos pedidos, seguimiento de su estado (validado, en preparación, entrega",Pantalla-de-Gestion-de-Pedidos-Muestra-todos-los-pedidos-de-venta-y-compra-en-una-sola-vista-permitiendo-la-creacion-de-nuevos-pedidos-seguimiento-de-su-estado-validado-en-preparacion-entrega-1.png,"4 MB",,,,https://web.viaweb.net.ar/wp-content/uploads/2024/10/Pantalla-de-Gestion-de-Pedidos-Muestra-todos-los-pedidos-de-venta-y-compra-en-una-sola-vista-permitiendo-la-creacion-de-nuevos-pedidos-seguimiento-de-su-estado-validado-en-preparacion-entrega-1.png,"octubre 19, 2024",image/png
8819,"Pantalla de Gestión de Pedidos Muestra todos los pedidos de venta y compra en una sola vista, permitiendo la creación de nuevos pedidos, seguimiento de su estado (validado, en preparación, entrega",Pantalla-de-Gestion-de-Pedidos-Muestra-todos-los-pedidos-de-venta-y-compra-en-una-sola-vista-permitiendo-la-creacion-de-nuevos-pedidos-seguimiento-de-su-estado-validado-en-preparacion-entrega.png,"4 MB",,,,https://web.viaweb.net.ar/wp-content/uploads/2024/10/Pantalla-de-Gestion-de-Pedidos-Muestra-todos-los-pedidos-de-venta-y-compra-en-una-sola-vista-permitiendo-la-creacion-de-nuevos-pedidos-seguimiento-de-su-estado-validado-en-preparacion-entrega.png,"octubre 19, 2024",image/png
8818,"Tractor spraying soybean",software-y-sistemas-de-gestion-para-agroindustria.jpg,"239 KB","Tractor spraying soybean field at spring",,,https://web.viaweb.net.ar/wp-content/uploads/2024/10/software-y-sistemas-de-gestion-para-agroindustria.jpg,"octubre 19, 2024",image/jpeg
8817,software-erp-industrial-700&#215;467,software-erp-industrial-700x467-1.jpg,"58 KB","2. Manufactura y Agroindustria",,,https://web.viaweb.net.ar/wp-content/uploads/2024/10/software-erp-industrial-700x467-1.jpg,"octubre 19, 2024",image/jpeg
8816,images,images.jpeg,"12 KB","1. Comercio y Distribución",,,https://web.viaweb.net.ar/wp-content/uploads/2024/10/images.jpeg,"octubre 19, 2024",image/jpeg
8808,momento-incorporar-erp-sistema-1024&#215;340,momento-incorporar-erp-sistema-1024x340-1.jpg,"35 KB",,,,https://web.viaweb.net.ar/wp-content/uploads/2024/10/momento-incorporar-erp-sistema-1024x340-1.jpg,"octubre 19, 2024",image/jpeg
8807,image-1.jpg,image-1.jpg,"68 KB",,,,https://web.viaweb.net.ar/wp-content/uploads/2024/10/image-1.jpg,"octubre 19, 2024",image/jpeg
8650,pic-26.jpg,pic-26.jpg,"75 KB",,,,https://web.viaweb.net.ar/wp-content/uploads/2024/10/pic-26.jpg,"octubre 18, 2024",image/jpeg
8649,pic-8.jpg,pic-8.jpg,"178 KB",,,,https://web.viaweb.net.ar/wp-content/uploads/2024/10/pic-8.jpg,"octubre 18, 2024",image/jpeg
8558,Team-1.jpg,Team-1.jpg,"24 KB",,,,https://web.viaweb.net.ar/wp-content/uploads/2024/10/Team-1.jpg,"octubre 18, 2024",image/jpeg
8557,Team-2.jpg,Team-2.jpg,"19 KB",,,,https://web.viaweb.net.ar/wp-content/uploads/2024/10/Team-2.jpg,"octubre 18, 2024",image/jpeg
8556,Team-3.jpg,Team-3.jpg,"28 KB",,,,https://web.viaweb.net.ar/wp-content/uploads/2024/10/Team-3.jpg,"octubre 18, 2024",image/jpeg
4569,serv-4-adult-beard-blur-927022.jpg,serv-4-adult-beard-blur-927022.jpg,"259 KB",,,,https://web.viaweb.net.ar/wp-content/uploads/2024/10/serv-4-adult-beard-blur-927022.jpg,"octubre 16, 2024",image/jpeg
4568,serv-3-adult-agreement-beard-429247.jpg,serv-3-adult-agreement-beard-429247.jpg,"95 KB",,,,https://web.viaweb.net.ar/wp-content/uploads/2024/10/serv-3-adult-agreement-beard-429247.jpg,"octubre 16, 2024",image/jpeg
4567,serv-2-adult-beautiful-caucasian-914931.jpg,serv-2-adult-beautiful-caucasian-914931.jpg,"46 KB",,,,https://web.viaweb.net.ar/wp-content/uploads/2024/10/serv-2-adult-beautiful-caucasian-914931.jpg,"octubre 16, 2024",image/jpeg
4566,serv-1-adult-beautiful-beauty-826349.jpg,serv-1-adult-beautiful-beauty-826349.jpg,"54 KB",,,,https://web.viaweb.net.ar/wp-content/uploads/2024/10/serv-1-adult-beautiful-beauty-826349.jpg,"octubre 16, 2024",image/jpeg
4565,pexels-andrea-piacquadio-3756693-1.jpg,pexels-andrea-piacquadio-3756693-1.jpg,"53 KB",,,,https://web.viaweb.net.ar/wp-content/uploads/2024/10/pexels-andrea-piacquadio-3756693-1.jpg,"octubre 16, 2024",image/jpeg
5798,pexels-photo-1181293.jpeg,pexels-photo-1181293.jpeg,"55 KB",,,,https://web.viaweb.net.ar/wp-content/uploads/2024/10/pexels-photo-1181293.jpeg,"octubre 16, 2024",image/jpeg
5797,viaweb-marca-footer-1-120&#215;27-1-1,viaweb-marca-footer-1-120x27-1-1-1-1.png,"4 KB",,,,https://web.viaweb.net.ar/wp-content/uploads/2024/10/viaweb-marca-footer-1-120x27-1-1-1-1.png,"octubre 16, 2024",image/png
4555,cropped-Untitled,cropped-Untitled-1.png,"38 KB",,,,https://web.viaweb.net.ar/wp-content/uploads/2024/10/cropped-Untitled-1.png,"octubre 16, 2024",image/png
4554,viaweb-marca-footer-1-120&#215;27-1-1,viaweb-marca-footer-1-120x27-1-1-1.png,"4 KB",,,,https://web.viaweb.net.ar/wp-content/uploads/2024/10/viaweb-marca-footer-1-120x27-1-1-1.png,"octubre 16, 2024",image/png
5793,"Kubio Demo Import &#8211; log_file_1729045738",log_file_1729045738.txt,"194 B","Kubio Demo Import - log_file_1729045738",,,https://web.viaweb.net.ar/wp-content/uploads/2024/10/log_file_1729045738.txt,"octubre 16, 2024",text/plain
5539,viaweb-marca-footer-1-120&#215;27-1,viaweb-marca-footer-1-120x27-1-1.png,"4 KB",,,,https://web.viaweb.net.ar/wp-content/uploads/2024/10/viaweb-marca-footer-1-120x27-1-1.png,"octubre 12, 2024",image/png
5536,viaweb-marca-footer-1-120&#215;27-1,viaweb-marca-footer-1-120x27-1.png,"4 KB",,,,https://web.viaweb.net.ar/wp-content/uploads/2024/10/viaweb-marca-footer-1-120x27-1.png,"octubre 12, 2024",image/png
5060,"Pantalla de Gestión de Pedidos Muestra todos los pedidos de venta y compra en una sola vista, permitiendo la creación de nuevos pedidos, seguimiento de su estado (validado, en preparación, entrega(9)",Pantalla-de-Gestion-de-Pedidos-Muestra-todos-los-pedidos-de-venta-y-compra-en-una-sola-vista-permitiendo-la-creacion-de-nuevos-pedidos-seguimiento-de-su-estado-validado-en-preparacion-entrega9.png,"420 KB",,,,https://web.viaweb.net.ar/wp-content/uploads/2024/10/Pantalla-de-Gestion-de-Pedidos-Muestra-todos-los-pedidos-de-venta-y-compra-en-una-sola-vista-permitiendo-la-creacion-de-nuevos-pedidos-seguimiento-de-su-estado-validado-en-preparacion-entrega9.png,"octubre 3, 2024",image/png
5049,cropped-Untitled.png,cropped-Untitled.png,"38 KB",https://web.viaweb.net.ar/wp-content/uploads/2024/10/cropped-Untitled.png,,https://web.viaweb.net.ar/wp-content/uploads/2024/10/cropped-Untitled.png,https://web.viaweb.net.ar/wp-content/uploads/2024/10/cropped-Untitled.png,"octubre 3, 2024",image/png
5048,Untitled,Untitled.png,"411 B",,,,https://web.viaweb.net.ar/wp-content/uploads/2024/10/Untitled.png,"octubre 3, 2024",image/png
4949,concepto-collage-html-css-persona_23-2150061993,concepto-collage-html-css-persona_23-2150061993.avif,"43 KB",,,,https://web.viaweb.net.ar/wp-content/uploads/2024/10/concepto-collage-html-css-persona_23-2150061993.avif,"octubre 3, 2024",image/avif
4948,disenadores-industriales-que-trabajan-modelo-3d_23-2149370147,disenadores-industriales-que-trabajan-modelo-3d_23-2149370147.avif,"17 KB",,,,https://web.viaweb.net.ar/wp-content/uploads/2024/10/disenadores-industriales-que-trabajan-modelo-3d_23-2149370147.avif,"octubre 3, 2024",image/avif
4947,gerente-que-estudia-contratos-cadena-suministro-proporcionar-envio-carga-tiempo_482257-91954,gerente-que-estudia-contratos-cadena-suministro-proporcionar-envio-carga-tiempo_482257-91954.avif,"14 KB",,,,https://web.viaweb.net.ar/wp-content/uploads/2024/10/gerente-que-estudia-contratos-cadena-suministro-proporcionar-envio-carga-tiempo_482257-91954.avif,"octubre 3, 2024",image/avif
4946,mujer-buscando-monedas-criptograficas-usando-su-telefono-inteligente-mientras-esta-casa_23-2149240357,mujer-buscando-monedas-criptograficas-usando-su-telefono-inteligente-mientras-esta-casa_23-2149240357.avif,"14 KB",,,,https://web.viaweb.net.ar/wp-content/uploads/2024/10/mujer-buscando-monedas-criptograficas-usando-su-telefono-inteligente-mientras-esta-casa_23-2149240357.avif,"octubre 3, 2024",image/avif
4945,persona-analizando-revisando-graficos-financieros-oficina_23-2150377191,persona-analizando-revisando-graficos-financieros-oficina_23-2150377191.avif,"41 KB",,,,https://web.viaweb.net.ar/wp-content/uploads/2024/10/persona-analizando-revisando-graficos-financieros-oficina_23-2150377191.avif,"octubre 3, 2024",image/avif
4944,profesional-escribe-codigo-ia-computadora-portatil_482257-91012,profesional-escribe-codigo-ia-computadora-portatil_482257-91012.avif,"10 KB",,,,https://web.viaweb.net.ar/wp-content/uploads/2024/10/profesional-escribe-codigo-ia-computadora-portatil_482257-91012.avif,"octubre 3, 2024",image/avif
4943,trabajador-fabrica-que-supervisa-maquinas-industriales-produccion-forma-remota-sala-control_342744-90,trabajador-fabrica-que-supervisa-maquinas-industriales-produccion-forma-remota-sala-control_342744-90.avif,"41 KB",,,,https://web.viaweb.net.ar/wp-content/uploads/2024/10/trabajador-fabrica-que-supervisa-maquinas-industriales-produccion-forma-remota-sala-control_342744-90.avif,"octubre 3, 2024",image/avif
4942,vista-frontal-mujer-transporte-publico_23-2148626989,vista-frontal-mujer-transporte-publico_23-2148626989.avif,"18 KB",,,,https://web.viaweb.net.ar/wp-content/uploads/2024/10/vista-frontal-mujer-transporte-publico_23-2148626989.avif,"octubre 3, 2024",image/avif
4941,administrador-camina-centro-datos_482257-91108,administrador-camina-centro-datos_482257-91108.avif,"28 KB",,,,https://web.viaweb.net.ar/wp-content/uploads/2024/10/administrador-camina-centro-datos_482257-91108.avif,"octubre 3, 2024",image/avif
4940,adulto-joven-ensenando-anciano-sobre-devicer-degital_23-2149212055,adulto-joven-ensenando-anciano-sobre-devicer-degital_23-2149212055.avif,"23 KB",,,,https://web.viaweb.net.ar/wp-content/uploads/2024/10/adulto-joven-ensenando-anciano-sobre-devicer-degital_23-2149212055.avif,"octubre 3, 2024",image/avif
4939,alto-angulo-mujer-que-trabaja-ordenador-portatil-telefono-inteligente_23-2148575243,alto-angulo-mujer-que-trabaja-ordenador-portatil-telefono-inteligente_23-2148575243.avif,"27 KB",,,,https://web.viaweb.net.ar/wp-content/uploads/2024/10/alto-angulo-mujer-que-trabaja-ordenador-portatil-telefono-inteligente_23-2148575243.avif,"octubre 3, 2024",image/avif
4938,amigos-jovenes-realizando-videoconferencia_23-2147859175,amigos-jovenes-realizando-videoconferencia_23-2147859175.jpg,"70 KB",,,,https://web.viaweb.net.ar/wp-content/uploads/2024/10/amigos-jovenes-realizando-videoconferencia_23-2147859175.jpg,"octubre 3, 2024",image/jpeg
4937,amigos-tiro-medio-viajando-juntos_23-2150601198,amigos-tiro-medio-viajando-juntos_23-2150601198.avif,"35 KB",,,,https://web.viaweb.net.ar/wp-content/uploads/2024/10/amigos-tiro-medio-viajando-juntos_23-2150601198.avif,"octubre 3, 2024",image/avif
4936,analizando-datos-primer-plano-equipo-negocios-jovenes-que-trabajan-juntos-oficina-creativa-mientras-que-joven-apuntando-datos-presentados-grafico-lapiz_146671-15023,analizando-datos-primer-plano-equipo-negocios-jovenes-que-trabajan-juntos-oficina-creativa-mientras-que-joven-apuntando-datos-presentados-grafico-lapiz_146671-15023.jpg,"47 KB",,,,https://web.viaweb.net.ar/wp-content/uploads/2024/10/analizando-datos-primer-plano-equipo-negocios-jovenes-que-trabajan-juntos-oficina-creativa-mientras-que-joven-apuntando-datos-presentados-grafico-lapiz_146671-15023.jpg,"octubre 3, 2024",image/jpeg
4935,artista-senior-estudio-pintando-acuarela_23-2150214811,artista-senior-estudio-pintando-acuarela_23-2150214811.jpg,"64 KB",,,,https://web.viaweb.net.ar/wp-content/uploads/2024/10/artista-senior-estudio-pintando-acuarela_23-2150214811.jpg,"octubre 3, 2024",image/jpeg
4934,cerca-personas-que-trabajan-casa_23-2149173379,cerca-personas-que-trabajan-casa_23-2149173379.jpg,"55 KB",,,,https://web.viaweb.net.ar/wp-content/uploads/2024/10/cerca-personas-que-trabajan-casa_23-2149173379.jpg,"octubre 3, 2024",image/jpeg
4933,colegas-masculinos-femeninos-compartiendo-ideas-mientras-usan-laptop-oficina_662251-71,colegas-masculinos-femeninos-compartiendo-ideas-mientras-usan-laptop-oficina_662251-71.jpg,"68 KB",,,,https://web.viaweb.net.ar/wp-content/uploads/2024/10/colegas-masculinos-femeninos-compartiendo-ideas-mientras-usan-laptop-oficina_662251-71.jpg,"octubre 3, 2024",image/jpeg
4932,companeros-equipos-seguridad-trabajo_23-2148976371,companeros-equipos-seguridad-trabajo_23-2148976371.jpg,"63 KB",,,,https://web.viaweb.net.ar/wp-content/uploads/2024/10/companeros-equipos-seguridad-trabajo_23-2148976371.jpg,"octubre 3, 2024",image/jpeg
4931,concepto-alojamiento-sitios-web-nube_23-2149406777,concepto-alojamiento-sitios-web-nube_23-2149406777.jpg,"58 KB",,,,https://web.viaweb.net.ar/wp-content/uploads/2024/10/concepto-alojamiento-sitios-web-nube_23-2149406777.jpg,"octubre 3, 2024",image/jpeg
4930,configuracion-profesional-servidores-juegos_482257-75938,configuracion-profesional-servidores-juegos_482257-75938.avif,"23 KB",,,,https://web.viaweb.net.ar/wp-content/uploads/2024/10/configuracion-profesional-servidores-juegos_482257-75938.avif,"octubre 3, 2024",image/avif
4929,disenadores-graficos-masculinos-femeninos-que-interactuan-sobre-computadora_1170-907,disenadores-graficos-masculinos-femeninos-que-interactuan-sobre-computadora_1170-907.jpg,"75 KB",,,,https://web.viaweb.net.ar/wp-content/uploads/2024/10/disenadores-graficos-masculinos-femeninos-que-interactuan-sobre-computadora_1170-907.jpg,"octubre 3, 2024",image/jpeg
4928,dos-colegas-sonrientes-negocio-usando-telefonos-al-aire-libre_1262-12580,dos-colegas-sonrientes-negocio-usando-telefonos-al-aire-libre_1262-12580.avif,"31 KB",,,,https://web.viaweb.net.ar/wp-content/uploads/2024/10/dos-colegas-sonrientes-negocio-usando-telefonos-al-aire-libre_1262-12580.avif,"octubre 3, 2024",image/avif
4927,dos-jovenes-empresarios-comunicandose-divirtiendose-trabajo-foco-esta-hombre_637285-1069,dos-jovenes-empresarios-comunicandose-divirtiendose-trabajo-foco-esta-hombre_637285-1069.jpg,"52 KB",,,,https://web.viaweb.net.ar/wp-content/uploads/2024/10/dos-jovenes-empresarios-comunicandose-divirtiendose-trabajo-foco-esta-hombre_637285-1069.jpg,"octubre 3, 2024",image/jpeg
4926,empleado-oficina-barbudo-enfocado-mirando-portatil_74855-4203,empleado-oficina-barbudo-enfocado-mirando-portatil_74855-4203.jpg,"45 KB",,,,https://web.viaweb.net.ar/wp-content/uploads/2024/10/empleado-oficina-barbudo-enfocado-mirando-portatil_74855-4203.jpg,"octubre 3, 2024",image/jpeg
4925,empleados-mayores-jovenes-que-trabajan-oficina-vista-vertical-superior_1163-4907,empleados-mayores-jovenes-que-trabajan-oficina-vista-vertical-superior_1163-4907.jpg,"36 KB",,,,https://web.viaweb.net.ar/wp-content/uploads/2024/10/empleados-mayores-jovenes-que-trabajan-oficina-vista-vertical-superior_1163-4907.jpg,"octubre 3, 2024",image/jpeg
4924,empresario-maduro-que-muestra-grafico-reunion-negocios_23-2147923289,empresario-maduro-que-muestra-grafico-reunion-negocios_23-2147923289.jpg,"54 KB",,,,https://web.viaweb.net.ar/wp-content/uploads/2024/10/empresario-maduro-que-muestra-grafico-reunion-negocios_23-2147923289.jpg,"octubre 3, 2024",image/jpeg
4923,equipo-personal-que-analiza-tendencias-ayudar-tomar-decisiones-cruciales_482257-97970,equipo-personal-que-analiza-tendencias-ayudar-tomar-decisiones-cruciales_482257-97970.jpg,"76 KB",,,,https://web.viaweb.net.ar/wp-content/uploads/2024/10/equipo-personal-que-analiza-tendencias-ayudar-tomar-decisiones-cruciales_482257-97970.jpg,"octubre 3, 2024",image/jpeg
4922,gente-tiro-medio-hablando-trabajo_23-2149345219,gente-tiro-medio-hablando-trabajo_23-2149345219.avif,"19 KB",,,,https://web.viaweb.net.ar/wp-content/uploads/2024/10/gente-tiro-medio-hablando-trabajo_23-2149345219.avif,"octubre 3, 2024",image/avif
4921,gente-trabajando-call-center_23-2148094834,gente-trabajando-call-center_23-2148094834.jpg,"50 KB",,,,https://web.viaweb.net.ar/wp-content/uploads/2024/10/gente-trabajando-call-center_23-2148094834.jpg,"octubre 3, 2024",image/jpeg
4920,gerente-empresa-enviando-mensajes-texto-oficina_329181-10361,gerente-empresa-enviando-mensajes-texto-oficina_329181-10361.avif,"29 KB",,,,https://web.viaweb.net.ar/wp-content/uploads/2024/10/gerente-empresa-enviando-mensajes-texto-oficina_329181-10361.avif,"octubre 3, 2024",image/avif
4919,gerente-planta-masculino-serio-casco-gafas-operando-maquina-industrial-presionando-botones-panel-control_74855-16453,gerente-planta-masculino-serio-casco-gafas-operando-maquina-industrial-presionando-botones-panel-control_74855-16453.jpg,"59 KB",,,,https://web.viaweb.net.ar/wp-content/uploads/2024/10/gerente-planta-masculino-serio-casco-gafas-operando-maquina-industrial-presionando-botones-panel-control_74855-16453.jpg,"octubre 3, 2024",image/jpeg
4918,gerente-senior-revisando-mediciones-ingresos-ganancias-anuales-haciendo-evaluacion-finalizacion-objetiva-antes-reunion-consultoria-comercial-lugar-trabajo-burocratico-lleno-graficos_482257-65379,gerente-senior-revisando-mediciones-ingresos-ganancias-anuales-haciendo-evaluacion-finalizacion-objetiva-antes-reunion-consultoria-comercial-lugar-trabajo-burocratico-lleno-graficos_482257-65379.jpg,"32 KB",,,,https://web.viaweb.net.ar/wp-content/uploads/2024/10/gerente-senior-revisando-mediciones-ingresos-ganancias-anuales-haciendo-evaluacion-finalizacion-objetiva-antes-reunion-consultoria-comercial-lugar-trabajo-burocratico-lleno-graficos_482257-65379.jpg,"octubre 3, 2024",image/jpeg
4917,grupo-disenadores-graficos-que-trabajan-conjunto_1170-979,grupo-disenadores-graficos-que-trabajan-conjunto_1170-979.jpg,"65 KB",,,,https://web.viaweb.net.ar/wp-content/uploads/2024/10/grupo-disenadores-graficos-que-trabajan-conjunto_1170-979.jpg,"octubre 3, 2024",image/jpeg
4916,hombre-disfrutando-juego-sudoku-papel_23-2149072665,hombre-disfrutando-juego-sudoku-papel_23-2149072665.avif,"29 KB",,,,https://web.viaweb.net.ar/wp-content/uploads/2024/10/hombre-disfrutando-juego-sudoku-papel_23-2149072665.avif,"octubre 3, 2024",image/avif
4915,hombre-tiro-medio-pintando-acuarelas_23-2150170325,hombre-tiro-medio-pintando-acuarelas_23-2150170325.jpg,"31 KB",,,,https://web.viaweb.net.ar/wp-content/uploads/2024/10/hombre-tiro-medio-pintando-acuarelas_23-2150170325.jpg,"octubre 3, 2024",image/jpeg
4914,joven-mujer-sosteniendo-telefono-movil_23-2147850523,joven-mujer-sosteniendo-telefono-movil_23-2147850523.avif,"22 KB",,,,https://web.viaweb.net.ar/wp-content/uploads/2024/10/joven-mujer-sosteniendo-telefono-movil_23-2147850523.avif,"octubre 3, 2024",image/avif
4913,laboratorio-computacion-moderno-equipado_23-2149241211,laboratorio-computacion-moderno-equipado_23-2149241211.jpg,"54 KB",,,,https://web.viaweb.net.ar/wp-content/uploads/2024/10/laboratorio-computacion-moderno-equipado_23-2149241211.jpg,"octubre 3, 2024",image/jpeg
4912,laboratorio-computacion-moderno-equipado_23-2149241212,laboratorio-computacion-moderno-equipado_23-2149241212.jpg,"59 KB",,,,https://web.viaweb.net.ar/wp-content/uploads/2024/10/laboratorio-computacion-moderno-equipado_23-2149241212.jpg,"octubre 3, 2024",image/jpeg
4911,laboratorio-computacion-moderno-equipado_23-2149241237,laboratorio-computacion-moderno-equipado_23-2149241237.jpg,"55 KB",,,,https://web.viaweb.net.ar/wp-content/uploads/2024/10/laboratorio-computacion-moderno-equipado_23-2149241237.jpg,"octubre 3, 2024",image/jpeg
4910,medico-tiro-medio-hablando-paciente_23-2149047473,medico-tiro-medio-hablando-paciente_23-2149047473.jpg,"58 KB",,,,https://web.viaweb.net.ar/wp-content/uploads/2024/10/medico-tiro-medio-hablando-paciente_23-2149047473.jpg,"octubre 3, 2024",image/jpeg
4909,mujer-alto-angulo-escaneando-codigo-qr-restaurante_23-2149357858,mujer-alto-angulo-escaneando-codigo-qr-restaurante_23-2149357858.avif,"12 KB",,,,https://web.viaweb.net.ar/wp-content/uploads/2024/10/mujer-alto-angulo-escaneando-codigo-qr-restaurante_23-2149357858.avif,"octubre 3, 2024",image/avif
4908,mujer-fisioterapeuta-tiro-medio_23-2149047539,mujer-fisioterapeuta-tiro-medio_23-2149047539.jpg,"35 KB",,,,https://web.viaweb.net.ar/wp-content/uploads/2024/10/mujer-fisioterapeuta-tiro-medio_23-2149047539.jpg,"octubre 3, 2024",image/jpeg
4907,mujer-leyendo-monitor_23-2149370605,mujer-leyendo-monitor_23-2149370605.jpg,"50 KB",,,,https://web.viaweb.net.ar/wp-content/uploads/2024/10/mujer-leyendo-monitor_23-2149370605.jpg,"octubre 3, 2024",image/jpeg
4906,oficinistas-que-usan-graficos-finanzas_23-2150408667,oficinistas-que-usan-graficos-finanzas_23-2150408667.jpg,"67 KB",,,,https://web.viaweb.net.ar/wp-content/uploads/2024/10/oficinistas-que-usan-graficos-finanzas_23-2150408667.jpg,"octubre 3, 2024",image/jpeg
4905,oficinistas-que-usan-graficos-finanzas_23-2150408712,oficinistas-que-usan-graficos-finanzas_23-2150408712.jpg,"33 KB",,,,https://web.viaweb.net.ar/wp-content/uploads/2024/10/oficinistas-que-usan-graficos-finanzas_23-2150408712.jpg,"octubre 3, 2024",image/jpeg
4904,persona-mirando-graficos-finanzas_52683-116604,persona-mirando-graficos-finanzas_52683-116604.avif,"16 KB",,,,https://web.viaweb.net.ar/wp-content/uploads/2024/10/persona-mirando-graficos-finanzas_52683-116604.avif,"octubre 3, 2024",image/avif
4903,persona-mirando-graficos-finanzas_52683-116611,persona-mirando-graficos-finanzas_52683-116611.jpg,"52 KB",,,,https://web.viaweb.net.ar/wp-content/uploads/2024/10/persona-mirando-graficos-finanzas_52683-116611.jpg,"octubre 3, 2024",image/jpeg
4902,persona-negocios-mirando-graficos-finanzas_23-2150461327,persona-negocios-mirando-graficos-finanzas_23-2150461327.jpg,"57 KB",,,,https://web.viaweb.net.ar/wp-content/uploads/2024/10/persona-negocios-mirando-graficos-finanzas_23-2150461327.jpg,"octubre 3, 2024",image/jpeg
4900,persona-negocios-mirando-graficos-finanzas_23-2150461357,persona-negocios-mirando-graficos-finanzas_23-2150461357.jpg,"55 KB",,,,https://web.viaweb.net.ar/wp-content/uploads/2024/10/persona-negocios-mirando-graficos-finanzas_23-2150461357.jpg,"octubre 3, 2024",image/jpeg
4899,persona-negocios-que-trabaja-su-computadora-portatil-mirando-datos-grafico-su-sala-estar_482257-18753,persona-negocios-que-trabaja-su-computadora-portatil-mirando-datos-grafico-su-sala-estar_482257-18753.jpg,"47 KB",,,,https://web.viaweb.net.ar/wp-content/uploads/2024/10/persona-negocios-que-trabaja-su-computadora-portatil-mirando-datos-grafico-su-sala-estar_482257-18753.jpg,"octubre 3, 2024",image/jpeg
4898,persona-sosteniendo-telefono-grafico-el_1221953-63934,persona-sosteniendo-telefono-grafico-el_1221953-63934.avif,"23 KB",,,,https://web.viaweb.net.ar/wp-content/uploads/2024/10/persona-sosteniendo-telefono-grafico-el_1221953-63934.avif,"octubre 3, 2024",image/avif
4897,personas-analizando-revisando-graficos-financieros-oficina_23-2150377179,personas-analizando-revisando-graficos-financieros-oficina_23-2150377179.avif,"27 KB",,,,https://web.viaweb.net.ar/wp-content/uploads/2024/10/personas-analizando-revisando-graficos-financieros-oficina_23-2150377179.avif,"octubre 3, 2024",image/avif
4896,personas-mayores-asisten-reunion-asesoramiento-futuras-inversiones_482257-95429,personas-mayores-asisten-reunion-asesoramiento-futuras-inversiones_482257-95429.jpg,"64 KB",,,,https://web.viaweb.net.ar/wp-content/uploads/2024/10/personas-mayores-asisten-reunion-asesoramiento-futuras-inversiones_482257-95429.jpg,"octubre 3, 2024",image/jpeg
4895,personas-mayores-oficina-moderna-analizando-planes-jubilacion-corredor-financiero_482257-100631,personas-mayores-oficina-moderna-analizando-planes-jubilacion-corredor-financiero_482257-100631.jpg,"29 KB",,,,https://web.viaweb.net.ar/wp-content/uploads/2024/10/personas-mayores-oficina-moderna-analizando-planes-jubilacion-corredor-financiero_482257-100631.jpg,"octubre 3, 2024",image/jpeg
4894,personas-mayores-tiro-medio-laptop-tarjeta_23-2149046253,personas-mayores-tiro-medio-laptop-tarjeta_23-2149046253.jpg,"31 KB",,,,https://web.viaweb.net.ar/wp-content/uploads/2024/10/personas-mayores-tiro-medio-laptop-tarjeta_23-2149046253.jpg,"octubre 3, 2024",image/jpeg
4893,personas-oficina_144627-38024,personas-oficina_144627-38024.jpg,"43 KB",,,,https://web.viaweb.net.ar/wp-content/uploads/2024/10/personas-oficina_144627-38024.jpg,"octubre 3, 2024",image/jpeg
4892,personas-que-trabajan-telefonos-inteligentes-portatiles_23-2147707814,personas-que-trabajan-telefonos-inteligentes-portatiles_23-2147707814.jpg,"47 KB",,,,https://web.viaweb.net.ar/wp-content/uploads/2024/10/personas-que-trabajan-telefonos-inteligentes-portatiles_23-2147707814.jpg,"octubre 3, 2024",image/jpeg
4890,personas-que-utilizan-dispositivos-digitales-reunion_23-2149085917,personas-que-utilizan-dispositivos-digitales-reunion_23-2149085917.jpg,"58 KB",,,,https://web.viaweb.net.ar/wp-content/uploads/2024/10/personas-que-utilizan-dispositivos-digitales-reunion_23-2149085917.jpg,"octubre 3, 2024",image/jpeg
4889,personas-que-utilizan-dispositivos-digitales-reunion_23-2149085923,personas-que-utilizan-dispositivos-digitales-reunion_23-2149085923.jpg,"67 KB",,,,https://web.viaweb.net.ar/wp-content/uploads/2024/10/personas-que-utilizan-dispositivos-digitales-reunion_23-2149085923.jpg,"octubre 3, 2024",image/jpeg
4888,proyecto-gerente-marketing-discapacitados-sentado-silla-ruedas-puesta-marcha-oficina-negocios-leyendo-informes-verificacion_482257-2408,proyecto-gerente-marketing-discapacitados-sentado-silla-ruedas-puesta-marcha-oficina-negocios-leyendo-informes-verificacion_482257-2408.jpg,"60 KB",,,,https://web.viaweb.net.ar/wp-content/uploads/2024/10/proyecto-gerente-marketing-discapacitados-sentado-silla-ruedas-puesta-marcha-oficina-negocios-leyendo-informes-verificacion_482257-2408.jpg,"octubre 3, 2024",image/jpeg
4887,trabajador-invalido-discapacidades-trabajando-computadora_482257-21593,trabajador-invalido-discapacidades-trabajando-computadora_482257-21593.jpg,"57 KB",,,,https://web.viaweb.net.ar/wp-content/uploads/2024/10/trabajador-invalido-discapacidades-trabajando-computadora_482257-21593.jpg,"octubre 3, 2024",image/jpeg
4886,vista-frontal-operador-centro-llamadas-que-comunica-cliente_74855-4244,vista-frontal-operador-centro-llamadas-que-comunica-cliente_74855-4244.jpg,"45 KB",,,,https://web.viaweb.net.ar/wp-content/uploads/2024/10/vista-frontal-operador-centro-llamadas-que-comunica-cliente_74855-4244.jpg,"octubre 3, 2024",image/jpeg
4885,vista-lateral-hombre-que-vive-como-nomada-digital_23-2151205392,vista-lateral-hombre-que-vive-como-nomada-digital_23-2151205392.jpg,"52 KB",,,,https://web.viaweb.net.ar/wp-content/uploads/2024/10/vista-lateral-hombre-que-vive-como-nomada-digital_23-2151205392.jpg,"octubre 3, 2024",image/jpeg
4884,vista-lateral-joven-empresario-guapo-usando-telefono-inteligente-contra-telon-fondo-borroso_23-2148026627,vista-lateral-joven-empresario-guapo-usando-telefono-inteligente-contra-telon-fondo-borroso_23-2148026627.avif,"14 KB",,,,https://web.viaweb.net.ar/wp-content/uploads/2024/10/vista-lateral-joven-empresario-guapo-usando-telefono-inteligente-contra-telon-fondo-borroso_23-2148026627.avif,"octubre 3, 2024",image/avif
4883,vista-lateral-personas-que-trabajan-computadoras-portatiles_23-2149445778,vista-lateral-personas-que-trabajan-computadoras-portatiles_23-2149445778.avif,"25 KB",,,,https://web.viaweb.net.ar/wp-content/uploads/2024/10/vista-lateral-personas-que-trabajan-computadoras-portatiles_23-2149445778.avif,"octubre 3, 2024",image/avif
4882,volver-ver-colegas-que-trabajan-computadora-portatil_23-2147707779,volver-ver-colegas-que-trabajan-computadora-portatil_23-2147707779.avif,"26 KB",,,,https://web.viaweb.net.ar/wp-content/uploads/2024/10/volver-ver-colegas-que-trabajan-computadora-portatil_23-2147707779.avif,"octubre 3, 2024",image/avif
3905,linkedin-sales-solutions-rkmQRHZqHyU-unsplash,linkedin-sales-solutions-rkmQRHZqHyU-unsplash.jpg,"85 KB",,,,https://web.viaweb.net.ar/wp-content/uploads/2024/10/linkedin-sales-solutions-rkmQRHZqHyU-unsplash.jpg,"octubre 2, 2024",image/jpeg
3904,linkedin-sales-solutions-o4CEee8W7FI-unsplash,linkedin-sales-solutions-o4CEee8W7FI-unsplash.jpg,"49 KB",,,,https://web.viaweb.net.ar/wp-content/uploads/2024/10/linkedin-sales-solutions-o4CEee8W7FI-unsplash.jpg,"octubre 2, 2024",image/jpeg
2257,woocommerce-placeholder,woocommerce-placeholder.png,"100 KB",,,,https://web.viaweb.net.ar/wp-content/uploads/woocommerce-placeholder.png,"octubre 1, 2024",image/png
2126,Paginas-Export-2024-September-30-2258,Paginas-Export-2024-September-30-2258.csv,"4 MB",Paginas-Export-2024-September-30-2258,,,https://web.viaweb.net.ar/wp-content/uploads/2024/10/Paginas-Export-2024-September-30-2258.csv,"octubre 1, 2024",text/csv
1547,viaweb-marca-footer-1-120&#215;27,viaweb-marca-footer-1-120x27-1.png,"4 KB",,,,https://web.viaweb.net.ar/wp-content/uploads/2024/09/viaweb-marca-footer-1-120x27-1.png,"septiembre 29, 2024",image/png
1828,woocommerce-placeholder,woocommerce-placeholder.png,"100 KB",,,,https://web.viaweb.net.ar/wp-content/uploads/2024/07/woocommerce-placeholder.png,"julio 6, 2024",image/png
1563,"Photo by ThisisEngineering",6dsitowspgy.jpg,"181 KB",,"man in blue dress shirt sitting on black office rolling chair",,https://web.viaweb.net.ar/wp-content/uploads/2024/07/6dsitowspgy.jpg,"julio 5, 2024",image/jpeg
1562,"Photo by Blake Wisz",te6th1h6bfk.jpg,"295 KB",,"turned-on monitor",,https://web.viaweb.net.ar/wp-content/uploads/2024/07/te6th1h6bfk.jpg,"julio 5, 2024",image/jpeg
19691,zipwp-image-7369,zipwp-image-7369.png,"4 KB",,"Site Logo",,https://web.viaweb.net.ar/wp-content/uploads/2024/07/zipwp-image-7369.png,"julio 3, 2024",image/png
8,woocommerce-placeholder,woocommerce-placeholder-1.png,"100 KB",,,,https://web.viaweb.net.ar/wp-content/uploads/2019/06/woocommerce-placeholder-1.png,"junio 10, 2019",image/png
