ID,Type,SKU,Name,Published,Short description,Description,In stock?,Regular price,Categories,Tags,Software,Tipo,SEO Keyword,Meta Description
1,simple,CTM-0001,Gestión de la Experiencia del Cliente (CX),1,Servicios de consultoría y ejecución de programas de gestión de la experiencia del cliente.,"Servicios de consultoría y ejecución de programas de gestión de la experiencia del cliente. Pensado para PyMEs que buscan resolver incidentes técnicos con rapidez y sin fricción. Incluye acompañamiento del equipo de Clientum durante toda la implementación y soporte post-entrega. ¿Querés más información sobre ""Gestión de la Experiencia del Cliente (CX)""? Solicitá una demo sin cargo.",1,21.00,Soporte,"Clientum,Consultoría,Multiplataforma,Soporte",Multiplataforma,Consultoría,soporte consultoría,Gestión de la Experiencia del Cliente (CX): Servicios de consultoría y ejecución de programas de gestión de la experiencia del cliente. Pedí tu presupuesto con Clientum.
2,simple,CTM-0002,Systems Maintenance,1,Mantenimiento de sistemas it.,"Mantenimiento de sistemas it. Pensado para PyMEs que buscan resolver incidentes técnicos con rapidez y sin fricción. Incluye acompañamiento del equipo de Clientum durante toda la implementación y soporte post-entrega. ¿Querés más información sobre ""Systems Maintenance""? Solicitá una demo sin cargo.",1,2025.00,Soporte,"Clientum,Multiplataforma,Soporte",Multiplataforma,Soporte,soporte soporte,Systems Maintenance: Mantenimiento de sistemas it. Pedí tu presupuesto con Clientum.
3,simple,CTM-0003,Servicios de monitoreo y gestión de infraestructura IT,1,Monitoreo y gestión de infraestructura it.,"Monitoreo y gestión de infraestructura it. Pensado para PyMEs que buscan resolver incidentes técnicos con rapidez y sin fricción. Incluye acompañamiento del equipo de Clientum durante toda la implementación y soporte post-entrega. ¿Querés más información sobre ""Servicios de monitoreo y gestión de infraestructura IT""? Solicitá una demo sin cargo.",1,2025.00,Soporte,"Clientum,Multiplataforma,Soporte",Multiplataforma,Soporte,soporte soporte,Servicios de monitoreo y gestión de infraestructura IT: Monitoreo y gestión de infraestructura it. Pedí tu presupuesto con Clientum.
4,simple,CTM-0004,Servicios de auditoría y cumplimiento normativo,1,Servicios de consultoría y auditoría para garantizar el cumplimiento de requisitos legales y normativos.,"Servicios de consultoría y auditoría para garantizar el cumplimiento de requisitos legales y normativos. Pensado para PyMEs que buscan resolver incidentes técnicos con rapidez y sin fricción. Incluye acompañamiento del equipo de Clientum durante toda la implementación y soporte post-entrega. ¿Querés más información sobre ""Servicios de auditoría y cumplimiento normativo""? Solicitá una demo sin cargo.",1,195.00,Soporte,"Clientum,Consultoría,Multiplataforma,Soporte",Multiplataforma,Consultoría,soporte consultoría,Servicios de auditoría y cumplimiento normativo: Servicios de consultoría y auditoría para garantizar el cumplimiento de requisitos legales y norma... Pedí tu presupuesto con Clientum.
5,simple,CTM-0005,IT Support Package,1,Soporte técnico it.,"Soporte técnico it. Pensado para PyMEs que buscan resolver incidentes técnicos con rapidez y sin fricción. Incluye acompañamiento del equipo de Clientum durante toda la implementación y soporte post-entrega. ¿Querés más información sobre ""IT Support Package""? Solicitá una demo sin cargo.",1,195.00,Soporte,"Clientum,Multiplataforma,Soporte",Multiplataforma,Soporte,soporte soporte,IT Support Package: Soporte técnico it. Pedí tu presupuesto con Clientum.
6,simple,CTM-0006,Desarrollo de chatbots,1,"Servicio de desarrollo de chatbot de soporte al cliente para ecommerce: mejora la experiencia del cliente, reduce costos y aumenta las ventas con nuestra solución innovadora.","Servicio de desarrollo de chatbot de soporte al cliente para ecommerce: mejora la experiencia del cliente, reduce costos y aumenta las ventas con nuestra solución innovadora. Pensado para PyMEs que buscan resolver incidentes técnicos con rapidez y sin fricción. Incluye acompañamiento del equipo de Clientum durante toda la implementación y soporte post-entrega. ¿Querés más información sobre ""Desarrollo de chatbots""? Solicitá una demo sin cargo.",1,1875.00,Soporte,"Clientum,Multiplataforma,Soporte",Multiplataforma,Soporte,soporte soporte,"Desarrollo de chatbots: Servicio de desarrollo de chatbot de soporte al cliente para ecommerce: mejora la experiencia del cliente, reduce costos y... Pedí tu presupuesto con Clientum."
7,simple,CTM-0007,Automatización de Servicio al Cliente,1,Automatización del servicio al cliente.,"Automatización del servicio al cliente. Pensado para PyMEs que buscan resolver incidentes técnicos con rapidez y sin fricción. Incluye acompañamiento del equipo de Clientum durante toda la implementación y soporte post-entrega. ¿Querés más información sobre ""Automatización de Servicio al Cliente""? Solicitá una demo sin cargo.",1,1875.00,Soporte,"Clientum,Implementación,Multiplataforma,Soporte",Multiplataforma,Implementación,soporte implementación,Automatización de Servicio al Cliente: Automatización del servicio al cliente. Pedí tu presupuesto con Clientum.
8,simple,CTM-0008,Montaje de eventos,1,Servicio integral de montaje y producción técnica de eventos corporativos o sociales.,"Servicio integral de montaje y producción técnica de eventos corporativos o sociales. Pensado para PyMEs que buscan resolver incidentes técnicos con rapidez y sin fricción. Incluye acompañamiento del equipo de Clientum durante toda la implementación y soporte post-entrega. ¿Querés más información sobre ""Montaje de eventos""? Solicitá una demo sin cargo.",1,18.00,Soporte,"Clientum,Implementación,Multiplataforma,Soporte",Multiplataforma,Implementación,soporte implementación,Montaje de eventos: Servicio integral de montaje y producción técnica de eventos corporativos o sociales. Pedí tu presupuesto con Clientum.
9,simple,CTM-0009,Soporte Técnico Continuo,1,Soporte post-implementación: el aliado indispensable para el éxito de tus proyectos tecnológicos.,"Soporte post-implementación: el aliado indispensable para el éxito de tus proyectos tecnológicos. Pensado para PyMEs que buscan resolver incidentes técnicos con rapidez y sin fricción. Incluye acompañamiento del equipo de Clientum durante toda la implementación y soporte post-entrega. ¿Querés más información sobre ""Soporte Técnico Continuo""? Solicitá una demo sin cargo.",1,1725.00,Soporte,"Clientum,Multiplataforma,Soporte",Multiplataforma,Soporte,soporte soporte,Soporte Técnico Continuo: Soporte post-implementación: el aliado indispensable para el éxito de tus proyectos tecnológicos. Pedí tu presupuesto con Clientum.
10,simple,CTM-0010,Soporte Remoto,1,Soporte técnico a distancia.,"Soporte técnico a distancia. Pensado para PyMEs que buscan resolver incidentes técnicos con rapidez y sin fricción. Incluye acompañamiento del equipo de Clientum durante toda la implementación y soporte post-entrega. ¿Querés más información sobre ""Soporte Remoto""? Solicitá una demo sin cargo.",1,1725.00,Soporte,"Clientum,Multiplataforma,Soporte",Multiplataforma,Soporte,soporte soporte,Soporte Remoto: Soporte técnico a distancia. Pedí tu presupuesto con Clientum.
11,simple,CTM-0011,Mantenimiento preventivo,1,Servicios de mantenimiento y soporte técnico para infraestructura y sistemas informáticos.,"Servicios de mantenimiento y soporte técnico para infraestructura y sistemas informáticos. Pensado para PyMEs que buscan resolver incidentes técnicos con rapidez y sin fricción. Incluye acompañamiento del equipo de Clientum durante toda la implementación y soporte post-entrega. ¿Querés más información sobre ""Mantenimiento preventivo""? Solicitá una demo sin cargo.",1,165.00,Soporte,"Clientum,Multiplataforma,Soporte",Multiplataforma,Soporte,soporte soporte,Mantenimiento preventivo: Servicios de mantenimiento y soporte técnico para infraestructura y sistemas informáticos. Pedí tu presupuesto con Clientum.
12,simple,CTM-0012,Soporte Técnico 24/7,1,Soporte técnico especializado.,"Soporte técnico especializado. Pensado para PyMEs que buscan resolver incidentes técnicos con rapidez y sin fricción. Incluye acompañamiento del equipo de Clientum durante toda la implementación y soporte post-entrega. ¿Querés más información sobre ""Soporte Técnico 24/7""? Solicitá una demo sin cargo.",1,165.00,Soporte,"Clientum,Multiplataforma,Soporte",Multiplataforma,Soporte,soporte soporte,Soporte Técnico 24/7: Soporte técnico especializado. Pedí tu presupuesto con Clientum.
13,simple,CTM-0013,Asistencia técnica remota,1,$150 por incidente: protección integral para tu tranquilidad.,"$150 por incidente: protección integral para tu tranquilidad. Pensado para PyMEs que buscan resolver incidentes técnicos con rapidez y sin fricción. Incluye acompañamiento del equipo de Clientum durante toda la implementación y soporte post-entrega. ¿Querés más información sobre ""Asistencia técnica remota""? Solicitá una demo sin cargo.",1,1425.00,Soporte,"Clientum,Implementación,Multiplataforma,Soporte",Multiplataforma,Implementación,soporte implementación,Asistencia técnica remota: $150 por incidente: protección integral para tu tranquilidad. Pedí tu presupuesto con Clientum.
14,simple,CTM-0014,Generación de Respuestas con IA,1,Solución de generación de respuestas con ia.,"Solución de generación de respuestas con ia. Pensado para PyMEs que buscan resolver incidentes técnicos con rapidez y sin fricción. Incluye acompañamiento del equipo de Clientum durante toda la implementación y soporte post-entrega. ¿Querés más información sobre ""Generación de Respuestas con IA""? Solicitá una demo sin cargo.",1,15.00,Soporte,"Clientum,Implementación,Multiplataforma,Soporte",Multiplataforma,Implementación,soporte implementación,Generación de Respuestas con IA: Solución de generación de respuestas con ia. Pedí tu presupuesto con Clientum.
15,simple,CTM-0015,Diseño de interiores,1,Servicio de diseño integral de interiores.,"Servicio de diseño integral de interiores. Pensado para PyMEs que buscan resolver incidentes técnicos con rapidez y sin fricción. Incluye acompañamiento del equipo de Clientum durante toda la implementación y soporte post-entrega. ¿Querés más información sobre ""Diseño de interiores""? Solicitá una demo sin cargo.",1,1575.00,Soporte,"Clientum,Implementación,Multiplataforma,Soporte",Multiplataforma,Implementación,soporte implementación,Diseño de interiores: Servicio de diseño integral de interiores. Pedí tu presupuesto con Clientum.
16,simple,CTM-0016,Servicios de Asistencia Virtual Ecommerce,1,Soluciones de asistencia virtual para ecommerce.,"Soluciones de asistencia virtual para ecommerce. Pensado para PyMEs que buscan resolver incidentes técnicos con rapidez y sin fricción. Incluye acompañamiento del equipo de Clientum durante toda la implementación y soporte post-entrega. ¿Querés más información sobre ""Servicios de Asistencia Virtual Ecommerce""? Solicitá una demo sin cargo.",1,1575.00,Soporte,"Clientum,Implementación,Multiplataforma,Soporte",Multiplataforma,Implementación,soporte implementación,Servicios de Asistencia Virtual Ecommerce: Soluciones de asistencia virtual para ecommerce. Pedí tu presupuesto con Clientum.
17,simple,CTM-0017,Servicio de Gestión de Reseñas y Opiniones,1,"Herramienta de gestión de reseñas y feedback para e-commerce que recopila, analiza y responde a las opiniones de los clientes, brindando información valiosa para el crecimiento del negocio.","Herramienta de gestión de reseñas y feedback para e-commerce que recopila, analiza y responde a las opiniones de los clientes, brindando información valiosa para el crecimiento del negocio. Pensado para PyMEs que buscan resolver incidentes técnicos con rapidez y sin fricción. Incluye acompañamiento del equipo de Clientum durante toda la implementación y soporte post-entrega. ¿Querés más información sobre ""Servicio de Gestión de Reseñas y Opiniones""? Solicitá una demo sin cargo.",1,1425.00,Soporte,"Capacitación,Clientum,Multiplataforma,Soporte",Multiplataforma,Capacitación,soporte capacitación,"Servicio de Gestión de Reseñas y Opiniones: Herramienta de gestión de reseñas y feedback para e-commerce que recopila, analiza y responde a las opi... Pedí tu presupuesto con Clientum."
18,simple,CTM-0018,Instalación de Software,1,Instalación y configuración de software.,"Instalación y configuración de software. Pensado para PyMEs que buscan resolver incidentes técnicos con rapidez y sin fricción. Incluye acompañamiento del equipo de Clientum durante toda la implementación y soporte post-entrega. ¿Querés más información sobre ""Instalación de Software""? Solicitá una demo sin cargo.",1,135.00,Soporte,"Clientum,Implementación,Multiplataforma,Soporte",Multiplataforma,Implementación,soporte implementación,Instalación de Software: Instalación y configuración de software. Pedí tu presupuesto con Clientum.
19,simple,CTM-0019,Consultoría legal,1,Servicios de consultoría y asesoría legal para empresas.,"Servicios de consultoría y asesoría legal para empresas. Pensado para PyMEs que buscan resolver incidentes técnicos con rapidez y sin fricción. Incluye acompañamiento del equipo de Clientum durante toda la implementación y soporte post-entrega. ¿Querés más información sobre ""Consultoría legal""? Solicitá una demo sin cargo.",1,135.00,Soporte,"Clientum,Consultoría,Multiplataforma,Soporte",Multiplataforma,Consultoría,soporte consultoría,Consultoría legal: Servicios de consultoría y asesoría legal para empresas. Pedí tu presupuesto con Clientum.
20,simple,CTM-0020,Chatbot de Atención al Cliente para Ecommerce,1,"Servicio de chatbot de atención al cliente para e-commerce. automatiza las consultas de los clientes 24/7, mejora la experiencia del usuario y aumenta las ventas.","Servicio de chatbot de atención al cliente para e-commerce. automatiza las consultas de los clientes 24/7, mejora la experiencia del usuario y aumenta las ventas. Pensado para PyMEs que buscan resolver incidentes técnicos con rapidez y sin fricción. Incluye acompañamiento del equipo de Clientum durante toda la implementación y soporte post-entrega. ¿Querés más información sobre ""Chatbot de Atención al Cliente para Ecommerce""? Solicitá una demo sin cargo.",1,12.00,Soporte,"Clientum,Implementación,Multiplataforma,Soporte",Multiplataforma,Implementación,soporte implementación,Chatbot de Atención al Cliente para Ecommerce: Servicio de chatbot de atención al cliente para e-commerce. automatiza las consultas de los clientes... Pedí tu presupuesto con Clientum.
21,simple,CTM-0022,Chatbot de Ventas (WhatsApp/Web),1,Chatbots para ecommerce que mejoran la atención al cliente.,"Chatbots para ecommerce que mejoran la atención al cliente. Pensado para PyMEs que buscan resolver incidentes técnicos con rapidez y sin fricción. Incluye acompañamiento del equipo de Clientum durante toda la implementación y soporte post-entrega. ¿Querés más información sobre ""Chatbot de Ventas (WhatsApp/Web)""? Solicitá una demo sin cargo.",1,12.00,Soporte,"Clientum,Implementación,Multiplataforma,Soporte",Multiplataforma,Implementación,soporte implementación,Chatbot de Ventas (WhatsApp/Web): Chatbots para ecommerce que mejoran la atención al cliente. Pedí tu presupuesto con Clientum.
22,simple,CTM-0023,Translation of Documents,1,Traducción documentos.,"Traducción documentos. Pensado para PyMEs que buscan resolver incidentes técnicos con rapidez y sin fricción. Incluye acompañamiento del equipo de Clientum durante toda la implementación y soporte post-entrega. ¿Querés más información sobre ""Translation of Documents""? Solicitá una demo sin cargo.",1,1125.00,Soporte,"Clientum,Implementación,Multiplataforma,Soporte",Multiplataforma,Implementación,soporte implementación,Translation of Documents: Traducción documentos. Pedí tu presupuesto con Clientum.
23,simple,CTM-0024,Servicio de traducción,1,Servicios de traducción de contenido a diversos idiomas.,"Servicios de traducción de contenido a diversos idiomas. Pensado para PyMEs que buscan resolver incidentes técnicos con rapidez y sin fricción. Incluye acompañamiento del equipo de Clientum durante toda la implementación y soporte post-entrega. ¿Querés más información sobre ""Servicio de traducción""? Solicitá una demo sin cargo.",1,1125.00,Soporte,"Clientum,Implementación,Multiplataforma,Soporte",Multiplataforma,Implementación,soporte implementación,Servicio de traducción: Servicios de traducción de contenido a diversos idiomas. Pedí tu presupuesto con Clientum.
24,simple,CTM-0025,Actualización de software,1,Actualización de software y parches de seguridad.,"Actualización de software y parches de seguridad. Pensado para PyMEs que buscan resolver incidentes técnicos con rapidez y sin fricción. Incluye acompañamiento del equipo de Clientum durante toda la implementación y soporte post-entrega. ¿Querés más información sobre ""Actualización de software""? Solicitá una demo sin cargo.",1,105.00,Soporte,"Clientum,Implementación,Multiplataforma,Soporte",Multiplataforma,Implementación,soporte implementación,Actualización de software: Actualización de software y parches de seguridad. Pedí tu presupuesto con Clientum.
25,simple,CTM-0026,Alquiler de equipo audiovisual,1,Alquiler de equipos audiovisuales profesionales para proyectos de producción de contenido.,"Alquiler de equipos audiovisuales profesionales para proyectos de producción de contenido. Pensado para PyMEs que buscan resolver incidentes técnicos con rapidez y sin fricción. Incluye acompañamiento del equipo de Clientum durante toda la implementación y soporte post-entrega. ¿Querés más información sobre ""Alquiler de equipo audiovisual""? Solicitá una demo sin cargo.",1,105.00,Soporte,"Clientum,Implementación,Multiplataforma,Soporte",Multiplataforma,Implementación,soporte implementación,Alquiler de equipo audiovisual: Alquiler de equipos audiovisuales profesionales para proyectos de producción de contenido. Pedí tu presupuesto con Clientum.
26,simple,CTM-0027,Enrutamiento Inteligente de Tickets,1,Solución de enrutamiento inteligente de tickets con ia.,"Solución de enrutamiento inteligente de tickets con ia. Pensado para PyMEs que buscan resolver incidentes técnicos con rapidez y sin fricción. Incluye acompañamiento del equipo de Clientum durante toda la implementación y soporte post-entrega. ¿Querés más información sobre ""Enrutamiento Inteligente de Tickets""? Solicitá una demo sin cargo.",1,9.00,Soporte,"Clientum,Implementación,Multiplataforma,Soporte",Multiplataforma,Implementación,soporte implementación,Enrutamiento Inteligente de Tickets: Solución de enrutamiento inteligente de tickets con ia. Pedí tu presupuesto con Clientum.
27,simple,CTM-0028,Traducción e interpretación,1,Servicios de interpretación en vivo para eventos y reuniones multilinguës.,"Servicios de interpretación en vivo para eventos y reuniones multilinguës. Pensado para PyMEs que buscan resolver incidentes técnicos con rapidez y sin fricción. Incluye acompañamiento del equipo de Clientum durante toda la implementación y soporte post-entrega. ¿Querés más información sobre ""Traducción e interpretación""? Solicitá una demo sin cargo.",1,975.00,Soporte,"Clientum,Implementación,Multiplataforma,Soporte",Multiplataforma,Implementación,soporte implementación,Traducción e interpretación: Servicios de interpretación en vivo para eventos y reuniones multilinguës. Pedí tu presupuesto con Clientum.
28,simple,CTM-0029,Personalización,1,Servicio de asesoría integral de imagen personal.,"Servicio de asesoría integral de imagen personal. Pensado para PyMEs que buscan resolver incidentes técnicos con rapidez y sin fricción. Incluye acompañamiento del equipo de Clientum durante toda la implementación y soporte post-entrega. ¿Querés más información sobre ""Personalización""? Solicitá una demo sin cargo.",1,75.00,Soporte,"Clientum,Consultoría,Multiplataforma,Soporte",Multiplataforma,Consultoría,soporte consultoría,Personalización: Servicio de asesoría integral de imagen personal. Pedí tu presupuesto con Clientum.
29,simple,CTM-0030,Plataforma de Chatbots y Asistentes Virtuales,1,Chatbots y asistentes virtuales.,"Chatbots y asistentes virtuales. Pensado para PyMEs que buscan resolver incidentes técnicos con rapidez y sin fricción. Incluye acompañamiento del equipo de Clientum durante toda la implementación y soporte post-entrega. ¿Querés más información sobre ""Plataforma de Chatbots y Asistentes Virtuales""? Solicitá una demo sin cargo.",1,825.00,Soporte,"Clientum,Implementación,Multiplataforma,Soporte",Multiplataforma,Implementación,soporte implementación,Plataforma de Chatbots y Asistentes Virtuales: Chatbots y asistentes virtuales. Pedí tu presupuesto con Clientum.
30,simple,CTM-0031,Optimización de Estrategias de Servicio al Cliente,1,Optimización de servicio.,"Optimización de servicio. Pensado para PyMEs que buscan resolver incidentes técnicos con rapidez y sin fricción. Incluye acompañamiento del equipo de Clientum durante toda la implementación y soporte post-entrega. ¿Querés más información sobre ""Optimización de Estrategias de Servicio al Cliente""? Solicitá una demo sin cargo.",1,825.00,Soporte,"Clientum,Implementación,Multiplataforma,Soporte",Multiplataforma,Implementación,soporte implementación,Optimización de Estrategias de Servicio al Cliente: Optimización de servicio. Pedí tu presupuesto con Clientum.
31,simple,CTM-0032,Transcripción de audio,1,Servicio de transcripción profesional de audio.,"Servicio de transcripción profesional de audio. Pensado para PyMEs que buscan resolver incidentes técnicos con rapidez y sin fricción. Incluye acompañamiento del equipo de Clientum durante toda la implementación y soporte post-entrega. ¿Querés más información sobre ""Transcripción de audio""? Solicitá una demo sin cargo.",1,9.00,Soporte,"Clientum,Implementación,Multiplataforma,Soporte",Multiplataforma,Implementación,soporte implementación,Transcripción de audio: Servicio de transcripción profesional de audio. Pedí tu presupuesto con Clientum.
32,simple,CTM-0033,Soporte a Usuarios Finales,1,Soporte técnico para usuarios finales.,"Soporte técnico para usuarios finales. Pensado para PyMEs que buscan resolver incidentes técnicos con rapidez y sin fricción. Incluye acompañamiento del equipo de Clientum durante toda la implementación y soporte post-entrega. ¿Querés más información sobre ""Soporte a Usuarios Finales""? Solicitá una demo sin cargo.",1,562.00,Soporte,"Clientum,Multiplataforma,Soporte",Multiplataforma,Soporte,soporte soporte,Soporte a Usuarios Finales: Soporte técnico para usuarios finales. Pedí tu presupuesto con Clientum.
33,simple,CTM-0034,Respaldo y recuperación,1,Servicios de respaldo y recuperación de información.,"Servicios de respaldo y recuperación de información. Pensado para PyMEs que buscan resolver incidentes técnicos con rapidez y sin fricción. Incluye acompañamiento del equipo de Clientum durante toda la implementación y soporte post-entrega. ¿Querés más información sobre ""Respaldo y recuperación""? Solicitá una demo sin cargo.",1,6.00,Soporte,"Capacitación,Clientum,Multiplataforma,Soporte",Multiplataforma,Capacitación,soporte capacitación,Respaldo y recuperación: Servicios de respaldo y recuperación de información. Pedí tu presupuesto con Clientum.
34,simple,CTM-0035,Gestión de redes,1,Gestión y mantenimiento de redes.,"Gestión y mantenimiento de redes. Pensado para PyMEs que buscan resolver incidentes técnicos con rapidez y sin fricción. Incluye acompañamiento del equipo de Clientum durante toda la implementación y soporte post-entrega. ¿Querés más información sobre ""Gestión de redes""? Solicitá una demo sin cargo.",1,638.00,Soporte,"Clientum,Multiplataforma,Soporte",Multiplataforma,Soporte,soporte soporte,Gestión de redes: Gestión y mantenimiento de redes. Pedí tu presupuesto con Clientum.
35,simple,CTM-0036,Soporte básico anual,1,"Soporte técnico inicial: tu aliado tecnológico para un funcionamiento óptimo. atención personalizada, diagnóstico remoto, soporte telefónico y por correo electrónico, base de conocimientos integral. minimiza el tiempo de.","Soporte técnico inicial: tu aliado tecnológico para un funcionamiento óptimo. atención personalizada, diagnóstico remoto, soporte telefónico y por correo electrónico, base de conocimientos integral. minimiza el tiempo de. Pensado para PyMEs que buscan resolver incidentes técnicos con rapidez y sin fricción. Incluye acompañamiento del equipo de Clientum durante toda la implementación y soporte post-entrega. ¿Querés más información sobre ""Soporte básico anual""? Solicitá una demo sin cargo.",1,675.00,Soporte,"Clientum,Multiplataforma,Soporte",Multiplataforma,Soporte,soporte soporte,"Soporte básico anual: Soporte técnico inicial: tu aliado tecnológico para un funcionamiento óptimo. atención personalizada, diagnóstico remoto, sop... Pedí tu presupuesto con Clientum."
36,simple,CTM-0037,Valor Hora - Cliente D,1,Valor hora cliente d.,"Valor hora cliente d. Pensado para PyMEs que buscan resolver incidentes técnicos con rapidez y sin fricción. Incluye acompañamiento del equipo de Clientum durante toda la implementación y soporte post-entrega. ¿Querés más información sobre ""Valor Hora - Cliente D""? Solicitá una demo sin cargo.",1,712.00,Soporte,"Clientum,Implementación,Multiplataforma,Soporte",Multiplataforma,Implementación,soporte implementación,Valor Hora - Cliente D: Valor hora cliente d. Pedí tu presupuesto con Clientum.
37,simple,CTM-0038,**Soporte Técnico**,1,Soporte técnico para usuarios finales.,"Soporte técnico para usuarios finales. Pensado para PyMEs que buscan resolver incidentes técnicos con rapidez y sin fricción. Incluye acompañamiento del equipo de Clientum durante toda la implementación y soporte post-entrega. ¿Querés más información sobre ""**Soporte Técnico**""? Solicitá una demo sin cargo.",1,375.00,Soporte,"Clientum,Multiplataforma,Soporte",Multiplataforma,Soporte,soporte soporte,**Soporte Técnico**: Soporte técnico para usuarios finales. Pedí tu presupuesto con Clientum.
38,simple,CTM-0039,Servicio de catering,1,Servicio de catering para eventos y reuniones.,"Servicio de catering para eventos y reuniones. Pensado para PyMEs que buscan resolver incidentes técnicos con rapidez y sin fricción. Incluye acompañamiento del equipo de Clientum durante toda la implementación y soporte post-entrega. ¿Querés más información sobre ""Servicio de catering""? Solicitá una demo sin cargo.",1,412.00,Soporte,"Clientum,Implementación,Multiplataforma,Soporte",Multiplataforma,Implementación,soporte implementación,Servicio de catering: Servicio de catering para eventos y reuniones. Pedí tu presupuesto con Clientum.
39,simple,CTM-0040,Soporte Integral: Tu solución completa para todas tus necesidades,1,"Soporte integral: tu aliado para un negocio sin preocupaciones. atención personalizada, soporte técnico 24/7, gestión de proyectos, capacitación y auditorías para garantizar el éxito y la tranquilidad de tu negocio.","Soporte integral: tu aliado para un negocio sin preocupaciones. atención personalizada, soporte técnico 24/7, gestión de proyectos, capacitación y auditorías para garantizar el éxito y la tranquilidad de tu negocio. Pensado para PyMEs que buscan resolver incidentes técnicos con rapidez y sin fricción. Incluye acompañamiento del equipo de Clientum durante toda la implementación y soporte post-entrega. ¿Querés más información sobre ""Soporte Integral: Tu solución completa para todas tus necesidades""? Solicitá una demo sin cargo.",1,45.00,Soporte,"Capacitación,Clientum,Multiplataforma,Soporte",Multiplataforma,Capacitación,soporte capacitación,Soporte Integral: Tu solución completa para todas tus necesidades: Soporte integral: tu aliado para un negocio sin preocupaciones. atención persona... Pedí tu presupuesto con Clientum.
40,simple,CTM-0041,"Chatbots para E-commerce: Asistencia 24/7, Respuestas Automáticas y Procesamiento de Pedidos",1,"Chatbots para e-commerce: asistencia en tiempo real, respuestas a preguntas frecuentes y procesamiento de pedidos.","Chatbots para e-commerce: asistencia en tiempo real, respuestas a preguntas frecuentes y procesamiento de pedidos. Pensado para PyMEs que buscan resolver incidentes técnicos con rapidez y sin fricción. Incluye acompañamiento del equipo de Clientum durante toda la implementación y soporte post-entrega. ¿Querés más información sobre ""Chatbots para E-commerce: Asistencia 24/7, Respuestas Automáticas y Procesamiento de Pedidos""? Solicitá una demo sin cargo.",1,488.00,Soporte,"Clientum,Implementación,Multiplataforma,Soporte",Multiplataforma,Implementación,soporte implementación,"Chatbots para E-commerce: Asistencia 24/7, Respuestas Automáticas y Procesamiento de Pedidos: Chatbots para e-commerce: asistencia en tiempo real,... Pedí tu presupuesto con Clientum."
41,simple,CTM-0042,"Desarrollo de Apps Móviles para Ecommerce: Diseño, Implementación y Publicación",1,"Servicio de desarrollo de aplicaciones móviles para e-commerce: diseño centrado en el usuario, integración perfecta, funcionalidades avanzadas, optimización para dispositivos móviles. mayor alcance, experiencia de compra.","Servicio de desarrollo de aplicaciones móviles para e-commerce: diseño centrado en el usuario, integración perfecta, funcionalidades avanzadas, optimización para dispositivos móviles. mayor alcance, experiencia de compra. Pensado para PyMEs que buscan tener presencia digital profesional y funcional. Incluye acompañamiento del equipo de Clientum durante toda la implementación y soporte post-entrega. ¿Querés más información sobre ""Desarrollo de Apps Móviles para Ecommerce: Diseño, Implementación y Publicación""? Solicitá una demo sin cargo.",1,855.00,Desarrollo Web,"Clientum,Desarrollo Web,Integración,Multiplataforma",Multiplataforma,Integración,desarrollo web integración,"Desarrollo de Apps Móviles para Ecommerce: Diseño, Implementación y Publicación: Servicio de desarrollo de aplicaciones móviles para e-commerce: di... Pedí tu presupuesto con Clientum."
42,simple,CTM-0043,Desarrollo de Aplicaciones Móviles Nativas para Ecommerce: Mejora la Experiencia de Compra y Fideliza Clientes,1,Servicio de desarrollo de aplicación móvil nativa para ecommerce.,"Servicio de desarrollo de aplicación móvil nativa para ecommerce. Pensado para PyMEs que buscan tener presencia digital profesional y funcional. Incluye acompañamiento del equipo de Clientum durante toda la implementación y soporte post-entrega. ¿Querés más información sobre ""Desarrollo de Aplicaciones Móviles Nativas para Ecommerce: Mejora la Experiencia de Compra y Fideliza Clientes""? Solicitá una demo sin cargo.",1,975.00,Desarrollo Web,"Clientum,Desarrollo Web,Implementación,Multiplataforma",Multiplataforma,Implementación,desarrollo web implementación,Desarrollo de Aplicaciones Móviles Nativas para Ecommerce: Mejora la Experiencia de Compra y Fideliza Clientes: Servicio de desarrollo de aplicació... Pedí tu presupuesto con Clientum.
43,simple,CTM-0044,Desarrollo de app móvil,1,"Servicios de consultoría y construcción de soluciones móviles para mejorar la productividad, eficiencia y experiencia de los usuarios.","Servicios de consultoría y construcción de soluciones móviles para mejorar la productividad, eficiencia y experiencia de los usuarios. Pensado para PyMEs que buscan tener presencia digital profesional y funcional. Incluye acompañamiento del equipo de Clientum durante toda la implementación y soporte post-entrega. ¿Querés más información sobre ""Desarrollo de app móvil""? Solicitá una demo sin cargo.",1,735.00,Desarrollo Web,"Clientum,Consultoría,Desarrollo Web,Multiplataforma",Multiplataforma,Consultoría,desarrollo web consultoría,"Desarrollo de app móvil: Servicios de consultoría y construcción de soluciones móviles para mejorar la productividad, eficiencia y experiencia de l... Pedí tu presupuesto con Clientum."
44,simple,CTM-0045,Soluciones Personalizadas para Apps,1,Soluciones móviles personalizadas.,"Soluciones móviles personalizadas. Pensado para PyMEs que buscan tener presencia digital profesional y funcional. Incluye acompañamiento del equipo de Clientum durante toda la implementación y soporte post-entrega. ¿Querés más información sobre ""Soluciones Personalizadas para Apps""? Solicitá una demo sin cargo.",1,615.00,Desarrollo Web,"Clientum,Desarrollo Web,Implementación,Multiplataforma",Multiplataforma,Implementación,desarrollo web implementación,Soluciones Personalizadas para Apps: Soluciones móviles personalizadas. Pedí tu presupuesto con Clientum.
45,simple,CTM-0046,Creación de apps móviles,1,Servicio de creación de aplicaciones móviles a medida.,"Servicio de creación de aplicaciones móviles a medida. Pensado para PyMEs que buscan tener presencia digital profesional y funcional. Incluye acompañamiento del equipo de Clientum durante toda la implementación y soporte post-entrega. ¿Querés más información sobre ""Creación de apps móviles""? Solicitá una demo sin cargo.",1,495.00,Desarrollo Web,"Clientum,Desarrollo Web,Implementación,Multiplataforma",Multiplataforma,Implementación,desarrollo web implementación,Creación de apps móviles: Servicio de creación de aplicaciones móviles a medida. Pedí tu presupuesto con Clientum.
46,simple,CTM-0047,Aplicaciones Móviles para Ecommerce: Crea tu Tienda Online en tu Bolsillo,1,Aplicaciones móviles para e-commerce: la clave para impulsar tu negocio online.,"Aplicaciones móviles para e-commerce: la clave para impulsar tu negocio online. Pensado para PyMEs que buscan tener presencia digital profesional y funcional. Incluye acompañamiento del equipo de Clientum durante toda la implementación y soporte post-entrega. ¿Querés más información sobre ""Aplicaciones Móviles para Ecommerce: Crea tu Tienda Online en tu Bolsillo""? Solicitá una demo sin cargo.",1,375.00,Desarrollo Web,"Clientum,Desarrollo Web,Implementación,Multiplataforma",Multiplataforma,Implementación,desarrollo web implementación,Aplicaciones Móviles para Ecommerce: Crea tu Tienda Online en tu Bolsillo: Aplicaciones móviles para e-commerce: la clave para impulsar tu negocio... Pedí tu presupuesto con Clientum.
47,simple,CTM-0048,Diseño avanzado de aplicación móvil,1,Diseño avanzado de aplicación móvil.,"Diseño avanzado de aplicación móvil. Pensado para PyMEs que buscan tener presencia digital profesional y funcional. Incluye acompañamiento del equipo de Clientum durante toda la implementación y soporte post-entrega. ¿Querés más información sobre ""Diseño avanzado de aplicación móvil""? Solicitá una demo sin cargo.",1,135.00,Desarrollo Web,"Clientum,Desarrollo Web,Implementación,Multiplataforma",Multiplataforma,Implementación,desarrollo web implementación,Diseño avanzado de aplicación móvil: Diseño avanzado de aplicación móvil. Pedí tu presupuesto con Clientum.
48,simple,CTM-0049,Desarrollo de Apps Móviles con Realidad Aumentada y Virtual: ¡Experiencias Inmersivas en tus Manos!,1,Desarrollo de apps móviles con realidad aumentada y virtual: ¡experiencias inmersivas al alcance de tu mano!.,"Desarrollo de apps móviles con realidad aumentada y virtual: ¡experiencias inmersivas al alcance de tu mano!. Pensado para PyMEs que buscan tener presencia digital profesional y funcional. Incluye acompañamiento del equipo de Clientum durante toda la implementación y soporte post-entrega. ¿Querés más información sobre ""Desarrollo de Apps Móviles con Realidad Aumentada y Virtual: ¡Experiencias Inmersivas en tus Manos!""? Solicitá una demo sin cargo.",1,255.00,Desarrollo Web,"Clientum,Desarrollo Web,Implementación,Multiplataforma",Multiplataforma,Implementación,desarrollo web implementación,Desarrollo de Apps Móviles con Realidad Aumentada y Virtual: ¡Experiencias Inmersivas en tus Manos!: Desarrollo de apps móviles con realidad aument... Pedí tu presupuesto con Clientum.
49,simple,CTM-0050,Outsourcing de procesos de negocio,1,Servicios de outsourcing para optimizar y gestionar operaciones clave del negocio.,"Servicios de outsourcing para optimizar y gestionar operaciones clave del negocio. Pensado para PyMEs que buscan eliminar tareas manuales repetitivas y ganar horas de trabajo por semana. Incluye acompañamiento del equipo de Clientum durante toda la implementación y soporte post-entrega. ¿Querés más información sobre ""Outsourcing de procesos de negocio""? Solicitá una demo sin cargo.",1,33.00,Automatización,"Automatización,Clientum,Implementación,Multiplataforma",Multiplataforma,Implementación,automatización implementación,Outsourcing de procesos de negocio: Servicios de outsourcing para optimizar y gestionar operaciones clave del negocio. Pedí tu presupuesto con Clientum.
50,simple,CTM-0051,Implementación de soluciones de inteligencia artificial (IA) y aprendizaje automático (ML) para automatización de procesos,1,Automatización de procesos con ia y ml.,"Automatización de procesos con ia y ml. Pensado para PyMEs que buscan aplicar IA de forma práctica a procesos reales del negocio. Incluye acompañamiento del equipo de Clientum durante toda la implementación y soporte post-entrega. ¿Querés más información sobre ""Implementación de soluciones de inteligencia artificial (IA) y aprendizaje automático (ML) para automatización de procesos""? Solicitá una demo sin cargo.",1,315.00,Inteligencia Artificial,"Clientum,Implementación,Inteligencia Artificial,Multiplataforma",Multiplataforma,Implementación,inteligencia artificial implementación,Implementación de soluciones de inteligencia artificial (IA) y aprendizaje automático (ML) para automatización de procesos: Automatización de proce... Pedí tu presupuesto con Clientum.
51,simple,CTM-0052,Automatización de Procesos de Negocio (BPA),1,"Servicios de consultoría y despliegue de tecnologías de automatización, orquestación y aprovisionamiento de recursos de infraestructura.","Servicios de consultoría y despliegue de tecnologías de automatización, orquestación y aprovisionamiento de recursos de infraestructura. Pensado para PyMEs que buscan eliminar tareas manuales repetitivas y ganar horas de trabajo por semana. Incluye acompañamiento del equipo de Clientum durante toda la implementación y soporte post-entrega. ¿Querés más información sobre ""Automatización de Procesos de Negocio (BPA)""? Solicitá una demo sin cargo.",1,3.00,Automatización,"Automatización,Capacitación,Clientum,Multiplataforma",Multiplataforma,Capacitación,automatización capacitación,"Automatización de Procesos de Negocio (BPA): Servicios de consultoría y despliegue de tecnologías de automatización, orquestación y aprovisionamien... Pedí tu presupuesto con Clientum."
52,simple,CTM-0053,Implementación de RPA (Automatización Robótica de Procesos),1,Servicios de consultoría y despliegue de tecnologías de automatización inteligente de tareas y procesos repetitivos.,"Servicios de consultoría y despliegue de tecnologías de automatización inteligente de tareas y procesos repetitivos. Pensado para PyMEs que buscan eliminar tareas manuales repetitivas y ganar horas de trabajo por semana. Incluye acompañamiento del equipo de Clientum durante toda la implementación y soporte post-entrega. ¿Querés más información sobre ""Implementación de RPA (Automatización Robótica de Procesos)""? Solicitá una demo sin cargo.",1,285.00,Automatización,"Automatización,Clientum,Consultoría,Multiplataforma",Multiplataforma,Consultoría,automatización consultoría,Implementación de RPA (Automatización Robótica de Procesos): Servicios de consultoría y despliegue de tecnologías de automatización inteligente de... Pedí tu presupuesto con Clientum.
53,simple,CTM-0054,Automatización de Operaciones de TI (AIOps),1,Soluciones de automatización de operaciones de ti (aiops).,"Soluciones de automatización de operaciones de ti (aiops). Pensado para PyMEs que buscan eliminar tareas manuales repetitivas y ganar horas de trabajo por semana. Incluye acompañamiento del equipo de Clientum durante toda la implementación y soporte post-entrega. ¿Querés más información sobre ""Automatización de Operaciones de TI (AIOps)""? Solicitá una demo sin cargo.",1,27.00,Automatización,"Automatización,Clientum,Implementación,Multiplataforma",Multiplataforma,Implementación,automatización implementación,Automatización de Operaciones de TI (AIOps): Soluciones de automatización de operaciones de ti (aiops). Pedí tu presupuesto con Clientum.
54,simple,CTM-0055,Automation with Dolibarr,1,Automatización empresarial.,"Automatización empresarial. Pensado para PyMEs que buscan eliminar tareas manuales repetitivas y ganar horas de trabajo por semana. Incluye acompañamiento del equipo de Clientum durante toda la implementación y soporte post-entrega. ¿Querés más información sobre ""Automation with Dolibarr""? Solicitá una demo sin cargo.",1,24.00,Automatización,"Automatización,Clientum,Dolibarr,Implementación",Dolibarr,Implementación,automatización implementación dolibarr,Automation with Dolibarr: Automatización empresarial. Pedí tu presupuesto con Clientum.
55,simple,CTM-0056,Automatización Avanzada,1,Automatización de procesos empresariales.,"Automatización de procesos empresariales. Pensado para PyMEs que buscan eliminar tareas manuales repetitivas y ganar horas de trabajo por semana. Incluye acompañamiento del equipo de Clientum durante toda la implementación y soporte post-entrega. ¿Querés más información sobre ""Automatización Avanzada""? Solicitá una demo sin cargo.",1,255.00,Automatización,"Automatización,Clientum,Implementación,Multiplataforma",Multiplataforma,Implementación,automatización implementación,Automatización Avanzada: Automatización de procesos empresariales. Pedí tu presupuesto con Clientum.
56,simple,CTM-0057,Automatización Empresarial,1,Optimización de procesos industriales.,"Optimización de procesos industriales. Pensado para PyMEs que buscan eliminar tareas manuales repetitivas y ganar horas de trabajo por semana. Incluye acompañamiento del equipo de Clientum durante toda la implementación y soporte post-entrega. ¿Querés más información sobre ""Automatización Empresarial""? Solicitá una demo sin cargo.",1,225.00,Automatización,"Automatización,Clientum,Implementación,Multiplataforma",Multiplataforma,Implementación,automatización implementación,Automatización Empresarial: Optimización de procesos industriales. Pedí tu presupuesto con Clientum.
57,simple,CTM-0058,Integración de Sistemas,1,Migración de aplicaciones legacy a microservicios.,"Migración de aplicaciones legacy a microservicios. Pensado para PyMEs que buscan eliminar tareas manuales repetitivas y ganar horas de trabajo por semana. Incluye acompañamiento del equipo de Clientum durante toda la implementación y soporte post-entrega. ¿Querés más información sobre ""Integración de Sistemas""? Solicitá una demo sin cargo.",1,21.00,Automatización,"Automatización,Clientum,Integración,Multiplataforma",Multiplataforma,Integración,automatización integración,Integración de Sistemas: Migración de aplicaciones legacy a microservicios. Pedí tu presupuesto con Clientum.
58,simple,CTM-0059,Gestión de Flotas y Rutas,1,Herramientas de automatización.,"Herramientas de automatización. Pensado para PyMEs que buscan eliminar tareas manuales repetitivas y ganar horas de trabajo por semana. Incluye acompañamiento del equipo de Clientum durante toda la implementación y soporte post-entrega. ¿Querés más información sobre ""Gestión de Flotas y Rutas""? Solicitá una demo sin cargo.",1,195.00,Automatización,"Automatización,Clientum,Implementación,Multiplataforma",Multiplataforma,Implementación,automatización implementación,Gestión de Flotas y Rutas: Herramientas de automatización. Pedí tu presupuesto con Clientum.
59,simple,CTM-0060,Asistencia Virtual para la Gestión de Tareas,1,Asistencia virtual.,"Asistencia virtual. Pensado para PyMEs que buscan eliminar tareas manuales repetitivas y ganar horas de trabajo por semana. Incluye acompañamiento del equipo de Clientum durante toda la implementación y soporte post-entrega. ¿Querés más información sobre ""Asistencia Virtual para la Gestión de Tareas""? Solicitá una demo sin cargo.",1,1575.00,Automatización,"Automatización,Clientum,Implementación,Multiplataforma",Multiplataforma,Implementación,automatización implementación,Asistencia Virtual para la Gestión de Tareas: Asistencia virtual. Pedí tu presupuesto con Clientum.
60,simple,CTM-0061,Soluciones RPA (Robotic Process Automation),1,Automatización de procesos con rpa.,"Automatización de procesos con rpa. Pensado para PyMEs que buscan eliminar tareas manuales repetitivas y ganar horas de trabajo por semana. Incluye acompañamiento del equipo de Clientum durante toda la implementación y soporte post-entrega. ¿Querés más información sobre ""Soluciones RPA (Robotic Process Automation)""? Solicitá una demo sin cargo.",1,1725.00,Automatización,"Automatización,Clientum,Implementación,Multiplataforma",Multiplataforma,Implementación,automatización implementación,Soluciones RPA (Robotic Process Automation): Automatización de procesos con rpa. Pedí tu presupuesto con Clientum.
61,simple,CTM-0062,Soporte Automatizado,1,Soporte automatizado.,"Soporte automatizado. Pensado para PyMEs que buscan eliminar tareas manuales repetitivas y ganar horas de trabajo por semana. Incluye acompañamiento del equipo de Clientum durante toda la implementación y soporte post-entrega. ¿Querés más información sobre ""Soporte Automatizado""? Solicitá una demo sin cargo.",1,1875.00,Automatización,"Automatización,Clientum,Multiplataforma,Soporte",Multiplataforma,Soporte,automatización soporte,Soporte Automatizado: Soporte automatizado. Pedí tu presupuesto con Clientum.
62,simple,CTM-0063,Procesamiento Automatizado de Facturas y Pagos,1,Procesamiento automatizado.,"Procesamiento automatizado. Pensado para PyMEs que buscan eliminar tareas manuales repetitivas y ganar horas de trabajo por semana. Incluye acompañamiento del equipo de Clientum durante toda la implementación y soporte post-entrega. ¿Querés más información sobre ""Procesamiento Automatizado de Facturas y Pagos""? Solicitá una demo sin cargo.",1,1425.00,Automatización,"Automatización,Clientum,Implementación,Multiplataforma",Multiplataforma,Implementación,automatización implementación,Procesamiento Automatizado de Facturas y Pagos: Procesamiento automatizado. Pedí tu presupuesto con Clientum.
63,simple,CTM-0064,Rediseño De Procesos,1,Análisis y rediseño de procesos.,"Análisis y rediseño de procesos. Pensado para PyMEs que buscan eliminar tareas manuales repetitivas y ganar horas de trabajo por semana. Incluye acompañamiento del equipo de Clientum durante toda la implementación y soporte post-entrega. ¿Querés más información sobre ""Rediseño De Procesos""? Solicitá una demo sin cargo.",1,1275.00,Automatización,"Automatización,Clientum,Implementación,Multiplataforma",Multiplataforma,Implementación,automatización implementación,Rediseño De Procesos: Análisis y rediseño de procesos. Pedí tu presupuesto con Clientum.
64,simple,CTM-0065,Automatización de Procesos Ecommerce: Optimiza y Agiliza tu Negocio Online,1,Automatización de flujos de trabajo en ecommerce.,"Automatización de flujos de trabajo en ecommerce. Pensado para PyMEs que buscan eliminar tareas manuales repetitivas y ganar horas de trabajo por semana. Incluye acompañamiento del equipo de Clientum durante toda la implementación y soporte post-entrega. ¿Querés más información sobre ""Automatización de Procesos Ecommerce: Optimiza y Agiliza tu Negocio Online""? Solicitá una demo sin cargo.",1,1125.00,Automatización,"Automatización,Clientum,Implementación,Multiplataforma",Multiplataforma,Implementación,automatización implementación,Automatización de Procesos Ecommerce: Optimiza y Agiliza tu Negocio Online: Automatización de flujos de trabajo en ecommerce. Pedí tu presupuesto con Clientum.
65,simple,CTM-0066,Consultoría en digitalización de procesos,1,Consultoría en digitalización de procesos.,"Consultoría en digitalización de procesos. Pensado para PyMEs que buscan eliminar tareas manuales repetitivas y ganar horas de trabajo por semana. Incluye acompañamiento del equipo de Clientum durante toda la implementación y soporte post-entrega. ¿Querés más información sobre ""Consultoría en digitalización de procesos""? Solicitá una demo sin cargo.",1,975.00,Automatización,"Automatización,Clientum,Consultoría,Multiplataforma",Multiplataforma,Consultoría,automatización consultoría,Consultoría en digitalización de procesos: Consultoría en digitalización de procesos. Pedí tu presupuesto con Clientum.
66,simple,CTM-0067,Automatización de Ventas con IA,1,Automatización de procesos de marketing utilizando ia.,"Automatización de procesos de marketing utilizando ia. Pensado para PyMEs que buscan aplicar IA de forma práctica a procesos reales del negocio. Incluye acompañamiento del equipo de Clientum durante toda la implementación y soporte post-entrega. ¿Querés más información sobre ""Automatización de Ventas con IA""? Solicitá una demo sin cargo.",1,825.00,Inteligencia Artificial,"Clientum,Implementación,Inteligencia Artificial,Multiplataforma",Multiplataforma,Implementación,inteligencia artificial implementación,Automatización de Ventas con IA: Automatización de procesos de marketing utilizando ia. Pedí tu presupuesto con Clientum.
67,simple,CTM-0068,Plataformas de Automatización,1,Herramientas de automatización empresarial.,"Herramientas de automatización empresarial. Pensado para PyMEs que buscan eliminar tareas manuales repetitivas y ganar horas de trabajo por semana. Incluye acompañamiento del equipo de Clientum durante toda la implementación y soporte post-entrega. ¿Querés más información sobre ""Plataformas de Automatización""? Solicitá una demo sin cargo.",1,525.00,Automatización,"Automatización,Clientum,Implementación,Multiplataforma",Multiplataforma,Implementación,automatización implementación,Plataformas de Automatización: Herramientas de automatización empresarial. Pedí tu presupuesto con Clientum.
68,simple,CTM-0069,Optimización de Energía y Recursos,1,Optimización de energía.,"Optimización de energía. Pensado para PyMEs que buscan eliminar tareas manuales repetitivas y ganar horas de trabajo por semana. Incluye acompañamiento del equipo de Clientum durante toda la implementación y soporte post-entrega. ¿Querés más información sobre ""Optimización de Energía y Recursos""? Solicitá una demo sin cargo.",1,675.00,Automatización,"Automatización,Capacitación,Clientum,Multiplataforma",Multiplataforma,Capacitación,automatización capacitación,Optimización de Energía y Recursos: Optimización de energía. Pedí tu presupuesto con Clientum.
69,simple,CTM-0070,Desarrollo de Soluciones de Inteligencia Artificial y Machine Learning,1,"Servicios de consultoría y despliegue de soluciones de inteligencia artificial, aprendizaje de máquina y procesamiento de datos.","Servicios de consultoría y despliegue de soluciones de inteligencia artificial, aprendizaje de máquina y procesamiento de datos. Pensado para PyMEs que buscan aplicar IA de forma práctica a procesos reales del negocio. Incluye acompañamiento del equipo de Clientum durante toda la implementación y soporte post-entrega. ¿Querés más información sobre ""Desarrollo de Soluciones de Inteligencia Artificial y Machine Learning""? Solicitá una demo sin cargo.",1,4725.00,Inteligencia Artificial,"Clientum,Consultoría,Inteligencia Artificial,Multiplataforma",Multiplataforma,Consultoría,inteligencia artificial consultoría,Desarrollo de Soluciones de Inteligencia Artificial y Machine Learning: Servicios de consultoría y despliegue de soluciones de inteligencia artific... Pedí tu presupuesto con Clientum.
70,simple,CTM-0071,Desarrollo de Soluciones de BI para KPIs,1,"Servicios de consultoría y construcción de aplicaciones para la extracción de insights, predicción de tendencias y toma de decisiones basada en datos.","Servicios de consultoría y construcción de aplicaciones para la extracción de insights, predicción de tendencias y toma de decisiones basada en datos. Pensado para PyMEs que buscan tomar decisiones basadas en datos reales del negocio. Incluye acompañamiento del equipo de Clientum durante toda la implementación y soporte post-entrega. ¿Querés más información sobre ""Desarrollo de Soluciones de BI para KPIs""? Solicitá una demo sin cargo.",1,48.00,Business Intelligence,"Business Intelligence,Clientum,Consultoría,Multiplataforma",Multiplataforma,Consultoría,business intelligence consultoría,"Desarrollo de Soluciones de BI para KPIs: Servicios de consultoría y construcción de aplicaciones para la extracción de insights, predicción de ten... Pedí tu presupuesto con Clientum."
71,simple,CTM-0072,Servicios de gestión de proyectos,1,Servicios de consultoría y acompañamiento en la gestión de proyectos de cambio y mejora continua.,"Servicios de consultoría y acompañamiento en la gestión de proyectos de cambio y mejora continua. Pensado para PyMEs que buscan tomar decisiones basadas en datos reales del negocio. Incluye acompañamiento del equipo de Clientum durante toda la implementación y soporte post-entrega. ¿Querés más información sobre ""Servicios de gestión de proyectos""? Solicitá una demo sin cargo.",1,465.00,Business Intelligence,"Business Intelligence,Clientum,Consultoría,Multiplataforma",Multiplataforma,Consultoría,business intelligence consultoría,Servicios de gestión de proyectos: Servicios de consultoría y acompañamiento en la gestión de proyectos de cambio y mejora continua. Pedí tu presupuesto con Clientum.
72,simple,CTM-0073,Implementación de soluciones de big data,1,"Servicios de consultoría y despliegue de soluciones de analítica de comportamiento, usabilidad y satisfacción del usuario para optimizar la experiencia digital.","Servicios de consultoría y despliegue de soluciones de analítica de comportamiento, usabilidad y satisfacción del usuario para optimizar la experiencia digital. Pensado para PyMEs que buscan tomar decisiones basadas en datos reales del negocio. Incluye acompañamiento del equipo de Clientum durante toda la implementación y soporte post-entrega. ¿Querés más información sobre ""Implementación de soluciones de big data""? Solicitá una demo sin cargo.",1,4575.00,Business Intelligence,"Business Intelligence,Clientum,Consultoría,Multiplataforma",Multiplataforma,Consultoría,business intelligence consultoría,"Implementación de soluciones de big data: Servicios de consultoría y despliegue de soluciones de analítica de comportamiento, usabilidad y satisfac... Pedí tu presupuesto con Clientum."
73,simple,CTM-0074,IA y Aprendizaje Automático,1,"Servicios de consultoría y despliegue de soluciones de ia para la automatización de procesos, predicción de tendencias y toma de decisiones.","Servicios de consultoría y despliegue de soluciones de ia para la automatización de procesos, predicción de tendencias y toma de decisiones. Pensado para PyMEs que buscan aplicar IA de forma práctica a procesos reales del negocio. Incluye acompañamiento del equipo de Clientum durante toda la implementación y soporte post-entrega. ¿Querés más información sobre ""IA y Aprendizaje Automático""? Solicitá una demo sin cargo.",1,45.00,Inteligencia Artificial,"Clientum,Consultoría,Inteligencia Artificial,Multiplataforma",Multiplataforma,Consultoría,inteligencia artificial consultoría,"IA y Aprendizaje Automático: Servicios de consultoría y despliegue de soluciones de ia para la automatización de procesos, predicción de tendencias... Pedí tu presupuesto con Clientum."
74,simple,CTM-0075,Consultoría empresarial,1,Servicios de consultoría especializada en el desarrollo de arquitecturas de sistemas y procesos a nivel organizacional.,"Servicios de consultoría especializada en el desarrollo de arquitecturas de sistemas y procesos a nivel organizacional. Pensado para PyMEs que buscan tomar decisiones basadas en datos reales del negocio. Incluye acompañamiento del equipo de Clientum durante toda la implementación y soporte post-entrega. ¿Querés más información sobre ""Consultoría empresarial""? Solicitá una demo sin cargo.",1,4425.00,Business Intelligence,"Business Intelligence,Clientum,Consultoría,Multiplataforma",Multiplataforma,Consultoría,business intelligence consultoría,Consultoría empresarial: Servicios de consultoría especializada en el desarrollo de arquitecturas de sistemas y procesos a nivel organizacional. Pedí tu presupuesto con Clientum.
75,simple,CTM-0076,Gestión de la innovación,1,Servicios de consultoría para potenciar las capacidades de innovación en las organizaciones.,"Servicios de consultoría para potenciar las capacidades de innovación en las organizaciones. Pensado para PyMEs que buscan tomar decisiones basadas en datos reales del negocio. Incluye acompañamiento del equipo de Clientum durante toda la implementación y soporte post-entrega. ¿Querés más información sobre ""Gestión de la innovación""? Solicitá una demo sin cargo.",1,435.00,Business Intelligence,"Business Intelligence,Clientum,Consultoría,Multiplataforma",Multiplataforma,Consultoría,business intelligence consultoría,Gestión de la innovación: Servicios de consultoría para potenciar las capacidades de innovación en las organizaciones. Pedí tu presupuesto con Clientum.
76,simple,CTM-0077,Análisis de datos en tiempo real,1,Soluciones de análisis de datos en tiempo real.,"Soluciones de análisis de datos en tiempo real. Pensado para PyMEs que buscan tomar decisiones basadas en datos reales del negocio. Incluye acompañamiento del equipo de Clientum durante toda la implementación y soporte post-entrega. ¿Querés más información sobre ""Análisis de datos en tiempo real""? Solicitá una demo sin cargo.",1,4275.00,Business Intelligence,"Business Intelligence,Clientum,Implementación,Multiplataforma",Multiplataforma,Implementación,business intelligence implementación,Análisis de datos en tiempo real: Soluciones de análisis de datos en tiempo real. Pedí tu presupuesto con Clientum.
77,simple,CTM-0078,Gobierno de Datos y Gestión,1,Servicios de consultoría especializada en el diseño e implementación de iniciativas de gobernanza de datos.,"Servicios de consultoría especializada en el diseño e implementación de iniciativas de gobernanza de datos. Pensado para PyMEs que buscan tomar decisiones basadas en datos reales del negocio. Incluye acompañamiento del equipo de Clientum durante toda la implementación y soporte post-entrega. ¿Querés más información sobre ""Gobierno de Datos y Gestión""? Solicitá una demo sin cargo.",1,42.00,Business Intelligence,"Business Intelligence,Clientum,Consultoría,Multiplataforma",Multiplataforma,Consultoría,business intelligence consultoría,Gobierno de Datos y Gestión: Servicios de consultoría especializada en el diseño e implementación de iniciativas de gobernanza de datos. Pedí tu presupuesto con Clientum.
78,simple,CTM-0079,Implementación de Business Intelligence (BI),1,Servicios de creación de soluciones de inteligencia de negocios (bi) para empresas.,"Servicios de creación de soluciones de inteligencia de negocios (bi) para empresas. Pensado para PyMEs que buscan tomar decisiones basadas en datos reales del negocio. Incluye acompañamiento del equipo de Clientum durante toda la implementación y soporte post-entrega. ¿Querés más información sobre ""Implementación de Business Intelligence (BI)""? Solicitá una demo sin cargo.",1,405.00,Business Intelligence,"Business Intelligence,Clientum,Implementación,Multiplataforma",Multiplataforma,Implementación,business intelligence implementación,Implementación de Business Intelligence (BI): Servicios de creación de soluciones de inteligencia de negocios (bi) para empresas. Pedí tu presupuesto con Clientum.
79,simple,CTM-0080,Implementación de Sistemas de IA,1,Gestión de datos.,"Gestión de datos. Pensado para PyMEs que buscan aplicar IA de forma práctica a procesos reales del negocio. Incluye acompañamiento del equipo de Clientum durante toda la implementación y soporte post-entrega. ¿Querés más información sobre ""Implementación de Sistemas de IA""? Solicitá una demo sin cargo.",1,4125.00,Inteligencia Artificial,"Clientum,Implementación,Inteligencia Artificial,Multiplataforma",Multiplataforma,Implementación,inteligencia artificial implementación,Implementación de Sistemas de IA: Gestión de datos. Pedí tu presupuesto con Clientum.
80,simple,CTM-0081,Consultoría y Estrategia Digital,1,Servicios de consultoría especializada en la planificación e implementación de iniciativas de digitalización.,"Servicios de consultoría especializada en la planificación e implementación de iniciativas de digitalización. Pensado para PyMEs que buscan tomar decisiones basadas en datos reales del negocio. Incluye acompañamiento del equipo de Clientum durante toda la implementación y soporte post-entrega. ¿Querés más información sobre ""Consultoría y Estrategia Digital""? Solicitá una demo sin cargo.",1,3975.00,Business Intelligence,"Business Intelligence,Clientum,Consultoría,Multiplataforma",Multiplataforma,Consultoría,business intelligence consultoría,Consultoría y Estrategia Digital: Servicios de consultoría especializada en la planificación e implementación de iniciativas de digitalización. Pedí tu presupuesto con Clientum.
81,simple,CTM-0082,BI (Business Intelligence),1,Servicios de consultoría y desarrollo de plataformas de inteligencia de negocios y analítica avanzada.,"Servicios de consultoría y desarrollo de plataformas de inteligencia de negocios y analítica avanzada. Pensado para PyMEs que buscan tomar decisiones basadas en datos reales del negocio. Incluye acompañamiento del equipo de Clientum durante toda la implementación y soporte post-entrega. ¿Querés más información sobre ""BI (Business Intelligence)""? Solicitá una demo sin cargo.",1,3825.00,Business Intelligence,"Business Intelligence,Clientum,Consultoría,Multiplataforma",Multiplataforma,Consultoría,business intelligence consultoría,BI (Business Intelligence): Servicios de consultoría y desarrollo de plataformas de inteligencia de negocios y analítica avanzada. Pedí tu presupuesto con Clientum.
82,simple,CTM-0083,Visualización Avanzada de Datos,1,"Servicios de consultoría y desarrollo de plataformas para análisis de datos, inteligencia de negocios y generación de reportes.","Servicios de consultoría y desarrollo de plataformas para análisis de datos, inteligencia de negocios y generación de reportes. Pensado para PyMEs que buscan tomar decisiones basadas en datos reales del negocio. Incluye acompañamiento del equipo de Clientum durante toda la implementación y soporte post-entrega. ¿Querés más información sobre ""Visualización Avanzada de Datos""? Solicitá una demo sin cargo.",1,39.00,Business Intelligence,"Business Intelligence,Clientum,Consultoría,Multiplataforma",Multiplataforma,Consultoría,business intelligence consultoría,"Visualización Avanzada de Datos: Servicios de consultoría y desarrollo de plataformas para análisis de datos, inteligencia de negocios y generación... Pedí tu presupuesto con Clientum."
83,simple,CTM-0084,IT Consultancy,1,Consultoría it.,"Consultoría it. Pensado para PyMEs que buscan tomar decisiones basadas en datos reales del negocio. Incluye acompañamiento del equipo de Clientum durante toda la implementación y soporte post-entrega. ¿Querés más información sobre ""IT Consultancy""? Solicitá una demo sin cargo.",1,36.00,Business Intelligence,"Business Intelligence,Clientum,Consultoría,Multiplataforma",Multiplataforma,Consultoría,business intelligence consultoría,IT Consultancy: Consultoría it. Pedí tu presupuesto con Clientum.
84,simple,CTM-0085,Análisis Predictivo y ML,1,Solución de análisis predictivo para mantenimiento basada en ia.,"Solución de análisis predictivo para mantenimiento basada en ia. Pensado para PyMEs que buscan aplicar IA de forma práctica a procesos reales del negocio. Incluye acompañamiento del equipo de Clientum durante toda la implementación y soporte post-entrega. ¿Querés más información sobre ""Análisis Predictivo y ML""? Solicitá una demo sin cargo.",1,3675.00,Inteligencia Artificial,"Clientum,Inteligencia Artificial,Multiplataforma,Soporte",Multiplataforma,Soporte,inteligencia artificial soporte,Análisis Predictivo y ML: Solución de análisis predictivo para mantenimiento basada en ia. Pedí tu presupuesto con Clientum.
85,simple,CTM-0086,Implementación de Herramientas de BI,1,Servicio de implementación de herramientas de analítica y optimización para ecommerce.,"Servicio de implementación de herramientas de analítica y optimización para ecommerce. Pensado para PyMEs que buscan tomar decisiones basadas en datos reales del negocio. Incluye acompañamiento del equipo de Clientum durante toda la implementación y soporte post-entrega. ¿Querés más información sobre ""Implementación de Herramientas de BI""? Solicitá una demo sin cargo.",1,375.00,Business Intelligence,"Business Intelligence,Clientum,Implementación,Multiplataforma",Multiplataforma,Implementación,business intelligence implementación,Implementación de Herramientas de BI: Servicio de implementación de herramientas de analítica y optimización para ecommerce. Pedí tu presupuesto con Clientum.
86,simple,CTM-0087,Soporte Avanzado en BI,1,Análisis de datos avanzado.,"Análisis de datos avanzado. Pensado para PyMEs que buscan tomar decisiones basadas en datos reales del negocio. Incluye acompañamiento del equipo de Clientum durante toda la implementación y soporte post-entrega. ¿Querés más información sobre ""Soporte Avanzado en BI""? Solicitá una demo sin cargo.",1,3525.00,Business Intelligence,"Business Intelligence,Clientum,Multiplataforma,Soporte",Multiplataforma,Soporte,business intelligence soporte,Soporte Avanzado en BI: Análisis de datos avanzado. Pedí tu presupuesto con Clientum.
87,simple,CTM-0088,Optimización de Bases de Datos,1,Servicios de consultoría especializada en la gestión integral de datos empresariales.,"Servicios de consultoría especializada en la gestión integral de datos empresariales. Pensado para PyMEs que buscan tomar decisiones basadas en datos reales del negocio. Incluye acompañamiento del equipo de Clientum durante toda la implementación y soporte post-entrega. ¿Querés más información sobre ""Optimización de Bases de Datos""? Solicitá una demo sin cargo.",1,345.00,Business Intelligence,"Business Intelligence,Clientum,Consultoría,Multiplataforma",Multiplataforma,Consultoría,business intelligence consultoría,Optimización de Bases de Datos: Servicios de consultoría especializada en la gestión integral de datos empresariales. Pedí tu presupuesto con Clientum.
88,simple,CTM-0089,Inteligencia de Mercado para Identificar Tendencias,1,Inteligencia de mercado.,"Inteligencia de mercado. Pensado para PyMEs que buscan tomar decisiones basadas en datos reales del negocio. Incluye acompañamiento del equipo de Clientum durante toda la implementación y soporte post-entrega. ¿Querés más información sobre ""Inteligencia de Mercado para Identificar Tendencias""? Solicitá una demo sin cargo.",1,3375.00,Business Intelligence,"Business Intelligence,Clientum,Implementación,Multiplataforma",Multiplataforma,Implementación,business intelligence implementación,Inteligencia de Mercado para Identificar Tendencias: Inteligencia de mercado. Pedí tu presupuesto con Clientum.
89,simple,CTM-0090,Automatización de Reportes Ejecutivos,1,Automatización de reportes con pentaho.,"Automatización de reportes con pentaho. Pensado para PyMEs que buscan tomar decisiones basadas en datos reales del negocio. Incluye acompañamiento del equipo de Clientum durante toda la implementación y soporte post-entrega. ¿Querés más información sobre ""Automatización de Reportes Ejecutivos""? Solicitá una demo sin cargo.",1,33.00,Business Intelligence,"Business Intelligence,Clientum,Implementación,Multiplataforma",Multiplataforma,Implementación,business intelligence implementación,Automatización de Reportes Ejecutivos: Automatización de reportes con pentaho. Pedí tu presupuesto con Clientum.
90,simple,CTM-0091,Planificación estratégica,1,Servicios de consultoría para el diseño e implementación de estrategias empresariales.,"Servicios de consultoría para el diseño e implementación de estrategias empresariales. Pensado para PyMEs que buscan tomar decisiones basadas en datos reales del negocio. Incluye acompañamiento del equipo de Clientum durante toda la implementación y soporte post-entrega. ¿Querés más información sobre ""Planificación estratégica""? Solicitá una demo sin cargo.",1,315.00,Business Intelligence,"Business Intelligence,Clientum,Consultoría,Multiplataforma",Multiplataforma,Consultoría,business intelligence consultoría,Planificación estratégica: Servicios de consultoría para el diseño e implementación de estrategias empresariales. Pedí tu presupuesto con Clientum.
91,simple,CTM-0092,Investigación de mercados,1,Servicios de investigación de mercados para recopilar y analizar información.,"Servicios de investigación de mercados para recopilar y analizar información. Pensado para PyMEs que buscan tomar decisiones basadas en datos reales del negocio. Incluye acompañamiento del equipo de Clientum durante toda la implementación y soporte post-entrega. ¿Querés más información sobre ""Investigación de mercados""? Solicitá una demo sin cargo.",1,3225.00,Business Intelligence,"Business Intelligence,Capacitación,Clientum,Multiplataforma",Multiplataforma,Capacitación,business intelligence capacitación,Investigación de mercados: Servicios de investigación de mercados para recopilar y analizar información. Pedí tu presupuesto con Clientum.
92,simple,CTM-0093,Consultoría en gestión de procesos,1,"Revisión y optimización de procesos: identifica y elimina cuellos de botella, mejora la productividad y reduce costos.","Revisión y optimización de procesos: identifica y elimina cuellos de botella, mejora la productividad y reduce costos. Pensado para PyMEs que buscan tomar decisiones basadas en datos reales del negocio. Incluye acompañamiento del equipo de Clientum durante toda la implementación y soporte post-entrega. ¿Querés más información sobre ""Consultoría en gestión de procesos""? Solicitá una demo sin cargo.",1,3075.00,Business Intelligence,"Business Intelligence,Clientum,Consultoría,Multiplataforma",Multiplataforma,Consultoría,business intelligence consultoría,"Consultoría en gestión de procesos: Revisión y optimización de procesos: identifica y elimina cuellos de botella, mejora la productividad y reduce... Pedí tu presupuesto con Clientum."
93,simple,CTM-0094,Análisis de Sentimiento en Redes Sociales,1,Solución de análisis de sentimiento en llamadas telefónicas basada en ia.,"Solución de análisis de sentimiento en llamadas telefónicas basada en ia. Pensado para PyMEs que buscan aplicar IA de forma práctica a procesos reales del negocio. Incluye acompañamiento del equipo de Clientum durante toda la implementación y soporte post-entrega. ¿Querés más información sobre ""Análisis de Sentimiento en Redes Sociales""? Solicitá una demo sin cargo.",1,3.00,Inteligencia Artificial,"Clientum,Implementación,Inteligencia Artificial,Multiplataforma",Multiplataforma,Implementación,inteligencia artificial implementación,Análisis de Sentimiento en Redes Sociales: Solución de análisis de sentimiento en llamadas telefónicas basada en ia. Pedí tu presupuesto con Clientum.
94,simple,CTM-0095,Análisis de Big Data,1,Servicios de consultoría y ejecución de proyectos de análisis de datos y big data para empresas.,"Servicios de consultoría y ejecución de proyectos de análisis de datos y big data para empresas. Pensado para PyMEs que buscan tomar decisiones basadas en datos reales del negocio. Incluye acompañamiento del equipo de Clientum durante toda la implementación y soporte post-entrega. ¿Querés más información sobre ""Análisis de Big Data""? Solicitá una demo sin cargo.",1,27.00,Business Intelligence,"Business Intelligence,Clientum,Consultoría,Multiplataforma",Multiplataforma,Consultoría,business intelligence consultoría,Análisis de Big Data: Servicios de consultoría y ejecución de proyectos de análisis de datos y big data para empresas. Pedí tu presupuesto con Clientum.
95,simple,CTM-0096,Analítica de datos,1,"Servicios de consultoría y despliegue de soluciones de analítica predictiva, prescriptiva y en tiempo real para optimizar procesos clave del negocio.","Servicios de consultoría y despliegue de soluciones de analítica predictiva, prescriptiva y en tiempo real para optimizar procesos clave del negocio. Pensado para PyMEs que buscan tomar decisiones basadas en datos reales del negocio. Incluye acompañamiento del equipo de Clientum durante toda la implementación y soporte post-entrega. ¿Querés más información sobre ""Analítica de datos""? Solicitá una demo sin cargo.",1,2775.00,Business Intelligence,"Business Intelligence,Clientum,Consultoría,Multiplataforma",Multiplataforma,Consultoría,business intelligence consultoría,"Analítica de datos: Servicios de consultoría y despliegue de soluciones de analítica predictiva, prescriptiva y en tiempo real para optimizar proce... Pedí tu presupuesto con Clientum."
96,simple,CTM-0097,Dashboards Personalizados,1,Implementación de bi y dashboards personalizados.,"Implementación de bi y dashboards personalizados. Pensado para PyMEs que buscan tomar decisiones basadas en datos reales del negocio. Incluye acompañamiento del equipo de Clientum durante toda la implementación y soporte post-entrega. ¿Querés más información sobre ""Dashboards Personalizados""? Solicitá una demo sin cargo.",1,285.00,Business Intelligence,"Business Intelligence,Clientum,Implementación,Multiplataforma",Multiplataforma,Implementación,business intelligence implementación,Dashboards Personalizados: Implementación de bi y dashboards personalizados. Pedí tu presupuesto con Clientum.
97,simple,CTM-0098,Consultoría en Machine Learning,1,Consultoría en machine learning.,"Consultoría en machine learning. Pensado para PyMEs que buscan aplicar IA de forma práctica a procesos reales del negocio. Incluye acompañamiento del equipo de Clientum durante toda la implementación y soporte post-entrega. ¿Querés más información sobre ""Consultoría en Machine Learning""? Solicitá una demo sin cargo.",1,2925.00,Inteligencia Artificial,"Clientum,Consultoría,Inteligencia Artificial,Multiplataforma",Multiplataforma,Consultoría,inteligencia artificial consultoría,Consultoría en Machine Learning: Consultoría en machine learning. Pedí tu presupuesto con Clientum.
98,simple,CTM-0099,Consultoría en Big Data,1,Consultoría en gestión del cambio.,"Consultoría en gestión del cambio. Pensado para PyMEs que buscan tomar decisiones basadas en datos reales del negocio. Incluye acompañamiento del equipo de Clientum durante toda la implementación y soporte post-entrega. ¿Querés más información sobre ""Consultoría en Big Data""? Solicitá una demo sin cargo.",1,2625.00,Business Intelligence,"Business Intelligence,Clientum,Consultoría,Multiplataforma",Multiplataforma,Consultoría,business intelligence consultoría,Consultoría en Big Data: Consultoría en gestión del cambio. Pedí tu presupuesto con Clientum.
99,simple,CTM-0100,Análisis de Datos y Métricas,1,Mejora la toma de decisiones empresariales con análisis de datos.,"Mejora la toma de decisiones empresariales con análisis de datos. Pensado para PyMEs que buscan tomar decisiones basadas en datos reales del negocio. Incluye acompañamiento del equipo de Clientum durante toda la implementación y soporte post-entrega. ¿Querés más información sobre ""Análisis de Datos y Métricas""? Solicitá una demo sin cargo.",1,255.00,Business Intelligence,"Business Intelligence,Clientum,Implementación,Multiplataforma",Multiplataforma,Implementación,business intelligence implementación,Análisis de Datos y Métricas: Mejora la toma de decisiones empresariales con análisis de datos. Pedí tu presupuesto con Clientum.
100,simple,CTM-0101,Redacción de informes,1,Servicio de redacción profesional de informes.,"Servicio de redacción profesional de informes. Pensado para PyMEs que buscan tomar decisiones basadas en datos reales del negocio. Incluye acompañamiento del equipo de Clientum durante toda la implementación y soporte post-entrega. ¿Querés más información sobre ""Redacción de informes""? Solicitá una demo sin cargo.",1,2475.00,Business Intelligence,"Business Intelligence,Clientum,Implementación,Multiplataforma",Multiplataforma,Implementación,business intelligence implementación,Redacción de informes: Servicio de redacción profesional de informes. Pedí tu presupuesto con Clientum.
101,simple,CTM-0102,Desarrollo de Algoritmos Avanzados,1,Algoritmos para marketing digital.,"Algoritmos para marketing digital. Pensado para PyMEs que buscan tomar decisiones basadas en datos reales del negocio. Incluye acompañamiento del equipo de Clientum durante toda la implementación y soporte post-entrega. ¿Querés más información sobre ""Desarrollo de Algoritmos Avanzados""? Solicitá una demo sin cargo.",1,24.00,Business Intelligence,"Business Intelligence,Clientum,Implementación,Multiplataforma",Multiplataforma,Implementación,business intelligence implementación,Desarrollo de Algoritmos Avanzados: Algoritmos para marketing digital. Pedí tu presupuesto con Clientum.
102,simple,CTM-0103,Servicio de Analítica Web: Optimiza tu Ecommerce con Datos Valiosos,1,"Servicio de análisis de datos de ecommerce: optimiza tu estrategia de negocio online con métricas esenciales, análisis de cohortes, segmentación avanzada y más.","Servicio de análisis de datos de ecommerce: optimiza tu estrategia de negocio online con métricas esenciales, análisis de cohortes, segmentación avanzada y más. Pensado para PyMEs que buscan tomar decisiones basadas en datos reales del negocio. Incluye acompañamiento del equipo de Clientum durante toda la implementación y soporte post-entrega. ¿Querés más información sobre ""Servicio de Analítica Web: Optimiza tu Ecommerce con Datos Valiosos""? Solicitá una demo sin cargo.",1,225.00,Business Intelligence,"Business Intelligence,Clientum,Implementación,Multiplataforma",Multiplataforma,Implementación,business intelligence implementación,Servicio de Analítica Web: Optimiza tu Ecommerce con Datos Valiosos: Servicio de análisis de datos de ecommerce: optimiza tu estrategia de negocio... Pedí tu presupuesto con Clientum.
103,simple,CTM-0104,Support for BI,1,Soporte especializado bi.,"Soporte especializado bi. Pensado para PyMEs que buscan tomar decisiones basadas en datos reales del negocio. Incluye acompañamiento del equipo de Clientum durante toda la implementación y soporte post-entrega. ¿Querés más información sobre ""Support for BI""? Solicitá una demo sin cargo.",1,2325.00,Business Intelligence,"Business Intelligence,Clientum,Multiplataforma,Soporte",Multiplataforma,Soporte,business intelligence soporte,Support for BI: Soporte especializado bi. Pedí tu presupuesto con Clientum.
104,simple,CTM-0105,Análisis de Conversiones: Optimiza tu E-commerce y Aumenta tus Ventas,1,Servicio de análisis de conversiones para e-commerce que te permite: identificar áreas de mejora optimizar la experiencia del usuario aumentar las ventas mejorar el ROI de marketing.,"Servicio de análisis de conversiones para e-commerce que te permite: identificar áreas de mejora optimizar la experiencia del usuario aumentar las ventas mejorar el ROI de marketing. Pensado para PyMEs que buscan tomar decisiones basadas en datos reales del negocio. Incluye acompañamiento del equipo de Clientum durante toda la implementación y soporte post-entrega. ¿Querés más información sobre ""Análisis de Conversiones: Optimiza tu E-commerce y Aumenta tus Ventas""? Solicitá una demo sin cargo.",1,2175.00,Business Intelligence,"Business Intelligence,Clientum,Implementación,Multiplataforma",Multiplataforma,Implementación,business intelligence implementación,Análisis de Conversiones: Optimiza tu E-commerce y Aumenta tus Ventas: Servicio de análisis de conversiones para e-commerce que te permite: identif... Pedí tu presupuesto con Clientum.
105,simple,CTM-0106,Consultoría Adicional Básica: Asesoría Experta para Optimizar tu Negocio,1,"Consultoría adicional básica: asesoramiento personalizado, análisis exhaustivo y planes de acción para el éxito empresarial.","Consultoría adicional básica: asesoramiento personalizado, análisis exhaustivo y planes de acción para el éxito empresarial. Pensado para PyMEs que buscan tomar decisiones basadas en datos reales del negocio. Incluye acompañamiento del equipo de Clientum durante toda la implementación y soporte post-entrega. ¿Querés más información sobre ""Consultoría Adicional Básica: Asesoría Experta para Optimizar tu Negocio""? Solicitá una demo sin cargo.",1,2025.00,Business Intelligence,"Business Intelligence,Clientum,Consultoría,Multiplataforma",Multiplataforma,Consultoría,business intelligence consultoría,"Consultoría Adicional Básica: Asesoría Experta para Optimizar tu Negocio: Consultoría adicional básica: asesoramiento personalizado, análisis exhau... Pedí tu presupuesto con Clientum."
106,simple,CTM-0107,Consultoría en inteligencia competitiva,1,Consultoría en inteligencia competitiva.,"Consultoría en inteligencia competitiva. Pensado para PyMEs que buscan tomar decisiones basadas en datos reales del negocio. Incluye acompañamiento del equipo de Clientum durante toda la implementación y soporte post-entrega. ¿Querés más información sobre ""Consultoría en inteligencia competitiva""? Solicitá una demo sin cargo.",1,21.00,Business Intelligence,"Business Intelligence,Clientum,Consultoría,Multiplataforma",Multiplataforma,Consultoría,business intelligence consultoría,Consultoría en inteligencia competitiva: Consultoría en inteligencia competitiva. Pedí tu presupuesto con Clientum.
107,simple,CTM-0108,Gestión de Riesgos con IA,1,Solución de gestión de riesgos basada en ia.,"Solución de gestión de riesgos basada en ia. Pensado para PyMEs que buscan aplicar IA de forma práctica a procesos reales del negocio. Incluye acompañamiento del equipo de Clientum durante toda la implementación y soporte post-entrega. ¿Querés más información sobre ""Gestión de Riesgos con IA""? Solicitá una demo sin cargo.",1,195.00,Inteligencia Artificial,"Clientum,Implementación,Inteligencia Artificial,Multiplataforma",Multiplataforma,Implementación,inteligencia artificial implementación,Gestión de Riesgos con IA: Solución de gestión de riesgos basada en ia. Pedí tu presupuesto con Clientum.
108,simple,CTM-0109,Consultoría en sostenibilidad,1,Consultoría en desarrollo sostenible.,"Consultoría en desarrollo sostenible. Pensado para PyMEs que buscan tomar decisiones basadas en datos reales del negocio. Incluye acompañamiento del equipo de Clientum durante toda la implementación y soporte post-entrega. ¿Querés más información sobre ""Consultoría en sostenibilidad""? Solicitá una demo sin cargo.",1,1875.00,Business Intelligence,"Business Intelligence,Clientum,Consultoría,Multiplataforma",Multiplataforma,Consultoría,business intelligence consultoría,Consultoría en sostenibilidad: Consultoría en desarrollo sostenible. Pedí tu presupuesto con Clientum.
109,simple,CTM-0110,Análisis de mercado,1,Solución de análisis de la competencia basada en ia.,"Solución de análisis de la competencia basada en ia. Pensado para PyMEs que buscan aplicar IA de forma práctica a procesos reales del negocio. Incluye acompañamiento del equipo de Clientum durante toda la implementación y soporte post-entrega. ¿Querés más información sobre ""Análisis de mercado""? Solicitá una demo sin cargo.",1,18.00,Inteligencia Artificial,"Clientum,Implementación,Inteligencia Artificial,Multiplataforma",Multiplataforma,Implementación,inteligencia artificial implementación,Análisis de mercado: Solución de análisis de la competencia basada en ia. Pedí tu presupuesto con Clientum.
110,simple,CTM-0111,Personalización de Informes: Crea Reportes a Medida para tus Necesidades,1,"Desarrollo de informes personalizados: herramienta para la toma de decisiones informada, con informes adaptados, automatizados, integrados y visuales.","Desarrollo de informes personalizados: herramienta para la toma de decisiones informada, con informes adaptados, automatizados, integrados y visuales. Pensado para PyMEs que buscan tomar decisiones basadas en datos reales del negocio. Incluye acompañamiento del equipo de Clientum durante toda la implementación y soporte post-entrega. ¿Querés más información sobre ""Personalización de Informes: Crea Reportes a Medida para tus Necesidades""? Solicitá una demo sin cargo.",1,1725.00,Business Intelligence,"Business Intelligence,Clientum,Implementación,Multiplataforma",Multiplataforma,Implementación,business intelligence implementación,Personalización de Informes: Crea Reportes a Medida para tus Necesidades: Desarrollo de informes personalizados: herramienta para la toma de decisi... Pedí tu presupuesto con Clientum.
111,simple,CTM-0112,Optimización de Estrategias de Precios,1,Informe de análisis de rendimiento: información valiosa para el éxito empresarial.,"Informe de análisis de rendimiento: información valiosa para el éxito empresarial. Pensado para PyMEs que buscan tomar decisiones basadas en datos reales del negocio. Incluye acompañamiento del equipo de Clientum durante toda la implementación y soporte post-entrega. ¿Querés más información sobre ""Optimización de Estrategias de Precios""? Solicitá una demo sin cargo.",1,165.00,Business Intelligence,"Business Intelligence,Capacitación,Clientum,Multiplataforma",Multiplataforma,Capacitación,business intelligence capacitación,Optimización de Estrategias de Precios: Informe de análisis de rendimiento: información valiosa para el éxito empresarial. Pedí tu presupuesto con Clientum.
112,simple,CTM-0113,Optimización de Proyectos Empresariales,1,Análisis de procesos empresariales: optimiza el rendimiento y la eficiencia de tu empresa.,"Análisis de procesos empresariales: optimiza el rendimiento y la eficiencia de tu empresa. Pensado para PyMEs que buscan tomar decisiones basadas en datos reales del negocio. Incluye acompañamiento del equipo de Clientum durante toda la implementación y soporte post-entrega. ¿Querés más información sobre ""Optimización de Proyectos Empresariales""? Solicitá una demo sin cargo.",1,1425.00,Business Intelligence,"Business Intelligence,Clientum,Implementación,Multiplataforma",Multiplataforma,Implementación,business intelligence implementación,Optimización de Proyectos Empresariales: Análisis de procesos empresariales: optimiza el rendimiento y la eficiencia de tu empresa. Pedí tu presupuesto con Clientum.
113,simple,CTM-0114,Plataforma de Analítica Web,1,Análisis del comportamiento web.,"Análisis del comportamiento web. Pensado para PyMEs que buscan tomar decisiones basadas en datos reales del negocio. Incluye acompañamiento del equipo de Clientum durante toda la implementación y soporte post-entrega. ¿Querés más información sobre ""Plataforma de Analítica Web""? Solicitá una demo sin cargo.",1,15.00,Business Intelligence,"Business Intelligence,Clientum,Implementación,Multiplataforma",Multiplataforma,Implementación,business intelligence implementación,Plataforma de Analítica Web: Análisis del comportamiento web. Pedí tu presupuesto con Clientum.
114,simple,CTM-0115,Evaluación de Impacto: Analiza y Mide el Éxito de tus Iniciativas,1,Evaluación de impacto: herramienta para medir el éxito de tus iniciativas.,"Evaluación de impacto: herramienta para medir el éxito de tus iniciativas. Pensado para PyMEs que buscan tomar decisiones basadas en datos reales del negocio. Incluye acompañamiento del equipo de Clientum durante toda la implementación y soporte post-entrega. ¿Querés más información sobre ""Evaluación de Impacto: Analiza y Mide el Éxito de tus Iniciativas""? Solicitá una demo sin cargo.",1,1575.00,Business Intelligence,"Business Intelligence,Clientum,Implementación,Multiplataforma",Multiplataforma,Implementación,business intelligence implementación,Evaluación de Impacto: Analiza y Mide el Éxito de tus Iniciativas: Evaluación de impacto: herramienta para medir el éxito de tus iniciativas. Pedí tu presupuesto con Clientum.
115,simple,CTM-0116,Análisis de Comportamiento del Consumidor,1,Análisis de comportamiento.,"Análisis de comportamiento. Pensado para PyMEs que buscan tomar decisiones basadas en datos reales del negocio. Incluye acompañamiento del equipo de Clientum durante toda la implementación y soporte post-entrega. ¿Querés más información sobre ""Análisis de Comportamiento del Consumidor""? Solicitá una demo sin cargo.",1,1125.00,Business Intelligence,"Business Intelligence,Clientum,Implementación,Multiplataforma",Multiplataforma,Implementación,business intelligence implementación,Análisis de Comportamiento del Consumidor: Análisis de comportamiento. Pedí tu presupuesto con Clientum.
116,simple,CTM-0117,Planificación Financiera con IA,1,Solución de planificación financiera con ia.,"Solución de planificación financiera con ia. Pensado para PyMEs que buscan aplicar IA de forma práctica a procesos reales del negocio. Incluye acompañamiento del equipo de Clientum durante toda la implementación y soporte post-entrega. ¿Querés más información sobre ""Planificación Financiera con IA""? Solicitá una demo sin cargo.",1,12.00,Inteligencia Artificial,"Clientum,Implementación,Inteligencia Artificial,Multiplataforma",Multiplataforma,Implementación,inteligencia artificial implementación,Planificación Financiera con IA: Solución de planificación financiera con ia. Pedí tu presupuesto con Clientum.
117,simple,CTM-0118,Análisis de Datos de Recursos Humanos con IA,1,Solución de análisis de datos de rrhh basada en ia.,"Solución de análisis de datos de rrhh basada en ia. Pensado para PyMEs que buscan aplicar IA de forma práctica a procesos reales del negocio. Incluye acompañamiento del equipo de Clientum durante toda la implementación y soporte post-entrega. ¿Querés más información sobre ""Análisis de Datos de Recursos Humanos con IA""? Solicitá una demo sin cargo.",1,1275.00,Inteligencia Artificial,"Capacitación,Clientum,Inteligencia Artificial,Multiplataforma",Multiplataforma,Capacitación,inteligencia artificial capacitación,Análisis de Datos de Recursos Humanos con IA: Solución de análisis de datos de rrhh basada en ia. Pedí tu presupuesto con Clientum.
118,simple,CTM-0119,Análisis de Datos de la Cadena de Suministro con IA,1,Solución de análisis de datos de la cadena de suministro con ia.,"Solución de análisis de datos de la cadena de suministro con ia. Pensado para PyMEs que buscan aplicar IA de forma práctica a procesos reales del negocio. Incluye acompañamiento del equipo de Clientum durante toda la implementación y soporte post-entrega. ¿Querés más información sobre ""Análisis de Datos de la Cadena de Suministro con IA""? Solicitá una demo sin cargo.",1,135.00,Inteligencia Artificial,"Clientum,Implementación,Inteligencia Artificial,Multiplataforma",Multiplataforma,Implementación,inteligencia artificial implementación,Análisis de Datos de la Cadena de Suministro con IA: Solución de análisis de datos de la cadena de suministro con ia. Pedí tu presupuesto con Clientum.
119,simple,CTM-0120,Análisis de Interacciones con Clientes con IA,1,Solución de análisis de interacciones con clientes basada en ia.,"Solución de análisis de interacciones con clientes basada en ia. Pensado para PyMEs que buscan aplicar IA de forma práctica a procesos reales del negocio. Incluye acompañamiento del equipo de Clientum durante toda la implementación y soporte post-entrega. ¿Querés más información sobre ""Análisis de Interacciones con Clientes con IA""? Solicitá una demo sin cargo.",1,975.00,Inteligencia Artificial,"Clientum,Implementación,Inteligencia Artificial,Multiplataforma",Multiplataforma,Implementación,inteligencia artificial implementación,Análisis de Interacciones con Clientes con IA: Solución de análisis de interacciones con clientes basada en ia. Pedí tu presupuesto con Clientum.
120,simple,CTM-0121,Gestión de Cumplimiento Normativo con IA,1,Solución de gestión de cumplimiento normativo con ia.,"Solución de gestión de cumplimiento normativo con ia. Pensado para PyMEs que buscan aplicar IA de forma práctica a procesos reales del negocio. Incluye acompañamiento del equipo de Clientum durante toda la implementación y soporte post-entrega. ¿Querés más información sobre ""Gestión de Cumplimiento Normativo con IA""? Solicitá una demo sin cargo.",1,105.00,Inteligencia Artificial,"Clientum,Implementación,Inteligencia Artificial,Multiplataforma",Multiplataforma,Implementación,inteligencia artificial implementación,Gestión de Cumplimiento Normativo con IA: Solución de gestión de cumplimiento normativo con ia. Pedí tu presupuesto con Clientum.
121,simple,CTM-0122,IA y ML,1,Ia y ml.,"Ia y ml. Pensado para PyMEs que buscan aplicar IA de forma práctica a procesos reales del negocio. Incluye acompañamiento del equipo de Clientum durante toda la implementación y soporte post-entrega. ¿Querés más información sobre ""IA y ML""? Solicitá una demo sin cargo.",1,6.00,Inteligencia Artificial,"Clientum,Implementación,Inteligencia Artificial,Multiplataforma",Multiplataforma,Implementación,inteligencia artificial implementación,IA y ML: Ia y ml. Pedí tu presupuesto con Clientum.
122,simple,CTM-0123,Ciencia de Datos,1,Consultoría en analítica.,"Consultoría en analítica. Pensado para PyMEs que buscan tomar decisiones basadas en datos reales del negocio. Incluye acompañamiento del equipo de Clientum durante toda la implementación y soporte post-entrega. ¿Querés más información sobre ""Ciencia de Datos""? Solicitá una demo sin cargo.",1,675.00,Business Intelligence,"Business Intelligence,Clientum,Consultoría,Multiplataforma",Multiplataforma,Consultoría,business intelligence consultoría,Ciencia de Datos: Consultoría en analítica. Pedí tu presupuesto con Clientum.
123,simple,CTM-0124,Reportes de Ventas,1,Reportes de ventas.,"Reportes de ventas. Pensado para PyMEs que buscan tomar decisiones basadas en datos reales del negocio. Incluye acompañamiento del equipo de Clientum durante toda la implementación y soporte post-entrega. ¿Querés más información sobre ""Reportes de Ventas""? Solicitá una demo sin cargo.",1,75.00,Business Intelligence,"Business Intelligence,Clientum,Implementación,Multiplataforma",Multiplataforma,Implementación,business intelligence implementación,Reportes de Ventas: Reportes de ventas. Pedí tu presupuesto con Clientum.
124,simple,CTM-0125,Soluciones completas para grandes empresas con necesidades analíticas avanzadas y continuas.,1,Soluciones completas para grandes empresas con necesidades analíticas avanzadas y continuas.,"Soluciones completas para grandes empresas con necesidades analíticas avanzadas y continuas. Pensado para PyMEs que buscan tomar decisiones basadas en datos reales del negocio. Incluye acompañamiento del equipo de Clientum durante toda la implementación y soporte post-entrega. ¿Querés más información sobre ""Soluciones completas para grandes empresas con necesidades analíticas avanzadas y continuas.""? Solicitá una demo sin cargo.",1,825.00,Business Intelligence,"Business Intelligence,Clientum,Implementación,Multiplataforma",Multiplataforma,Implementación,business intelligence implementación,Soluciones completas para grandes empresas con necesidades analíticas avanzadas y continuas.: Soluciones completas para grandes empresas con necesi... Pedí tu presupuesto con Clientum.
125,simple,CTM-0126,Consultoría en Estrategia Web: Optimiza tu presencia online y alcanza tus objetivos,1,"Consultoría en estrategia web: impulsa tu presencia digital al siguiente nivel. análisis exhaustivo, estrategia personalizada, SEO, marketing de contenidos, análisis de datos. beneficios: mayor visibilidad, generación de.","Consultoría en estrategia web: impulsa tu presencia digital al siguiente nivel. análisis exhaustivo, estrategia personalizada, SEO, marketing de contenidos, análisis de datos. beneficios: mayor visibilidad, generación de. Pensado para PyMEs que buscan tomar decisiones basadas en datos reales del negocio. Incluye acompañamiento del equipo de Clientum durante toda la implementación y soporte post-entrega. ¿Querés más información sobre ""Consultoría en Estrategia Web: Optimiza tu presencia online y alcanza tus objetivos""? Solicitá una demo sin cargo.",1,9.00,Business Intelligence,"Business Intelligence,Clientum,Consultoría,Multiplataforma",Multiplataforma,Consultoría,business intelligence consultoría,Consultoría en Estrategia Web: Optimiza tu presencia online y alcanza tus objetivos: Consultoría en estrategia web: impulsa tu presencia digital al... Pedí tu presupuesto con Clientum.
126,simple,CTM-0127,Implementación De Medidas De Protección,1,"Servicios de consultoría y despliegue de soluciones de detección, prevención y respuesta a amenazas cibernéticas en infraestructuras críticas y operacionales.","Servicios de consultoría y despliegue de soluciones de detección, prevención y respuesta a amenazas cibernéticas en infraestructuras críticas y operacionales. Pensado para PyMEs que buscan proteger su información y operar con tranquilidad. Incluye acompañamiento del equipo de Clientum durante toda la implementación y soporte post-entrega. ¿Querés más información sobre ""Implementación De Medidas De Protección""? Solicitá una demo sin cargo.",1,39.00,Ciberseguridad,"Ciberseguridad,Clientum,Consultoría,Multiplataforma",Multiplataforma,Consultoría,ciberseguridad consultoría,"Implementación De Medidas De Protección: Servicios de consultoría y despliegue de soluciones de detección, prevención y respuesta a amenazas cibern... Pedí tu presupuesto con Clientum."
127,simple,CTM-0128,Desarrollo de soluciones de ciberseguridad,1,Servicios de creación de aplicaciones y sistemas de ciberseguridad para la defensa frente a amenazas.,"Servicios de creación de aplicaciones y sistemas de ciberseguridad para la defensa frente a amenazas. Pensado para PyMEs que buscan proteger su información y operar con tranquilidad. Incluye acompañamiento del equipo de Clientum durante toda la implementación y soporte post-entrega. ¿Querés más información sobre ""Desarrollo de soluciones de ciberseguridad""? Solicitá una demo sin cargo.",1,3675.00,Ciberseguridad,"Ciberseguridad,Clientum,Implementación,Multiplataforma",Multiplataforma,Implementación,ciberseguridad implementación,Desarrollo de soluciones de ciberseguridad: Servicios de creación de aplicaciones y sistemas de ciberseguridad para la defensa frente a amenazas. Pedí tu presupuesto con Clientum.
128,simple,CTM-0129,Servicios de ciberseguridad,1,Servicios de consultoría especializada en ciberseguridad para la protección de activos digitales.,"Servicios de consultoría especializada en ciberseguridad para la protección de activos digitales. Pensado para PyMEs que buscan proteger su información y operar con tranquilidad. Incluye acompañamiento del equipo de Clientum durante toda la implementación y soporte post-entrega. ¿Querés más información sobre ""Servicios de ciberseguridad""? Solicitá una demo sin cargo.",1,345.00,Ciberseguridad,"Ciberseguridad,Clientum,Consultoría,Multiplataforma",Multiplataforma,Consultoría,ciberseguridad consultoría,Servicios de ciberseguridad: Servicios de consultoría especializada en ciberseguridad para la protección de activos digitales. Pedí tu presupuesto con Clientum.
129,simple,CTM-0130,Ciberseguridad avanzada,1,"Servicios de consultoría y despliegue de tecnologías de seguridad de la información, detección de amenazas y protección de activos digitales.","Servicios de consultoría y despliegue de tecnologías de seguridad de la información, detección de amenazas y protección de activos digitales. Pensado para PyMEs que buscan proteger su información y operar con tranquilidad. Incluye acompañamiento del equipo de Clientum durante toda la implementación y soporte post-entrega. ¿Querés más información sobre ""Ciberseguridad avanzada""? Solicitá una demo sin cargo.",1,3225.00,Ciberseguridad,"Capacitación,Ciberseguridad,Clientum,Multiplataforma",Multiplataforma,Capacitación,ciberseguridad capacitación,"Ciberseguridad avanzada: Servicios de consultoría y despliegue de tecnologías de seguridad de la información, detección de amenazas y protección de... Pedí tu presupuesto con Clientum."
130,simple,CTM-0131,Seguridad informática,1,Servicios de seguridad y protección de sistemas.,"Servicios de seguridad y protección de sistemas. Pensado para PyMEs que buscan proteger su información y operar con tranquilidad. Incluye acompañamiento del equipo de Clientum durante toda la implementación y soporte post-entrega. ¿Querés más información sobre ""Seguridad informática""? Solicitá una demo sin cargo.",1,3.00,Ciberseguridad,"Ciberseguridad,Clientum,Implementación,Multiplataforma",Multiplataforma,Implementación,ciberseguridad implementación,Seguridad informática: Servicios de seguridad y protección de sistemas. Pedí tu presupuesto con Clientum.
131,simple,CTM-0132,Auditoría de Seguridad,1,Auditoría de ciberseguridad.,"Auditoría de ciberseguridad. Pensado para PyMEs que buscan proteger su información y operar con tranquilidad. Incluye acompañamiento del equipo de Clientum durante toda la implementación y soporte post-entrega. ¿Querés más información sobre ""Auditoría de Seguridad""? Solicitá una demo sin cargo.",1,2775.00,Ciberseguridad,"Ciberseguridad,Clientum,Consultoría,Multiplataforma",Multiplataforma,Consultoría,ciberseguridad consultoría,Auditoría de Seguridad: Auditoría de ciberseguridad. Pedí tu presupuesto con Clientum.
132,simple,CTM-0133,Gestión de Identidades y Accesos,1,Gestión de identidades y accesos.,"Gestión de identidades y accesos. Pensado para PyMEs que buscan proteger su información y operar con tranquilidad. Incluye acompañamiento del equipo de Clientum durante toda la implementación y soporte post-entrega. ¿Querés más información sobre ""Gestión de Identidades y Accesos""? Solicitá una demo sin cargo.",1,255.00,Ciberseguridad,"Ciberseguridad,Clientum,Implementación,Multiplataforma",Multiplataforma,Implementación,ciberseguridad implementación,Gestión de Identidades y Accesos: Gestión de identidades y accesos. Pedí tu presupuesto con Clientum.
133,simple,CTM-0134,Verificación de Seguridad en Big Data,1,Auditoría de seguridad en big data.,"Auditoría de seguridad en big data. Pensado para PyMEs que buscan proteger su información y operar con tranquilidad. Incluye acompañamiento del equipo de Clientum durante toda la implementación y soporte post-entrega. ¿Querés más información sobre ""Verificación de Seguridad en Big Data""? Solicitá una demo sin cargo.",1,2325.00,Ciberseguridad,"Ciberseguridad,Clientum,Consultoría,Multiplataforma",Multiplataforma,Consultoría,ciberseguridad consultoría,Verificación de Seguridad en Big Data: Auditoría de seguridad en big data. Pedí tu presupuesto con Clientum.
134,simple,CTM-0135,Instalación de Sistemas de Alarmas,1,Sistemas de videovigilancia.,"Sistemas de videovigilancia. Pensado para PyMEs que buscan proteger su información y operar con tranquilidad. Incluye acompañamiento del equipo de Clientum durante toda la implementación y soporte post-entrega. ¿Querés más información sobre ""Instalación de Sistemas de Alarmas""? Solicitá una demo sin cargo.",1,21.00,Ciberseguridad,"Ciberseguridad,Clientum,Implementación,Multiplataforma",Multiplataforma,Implementación,ciberseguridad implementación,Instalación de Sistemas de Alarmas: Sistemas de videovigilancia. Pedí tu presupuesto con Clientum.
135,simple,CTM-0136,Respuesta a incidentes básica,1,Monitoreo y respuesta a incidentes.,"Monitoreo y respuesta a incidentes. Pensado para PyMEs que buscan proteger su información y operar con tranquilidad. Incluye acompañamiento del equipo de Clientum durante toda la implementación y soporte post-entrega. ¿Querés más información sobre ""Respuesta a incidentes básica""? Solicitá una demo sin cargo.",1,1725.00,Ciberseguridad,"Ciberseguridad,Clientum,Multiplataforma,Soporte",Multiplataforma,Soporte,ciberseguridad soporte,Respuesta a incidentes básica: Monitoreo y respuesta a incidentes. Pedí tu presupuesto con Clientum.
136,simple,CTM-0137,Análisis de Riesgos de Ciberseguridad,1,Análisis de riesgos y ciberseguridad.,"Análisis de riesgos y ciberseguridad. Pensado para PyMEs que buscan proteger su información y operar con tranquilidad. Incluye acompañamiento del equipo de Clientum durante toda la implementación y soporte post-entrega. ¿Querés más información sobre ""Análisis de Riesgos de Ciberseguridad""? Solicitá una demo sin cargo.",1,195.00,Ciberseguridad,"Ciberseguridad,Clientum,Implementación,Multiplataforma",Multiplataforma,Implementación,ciberseguridad implementación,Análisis de Riesgos de Ciberseguridad: Análisis de riesgos y ciberseguridad. Pedí tu presupuesto con Clientum.
137,simple,CTM-0138,Servicios de Seguridad Ecommerce,1,Servicios de seguridad y cumplimiento para ecommerce.,"Servicios de seguridad y cumplimiento para ecommerce. Pensado para PyMEs que buscan proteger su información y operar con tranquilidad. Incluye acompañamiento del equipo de Clientum durante toda la implementación y soporte post-entrega. ¿Querés más información sobre ""Servicios de Seguridad Ecommerce""? Solicitá una demo sin cargo.",1,15.00,Ciberseguridad,"Ciberseguridad,Clientum,Implementación,Multiplataforma",Multiplataforma,Implementación,ciberseguridad implementación,Servicios de Seguridad Ecommerce: Servicios de seguridad y cumplimiento para ecommerce. Pedí tu presupuesto con Clientum.
138,simple,CTM-0139,Seguridad Adicional: Tu escudo digital para un hogar protegido,1,Seguridad adicional: protege tu hogar con tranquilidad.,"Seguridad adicional: protege tu hogar con tranquilidad. Pensado para PyMEs que buscan proteger su información y operar con tranquilidad. Incluye acompañamiento del equipo de Clientum durante toda la implementación y soporte post-entrega. ¿Querés más información sobre ""Seguridad Adicional: Tu escudo digital para un hogar protegido""? Solicitá una demo sin cargo.",1,1275.00,Ciberseguridad,"Ciberseguridad,Clientum,Implementación,Multiplataforma",Multiplataforma,Implementación,ciberseguridad implementación,Seguridad Adicional: Tu escudo digital para un hogar protegido: Seguridad adicional: protege tu hogar con tranquilidad. Pedí tu presupuesto con Clientum.
139,simple,CTM-0140,Respaldo y Recuperación de Datos: Protege tus archivos con nuestra solución integral,1,"Respaldo y recuperación de datos: tu salvavidas digital. protege tus datos de pérdidas y disfruta de tranquilidad con respaldos automáticos, almacenamiento en la nube y recuperación rápida.","Respaldo y recuperación de datos: tu salvavidas digital. protege tus datos de pérdidas y disfruta de tranquilidad con respaldos automáticos, almacenamiento en la nube y recuperación rápida. Pensado para PyMEs que buscan proteger su información y operar con tranquilidad. Incluye acompañamiento del equipo de Clientum durante toda la implementación y soporte post-entrega. ¿Querés más información sobre ""Respaldo y Recuperación de Datos: Protege tus archivos con nuestra solución integral""? Solicitá una demo sin cargo.",1,105.00,Ciberseguridad,"Ciberseguridad,Clientum,Implementación,Multiplataforma",Multiplataforma,Implementación,ciberseguridad implementación,Respaldo y Recuperación de Datos: Protege tus archivos con nuestra solución integral: Respaldo y recuperación de datos: tu salvavidas digital. prot... Pedí tu presupuesto con Clientum.
140,simple,CTM-0141,Plataforma de Monitoreo y Alertas,1,Monitoreo y alertas proactivas.,"Monitoreo y alertas proactivas. Pensado para PyMEs que buscan proteger su información y operar con tranquilidad. Incluye acompañamiento del equipo de Clientum durante toda la implementación y soporte post-entrega. ¿Querés más información sobre ""Plataforma de Monitoreo y Alertas""? Solicitá una demo sin cargo.",1,825.00,Ciberseguridad,"Ciberseguridad,Clientum,Multiplataforma,Soporte",Multiplataforma,Soporte,ciberseguridad soporte,Plataforma de Monitoreo y Alertas: Monitoreo y alertas proactivas. Pedí tu presupuesto con Clientum.
141,simple,CTM-0142,Detección de Fraude con IA,1,Detección de fraude.,"Detección de fraude. Pensado para PyMEs que buscan proteger su información y operar con tranquilidad. Incluye acompañamiento del equipo de Clientum durante toda la implementación y soporte post-entrega. ¿Querés más información sobre ""Detección de Fraude con IA""? Solicitá una demo sin cargo.",1,6.00,Ciberseguridad,"Ciberseguridad,Clientum,Implementación,Multiplataforma",Multiplataforma,Implementación,ciberseguridad implementación,Detección de Fraude con IA: Detección de fraude. Pedí tu presupuesto con Clientum.
142,simple,CTM-0143,SSL Básico,1,Certificado ssl para sitios web.,"Certificado ssl para sitios web. Pensado para PyMEs que buscan proteger su información y operar con tranquilidad. Incluye acompañamiento del equipo de Clientum durante toda la implementación y soporte post-entrega. ¿Querés más información sobre ""SSL Básico""? Solicitá una demo sin cargo.",1,375.00,Ciberseguridad,"Ciberseguridad,Clientum,Implementación,Multiplataforma",Multiplataforma,Implementación,ciberseguridad implementación,SSL Básico: Certificado ssl para sitios web. Pedí tu presupuesto con Clientum.
143,simple,CTM-0144,Migración Básica a la Nube,1,Servicios de consultoría y ejecución de proyectos de migración y adopción de soluciones cloud.,"Servicios de consultoría y ejecución de proyectos de migración y adopción de soluciones cloud. Pensado para PyMEs que buscan contar con infraestructura estable, rápida y segura. Incluye acompañamiento del equipo de Clientum durante toda la implementación y soporte post-entrega. ¿Querés más información sobre ""Migración Básica a la Nube""? Solicitá una demo sin cargo.",1,24.00,Hosting e Infraestructura,"Clientum,Consultoría,Hosting e Infraestructura,Multiplataforma",Multiplataforma,Consultoría,hosting e infraestructura consultoría,Migración Básica a la Nube: Servicios de consultoría y ejecución de proyectos de migración y adopción de soluciones cloud. Pedí tu presupuesto con Clientum.
144,simple,CTM-0145,Cloud Computing,1,Servicios de consultoría y ejecución de proyectos de adopción de soluciones en la nube.,"Servicios de consultoría y ejecución de proyectos de adopción de soluciones en la nube. Pensado para PyMEs que buscan contar con infraestructura estable, rápida y segura. Incluye acompañamiento del equipo de Clientum durante toda la implementación y soporte post-entrega. ¿Querés más información sobre ""Cloud Computing""? Solicitá una demo sin cargo.",1,225.00,Hosting e Infraestructura,"Clientum,Consultoría,Hosting e Infraestructura,Multiplataforma",Multiplataforma,Consultoría,hosting e infraestructura consultoría,Cloud Computing: Servicios de consultoría y ejecución de proyectos de adopción de soluciones en la nube. Pedí tu presupuesto con Clientum.
145,simple,CTM-0146,Servicios de Implementación de ERP en la Nube,1,"Servicios de consultoría y despliegue de soluciones de computación en la nube, almacenamiento, redes y servicios gestionados.","Servicios de consultoría y despliegue de soluciones de computación en la nube, almacenamiento, redes y servicios gestionados. Pensado para PyMEs que buscan contar con infraestructura estable, rápida y segura. Incluye acompañamiento del equipo de Clientum durante toda la implementación y soporte post-entrega. ¿Querés más información sobre ""Servicios de Implementación de ERP en la Nube""? Solicitá una demo sin cargo.",1,21.00,Hosting e Infraestructura,"Clientum,Consultoría,Hosting e Infraestructura,Multiplataforma",Multiplataforma,Consultoría,hosting e infraestructura consultoría,"Servicios de Implementación de ERP en la Nube: Servicios de consultoría y despliegue de soluciones de computación en la nube, almacenamiento, redes... Pedí tu presupuesto con Clientum."
146,simple,CTM-0147,Servicios de Alojamiento y Cloud,1,Servicios de alojamiento y cloud.,"Servicios de alojamiento y cloud. Pensado para PyMEs que buscan contar con infraestructura estable, rápida y segura. Incluye acompañamiento del equipo de Clientum durante toda la implementación y soporte post-entrega. ¿Querés más información sobre ""Servicios de Alojamiento y Cloud""? Solicitá una demo sin cargo.",1,195.00,Hosting e Infraestructura,"Clientum,Hosting e Infraestructura,Implementación,Multiplataforma",Multiplataforma,Implementación,hosting e infraestructura implementación,Servicios de Alojamiento y Cloud: Servicios de alojamiento y cloud. Pedí tu presupuesto con Clientum.
147,simple,CTM-0148,Optimización de Recursos TI,1,Mejora de recursos tecnológicos.,"Mejora de recursos tecnológicos. Pensado para PyMEs que buscan contar con infraestructura estable, rápida y segura. Incluye acompañamiento del equipo de Clientum durante toda la implementación y soporte post-entrega. ¿Querés más información sobre ""Optimización de Recursos TI""? Solicitá una demo sin cargo.",1,1575.00,Hosting e Infraestructura,"Capacitación,Clientum,Hosting e Infraestructura,Multiplataforma",Multiplataforma,Capacitación,hosting e infraestructura capacitación,Optimización de Recursos TI: Mejora de recursos tecnológicos. Pedí tu presupuesto con Clientum.
148,simple,CTM-0149,Soluciones de nube híbrida,1,Servicios de implementación y gestión de entornos de nube híbrida.,"Servicios de implementación y gestión de entornos de nube híbrida. Pensado para PyMEs que buscan contar con infraestructura estable, rápida y segura. Incluye acompañamiento del equipo de Clientum durante toda la implementación y soporte post-entrega. ¿Querés más información sobre ""Soluciones de nube híbrida""? Solicitá una demo sin cargo.",1,1725.00,Hosting e Infraestructura,"Clientum,Hosting e Infraestructura,Implementación,Multiplataforma",Multiplataforma,Implementación,hosting e infraestructura implementación,Soluciones de nube híbrida: Servicios de implementación y gestión de entornos de nube híbrida. Pedí tu presupuesto con Clientum.
149,simple,CTM-0150,Plataforma ERP en la nube,1,Erp en la nube.,"Erp en la nube. Pensado para PyMEs que buscan contar con infraestructura estable, rápida y segura. Incluye acompañamiento del equipo de Clientum durante toda la implementación y soporte post-entrega. ¿Querés más información sobre ""Plataforma ERP en la nube""? Solicitá una demo sin cargo.",1,1875.00,Hosting e Infraestructura,"Clientum,Hosting e Infraestructura,Implementación,Multiplataforma",Multiplataforma,Implementación,hosting e infraestructura implementación,Plataforma ERP en la nube: Erp en la nube. Pedí tu presupuesto con Clientum.
150,simple,CTM-0151,Consultoría en Soluciones Cloud,1,Soluciones en la nube.,"Soluciones en la nube. Pensado para PyMEs que buscan contar con infraestructura estable, rápida y segura. Incluye acompañamiento del equipo de Clientum durante toda la implementación y soporte post-entrega. ¿Querés más información sobre ""Consultoría en Soluciones Cloud""? Solicitá una demo sin cargo.",1,1425.00,Hosting e Infraestructura,"Clientum,Consultoría,Hosting e Infraestructura,Multiplataforma",Multiplataforma,Consultoría,hosting e infraestructura consultoría,Consultoría en Soluciones Cloud: Soluciones en la nube. Pedí tu presupuesto con Clientum.
151,simple,CTM-0152,Respaldo y Recuperación de Datos,1,Respaldo y recuperación de datos.,"Respaldo y recuperación de datos. Pensado para PyMEs que buscan contar con infraestructura estable, rápida y segura. Incluye acompañamiento del equipo de Clientum durante toda la implementación y soporte post-entrega. ¿Querés más información sobre ""Respaldo y Recuperación de Datos""? Solicitá una demo sin cargo.",1,1275.00,Hosting e Infraestructura,"Clientum,Hosting e Infraestructura,Implementación,Multiplataforma",Multiplataforma,Implementación,hosting e infraestructura implementación,Respaldo y Recuperación de Datos: Respaldo y recuperación de datos. Pedí tu presupuesto con Clientum.
152,simple,CTM-0153,Configuración de Redes,1,Configuración de redes.,"Configuración de redes. Pensado para PyMEs que buscan contar con infraestructura estable, rápida y segura. Incluye acompañamiento del equipo de Clientum durante toda la implementación y soporte post-entrega. ¿Querés más información sobre ""Configuración de Redes""? Solicitá una demo sin cargo.",1,825.00,Hosting e Infraestructura,"Clientum,Hosting e Infraestructura,Implementación,Multiplataforma",Multiplataforma,Implementación,hosting e infraestructura implementación,Configuración de Redes: Configuración de redes. Pedí tu presupuesto con Clientum.
153,simple,CTM-0154,Soporte de Infraestructura en la Nube,1,Monitoreo de infraestructuras en la nube.,"Monitoreo de infraestructuras en la nube. Pensado para PyMEs que buscan contar con infraestructura estable, rápida y segura. Incluye acompañamiento del equipo de Clientum durante toda la implementación y soporte post-entrega. ¿Querés más información sobre ""Soporte de Infraestructura en la Nube""? Solicitá una demo sin cargo.",1,975.00,Hosting e Infraestructura,"Clientum,Hosting e Infraestructura,Multiplataforma,Soporte",Multiplataforma,Soporte,hosting e infraestructura soporte,Soporte de Infraestructura en la Nube: Monitoreo de infraestructuras en la nube. Pedí tu presupuesto con Clientum.
154,simple,CTM-0155,Evaluación de Tecnologías Cloud,1,Evaluación de tecnologías en la nube.,"Evaluación de tecnologías en la nube. Pensado para PyMEs que buscan contar con infraestructura estable, rápida y segura. Incluye acompañamiento del equipo de Clientum durante toda la implementación y soporte post-entrega. ¿Querés más información sobre ""Evaluación de Tecnologías Cloud""? Solicitá una demo sin cargo.",1,1125.00,Hosting e Infraestructura,"Clientum,Hosting e Infraestructura,Implementación,Multiplataforma",Multiplataforma,Implementación,hosting e infraestructura implementación,Evaluación de Tecnologías Cloud: Evaluación de tecnologías en la nube. Pedí tu presupuesto con Clientum.
155,simple,CTM-0156,Cloud Storage Solution,1,Almacenamiento en la nube.,"Almacenamiento en la nube. Pensado para PyMEs que buscan contar con infraestructura estable, rápida y segura. Incluye acompañamiento del equipo de Clientum durante toda la implementación y soporte post-entrega. ¿Querés más información sobre ""Cloud Storage Solution""? Solicitá una demo sin cargo.",1,712.00,Hosting e Infraestructura,"Clientum,Hosting e Infraestructura,Implementación,Multiplataforma",Multiplataforma,Implementación,hosting e infraestructura implementación,Cloud Storage Solution: Almacenamiento en la nube. Pedí tu presupuesto con Clientum.
156,simple,CTM-0157,Gestión Básica de Servicios en la Nube,1,Gestión básica de servicios en la nube.,"Gestión básica de servicios en la nube. Pensado para PyMEs que buscan contar con infraestructura estable, rápida y segura. Incluye acompañamiento del equipo de Clientum durante toda la implementación y soporte post-entrega. ¿Querés más información sobre ""Gestión Básica de Servicios en la Nube""? Solicitá una demo sin cargo.",1,562.00,Hosting e Infraestructura,"Clientum,Hosting e Infraestructura,Implementación,Multiplataforma",Multiplataforma,Implementación,hosting e infraestructura implementación,Gestión Básica de Servicios en la Nube: Gestión básica de servicios en la nube. Pedí tu presupuesto con Clientum.
157,simple,CTM-0158,"1 vCore, RAM: 1gb, Disco: 25 GB SSD, Ancho de Banda: 1000 GB",1,Servidor virtual 1 vcore 1 gb ram 25 gb ssd 1000 gb ancho banda.,"Servidor virtual 1 vcore 1 gb ram 25 gb ssd 1000 gb ancho banda. Pensado para PyMEs que buscan contar con infraestructura estable, rápida y segura. Incluye acompañamiento del equipo de Clientum durante toda la implementación y soporte post-entrega. ¿Querés más información sobre ""1 vCore, RAM: 1gb, Disco: 25 GB SSD, Ancho de Banda: 1000 GB""? Solicitá una demo sin cargo.",1,3.00,Hosting e Infraestructura,"Clientum,Hosting e Infraestructura,Implementación,Multiplataforma",Multiplataforma,Implementación,hosting e infraestructura implementación,"1 vCore, RAM: 1gb, Disco: 25 GB SSD, Ancho de Banda: 1000 GB: Servidor virtual 1 vcore 1 gb ram 25 gb ssd 1000 gb ancho banda. Pedí tu presupuesto con Clientum."
158,simple,CTM-0159,Implementación de ERP en la Nube: Optimiza tu gestión empresarial con SaaS,1,Servicios de implementación de sistemas ERP en la nube: optimizando operaciones y obteniendo ventajas competitivas.,"Servicios de implementación de sistemas ERP en la nube: optimizando operaciones y obteniendo ventajas competitivas. Pensado para PyMEs que buscan contar con infraestructura estable, rápida y segura. Incluye acompañamiento del equipo de Clientum durante toda la implementación y soporte post-entrega. ¿Querés más información sobre ""Implementación de ERP en la Nube: Optimiza tu gestión empresarial con SaaS""? Solicitá una demo sin cargo.",1,45.00,Hosting e Infraestructura,"Clientum,Hosting e Infraestructura,Implementación,Multiplataforma",Multiplataforma,Implementación,hosting e infraestructura implementación,Implementación de ERP en la Nube: Optimiza tu gestión empresarial con SaaS: Servicios de implementación de sistemas ERP en la nube: optimizando ope... Pedí tu presupuesto con Clientum.
159,simple,CTM-0160,Desarrollo de videojuegos,1,"Servicios de diseño, desarrollo y publicación de videojuegos y aplicaciones de entretenimiento innovadoras.","Servicios de diseño, desarrollo y publicación de videojuegos y aplicaciones de entretenimiento innovadoras. Pensado para PyMEs que buscan tener presencia digital profesional y funcional. Incluye acompañamiento del equipo de Clientum durante toda la implementación y soporte post-entrega. ¿Querés más información sobre ""Desarrollo de videojuegos""? Solicitá una demo sin cargo.",1,48.00,Desarrollo Web,"Clientum,Desarrollo Web,Implementación,Multiplataforma",Multiplataforma,Implementación,desarrollo web implementación,"Desarrollo de videojuegos: Servicios de diseño, desarrollo y publicación de videojuegos y aplicaciones de entretenimiento innovadoras. Pedí tu presupuesto con Clientum."
160,simple,CTM-0161,Desarrollo de soluciones blockchain,1,"Servicios de creación de soluciones blockchain para áreas como finanzas, cadena de suministro y certificación.","Servicios de creación de soluciones blockchain para áreas como finanzas, cadena de suministro y certificación. Pensado para PyMEs que buscan tener presencia digital profesional y funcional. Incluye acompañamiento del equipo de Clientum durante toda la implementación y soporte post-entrega. ¿Querés más información sobre ""Desarrollo de soluciones blockchain""? Solicitá una demo sin cargo.",1,4575.00,Desarrollo Web,"Clientum,Desarrollo Web,Implementación,Multiplataforma",Multiplataforma,Implementación,desarrollo web implementación,"Desarrollo de soluciones blockchain: Servicios de creación de soluciones blockchain para áreas como finanzas, cadena de suministro y certificación. Pedí tu presupuesto con Clientum."
161,simple,CTM-0162,Desarrollo de soluciones de realidad virtual,1,"Servicios de implementación de realidad aumentada para ecommerce: visualización 3D, prueba virtual, información adicional, experiencias interactivas. mejora la experiencia de compra, aumenta las conversiones y diferencia.","Servicios de implementación de realidad aumentada para ecommerce: visualización 3D, prueba virtual, información adicional, experiencias interactivas. mejora la experiencia de compra, aumenta las conversiones y diferencia. Pensado para PyMEs que buscan tener presencia digital profesional y funcional. Incluye acompañamiento del equipo de Clientum durante toda la implementación y soporte post-entrega. ¿Querés más información sobre ""Desarrollo de soluciones de realidad virtual""? Solicitá una demo sin cargo.",1,465.00,Desarrollo Web,"Capacitación,Clientum,Desarrollo Web,Multiplataforma",Multiplataforma,Capacitación,desarrollo web capacitación,"Desarrollo de soluciones de realidad virtual: Servicios de implementación de realidad aumentada para ecommerce: visualización 3D, prueba virtual, i... Pedí tu presupuesto con Clientum."
162,simple,CTM-0163,Servicios de integración de sistemas,1,Servicios de consultoría y desarrollo de arquitecturas de integración de aplicaciones y datos.,"Servicios de consultoría y desarrollo de arquitecturas de integración de aplicaciones y datos. Pensado para PyMEs que buscan tener presencia digital profesional y funcional. Incluye acompañamiento del equipo de Clientum durante toda la implementación y soporte post-entrega. ¿Querés más información sobre ""Servicios de integración de sistemas""? Solicitá una demo sin cargo.",1,4725.00,Desarrollo Web,"Clientum,Consultoría,Desarrollo Web,Multiplataforma",Multiplataforma,Consultoría,desarrollo web consultoría,Servicios de integración de sistemas: Servicios de consultoría y desarrollo de arquitecturas de integración de aplicaciones y datos. Pedí tu presupuesto con Clientum.
163,simple,CTM-0164,Migración y modernización de aplicaciones,1,Servicios de consultoría y ejecución de proyectos de modernización y migración de infraestructura tecnológica.,"Servicios de consultoría y ejecución de proyectos de modernización y migración de infraestructura tecnológica. Pensado para PyMEs que buscan tener presencia digital profesional y funcional. Incluye acompañamiento del equipo de Clientum durante toda la implementación y soporte post-entrega. ¿Querés más información sobre ""Migración y modernización de aplicaciones""? Solicitá una demo sin cargo.",1,45.00,Desarrollo Web,"Clientum,Consultoría,Desarrollo Web,Multiplataforma",Multiplataforma,Consultoría,desarrollo web consultoría,Migración y modernización de aplicaciones: Servicios de consultoría y ejecución de proyectos de modernización y migración de infraestructura tecnol... Pedí tu presupuesto con Clientum.
164,simple,CTM-0165,Servicios de desarrollo de aplicaciones con arquitecturas de microservicios,1,Desarrollo de aplicaciones web con microservicios y apis.,"Desarrollo de aplicaciones web con microservicios y apis. Pensado para PyMEs que buscan tener presencia digital profesional y funcional. Incluye acompañamiento del equipo de Clientum durante toda la implementación y soporte post-entrega. ¿Querés más información sobre ""Servicios de desarrollo de aplicaciones con arquitecturas de microservicios""? Solicitá una demo sin cargo.",1,4425.00,Desarrollo Web,"Clientum,Desarrollo Web,Implementación,Multiplataforma",Multiplataforma,Implementación,desarrollo web implementación,Servicios de desarrollo de aplicaciones con arquitecturas de microservicios: Desarrollo de aplicaciones web con microservicios y apis. Pedí tu presupuesto con Clientum.
165,simple,CTM-0166,Custom Web Development,1,Desarrollo de software personalizado.,"Desarrollo de software personalizado. Pensado para PyMEs que buscan tener presencia digital profesional y funcional. Incluye acompañamiento del equipo de Clientum durante toda la implementación y soporte post-entrega. ¿Querés más información sobre ""Custom Web Development""? Solicitá una demo sin cargo.",1,4425.00,Desarrollo Web,"Clientum,Desarrollo Web,Implementación,Multiplataforma",Multiplataforma,Implementación,desarrollo web implementación,Custom Web Development: Desarrollo de software personalizado. Pedí tu presupuesto con Clientum.
166,simple,CTM-0167,Servicio de Desarrollo de Integraciones B2B para Ecommerce: Automatiza tus Ventas y Distribución,1,"Servicio de desarrollo de integraciones B2B para e-commerce: conecta tus sistemas, automatiza procesos y mejora la eficiencia de tu negocio.","Servicio de desarrollo de integraciones B2B para e-commerce: conecta tus sistemas, automatiza procesos y mejora la eficiencia de tu negocio. Pensado para PyMEs que buscan vender online de forma segura y escalable. Incluye acompañamiento del equipo de Clientum durante toda la implementación y soporte post-entrega. ¿Querés más información sobre ""Servicio de Desarrollo de Integraciones B2B para Ecommerce: Automatiza tus Ventas y Distribución""? Solicitá una demo sin cargo.",1,435.00,E-Commerce,"Clientum,E-Commerce,Integración,Multiplataforma",Multiplataforma,Integración,e-commerce integración,Servicio de Desarrollo de Integraciones B2B para Ecommerce: Automatiza tus Ventas y Distribución: Servicio de desarrollo de integraciones B2B para... Pedí tu presupuesto con Clientum.
167,simple,CTM-0168,Desarrollo de software,1,"Servicios de diseño, desarrollo, implementación y mantenimiento de aplicaciones a la medida.","Servicios de diseño, desarrollo, implementación y mantenimiento de aplicaciones a la medida. Pensado para PyMEs que buscan tener presencia digital profesional y funcional. Incluye acompañamiento del equipo de Clientum durante toda la implementación y soporte post-entrega. ¿Querés más información sobre ""Desarrollo de software""? Solicitá una demo sin cargo.",1,4275.00,Desarrollo Web,"Clientum,Desarrollo Web,Multiplataforma,Soporte",Multiplataforma,Soporte,desarrollo web soporte,"Desarrollo de software: Servicios de diseño, desarrollo, implementación y mantenimiento de aplicaciones a la medida. Pedí tu presupuesto con Clientum."
168,simple,CTM-0169,Servicio de Implementación de Sistema de Recomendaciones Personalizadas,1,"Servicio de desarrollo de funcionalidad de recomendación de productos para ecommerce. mejora la experiencia de compra, aumenta las conversiones y brinda información valiosa.","Servicio de desarrollo de funcionalidad de recomendación de productos para ecommerce. mejora la experiencia de compra, aumenta las conversiones y brinda información valiosa. Pensado para PyMEs que buscan vender online de forma segura y escalable. Incluye acompañamiento del equipo de Clientum durante toda la implementación y soporte post-entrega. ¿Querés más información sobre ""Servicio de Implementación de Sistema de Recomendaciones Personalizadas""? Solicitá una demo sin cargo.",1,42.00,E-Commerce,"Capacitación,Clientum,E-Commerce,Multiplataforma",Multiplataforma,Capacitación,e-commerce capacitación,Servicio de Implementación de Sistema de Recomendaciones Personalizadas: Servicio de desarrollo de funcionalidad de recomendación de productos para... Pedí tu presupuesto con Clientum.
169,simple,CTM-0170,Soporte Integral para Comercio Electrónico,1,Servicios de creación de soluciones de comercio electrónico B2C y B2B con funcionalidades avanzadas.,"Servicios de creación de soluciones de comercio electrónico B2C y B2B con funcionalidades avanzadas. Pensado para PyMEs que buscan tener presencia digital profesional y funcional. Incluye acompañamiento del equipo de Clientum durante toda la implementación y soporte post-entrega. ¿Querés más información sobre ""Soporte Integral para Comercio Electrónico""? Solicitá una demo sin cargo.",1,4125.00,Desarrollo Web,"Clientum,Desarrollo Web,Multiplataforma,Soporte",Multiplataforma,Soporte,desarrollo web soporte,Soporte Integral para Comercio Electrónico: Servicios de creación de soluciones de comercio electrónico B2C y B2B con funcionalidades avanzadas. Pedí tu presupuesto con Clientum.
170,simple,CTM-0171,Desarrollo de sitio web,1,Servicios de construcción y mejora de presencia web para empresas y organizaciones.,"Servicios de construcción y mejora de presencia web para empresas y organizaciones. Pensado para PyMEs que buscan tener presencia digital profesional y funcional. Incluye acompañamiento del equipo de Clientum durante toda la implementación y soporte post-entrega. ¿Querés más información sobre ""Desarrollo de sitio web""? Solicitá una demo sin cargo.",1,405.00,Desarrollo Web,"Clientum,Desarrollo Web,Implementación,Multiplataforma",Multiplataforma,Implementación,desarrollo web implementación,Desarrollo de sitio web: Servicios de construcción y mejora de presencia web para empresas y organizaciones. Pedí tu presupuesto con Clientum.
171,simple,CTM-0172,Personalización de Experiencia de Usuario,1,Servicio de optimización de experiencia de usuario para ecommerce.,"Servicio de optimización de experiencia de usuario para ecommerce. Pensado para PyMEs que buscan tener presencia digital profesional y funcional. Incluye acompañamiento del equipo de Clientum durante toda la implementación y soporte post-entrega. ¿Querés más información sobre ""Personalización de Experiencia de Usuario""? Solicitá una demo sin cargo.",1,39.00,Desarrollo Web,"Clientum,Desarrollo Web,Implementación,Multiplataforma",Multiplataforma,Implementación,desarrollo web implementación,Personalización de Experiencia de Usuario: Servicio de optimización de experiencia de usuario para ecommerce. Pedí tu presupuesto con Clientum.
172,simple,CTM-0173,Rediseño de Tienda Online: Optimiza tu E-commerce para Impulsar las Ventas,1,"Servicio de creación de tienda online para impulsar tu negocio con diseño personalizado, catálogo completo, pagos seguros, optimización móvil y redes sociales.","Servicio de creación de tienda online para impulsar tu negocio con diseño personalizado, catálogo completo, pagos seguros, optimización móvil y redes sociales. Pensado para PyMEs que buscan vender online de forma segura y escalable. Incluye acompañamiento del equipo de Clientum durante toda la implementación y soporte post-entrega. ¿Querés más información sobre ""Rediseño de Tienda Online: Optimiza tu E-commerce para Impulsar las Ventas""? Solicitá una demo sin cargo.",1,3975.00,E-Commerce,"Clientum,E-Commerce,Implementación,Multiplataforma",Multiplataforma,Implementación,e-commerce implementación,Rediseño de Tienda Online: Optimiza tu E-commerce para Impulsar las Ventas: Servicio de creación de tienda online para impulsar tu negocio con dise... Pedí tu presupuesto con Clientum.
173,simple,CTM-0174,Web Design,1,Diseño web personalizado.,"Diseño web personalizado. Pensado para PyMEs que buscan tener presencia digital profesional y funcional. Incluye acompañamiento del equipo de Clientum durante toda la implementación y soporte post-entrega. ¿Querés más información sobre ""Web Design""? Solicitá una demo sin cargo.",1,36.00,Desarrollo Web,"Clientum,Desarrollo Web,Implementación,Multiplataforma",Multiplataforma,Implementación,desarrollo web implementación,Web Design: Diseño web personalizado. Pedí tu presupuesto con Clientum.
174,simple,CTM-0175,Gestión de Contenidos Web,1,"Servicios de consultoría y construcción de soluciones de gestión de contenidos, diseño web y desarrollo de aplicaciones web.","Servicios de consultoría y construcción de soluciones de gestión de contenidos, diseño web y desarrollo de aplicaciones web. Pensado para PyMEs que buscan tener presencia digital profesional y funcional. Incluye acompañamiento del equipo de Clientum durante toda la implementación y soporte post-entrega. ¿Querés más información sobre ""Gestión de Contenidos Web""? Solicitá una demo sin cargo.",1,3675.00,Desarrollo Web,"Clientum,Consultoría,Desarrollo Web,Multiplataforma",Multiplataforma,Consultoría,desarrollo web consultoría,"Gestión de Contenidos Web: Servicios de consultoría y construcción de soluciones de gestión de contenidos, diseño web y desarrollo de aplicaciones... Pedí tu presupuesto con Clientum."
175,simple,CTM-0176,Plataforma e-Commerce,1,Servicio de migración de plataforma ecommerce: migra tu tienda online a una plataforma más potente y escalable para crecer y escalar tu negocio sin problemas.,"Servicio de migración de plataforma ecommerce: migra tu tienda online a una plataforma más potente y escalable para crecer y escalar tu negocio sin problemas. Pensado para PyMEs que buscan vender online de forma segura y escalable. Incluye acompañamiento del equipo de Clientum durante toda la implementación y soporte post-entrega. ¿Querés más información sobre ""Plataforma e-Commerce""? Solicitá una demo sin cargo.",1,375.00,E-Commerce,"Clientum,E-Commerce,Implementación,Multiplataforma",Multiplataforma,Implementación,e-commerce implementación,Plataforma e-Commerce: Servicio de migración de plataforma ecommerce: migra tu tienda online a una plataforma más potente y escalable para crecer y... Pedí tu presupuesto con Clientum.
176,simple,CTM-0177,Desarrollo de Contenido Multilingüe,1,Contenido multilingüe.,"Contenido multilingüe. Pensado para PyMEs que buscan tener presencia digital profesional y funcional. Incluye acompañamiento del equipo de Clientum durante toda la implementación y soporte post-entrega. ¿Querés más información sobre ""Desarrollo de Contenido Multilingüe""? Solicitá una demo sin cargo.",1,375.00,Desarrollo Web,"Clientum,Desarrollo Web,Implementación,Multiplataforma",Multiplataforma,Implementación,desarrollo web implementación,Desarrollo de Contenido Multilingüe: Contenido multilingüe. Pedí tu presupuesto con Clientum.
177,simple,CTM-0178,Soporte para Wordpress,1,Soporte wordpress multisite.,"Soporte wordpress multisite. Pensado para PyMEs que buscan tener presencia digital profesional y funcional. Incluye acompañamiento del equipo de Clientum durante toda la implementación y soporte post-entrega. ¿Querés más información sobre ""Soporte para Wordpress""? Solicitá una demo sin cargo.",1,3825.00,Desarrollo Web,"Clientum,Desarrollo Web,Soporte,WordPress",WordPress,Soporte,desarrollo web soporte wordpress,Soporte para Wordpress: Soporte wordpress multisite. Pedí tu presupuesto con Clientum.
178,simple,CTM-0179,Servicio de Optimización de Búsqueda Interna,1,Servicio de optimización de la búsqueda interna en ecommerce.,"Servicio de optimización de la búsqueda interna en ecommerce. Pensado para PyMEs que buscan tener presencia digital profesional y funcional. Incluye acompañamiento del equipo de Clientum durante toda la implementación y soporte post-entrega. ¿Querés más información sobre ""Servicio de Optimización de Búsqueda Interna""? Solicitá una demo sin cargo.",1,3525.00,Desarrollo Web,"Clientum,Desarrollo Web,Implementación,Multiplataforma",Multiplataforma,Implementación,desarrollo web implementación,Servicio de Optimización de Búsqueda Interna: Servicio de optimización de la búsqueda interna en ecommerce. Pedí tu presupuesto con Clientum.
179,simple,CTM-0180,Desarrollo de tienda online,1,Desarrollo de e-commerce y tiendas en línea: la clave para el éxito en el mundo digital.,"Desarrollo de e-commerce y tiendas en línea: la clave para el éxito en el mundo digital. Pensado para PyMEs que buscan vender online de forma segura y escalable. Incluye acompañamiento del equipo de Clientum durante toda la implementación y soporte post-entrega. ¿Querés más información sobre ""Desarrollo de tienda online""? Solicitá una demo sin cargo.",1,345.00,E-Commerce,"Clientum,E-Commerce,Implementación,Multiplataforma",Multiplataforma,Implementación,e-commerce implementación,Desarrollo de tienda online: Desarrollo de e-commerce y tiendas en línea: la clave para el éxito en el mundo digital. Pedí tu presupuesto con Clientum.
180,simple,CTM-0181,E-Commerce,1,E-commerce con wordpress y woocommerce.,"E-commerce con wordpress y woocommerce. Pensado para PyMEs que buscan vender online de forma segura y escalable. Incluye acompañamiento del equipo de Clientum durante toda la implementación y soporte post-entrega. ¿Querés más información sobre ""E-Commerce""? Solicitá una demo sin cargo.",1,33.00,E-Commerce,"Clientum,E-Commerce,Implementación,WooCommerce",WooCommerce,Implementación,e-commerce implementación woocommerce,E-Commerce: E-commerce con wordpress y woocommerce. Pedí tu presupuesto con Clientum.
181,simple,CTM-0182,Diseño Web Responsive,1,Diseño web responsive.,"Diseño web responsive. Pensado para PyMEs que buscan tener presencia digital profesional y funcional. Incluye acompañamiento del equipo de Clientum durante toda la implementación y soporte post-entrega. ¿Querés más información sobre ""Diseño Web Responsive""? Solicitá una demo sin cargo.",1,3375.00,Desarrollo Web,"Clientum,Desarrollo Web,Implementación,Multiplataforma",Multiplataforma,Implementación,desarrollo web implementación,Diseño Web Responsive: Diseño web responsive. Pedí tu presupuesto con Clientum.
182,simple,CTM-0183,Servicio de Implementación de Programas de Fidelización,1,Servicio de implementación de programas de fidelización para ecommerce.,"Servicio de implementación de programas de fidelización para ecommerce. Pensado para PyMEs que buscan vender online de forma segura y escalable. Incluye acompañamiento del equipo de Clientum durante toda la implementación y soporte post-entrega. ¿Querés más información sobre ""Servicio de Implementación de Programas de Fidelización""? Solicitá una demo sin cargo.",1,315.00,E-Commerce,"Clientum,E-Commerce,Implementación,Multiplataforma",Multiplataforma,Implementación,e-commerce implementación,Servicio de Implementación de Programas de Fidelización: Servicio de implementación de programas de fidelización para ecommerce. Pedí tu presupuesto con Clientum.
183,simple,CTM-0184,Servicio de Optimización de Funnels de Conversión,1,Servicio de optimización de funnels de conversión para ecommerce.,"Servicio de optimización de funnels de conversión para ecommerce. Pensado para PyMEs que buscan vender online de forma segura y escalable. Incluye acompañamiento del equipo de Clientum durante toda la implementación y soporte post-entrega. ¿Querés más información sobre ""Servicio de Optimización de Funnels de Conversión""? Solicitá una demo sin cargo.",1,3225.00,E-Commerce,"Clientum,E-Commerce,Implementación,Multiplataforma",Multiplataforma,Implementación,e-commerce implementación,Servicio de Optimización de Funnels de Conversión: Servicio de optimización de funnels de conversión para ecommerce. Pedí tu presupuesto con Clientum.
184,simple,CTM-0185,Diseño de sitios web,1,Servicio de diseño y desarrollo de sitios web a la medida.,"Servicio de diseño y desarrollo de sitios web a la medida. Pensado para PyMEs que buscan tener presencia digital profesional y funcional. Incluye acompañamiento del equipo de Clientum durante toda la implementación y soporte post-entrega. ¿Querés más información sobre ""Diseño de sitios web""? Solicitá una demo sin cargo.",1,3075.00,Desarrollo Web,"Clientum,Desarrollo Web,Implementación,Multiplataforma",Multiplataforma,Implementación,desarrollo web implementación,Diseño de sitios web: Servicio de diseño y desarrollo de sitios web a la medida. Pedí tu presupuesto con Clientum.
185,simple,CTM-0186,Servicio de Estrategia de Precio y Promociones,1,"Servicio de consultoría en estrategia de ecommerce que guía a las empresas hacia el éxito en línea, brindando análisis de mercado, planificación estratégica, optimización de sitios web, marketing digital y gestión de ope.","Servicio de consultoría en estrategia de ecommerce que guía a las empresas hacia el éxito en línea, brindando análisis de mercado, planificación estratégica, optimización de sitios web, marketing digital y gestión de ope. Pensado para PyMEs que buscan tener presencia digital profesional y funcional. Incluye acompañamiento del equipo de Clientum durante toda la implementación y soporte post-entrega. ¿Querés más información sobre ""Servicio de Estrategia de Precio y Promociones""? Solicitá una demo sin cargo.",1,3.00,Desarrollo Web,"Clientum,Consultoría,Desarrollo Web,Multiplataforma",Multiplataforma,Consultoría,desarrollo web consultoría,"Servicio de Estrategia de Precio y Promociones: Servicio de consultoría en estrategia de ecommerce que guía a las empresas hacia el éxito en línea,... Pedí tu presupuesto con Clientum."
186,simple,CTM-0187,Diseño de página web,1,Creación de una página web profesional y funcional para representar la marca en línea.,"Creación de una página web profesional y funcional para representar la marca en línea. Pensado para PyMEs que buscan tener presencia digital profesional y funcional. Incluye acompañamiento del equipo de Clientum durante toda la implementación y soporte post-entrega. ¿Querés más información sobre ""Diseño de página web""? Solicitá una demo sin cargo.",1,255.00,Desarrollo Web,"Clientum,Desarrollo Web,Implementación,Multiplataforma",Multiplataforma,Implementación,desarrollo web implementación,Diseño de página web: Creación de una página web profesional y funcional para representar la marca en línea. Pedí tu presupuesto con Clientum.
187,simple,CTM-0188,Servicio de Integración de Marketplace,1,Integración con marketplaces ecommerce: expande tu negocio online.,"Integración con marketplaces ecommerce: expande tu negocio online. Pensado para PyMEs que buscan vender online de forma segura y escalable. Incluye acompañamiento del equipo de Clientum durante toda la implementación y soporte post-entrega. ¿Querés más información sobre ""Servicio de Integración de Marketplace""? Solicitá una demo sin cargo.",1,2625.00,E-Commerce,"Clientum,E-Commerce,Integración,Multiplataforma",Multiplataforma,Integración,e-commerce integración,Servicio de Integración de Marketplace: Integración con marketplaces ecommerce: expande tu negocio online. Pedí tu presupuesto con Clientum.
188,simple,CTM-0189,Servicio de Membresías,1,Servicio de implementación de suscripciones para ecommerce.,"Servicio de implementación de suscripciones para ecommerce. Pensado para PyMEs que buscan tener presencia digital profesional y funcional. Incluye acompañamiento del equipo de Clientum durante toda la implementación y soporte post-entrega. ¿Querés más información sobre ""Servicio de Membresías""? Solicitá una demo sin cargo.",1,27.00,Desarrollo Web,"Clientum,Desarrollo Web,Implementación,Multiplataforma",Multiplataforma,Implementación,desarrollo web implementación,Servicio de Membresías: Servicio de implementación de suscripciones para ecommerce. Pedí tu presupuesto con Clientum.
189,simple,CTM-0190,Integración Omnicanal para Ecommerce: Conecta tu tienda virtual con todos tus canales,1,Servicios de integración omnicanal para e-commerce.,"Servicios de integración omnicanal para e-commerce. Pensado para PyMEs que buscan vender online de forma segura y escalable. Incluye acompañamiento del equipo de Clientum durante toda la implementación y soporte post-entrega. ¿Querés más información sobre ""Integración Omnicanal para Ecommerce: Conecta tu tienda virtual con todos tus canales""? Solicitá una demo sin cargo.",1,2775.00,E-Commerce,"Clientum,E-Commerce,Integración,Multiplataforma",Multiplataforma,Integración,e-commerce integración,Integración Omnicanal para Ecommerce: Conecta tu tienda virtual con todos tus canales: Servicios de integración omnicanal para e-commerce. Pedí tu presupuesto con Clientum.
190,simple,CTM-0191,Servicios de Internacionalización Ecommerce,1,Soluciones de internacionalización para ecommerce.,"Soluciones de internacionalización para ecommerce. Pensado para PyMEs que buscan vender online de forma segura y escalable. Incluye acompañamiento del equipo de Clientum durante toda la implementación y soporte post-entrega. ¿Querés más información sobre ""Servicios de Internacionalización Ecommerce""? Solicitá una demo sin cargo.",1,285.00,E-Commerce,"Clientum,E-Commerce,Implementación,Multiplataforma",Multiplataforma,Implementación,e-commerce implementación,Servicios de Internacionalización Ecommerce: Soluciones de internacionalización para ecommerce. Pedí tu presupuesto con Clientum.
191,simple,CTM-0192,Integración Multicanal para Ecommerce: Amplía tu Alcance y Optimiza tus Ventas,1,Servicios de integración multicanal para ecommerce.,"Servicios de integración multicanal para ecommerce. Pensado para PyMEs que buscan vender online de forma segura y escalable. Incluye acompañamiento del equipo de Clientum durante toda la implementación y soporte post-entrega. ¿Querés más información sobre ""Integración Multicanal para Ecommerce: Amplía tu Alcance y Optimiza tus Ventas""? Solicitá una demo sin cargo.",1,2925.00,E-Commerce,"Clientum,E-Commerce,Integración,Multiplataforma",Multiplataforma,Integración,e-commerce integración,Integración Multicanal para Ecommerce: Amplía tu Alcance y Optimiza tus Ventas: Servicios de integración multicanal para ecommerce. Pedí tu presupuesto con Clientum.
192,simple,CTM-0193,Integración de WooCommerce,1,Integración de woocommerce en ecommerce.,"Integración de woocommerce en ecommerce. Pensado para PyMEs que buscan tener presencia digital profesional y funcional. Incluye acompañamiento del equipo de Clientum durante toda la implementación y soporte post-entrega. ¿Querés más información sobre ""Integración de WooCommerce""? Solicitá una demo sin cargo.",1,3.00,Desarrollo Web,"Clientum,Desarrollo Web,Integración,WooCommerce",WooCommerce,Integración,desarrollo web integración woocommerce,Integración de WooCommerce: Integración de woocommerce en ecommerce. Pedí tu presupuesto con Clientum.
193,simple,CTM-0194,Diseño Web Personalizado,1,"Personalización avanzada: tu experiencia única. crea un perfil personalizado, recibe recomendaciones adaptadas, ajusta la interfaz y recibe notificaciones relevantes para optimizar tus experiencias, ahorrar tiempo y aume.","Personalización avanzada: tu experiencia única. crea un perfil personalizado, recibe recomendaciones adaptadas, ajusta la interfaz y recibe notificaciones relevantes para optimizar tus experiencias, ahorrar tiempo y aume. Pensado para PyMEs que buscan tener presencia digital profesional y funcional. Incluye acompañamiento del equipo de Clientum durante toda la implementación y soporte post-entrega. ¿Querés más información sobre ""Diseño Web Personalizado""? Solicitá una demo sin cargo.",1,2325.00,Desarrollo Web,"Clientum,Desarrollo Web,Implementación,Multiplataforma",Multiplataforma,Implementación,desarrollo web implementación,"Diseño Web Personalizado: Personalización avanzada: tu experiencia única. crea un perfil personalizado, recibe recomendaciones adaptadas, ajusta la... Pedí tu presupuesto con Clientum."
194,simple,CTM-0195,Servicios de Gestión de Catálogo Ecommerce,1,Soluciones de gestión de catálogo para ecommerce.,"Soluciones de gestión de catálogo para ecommerce. Pensado para PyMEs que buscan vender online de forma segura y escalable. Incluye acompañamiento del equipo de Clientum durante toda la implementación y soporte post-entrega. ¿Querés más información sobre ""Servicios de Gestión de Catálogo Ecommerce""? Solicitá una demo sin cargo.",1,24.00,E-Commerce,"Clientum,E-Commerce,Implementación,Multiplataforma",Multiplataforma,Implementación,e-commerce implementación,Servicios de Gestión de Catálogo Ecommerce: Soluciones de gestión de catálogo para ecommerce. Pedí tu presupuesto con Clientum.
195,simple,CTM-0196,Support for E-Commerce,1,Soporte e-commerce.,"Soporte e-commerce. Pensado para PyMEs que buscan vender online de forma segura y escalable. Incluye acompañamiento del equipo de Clientum durante toda la implementación y soporte post-entrega. ¿Querés más información sobre ""Support for E-Commerce""? Solicitá una demo sin cargo.",1,2475.00,E-Commerce,"Clientum,E-Commerce,Multiplataforma,Soporte",Multiplataforma,Soporte,e-commerce soporte,Support for E-Commerce: Soporte e-commerce. Pedí tu presupuesto con Clientum.
196,simple,CTM-0197,Traducción de Sitio Web,1,Traducción de sitio web.,"Traducción de sitio web. Pensado para PyMEs que buscan tener presencia digital profesional y funcional. Incluye acompañamiento del equipo de Clientum durante toda la implementación y soporte post-entrega. ¿Querés más información sobre ""Traducción de Sitio Web""? Solicitá una demo sin cargo.",1,2325.00,Desarrollo Web,"Clientum,Desarrollo Web,Implementación,Multiplataforma",Multiplataforma,Implementación,desarrollo web implementación,Traducción de Sitio Web: Traducción de sitio web. Pedí tu presupuesto con Clientum.
197,simple,CTM-0198,Diseño UX/UI,1,Diseño de experiencias de usuario y interfaces.,"Diseño de experiencias de usuario y interfaces. Pensado para PyMEs que buscan tener presencia digital profesional y funcional. Incluye acompañamiento del equipo de Clientum durante toda la implementación y soporte post-entrega. ¿Querés más información sobre ""Diseño UX/UI""? Solicitá una demo sin cargo.",1,225.00,Desarrollo Web,"Clientum,Desarrollo Web,Implementación,Multiplataforma",Multiplataforma,Implementación,desarrollo web implementación,Diseño UX/UI: Diseño de experiencias de usuario y interfaces. Pedí tu presupuesto con Clientum.
198,simple,CTM-0199,Implementación Tienda Online Básico,1,Implementación de tienda online minorista: ¡creá tu presencia digital hoy!.,"Implementación de tienda online minorista: ¡creá tu presencia digital hoy!. Pensado para PyMEs que buscan vender online de forma segura y escalable. Incluye acompañamiento del equipo de Clientum durante toda la implementación y soporte post-entrega. ¿Querés más información sobre ""Implementación Tienda Online Básico""? Solicitá una demo sin cargo.",1,1875.00,E-Commerce,"Clientum,E-Commerce,Implementación,Multiplataforma",Multiplataforma,Implementación,e-commerce implementación,Implementación Tienda Online Básico: Implementación de tienda online minorista: ¡creá tu presencia digital hoy!. Pedí tu presupuesto con Clientum.
199,simple,CTM-0200,Soluciones de e-commerce,1,"Servicios de logística y distribución para ecommerce: optimiza tus operaciones, reduce costos y mejora la satisfacción del cliente.","Servicios de logística y distribución para ecommerce: optimiza tus operaciones, reduce costos y mejora la satisfacción del cliente. Pensado para PyMEs que buscan vender online de forma segura y escalable. Incluye acompañamiento del equipo de Clientum durante toda la implementación y soporte post-entrega. ¿Querés más información sobre ""Soluciones de e-commerce""? Solicitá una demo sin cargo.",1,195.00,E-Commerce,"Clientum,E-Commerce,Implementación,Multiplataforma",Multiplataforma,Implementación,e-commerce implementación,"Soluciones de e-commerce: Servicios de logística y distribución para ecommerce: optimiza tus operaciones, reduce costos y mejora la satisfacción de... Pedí tu presupuesto con Clientum."
200,simple,CTM-0201,Solución de Dropshipping,1,Servicio de implementación de dropshipping para ecommerce.,"Servicio de implementación de dropshipping para ecommerce. Pensado para PyMEs que buscan tener presencia digital profesional y funcional. Incluye acompañamiento del equipo de Clientum durante toda la implementación y soporte post-entrega. ¿Querés más información sobre ""Solución de Dropshipping""? Solicitá una demo sin cargo.",1,2025.00,Desarrollo Web,"Clientum,Desarrollo Web,Implementación,Multiplataforma",Multiplataforma,Implementación,desarrollo web implementación,Solución de Dropshipping: Servicio de implementación de dropshipping para ecommerce. Pedí tu presupuesto con Clientum.
201,simple,CTM-0202,Tienda Virtual,1,Tienda online básica: ¡tu puerta de entrada al mundo del comercio electrónico!.,"Tienda online básica: ¡tu puerta de entrada al mundo del comercio electrónico!. Pensado para PyMEs que buscan vender online de forma segura y escalable. Incluye acompañamiento del equipo de Clientum durante toda la implementación y soporte post-entrega. ¿Querés más información sobre ""Tienda Virtual""? Solicitá una demo sin cargo.",1,21.00,E-Commerce,"Clientum,E-Commerce,Implementación,Multiplataforma",Multiplataforma,Implementación,e-commerce implementación,Tienda Virtual: Tienda online básica: ¡tu puerta de entrada al mundo del comercio electrónico!. Pedí tu presupuesto con Clientum.
202,simple,CTM-0203,Servicios de Retención de Clientes Ecommerce,1,"Servicio de desarrollo de soluciones de fidelización para ecommerce. crea y ejecuta programas de fidelización personalizados para impulsar la lealtad del cliente, aumentar las ventas y mejorar la rentabilidad.","Servicio de desarrollo de soluciones de fidelización para ecommerce. crea y ejecuta programas de fidelización personalizados para impulsar la lealtad del cliente, aumentar las ventas y mejorar la rentabilidad. Pensado para PyMEs que buscan vender online de forma segura y escalable. Incluye acompañamiento del equipo de Clientum durante toda la implementación y soporte post-entrega. ¿Querés más información sobre ""Servicios de Retención de Clientes Ecommerce""? Solicitá una demo sin cargo.",1,2175.00,E-Commerce,"Clientum,E-Commerce,Implementación,Multiplataforma",Multiplataforma,Implementación,e-commerce implementación,Servicios de Retención de Clientes Ecommerce: Servicio de desarrollo de soluciones de fidelización para ecommerce. crea y ejecuta programas de fide... Pedí tu presupuesto con Clientum.
203,simple,CTM-0204,Solución de Pasarela de Pago,1,Servicio de implementación de pasarela de pago para ecommerce.,"Servicio de implementación de pasarela de pago para ecommerce. Pensado para PyMEs que buscan tener presencia digital profesional y funcional. Incluye acompañamiento del equipo de Clientum durante toda la implementación y soporte post-entrega. ¿Querés más información sobre ""Solución de Pasarela de Pago""? Solicitá una demo sin cargo.",1,1725.00,Desarrollo Web,"Clientum,Desarrollo Web,Implementación,Multiplataforma",Multiplataforma,Implementación,desarrollo web implementación,Solución de Pasarela de Pago: Servicio de implementación de pasarela de pago para ecommerce. Pedí tu presupuesto con Clientum.
204,simple,CTM-0205,Servicios de Gestión de Inventario Ecommerce,1,"Gestión integral del inventario y logística para e-commerce. optimiza tus operaciones, mejora la experiencia del cliente y logra un crecimiento sostenible.","Gestión integral del inventario y logística para e-commerce. optimiza tus operaciones, mejora la experiencia del cliente y logra un crecimiento sostenible. Pensado para PyMEs que buscan vender online de forma segura y escalable. Incluye acompañamiento del equipo de Clientum durante toda la implementación y soporte post-entrega. ¿Querés más información sobre ""Servicios de Gestión de Inventario Ecommerce""? Solicitá una demo sin cargo.",1,18.00,E-Commerce,"Clientum,E-Commerce,Implementación,Multiplataforma",Multiplataforma,Implementación,e-commerce implementación,"Servicios de Gestión de Inventario Ecommerce: Gestión integral del inventario y logística para e-commerce. optimiza tus operaciones, mejora la expe... Pedí tu presupuesto con Clientum."
205,simple,CTM-0206,Implementación de soluciones de e-commerce: Optimiza tu negocio online,1,"Sistemas de pago en línea: solución integral para negocios modernos, integrando múltiples opciones de pago, gestión de suscripciones y reportes detallados para mayor comodidad, eficiencia y seguridad.","Sistemas de pago en línea: solución integral para negocios modernos, integrando múltiples opciones de pago, gestión de suscripciones y reportes detallados para mayor comodidad, eficiencia y seguridad. Pensado para PyMEs que buscan vender online de forma segura y escalable. Incluye acompañamiento del equipo de Clientum durante toda la implementación y soporte post-entrega. ¿Querés más información sobre ""Implementación de soluciones de e-commerce: Optimiza tu negocio online""? Solicitá una demo sin cargo.",1,165.00,E-Commerce,"Clientum,E-Commerce,Implementación,Multiplataforma",Multiplataforma,Implementación,e-commerce implementación,"Implementación de soluciones de e-commerce: Optimiza tu negocio online: Sistemas de pago en línea: solución integral para negocios modernos, integr... Pedí tu presupuesto con Clientum."
206,simple,CTM-0207,Mantenimiento de sitios web,1,Servicio de mantenimiento y soporte para sitios web.,"Servicio de mantenimiento y soporte para sitios web. Pensado para PyMEs que buscan tener presencia digital profesional y funcional. Incluye acompañamiento del equipo de Clientum durante toda la implementación y soporte post-entrega. ¿Querés más información sobre ""Mantenimiento de sitios web""? Solicitá una demo sin cargo.",1,1575.00,Desarrollo Web,"Clientum,Desarrollo Web,Multiplataforma,Soporte",Multiplataforma,Soporte,desarrollo web soporte,Mantenimiento de sitios web: Servicio de mantenimiento y soporte para sitios web. Pedí tu presupuesto con Clientum.
207,simple,CTM-0208,Consultoría de UX,1,Optimización de la experiencia de usuario de productos digitales.,"Optimización de la experiencia de usuario de productos digitales. Pensado para PyMEs que buscan tener presencia digital profesional y funcional. Incluye acompañamiento del equipo de Clientum durante toda la implementación y soporte post-entrega. ¿Querés más información sobre ""Consultoría de UX""? Solicitá una demo sin cargo.",1,135.00,Desarrollo Web,"Clientum,Consultoría,Desarrollo Web,Multiplataforma",Multiplataforma,Consultoría,desarrollo web consultoría,Consultoría de UX: Optimización de la experiencia de usuario de productos digitales. Pedí tu presupuesto con Clientum.
208,simple,CTM-0209,Diseño de Tienda Virtual: Crea una Experiencia de Compra Inolvidable,1,"Diseño de tienda virtual: creá una experiencia de compra online excepcional con una interfaz visual atractiva, optimización para dispositivos móviles, integración de pasarelas de pago, gestión de inventario y análisis.","Diseño de tienda virtual: creá una experiencia de compra online excepcional con una interfaz visual atractiva, optimización para dispositivos móviles, integración de pasarelas de pago, gestión de inventario y análisis. Pensado para PyMEs que buscan vender online de forma segura y escalable. Incluye acompañamiento del equipo de Clientum durante toda la implementación y soporte post-entrega. ¿Querés más información sobre ""Diseño de Tienda Virtual: Crea una Experiencia de Compra Inolvidable""? Solicitá una demo sin cargo.",1,1425.00,E-Commerce,"Clientum,E-Commerce,Integración,Multiplataforma",Multiplataforma,Integración,e-commerce integración,Diseño de Tienda Virtual: Crea una Experiencia de Compra Inolvidable: Diseño de tienda virtual: creá una experiencia de compra online excepcional c... Pedí tu presupuesto con Clientum.
209,simple,CTM-0210,Servicios Web,1,Soluciones de pagos para ecommerce.,"Soluciones de pagos para ecommerce. Pensado para PyMEs que buscan tener presencia digital profesional y funcional. Incluye acompañamiento del equipo de Clientum durante toda la implementación y soporte post-entrega. ¿Querés más información sobre ""Servicios Web""? Solicitá una demo sin cargo.",1,15.00,Desarrollo Web,"Clientum,Desarrollo Web,Implementación,Multiplataforma",Multiplataforma,Implementación,desarrollo web implementación,Servicios Web: Soluciones de pagos para ecommerce. Pedí tu presupuesto con Clientum.
210,simple,CTM-0211,Optimización de Performance Web,1,Optimización de rendimiento web.,"Optimización de rendimiento web. Pensado para PyMEs que buscan tener presencia digital profesional y funcional. Incluye acompañamiento del equipo de Clientum durante toda la implementación y soporte post-entrega. ¿Querés más información sobre ""Optimización de Performance Web""? Solicitá una demo sin cargo.",1,1575.00,Desarrollo Web,"Clientum,Desarrollo Web,Implementación,Multiplataforma",Multiplataforma,Implementación,desarrollo web implementación,Optimización de Performance Web: Optimización de rendimiento web. Pedí tu presupuesto con Clientum.
211,simple,CTM-0212,Servicio de Envío y Logística,1,Servicios de entrega y logística para ecommerce.,"Servicios de entrega y logística para ecommerce. Pensado para PyMEs que buscan tener presencia digital profesional y funcional. Incluye acompañamiento del equipo de Clientum durante toda la implementación y soporte post-entrega. ¿Querés más información sobre ""Servicio de Envío y Logística""? Solicitá una demo sin cargo.",1,1275.00,Desarrollo Web,"Clientum,Desarrollo Web,Implementación,Multiplataforma",Multiplataforma,Implementación,desarrollo web implementación,Servicio de Envío y Logística: Servicios de entrega y logística para ecommerce. Pedí tu presupuesto con Clientum.
212,simple,CTM-0213,Optimización de Tienda Virtual: Mejora tu rendimiento y aumenta tus ventas,1,"Optimización del rendimiento: la clave para el éxito empresarial. analiza datos en tiempo real, identifica cuellos de botella, brinda recomendaciones personalizadas, automatiza procesos y genera informes. mejora la efici.","Optimización del rendimiento: la clave para el éxito empresarial. analiza datos en tiempo real, identifica cuellos de botella, brinda recomendaciones personalizadas, automatiza procesos y genera informes. mejora la efici. Pensado para PyMEs que buscan vender online de forma segura y escalable. Incluye acompañamiento del equipo de Clientum durante toda la implementación y soporte post-entrega. ¿Querés más información sobre ""Optimización de Tienda Virtual: Mejora tu rendimiento y aumenta tus ventas""? Solicitá una demo sin cargo.",1,975.00,E-Commerce,"Clientum,E-Commerce,Implementación,Multiplataforma",Multiplataforma,Implementación,e-commerce implementación,Optimización de Tienda Virtual: Mejora tu rendimiento y aumenta tus ventas: Optimización del rendimiento: la clave para el éxito empresarial. anali... Pedí tu presupuesto con Clientum.
213,simple,CTM-0214,Implementación de Módulos Adicionales: Mejora tu Sitio Web con Funcionalidades Esenciales,1,"Implementación de módulos adicionales: solución integral para optimizar operaciones, integrando funcionalidades, automatizando procesos y personalizando para necesidades específicas.","Implementación de módulos adicionales: solución integral para optimizar operaciones, integrando funcionalidades, automatizando procesos y personalizando para necesidades específicas. Pensado para PyMEs que buscan tener presencia digital profesional y funcional. Incluye acompañamiento del equipo de Clientum durante toda la implementación y soporte post-entrega. ¿Querés más información sobre ""Implementación de Módulos Adicionales: Mejora tu Sitio Web con Funcionalidades Esenciales""? Solicitá una demo sin cargo.",1,105.00,Desarrollo Web,"Clientum,Desarrollo Web,Implementación,Multiplataforma",Multiplataforma,Implementación,desarrollo web implementación,Implementación de Módulos Adicionales: Mejora tu Sitio Web con Funcionalidades Esenciales: Implementación de módulos adicionales: solución integral... Pedí tu presupuesto con Clientum.
214,simple,CTM-0215,¡Crea tu Tienda Online Básica y Vende en Internet Hoy!,1,Implementación de tienda online básica: ¡tu puerta de entrada al comercio electrónico!.,"Implementación de tienda online básica: ¡tu puerta de entrada al comercio electrónico!. Pensado para PyMEs que buscan vender online de forma segura y escalable. Incluye acompañamiento del equipo de Clientum durante toda la implementación y soporte post-entrega. ¿Querés más información sobre ""¡Crea tu Tienda Online Básica y Vende en Internet Hoy!""? Solicitá una demo sin cargo.",1,1125.00,E-Commerce,"Clientum,E-Commerce,Implementación,Multiplataforma",Multiplataforma,Implementación,e-commerce implementación,¡Crea tu Tienda Online Básica y Vende en Internet Hoy!: Implementación de tienda online básica: ¡tu puerta de entrada al comercio electrónico!. Pedí tu presupuesto con Clientum.
215,simple,CTM-0216,Diseño de sitio web corporativo,1,Diseño de sitios corporativos.,"Diseño de sitios corporativos. Pensado para PyMEs que buscan tener presencia digital profesional y funcional. Incluye acompañamiento del equipo de Clientum durante toda la implementación y soporte post-entrega. ¿Querés más información sobre ""Diseño de sitio web corporativo""? Solicitá una demo sin cargo.",1,12.00,Desarrollo Web,"Clientum,Desarrollo Web,Implementación,Multiplataforma",Multiplataforma,Implementación,desarrollo web implementación,Diseño de sitio web corporativo: Diseño de sitios corporativos. Pedí tu presupuesto con Clientum.
216,simple,CTM-0217,Plan Tienda Online Basico pagado cada 1 mes,1,Plan mensual tienda online marketplace.,"Plan mensual tienda online marketplace. Pensado para PyMEs que buscan vender online de forma segura y escalable. Incluye acompañamiento del equipo de Clientum durante toda la implementación y soporte post-entrega. ¿Querés más información sobre ""Plan Tienda Online Basico pagado cada 1 mes""? Solicitá una demo sin cargo.",1,9.00,E-Commerce,"Clientum,E-Commerce,Implementación,Multiplataforma",Multiplataforma,Implementación,e-commerce implementación,Plan Tienda Online Basico pagado cada 1 mes: Plan mensual tienda online marketplace. Pedí tu presupuesto con Clientum.
217,simple,CTM-0218,Hasta 5 páginas: ¡Crea sitios web impresionantes con facilidad!,1,"Hasta 5 páginas plataforma de creación de contenido que permite crear y compartir documentos de hasta 5 páginas. interfaz intuitiva, diseño elegante y compatible con múltiples dispositivos.","Hasta 5 páginas plataforma de creación de contenido que permite crear y compartir documentos de hasta 5 páginas. interfaz intuitiva, diseño elegante y compatible con múltiples dispositivos. Pensado para PyMEs que buscan tener presencia digital profesional y funcional. Incluye acompañamiento del equipo de Clientum durante toda la implementación y soporte post-entrega. ¿Querés más información sobre ""Hasta 5 páginas: ¡Crea sitios web impresionantes con facilidad!""? Solicitá una demo sin cargo.",1,525.00,Desarrollo Web,"Clientum,Desarrollo Web,Implementación,Multiplataforma",Multiplataforma,Implementación,desarrollo web implementación,Hasta 5 páginas: ¡Crea sitios web impresionantes con facilidad!: Hasta 5 páginas plataforma de creación de contenido que permite crear y compartir... Pedí tu presupuesto con Clientum.
218,simple,CTM-0219,Implementación Sitio Web Institucional,1,Implementación de sitio web institucional.,"Implementación de sitio web institucional. Pensado para PyMEs que buscan tener presencia digital profesional y funcional. Incluye acompañamiento del equipo de Clientum durante toda la implementación y soporte post-entrega. ¿Querés más información sobre ""Implementación Sitio Web Institucional""? Solicitá una demo sin cargo.",1,6.00,Desarrollo Web,"Clientum,Desarrollo Web,Implementación,Multiplataforma",Multiplataforma,Implementación,desarrollo web implementación,Implementación Sitio Web Institucional: Implementación de sitio web institucional. Pedí tu presupuesto con Clientum.
219,simple,CTM-0220,<strong>Ítem: La solución definitiva para tus necesidades</strong>,1,"Ítem: el compañero perfecto para tu vida diaria, diseñado para mejorar la productividad, reducir el estrés y brindar comodidad y conveniencia.","Ítem: el compañero perfecto para tu vida diaria, diseñado para mejorar la productividad, reducir el estrés y brindar comodidad y conveniencia. Pensado para PyMEs que buscan tener presencia digital profesional y funcional. Incluye acompañamiento del equipo de Clientum durante toda la implementación y soporte post-entrega. ¿Querés más información sobre ""<strong>Ítem: La solución definitiva para tus necesidades</strong>""? Solicitá una demo sin cargo.",1,675.00,Desarrollo Web,"Clientum,Desarrollo Web,Implementación,Multiplataforma",Multiplataforma,Implementación,desarrollo web implementación,"<strong>Ítem: La solución definitiva para tus necesidades</strong>: Ítem: el compañero perfecto para tu vida diaria, diseñado para mejorar la produ... Pedí tu presupuesto con Clientum."
220,simple,CTM-0221,Plan Básico Web: ¡Tu sitio web profesional al alcance de tu mano!,1,Plan básico web: tu aliado para una presencia digital sólida características: sitio web de una página dominio personalizado diseño responsivo optimización SEO soporte técnico beneficios: establece una presencia en línea.,"Plan básico web: tu aliado para una presencia digital sólida características: sitio web de una página dominio personalizado diseño responsivo optimización SEO soporte técnico beneficios: establece una presencia en línea. Pensado para PyMEs que buscan tener presencia digital profesional y funcional. Incluye acompañamiento del equipo de Clientum durante toda la implementación y soporte post-entrega. ¿Querés más información sobre ""Plan Básico Web: ¡Tu sitio web profesional al alcance de tu mano!""? Solicitá una demo sin cargo.",1,712.00,Desarrollo Web,"Clientum,Desarrollo Web,Multiplataforma,Soporte",Multiplataforma,Soporte,desarrollo web soporte,Plan Básico Web: ¡Tu sitio web profesional al alcance de tu mano!: Plan básico web: tu aliado para una presencia digital sólida características: si... Pedí tu presupuesto con Clientum.
221,simple,CTM-0222,Plantillas prediseñadas: ¡Crea contenido impactante en minutos!,1,Plantillas predefinidas: la solución para optimizar tus proyectos.,"Plantillas predefinidas: la solución para optimizar tus proyectos. Pensado para PyMEs que buscan tener presencia digital profesional y funcional. Incluye acompañamiento del equipo de Clientum durante toda la implementación y soporte post-entrega. ¿Querés más información sobre ""Plantillas prediseñadas: ¡Crea contenido impactante en minutos!""? Solicitá una demo sin cargo.",1,825.00,Desarrollo Web,"Clientum,Desarrollo Web,Multiplataforma,Plantilla",Multiplataforma,Plantilla,desarrollo web plantilla,Plantillas prediseñadas: ¡Crea contenido impactante en minutos!: Plantillas predefinidas: la solución para optimizar tus proyectos. Pedí tu presupuesto con Clientum.
222,simple,CTM-0223,Diseño Personalizado Completo: Crea tu Propia Marca Única,1,"Diseño personalizado completo: creá tu propio mundo, a tu medida.","Diseño personalizado completo: creá tu propio mundo, a tu medida. Pensado para PyMEs que buscan tener presencia digital profesional y funcional. Incluye acompañamiento del equipo de Clientum durante toda la implementación y soporte post-entrega. ¿Querés más información sobre ""Diseño Personalizado Completo: Crea tu Propia Marca Única""? Solicitá una demo sin cargo.",1,9.00,Desarrollo Web,"Clientum,Desarrollo Web,Implementación,Multiplataforma",Multiplataforma,Implementación,desarrollo web implementación,"Diseño Personalizado Completo: Crea tu Propia Marca Única: Diseño personalizado completo: creá tu propio mundo, a tu medida. Pedí tu presupuesto con Clientum."
223,simple,CTM-0224,Implementación de ERP Oracle e-Business Suite,1,Implementación del erp oracle e-business suite.,"Implementación del erp oracle e-business suite. Pensado para PyMEs que buscan centralizar la gestión administrativa, contable y de stock en un solo sistema. Incluye acompañamiento del equipo de Clientum durante toda la implementación y soporte post-entrega. ¿Querés más información sobre ""Implementación de ERP Oracle e-Business Suite""? Solicitá una demo sin cargo.",1,975.00,ERP,"Clientum,ERP,Implementación,Multiplataforma",Multiplataforma,Implementación,erp implementación,Implementación de ERP Oracle e-Business Suite: Implementación del erp oracle e-business suite. Pedí tu presupuesto con Clientum.
224,simple,CTM-0225,Implementación de ERP Microsoft Dynamics 365,1,Soporte y mantenimiento de erp microsoft dynamics 365.,"Soporte y mantenimiento de erp microsoft dynamics 365. Pensado para PyMEs que buscan centralizar la gestión administrativa, contable y de stock en un solo sistema. Incluye acompañamiento del equipo de Clientum durante toda la implementación y soporte post-entrega. ¿Querés más información sobre ""Implementación de ERP Microsoft Dynamics 365""? Solicitá una demo sin cargo.",1,96.00,ERP,"Clientum,ERP,Multiplataforma,Soporte",Multiplataforma,Soporte,erp soporte,Implementación de ERP Microsoft Dynamics 365: Soporte y mantenimiento de erp microsoft dynamics 365. Pedí tu presupuesto con Clientum.
225,simple,CTM-0226,Migración de ERP SAP a Odoo,1,Migración de erp sap a odoo.,"Migración de erp sap a odoo. Pensado para PyMEs que buscan centralizar la gestión administrativa, contable y de stock en un solo sistema. Incluye acompañamiento del equipo de Clientum durante toda la implementación y soporte post-entrega. ¿Querés más información sobre ""Migración de ERP SAP a Odoo""? Solicitá una demo sin cargo.",1,9375.00,ERP,"Clientum,ERP,Implementación,Multiplataforma",Multiplataforma,Implementación,erp implementación,Migración de ERP SAP a Odoo: Migración de erp sap a odoo. Pedí tu presupuesto con Clientum.
226,simple,CTM-0227,Integración de ERP SAP con Herramientas de BI,1,Integración de erp sap con herramientas de bi.,"Integración de erp sap con herramientas de bi. Pensado para PyMEs que buscan centralizar la gestión administrativa, contable y de stock en un solo sistema. Incluye acompañamiento del equipo de Clientum durante toda la implementación y soporte post-entrega. ¿Querés más información sobre ""Integración de ERP SAP con Herramientas de BI""? Solicitá una demo sin cargo.",1,9525.00,ERP,"Clientum,ERP,Integración,Multiplataforma",Multiplataforma,Integración,erp integración,Integración de ERP SAP con Herramientas de BI: Integración de erp sap con herramientas de bi. Pedí tu presupuesto con Clientum.
227,simple,CTM-0228,Actualización De Versión CRM,1,Actualización de erp sap a última versión.,"Actualización de erp sap a última versión. Pensado para PyMEs que buscan ordenar el seguimiento comercial y no perder oportunidades de venta. Incluye acompañamiento del equipo de Clientum durante toda la implementación y soporte post-entrega. ¿Querés más información sobre ""Actualización De Versión CRM""? Solicitá una demo sin cargo.",1,93.00,CRM,"CRM,Clientum,Implementación,Multiplataforma",Multiplataforma,Implementación,crm implementación,Actualización De Versión CRM: Actualización de erp sap a última versión. Pedí tu presupuesto con Clientum.
228,simple,CTM-0229,Desarrollo de software personalizado,1,Desarrollo de soluciones personalizadas para erp microsoft dynamics 365.,"Desarrollo de soluciones personalizadas para erp microsoft dynamics 365. Pensado para PyMEs que buscan centralizar la gestión administrativa, contable y de stock en un solo sistema. Incluye acompañamiento del equipo de Clientum durante toda la implementación y soporte post-entrega. ¿Querés más información sobre ""Desarrollo de software personalizado""? Solicitá una demo sin cargo.",1,915.00,ERP,"Clientum,ERP,Implementación,Multiplataforma",Multiplataforma,Implementación,erp implementación,Desarrollo de software personalizado: Desarrollo de soluciones personalizadas para erp microsoft dynamics 365. Pedí tu presupuesto con Clientum.
229,simple,CTM-0230,Implementación de ERP,1,Servicios de consultoría y despliegue de soluciones de gestión integral de procesos y recursos de negocio.,"Servicios de consultoría y despliegue de soluciones de gestión integral de procesos y recursos de negocio. Pensado para PyMEs que buscan centralizar la gestión administrativa, contable y de stock en un solo sistema. Incluye acompañamiento del equipo de Clientum durante toda la implementación y soporte post-entrega. ¿Querés más información sobre ""Implementación de ERP""? Solicitá una demo sin cargo.",1,9075.00,ERP,"Capacitación,Clientum,ERP,Multiplataforma",Multiplataforma,Capacitación,erp capacitación,Implementación de ERP: Servicios de consultoría y despliegue de soluciones de gestión integral de procesos y recursos de negocio. Pedí tu presupuesto con Clientum.
230,simple,CTM-0231,Consultoría en Innovación Tecnológica,1,Innovación tecnológica.,"Innovación tecnológica. Pensado para PyMEs que buscan centralizar la gestión administrativa, contable y de stock en un solo sistema. Incluye acompañamiento del equipo de Clientum durante toda la implementación y soporte post-entrega. ¿Querés más información sobre ""Consultoría en Innovación Tecnológica""? Solicitá una demo sin cargo.",1,8925.00,ERP,"Clientum,Consultoría,ERP,Multiplataforma",Multiplataforma,Consultoría,erp consultoría,Consultoría en Innovación Tecnológica: Innovación tecnológica. Pedí tu presupuesto con Clientum.
231,simple,CTM-0232,Servicios de Integración de ERP con otras Aplicaciones,1,Servicios de integración de sistemas erp con otras aplicaciones.,"Servicios de integración de sistemas erp con otras aplicaciones. Pensado para PyMEs que buscan centralizar la gestión administrativa, contable y de stock en un solo sistema. Incluye acompañamiento del equipo de Clientum durante toda la implementación y soporte post-entrega. ¿Querés más información sobre ""Servicios de Integración de ERP con otras Aplicaciones""? Solicitá una demo sin cargo.",1,855.00,ERP,"Clientum,ERP,Integración,Multiplataforma",Multiplataforma,Integración,erp integración,Servicios de Integración de ERP con otras Aplicaciones: Servicios de integración de sistemas erp con otras aplicaciones. Pedí tu presupuesto con Clientum.
232,simple,CTM-0233,Transformación Digital Asistida,1,Asesoría en transformación digital y organizacional.,"Asesoría en transformación digital y organizacional. Pensado para PyMEs que buscan centralizar la gestión administrativa, contable y de stock en un solo sistema. Incluye acompañamiento del equipo de Clientum durante toda la implementación y soporte post-entrega. ¿Querés más información sobre ""Transformación Digital Asistida""? Solicitá una demo sin cargo.",1,87.00,ERP,"Capacitación,Clientum,ERP,Multiplataforma",Multiplataforma,Capacitación,erp capacitación,Transformación Digital Asistida: Asesoría en transformación digital y organizacional. Pedí tu presupuesto con Clientum.
233,simple,CTM-0235,Gestión de la cadena de suministro,1,"Servicios de consultoría y construcción de aplicaciones para optimizar, automatizar y hacer más eficiente la cadena de suministro.","Servicios de consultoría y construcción de aplicaciones para optimizar, automatizar y hacer más eficiente la cadena de suministro. Pensado para PyMEs que buscan centralizar la gestión administrativa, contable y de stock en un solo sistema. Incluye acompañamiento del equipo de Clientum durante toda la implementación y soporte post-entrega. ¿Querés más información sobre ""Gestión de la cadena de suministro""? Solicitá una demo sin cargo.",1,8325.00,ERP,"Clientum,Consultoría,ERP,Multiplataforma",Multiplataforma,Consultoría,erp consultoría,"Gestión de la cadena de suministro: Servicios de consultoría y construcción de aplicaciones para optimizar, automatizar y hacer más eficiente la ca... Pedí tu presupuesto con Clientum."
234,simple,CTM-0236,Project Management Platforms,1,Gestión de proyectos.,"Gestión de proyectos. Pensado para PyMEs que buscan centralizar la gestión administrativa, contable y de stock en un solo sistema. Incluye acompañamiento del equipo de Clientum durante toda la implementación y soporte post-entrega. ¿Querés más información sobre ""Project Management Platforms""? Solicitá una demo sin cargo.",1,8475.00,ERP,"Clientum,ERP,Implementación,Multiplataforma",Multiplataforma,Implementación,erp implementación,Project Management Platforms: Gestión de proyectos. Pedí tu presupuesto con Clientum.
235,simple,CTM-0237,Soporte Avanzado ERP,1,Soporte avanzado erp.,"Soporte avanzado erp. Pensado para PyMEs que buscan centralizar la gestión administrativa, contable y de stock en un solo sistema. Incluye acompañamiento del equipo de Clientum durante toda la implementación y soporte post-entrega. ¿Querés más información sobre ""Soporte Avanzado ERP""? Solicitá una demo sin cargo.",1,825.00,ERP,"Clientum,ERP,Multiplataforma,Soporte",Multiplataforma,Soporte,erp soporte,Soporte Avanzado ERP: Soporte avanzado erp. Pedí tu presupuesto con Clientum.
236,simple,CTM-0238,Gestión de proyectos y portafolio,1,Gestión de proyectos con analítica y automatización.,"Gestión de proyectos con analítica y automatización. Pensado para PyMEs que buscan centralizar la gestión administrativa, contable y de stock en un solo sistema. Incluye acompañamiento del equipo de Clientum durante toda la implementación y soporte post-entrega. ¿Querés más información sobre ""Gestión de proyectos y portafolio""? Solicitá una demo sin cargo.",1,81.00,ERP,"Clientum,ERP,Implementación,Multiplataforma",Multiplataforma,Implementación,erp implementación,Gestión de proyectos y portafolio: Gestión de proyectos con analítica y automatización. Pedí tu presupuesto con Clientum.
237,simple,CTM-0239,Consultoría en experiencia del cliente,1,Optimización de la experiencia del cliente.,"Optimización de la experiencia del cliente. Pensado para PyMEs que buscan ordenar el seguimiento comercial y no perder oportunidades de venta. Incluye acompañamiento del equipo de Clientum durante toda la implementación y soporte post-entrega. ¿Querés más información sobre ""Consultoría en experiencia del cliente""? Solicitá una demo sin cargo.",1,7875.00,CRM,"CRM,Clientum,Consultoría,Multiplataforma",Multiplataforma,Consultoría,crm consultoría,Consultoría en experiencia del cliente: Optimización de la experiencia del cliente. Pedí tu presupuesto con Clientum.
238,simple,CTM-0240,Implementación de CRM,1,"Servicios de consultoría y despliegue de soluciones de gestión integral de relaciones con clientes, ventas y servicio al cliente.","Servicios de consultoría y despliegue de soluciones de gestión integral de relaciones con clientes, ventas y servicio al cliente. Pensado para PyMEs que buscan ordenar el seguimiento comercial y no perder oportunidades de venta. Incluye acompañamiento del equipo de Clientum durante toda la implementación y soporte post-entrega. ¿Querés más información sobre ""Implementación de CRM""? Solicitá una demo sin cargo.",1,795.00,CRM,"CRM,Clientum,Consultoría,Multiplataforma",Multiplataforma,Consultoría,crm consultoría,"Implementación de CRM: Servicios de consultoría y despliegue de soluciones de gestión integral de relaciones con clientes, ventas y servicio al cli... Pedí tu presupuesto con Clientum."
239,simple,CTM-0241,Gestión de la Producción,1,Supervisión de producción.,"Supervisión de producción. Pensado para PyMEs que buscan centralizar la gestión administrativa, contable y de stock en un solo sistema. Incluye acompañamiento del equipo de Clientum durante toda la implementación y soporte post-entrega. ¿Querés más información sobre ""Gestión de la Producción""? Solicitá una demo sin cargo.",1,7725.00,ERP,"Clientum,ERP,Implementación,Multiplataforma",Multiplataforma,Implementación,erp implementación,Gestión de la Producción: Supervisión de producción. Pedí tu presupuesto con Clientum.
240,simple,CTM-0242,Optimización de Inventarios,1,Gestión y reabastecimiento de inventarios.,"Gestión y reabastecimiento de inventarios. Pensado para PyMEs que buscan centralizar la gestión administrativa, contable y de stock en un solo sistema. Incluye acompañamiento del equipo de Clientum durante toda la implementación y soporte post-entrega. ¿Querés más información sobre ""Optimización de Inventarios""? Solicitá una demo sin cargo.",1,7425.00,ERP,"Clientum,ERP,Implementación,Multiplataforma",Multiplataforma,Implementación,erp implementación,Optimización de Inventarios: Gestión y reabastecimiento de inventarios. Pedí tu presupuesto con Clientum.
241,simple,CTM-0243,Integración de Sistemas ERP,1,Integración de sistemas.,"Integración de sistemas. Pensado para PyMEs que buscan centralizar la gestión administrativa, contable y de stock en un solo sistema. Incluye acompañamiento del equipo de Clientum durante toda la implementación y soporte post-entrega. ¿Querés más información sobre ""Integración de Sistemas ERP""? Solicitá una demo sin cargo.",1,75.00,ERP,"Clientum,ERP,Integración,Multiplataforma",Multiplataforma,Integración,erp integración,Integración de Sistemas ERP: Integración de sistemas. Pedí tu presupuesto con Clientum.
242,simple,CTM-0244,Servicios de Certificación y Validación de ERP,1,Servicios de certificación y validación de sistemas erp.,"Servicios de certificación y validación de sistemas erp. Pensado para PyMEs que buscan centralizar la gestión administrativa, contable y de stock en un solo sistema. Incluye acompañamiento del equipo de Clientum durante toda la implementación y soporte post-entrega. ¿Querés más información sobre ""Servicios de Certificación y Validación de ERP""? Solicitá una demo sin cargo.",1,765.00,ERP,"Clientum,ERP,Implementación,Multiplataforma",Multiplataforma,Implementación,erp implementación,Servicios de Certificación y Validación de ERP: Servicios de certificación y validación de sistemas erp. Pedí tu presupuesto con Clientum.
243,simple,CTM-0245,Gestión de Talento y RRHH,1,Solución de gestión del talento basada en ia.,"Solución de gestión del talento basada en ia. Pensado para PyMEs que buscan centralizar la gestión administrativa, contable y de stock en un solo sistema. Incluye acompañamiento del equipo de Clientum durante toda la implementación y soporte post-entrega. ¿Querés más información sobre ""Gestión de Talento y RRHH""? Solicitá una demo sin cargo.",1,72.00,ERP,"Clientum,ERP,Implementación,Multiplataforma",Multiplataforma,Implementación,erp implementación,Gestión de Talento y RRHH: Solución de gestión del talento basada en ia. Pedí tu presupuesto con Clientum.
244,simple,CTM-0246,ERP para Servicios,1,Servicios integrales de gestión y desarrollo del talento dentro de las organizaciones.,"Servicios integrales de gestión y desarrollo del talento dentro de las organizaciones. Pensado para PyMEs que buscan centralizar la gestión administrativa, contable y de stock en un solo sistema. Incluye acompañamiento del equipo de Clientum durante toda la implementación y soporte post-entrega. ¿Querés más información sobre ""ERP para Servicios""? Solicitá una demo sin cargo.",1,7275.00,ERP,"Clientum,ERP,Implementación,Multiplataforma",Multiplataforma,Implementación,erp implementación,ERP para Servicios: Servicios integrales de gestión y desarrollo del talento dentro de las organizaciones. Pedí tu presupuesto con Clientum.
245,simple,CTM-0247,Integración ERP: Sincroniza tu tienda online y ERP para una gestión eficiente,1,Integración de la tienda en línea con el ERP de la empresa.,"Integración de la tienda en línea con el ERP de la empresa. Pensado para PyMEs que buscan centralizar la gestión administrativa, contable y de stock en un solo sistema. Incluye acompañamiento del equipo de Clientum durante toda la implementación y soporte post-entrega. ¿Querés más información sobre ""Integración ERP: Sincroniza tu tienda online y ERP para una gestión eficiente""? Solicitá una demo sin cargo.",1,705.00,ERP,"Clientum,ERP,Integración,Multiplataforma",Multiplataforma,Integración,erp integración,Integración ERP: Sincroniza tu tienda online y ERP para una gestión eficiente: Integración de la tienda en línea con el ERP de la empresa. Pedí tu presupuesto con Clientum.
246,simple,CTM-0248,Implementación de ERP para Retail y Distribuidores,1,Erp para distribuidores y mayoristas.,"Erp para distribuidores y mayoristas. Pensado para PyMEs que buscan centralizar la gestión administrativa, contable y de stock en un solo sistema. Incluye acompañamiento del equipo de Clientum durante toda la implementación y soporte post-entrega. ¿Querés más información sobre ""Implementación de ERP para Retail y Distribuidores""? Solicitá una demo sin cargo.",1,69.00,ERP,"Clientum,ERP,Implementación,Multiplataforma",Multiplataforma,Implementación,erp implementación,Implementación de ERP para Retail y Distribuidores: Erp para distribuidores y mayoristas. Pedí tu presupuesto con Clientum.
247,simple,CTM-0249,Auditoría de sistemas,1,Servicios de auditoría y optimización de sistemas erp.,"Servicios de auditoría y optimización de sistemas erp. Pensado para PyMEs que buscan centralizar la gestión administrativa, contable y de stock en un solo sistema. Incluye acompañamiento del equipo de Clientum durante toda la implementación y soporte post-entrega. ¿Querés más información sobre ""Auditoría de sistemas""? Solicitá una demo sin cargo.",1,6825.00,ERP,"Clientum,Consultoría,ERP,Multiplataforma",Multiplataforma,Consultoría,erp consultoría,Auditoría de sistemas: Servicios de auditoría y optimización de sistemas erp. Pedí tu presupuesto con Clientum.
248,simple,CTM-0250,Gestión de Mantenimiento,1,Servicios de soporte y mantenimiento de sistemas erp.,"Servicios de soporte y mantenimiento de sistemas erp. Pensado para PyMEs que buscan centralizar la gestión administrativa, contable y de stock en un solo sistema. Incluye acompañamiento del equipo de Clientum durante toda la implementación y soporte post-entrega. ¿Querés más información sobre ""Gestión de Mantenimiento""? Solicitá una demo sin cargo.",1,6225.00,ERP,"Clientum,ERP,Multiplataforma,Soporte",Multiplataforma,Soporte,erp soporte,Gestión de Mantenimiento: Servicios de soporte y mantenimiento de sistemas erp. Pedí tu presupuesto con Clientum.
249,simple,CTM-0251,Servicios de Integración de ERP Ecommerce,1,Servicios de integración de sistemas para ecommerce.,"Servicios de integración de sistemas para ecommerce. Pensado para PyMEs que buscan centralizar la gestión administrativa, contable y de stock en un solo sistema. Incluye acompañamiento del equipo de Clientum durante toda la implementación y soporte post-entrega. ¿Querés más información sobre ""Servicios de Integración de ERP Ecommerce""? Solicitá una demo sin cargo.",1,6375.00,ERP,"Clientum,ERP,Integración,Multiplataforma",Multiplataforma,Integración,erp integración,Servicios de Integración de ERP Ecommerce: Servicios de integración de sistemas para ecommerce. Pedí tu presupuesto con Clientum.
250,simple,CTM-0252,Implementación de CRM para Retail y Distribuidores,1,Crm especializado en distribuidores.,"Crm especializado en distribuidores. Pensado para PyMEs que buscan ordenar el seguimiento comercial y no perder oportunidades de venta. Incluye acompañamiento del equipo de Clientum durante toda la implementación y soporte post-entrega. ¿Querés más información sobre ""Implementación de CRM para Retail y Distribuidores""? Solicitá una demo sin cargo.",1,645.00,CRM,"CRM,Clientum,Implementación,Multiplataforma",Multiplataforma,Implementación,crm implementación,Implementación de CRM para Retail y Distribuidores: Crm especializado en distribuidores. Pedí tu presupuesto con Clientum.
251,simple,CTM-0253,ERP para Manufactura,1,Integración erp y crm para manufactura.,"Integración erp y crm para manufactura. Pensado para PyMEs que buscan centralizar la gestión administrativa, contable y de stock en un solo sistema. Incluye acompañamiento del equipo de Clientum durante toda la implementación y soporte post-entrega. ¿Querés más información sobre ""ERP para Manufactura""? Solicitá una demo sin cargo.",1,66.00,ERP,"Clientum,ERP,Integración,Multiplataforma",Multiplataforma,Integración,erp integración,ERP para Manufactura: Integración erp y crm para manufactura. Pedí tu presupuesto con Clientum.
252,simple,CTM-0254,Soporte a Usuarios Clave CRM,1,Configuración de usuarios: la clave para una experiencia de usuario personalizada.,"Configuración de usuarios: la clave para una experiencia de usuario personalizada. Pensado para PyMEs que buscan ordenar el seguimiento comercial y no perder oportunidades de venta. Incluye acompañamiento del equipo de Clientum durante toda la implementación y soporte post-entrega. ¿Querés más información sobre ""Soporte a Usuarios Clave CRM""? Solicitá una demo sin cargo.",1,6675.00,CRM,"CRM,Clientum,Multiplataforma,Soporte",Multiplataforma,Soporte,crm soporte,Soporte a Usuarios Clave CRM: Configuración de usuarios: la clave para una experiencia de usuario personalizada. Pedí tu presupuesto con Clientum.
253,simple,CTM-0255,Gestión de Documentos,1,Servicios de creación de soluciones de gestión documental y archivo electrónico de información.,"Servicios de creación de soluciones de gestión documental y archivo electrónico de información. Pensado para PyMEs que buscan centralizar la gestión administrativa, contable y de stock en un solo sistema. Incluye acompañamiento del equipo de Clientum durante toda la implementación y soporte post-entrega. ¿Querés más información sobre ""Gestión de Documentos""? Solicitá una demo sin cargo.",1,6.00,ERP,"Capacitación,Clientum,ERP,Multiplataforma",Multiplataforma,Capacitación,erp capacitación,Gestión de Documentos: Servicios de creación de soluciones de gestión documental y archivo electrónico de información. Pedí tu presupuesto con Clientum.
254,simple,CTM-0256,ERP para Agroindustria,1,Integración erp y crm para agroindustria.,"Integración erp y crm para agroindustria. Pensado para PyMEs que buscan centralizar la gestión administrativa, contable y de stock en un solo sistema. Incluye acompañamiento del equipo de Clientum durante toda la implementación y soporte post-entrega. ¿Querés más información sobre ""ERP para Agroindustria""? Solicitá una demo sin cargo.",1,6075.00,ERP,"Clientum,ERP,Integración,Multiplataforma",Multiplataforma,Integración,erp integración,ERP para Agroindustria: Integración erp y crm para agroindustria. Pedí tu presupuesto con Clientum.
255,simple,CTM-0257,Asesoría en Cumplimiento Normativo,1,Políticas de cumplimiento.,"Políticas de cumplimiento. Pensado para PyMEs que buscan centralizar la gestión administrativa, contable y de stock en un solo sistema. Incluye acompañamiento del equipo de Clientum durante toda la implementación y soporte post-entrega. ¿Querés más información sobre ""Asesoría en Cumplimiento Normativo""? Solicitá una demo sin cargo.",1,585.00,ERP,"Clientum,Consultoría,ERP,Multiplataforma",Multiplataforma,Consultoría,erp consultoría,Asesoría en Cumplimiento Normativo: Políticas de cumplimiento. Pedí tu presupuesto con Clientum.
256,simple,CTM-0258,Gestión de Calidad,1,Implementación de un sistema de gestión de calidad.,"Implementación de un sistema de gestión de calidad. Pensado para PyMEs que buscan centralizar la gestión administrativa, contable y de stock en un solo sistema. Incluye acompañamiento del equipo de Clientum durante toda la implementación y soporte post-entrega. ¿Querés más información sobre ""Gestión de Calidad""? Solicitá una demo sin cargo.",1,555.00,ERP,"Clientum,ERP,Implementación,Multiplataforma",Multiplataforma,Implementación,erp implementación,Gestión de Calidad: Implementación de un sistema de gestión de calidad. Pedí tu presupuesto con Clientum.
257,simple,CTM-0259,Consultoría Inicial para Servicios,1,Servicios de consultoría estratégica en sistemas erp.,"Servicios de consultoría estratégica en sistemas erp. Pensado para PyMEs que buscan centralizar la gestión administrativa, contable y de stock en un solo sistema. Incluye acompañamiento del equipo de Clientum durante toda la implementación y soporte post-entrega. ¿Querés más información sobre ""Consultoría Inicial para Servicios""? Solicitá una demo sin cargo.",1,5625.00,ERP,"Clientum,Consultoría,ERP,Multiplataforma",Multiplataforma,Consultoría,erp consultoría,Consultoría Inicial para Servicios: Servicios de consultoría estratégica en sistemas erp. Pedí tu presupuesto con Clientum.
258,simple,CTM-0260,Implementación Básica: La solución integral para tu negocio,1,"Implementación básica: la base para el éxito de tu negocio. optimiza procesos, reduce costos, mejora la calidad y la satisfacción del cliente, y obtiene una ventaja competitiva.","Implementación básica: la base para el éxito de tu negocio. optimiza procesos, reduce costos, mejora la calidad y la satisfacción del cliente, y obtiene una ventaja competitiva. Pensado para PyMEs que buscan centralizar la gestión administrativa, contable y de stock en un solo sistema. Incluye acompañamiento del equipo de Clientum durante toda la implementación y soporte post-entrega. ¿Querés más información sobre ""Implementación Básica: La solución integral para tu negocio""? Solicitá una demo sin cargo.",1,5775.00,ERP,"Clientum,ERP,Implementación,Multiplataforma",Multiplataforma,Implementación,erp implementación,"Implementación Básica: La solución integral para tu negocio: Implementación básica: la base para el éxito de tu negocio. optimiza procesos, reduce... Pedí tu presupuesto con Clientum."
259,simple,CTM-0261,Gestión de Ventas,1,Seguimiento y gestión de ventas y clientes.,"Seguimiento y gestión de ventas y clientes. Pensado para PyMEs que buscan centralizar la gestión administrativa, contable y de stock en un solo sistema. Incluye acompañamiento del equipo de Clientum durante toda la implementación y soporte post-entrega. ¿Querés más información sobre ""Gestión de Ventas""? Solicitá una demo sin cargo.",1,54.00,ERP,"Clientum,ERP,Implementación,Multiplataforma",Multiplataforma,Implementación,erp implementación,Gestión de Ventas: Seguimiento y gestión de ventas y clientes. Pedí tu presupuesto con Clientum.
260,simple,CTM-0262,Recursos humanos,1,Soluciones de rrhh con análisis de datos y machine learning.,"Soluciones de rrhh con análisis de datos y machine learning. Pensado para PyMEs que buscan centralizar la gestión administrativa, contable y de stock en un solo sistema. Incluye acompañamiento del equipo de Clientum durante toda la implementación y soporte post-entrega. ¿Querés más información sobre ""Recursos humanos""? Solicitá una demo sin cargo.",1,525.00,ERP,"Capacitación,Clientum,ERP,Multiplataforma",Multiplataforma,Capacitación,erp capacitación,Recursos humanos: Soluciones de rrhh con análisis de datos y machine learning. Pedí tu presupuesto con Clientum.
261,simple,CTM-0263,Plataforma de Administración de Propiedades,1,Gestión de propiedades inmobiliarias.,"Gestión de propiedades inmobiliarias. Pensado para PyMEs que buscan centralizar la gestión administrativa, contable y de stock en un solo sistema. Incluye acompañamiento del equipo de Clientum durante toda la implementación y soporte post-entrega. ¿Querés más información sobre ""Plataforma de Administración de Propiedades""? Solicitá una demo sin cargo.",1,5025.00,ERP,"Clientum,ERP,Implementación,Multiplataforma",Multiplataforma,Implementación,erp implementación,Plataforma de Administración de Propiedades: Gestión de propiedades inmobiliarias. Pedí tu presupuesto con Clientum.
262,simple,CTM-0264,Integración ERP y CRM para Retail y Distribuidores,1,Integración erp y crm para distribuidores.,"Integración erp y crm para distribuidores. Pensado para PyMEs que buscan ordenar el seguimiento comercial y no perder oportunidades de venta. Incluye acompañamiento del equipo de Clientum durante toda la implementación y soporte post-entrega. ¿Querés más información sobre ""Integración ERP y CRM para Retail y Distribuidores""? Solicitá una demo sin cargo.",1,5175.00,CRM,"CRM,Clientum,Integración,Multiplataforma",Multiplataforma,Integración,crm integración,Integración ERP y CRM para Retail y Distribuidores: Integración erp y crm para distribuidores. Pedí tu presupuesto con Clientum.
263,simple,CTM-0265,Plataforma de Facturación y Pagos,1,Automatización de facturación y pagos.,"Automatización de facturación y pagos. Pensado para PyMEs que buscan centralizar la gestión administrativa, contable y de stock en un solo sistema. Incluye acompañamiento del equipo de Clientum durante toda la implementación y soporte post-entrega. ¿Querés más información sobre ""Plataforma de Facturación y Pagos""? Solicitá una demo sin cargo.",1,495.00,ERP,"Clientum,ERP,Implementación,Multiplataforma",Multiplataforma,Implementación,erp implementación,Plataforma de Facturación y Pagos: Automatización de facturación y pagos. Pedí tu presupuesto con Clientum.
264,simple,CTM-0266,Contabilidad y finanzas,1,"Servicios de contabilidad, finanzas y asesoría fiscal para empresas.","Servicios de contabilidad, finanzas y asesoría fiscal para empresas. Pensado para PyMEs que buscan centralizar la gestión administrativa, contable y de stock en un solo sistema. Incluye acompañamiento del equipo de Clientum durante toda la implementación y soporte post-entrega. ¿Querés más información sobre ""Contabilidad y finanzas""? Solicitá una demo sin cargo.",1,4725.00,ERP,"Clientum,Consultoría,ERP,Multiplataforma",Multiplataforma,Consultoría,erp consultoría,"Contabilidad y finanzas: Servicios de contabilidad, finanzas y asesoría fiscal para empresas. Pedí tu presupuesto con Clientum."
265,simple,CTM-0267,Implementación de Soluciones de Gestión de Activos Intangibles: Optimiza y Protege tus Recursos Valiosos,1,Implementación de soluciones de gestión de activos intangibles: optimiza y protege tus recursos valiosos.,"Implementación de soluciones de gestión de activos intangibles: optimiza y protege tus recursos valiosos. Pensado para PyMEs que buscan centralizar la gestión administrativa, contable y de stock en un solo sistema. Incluye acompañamiento del equipo de Clientum durante toda la implementación y soporte post-entrega. ¿Querés más información sobre ""Implementación de Soluciones de Gestión de Activos Intangibles: Optimiza y Protege tus Recursos Valiosos""? Solicitá una demo sin cargo.",1,48.00,ERP,"Capacitación,Clientum,ERP,Multiplataforma",Multiplataforma,Capacitación,erp capacitación,Implementación de Soluciones de Gestión de Activos Intangibles: Optimiza y Protege tus Recursos Valiosos: Implementación de soluciones de gestión d... Pedí tu presupuesto con Clientum.
266,simple,CTM-0268,Implementación de Módulos de Gestión Empresarial a Medida,1,Servicios de creación y personalización de soluciones de gestión empresarial integradas.,"Servicios de creación y personalización de soluciones de gestión empresarial integradas. Pensado para PyMEs que buscan centralizar la gestión administrativa, contable y de stock en un solo sistema. Incluye acompañamiento del equipo de Clientum durante toda la implementación y soporte post-entrega. ¿Querés más información sobre ""Implementación de Módulos de Gestión Empresarial a Medida""? Solicitá una demo sin cargo.",1,4425.00,ERP,"Clientum,ERP,Implementación,Multiplataforma",Multiplataforma,Implementación,erp implementación,Implementación de Módulos de Gestión Empresarial a Medida: Servicios de creación y personalización de soluciones de gestión empresarial integradas. Pedí tu presupuesto con Clientum.
267,simple,CTM-0269,Support for CRM,1,Soporte crm.,"Soporte crm. Pensado para PyMEs que buscan ordenar el seguimiento comercial y no perder oportunidades de venta. Incluye acompañamiento del equipo de Clientum durante toda la implementación y soporte post-entrega. ¿Querés más información sobre ""Support for CRM""? Solicitá una demo sin cargo.",1,4575.00,CRM,"CRM,Clientum,Multiplataforma,Soporte",Multiplataforma,Soporte,crm soporte,Support for CRM: Soporte crm. Pedí tu presupuesto con Clientum.
268,simple,CTM-0270,Gestión de Compras,1,Sistemas de gestión de transporte.,"Sistemas de gestión de transporte. Pensado para PyMEs que buscan centralizar la gestión administrativa, contable y de stock en un solo sistema. Incluye acompañamiento del equipo de Clientum durante toda la implementación y soporte post-entrega. ¿Querés más información sobre ""Gestión de Compras""? Solicitá una demo sin cargo.",1,42.00,ERP,"Clientum,ERP,Implementación,Multiplataforma",Multiplataforma,Implementación,erp implementación,Gestión de Compras: Sistemas de gestión de transporte. Pedí tu presupuesto con Clientum.
269,simple,CTM-0271,Módulo de mantenimiento para Dolibarr,1,Integración erp y ecommerce.,"Integración erp y ecommerce. Pensado para PyMEs que buscan centralizar la gestión administrativa, contable y de stock en un solo sistema. Incluye acompañamiento del equipo de Clientum durante toda la implementación y soporte post-entrega. ¿Querés más información sobre ""Módulo de mantenimiento para Dolibarr""? Solicitá una demo sin cargo.",1,435.00,ERP,"Clientum,Dolibarr,ERP,Módulo Dolibarr",Dolibarr,Módulo Dolibarr,erp módulo dolibarr dolibarr,Módulo de mantenimiento para Dolibarr: Integración erp y ecommerce. Pedí tu presupuesto con Clientum.
270,simple,CTM-0272,Consultoría de Gestión para Distribuidores y Mayoristas,1,Consultoría de gestión para distribuidores y mayoristas.,"Consultoría de gestión para distribuidores y mayoristas. Pensado para PyMEs que buscan centralizar la gestión administrativa, contable y de stock en un solo sistema. Incluye acompañamiento del equipo de Clientum durante toda la implementación y soporte post-entrega. ¿Querés más información sobre ""Consultoría de Gestión para Distribuidores y Mayoristas""? Solicitá una demo sin cargo.",1,3975.00,ERP,"Clientum,Consultoría,ERP,Multiplataforma",Multiplataforma,Consultoría,erp consultoría,Consultoría de Gestión para Distribuidores y Mayoristas: Consultoría de gestión para distribuidores y mayoristas. Pedí tu presupuesto con Clientum.
271,simple,CTM-0273,Integración de Datos: Conecta y Unifica Tus Datos para Decisiones Informadas,1,Integración de datos: la clave para desbloquear el valor de tus datos.,"Integración de datos: la clave para desbloquear el valor de tus datos. Pensado para PyMEs que buscan centralizar la gestión administrativa, contable y de stock en un solo sistema. Incluye acompañamiento del equipo de Clientum durante toda la implementación y soporte post-entrega. ¿Querés más información sobre ""Integración de Datos: Conecta y Unifica Tus Datos para Decisiones Informadas""? Solicitá una demo sin cargo.",1,4125.00,ERP,"Clientum,ERP,Integración,Multiplataforma",Multiplataforma,Integración,erp integración,Integración de Datos: Conecta y Unifica Tus Datos para Decisiones Informadas: Integración de datos: la clave para desbloquear el valor de tus datos. Pedí tu presupuesto con Clientum.
272,simple,CTM-0274,ERP y CRM,1,Integración de erp con crm.,"Integración de erp con crm. Pensado para PyMEs que buscan ordenar el seguimiento comercial y no perder oportunidades de venta. Incluye acompañamiento del equipo de Clientum durante toda la implementación y soporte post-entrega. ¿Querés más información sobre ""ERP y CRM""? Solicitá una demo sin cargo.",1,375.00,CRM,"CRM,Clientum,Integración,Multiplataforma",Multiplataforma,Integración,crm integración,ERP y CRM: Integración de erp con crm. Pedí tu presupuesto con Clientum.
273,simple,CTM-0275,Integración con Terceros: Conecta tu negocio con el mundo,1,Integración con plataformas de terceros: conecta tu negocio con el mundo.,"Integración con plataformas de terceros: conecta tu negocio con el mundo. Pensado para PyMEs que buscan centralizar la gestión administrativa, contable y de stock en un solo sistema. Incluye acompañamiento del equipo de Clientum durante toda la implementación y soporte post-entrega. ¿Querés más información sobre ""Integración con Terceros: Conecta tu negocio con el mundo""? Solicitá una demo sin cargo.",1,39.00,ERP,"Clientum,ERP,Integración,Multiplataforma",Multiplataforma,Integración,erp integración,Integración con Terceros: Conecta tu negocio con el mundo: Integración con plataformas de terceros: conecta tu negocio con el mundo. Pedí tu presupuesto con Clientum.
274,simple,CTM-0276,Gestión de Proveedores,1,Gestión de relaciones con clientes y proveedores.,"Gestión de relaciones con clientes y proveedores. Pensado para PyMEs que buscan centralizar la gestión administrativa, contable y de stock en un solo sistema. Incluye acompañamiento del equipo de Clientum durante toda la implementación y soporte post-entrega. ¿Querés más información sobre ""Gestión de Proveedores""? Solicitá una demo sin cargo.",1,36.00,ERP,"Clientum,ERP,Implementación,Multiplataforma",Multiplataforma,Implementación,erp implementación,Gestión de Proveedores: Gestión de relaciones con clientes y proveedores. Pedí tu presupuesto con Clientum.
275,simple,CTM-0277,Evaluación de desempeño,1,"Análisis de desempeño del sistema: optimiza el rendimiento para el éxito. monitorea en tiempo real, analiza tendencias, diagnostica problemas y genera informes personalizados para mejorar el rendimiento, reducir costos,.","Análisis de desempeño del sistema: optimiza el rendimiento para el éxito. monitorea en tiempo real, analiza tendencias, diagnostica problemas y genera informes personalizados para mejorar el rendimiento, reducir costos,. Pensado para PyMEs que buscan centralizar la gestión administrativa, contable y de stock en un solo sistema. Incluye acompañamiento del equipo de Clientum durante toda la implementación y soporte post-entrega. ¿Querés más información sobre ""Evaluación de desempeño""? Solicitá una demo sin cargo.",1,285.00,ERP,"Clientum,ERP,Implementación,Multiplataforma",Multiplataforma,Implementación,erp implementación,"Evaluación de desempeño: Análisis de desempeño del sistema: optimiza el rendimiento para el éxito. monitorea en tiempo real, analiza tendencias, di... Pedí tu presupuesto con Clientum."
276,simple,CTM-0278,Soluciones CRM,1,Infraestructura ti.,"Infraestructura ti. Pensado para PyMEs que buscan ordenar el seguimiento comercial y no perder oportunidades de venta. Incluye acompañamiento del equipo de Clientum durante toda la implementación y soporte post-entrega. ¿Querés más información sobre ""Soluciones CRM""? Solicitá una demo sin cargo.",1,2925.00,CRM,"CRM,Clientum,Implementación,Multiplataforma",Multiplataforma,Implementación,crm implementación,Soluciones CRM: Infraestructura ti. Pedí tu presupuesto con Clientum.
277,simple,CTM-0279,Soporte Técnico ERP,1,Soporte técnico continuo.,"Soporte técnico continuo. Pensado para PyMEs que buscan centralizar la gestión administrativa, contable y de stock en un solo sistema. Incluye acompañamiento del equipo de Clientum durante toda la implementación y soporte post-entrega. ¿Querés más información sobre ""Soporte Técnico ERP""? Solicitá una demo sin cargo.",1,3075.00,ERP,"Clientum,ERP,Multiplataforma,Soporte",Multiplataforma,Soporte,erp soporte,Soporte Técnico ERP: Soporte técnico continuo. Pedí tu presupuesto con Clientum.
278,simple,CTM-0280,Evaluación Inicial de Sistemas: Diagnóstico y Optimización para un Rendimiento Óptimo,1,"Evaluación inicial de sistemas: solución integral para optimizar tus operaciones de TI, identificando áreas de mejora y brindando recomendaciones personalizadas.","Evaluación inicial de sistemas: solución integral para optimizar tus operaciones de TI, identificando áreas de mejora y brindando recomendaciones personalizadas. Pensado para PyMEs que buscan centralizar la gestión administrativa, contable y de stock en un solo sistema. Incluye acompañamiento del equipo de Clientum durante toda la implementación y soporte post-entrega. ¿Querés más información sobre ""Evaluación Inicial de Sistemas: Diagnóstico y Optimización para un Rendimiento Óptimo""? Solicitá una demo sin cargo.",1,315.00,ERP,"Clientum,ERP,Implementación,Multiplataforma",Multiplataforma,Implementación,erp implementación,Evaluación Inicial de Sistemas: Diagnóstico y Optimización para un Rendimiento Óptimo: Evaluación inicial de sistemas: solución integral para optim... Pedí tu presupuesto con Clientum.
279,simple,CTM-0281,Mantenimiento Anual Básico: Protege tu inversión y optimiza el rendimiento de tu equipo,1,Mantenimiento anual básico: la tranquilidad de un hogar protegido.,"Mantenimiento anual básico: la tranquilidad de un hogar protegido. Pensado para PyMEs que buscan centralizar la gestión administrativa, contable y de stock en un solo sistema. Incluye acompañamiento del equipo de Clientum durante toda la implementación y soporte post-entrega. ¿Querés más información sobre ""Mantenimiento Anual Básico: Protege tu inversión y optimiza el rendimiento de tu equipo""? Solicitá una demo sin cargo.",1,33.00,ERP,"Clientum,ERP,Multiplataforma,Soporte",Multiplataforma,Soporte,erp soporte,Mantenimiento Anual Básico: Protege tu inversión y optimiza el rendimiento de tu equipo: Mantenimiento anual básico: la tranquilidad de un hogar pr... Pedí tu presupuesto con Clientum.
280,simple,CTM-0282,Licencia de Usuario (x10): ¡Ampliá tu alcance y potenciá tu negocio!,1,Licencia de usuario (x10): ¡amplía tu alcance y potencia tu negocio!.,"Licencia de usuario (x10): ¡amplía tu alcance y potencia tu negocio!. Pensado para PyMEs que buscan centralizar la gestión administrativa, contable y de stock en un solo sistema. Incluye acompañamiento del equipo de Clientum durante toda la implementación y soporte post-entrega. ¿Querés más información sobre ""Licencia de Usuario (x10): ¡Ampliá tu alcance y potenciá tu negocio!""? Solicitá una demo sin cargo.",1,3375.00,ERP,"Clientum,ERP,Implementación,Multiplataforma",Multiplataforma,Implementación,erp implementación,Licencia de Usuario (x10): ¡Ampliá tu alcance y potenciá tu negocio!: Licencia de usuario (x10): ¡amplía tu alcance y potencia tu negocio!. Pedí tu presupuesto con Clientum.
281,simple,CTM-0283,Plan de Contingencia: Guía esencial para la preparación ante emergencias,1,Plan de contingencia: tu escudo ante lo inesperado.,"Plan de contingencia: tu escudo ante lo inesperado. Pensado para PyMEs que buscan centralizar la gestión administrativa, contable y de stock en un solo sistema. Incluye acompañamiento del equipo de Clientum durante toda la implementación y soporte post-entrega. ¿Querés más información sobre ""Plan de Contingencia: Guía esencial para la preparación ante emergencias""? Solicitá una demo sin cargo.",1,3525.00,ERP,"Clientum,ERP,Implementación,Multiplataforma",Multiplataforma,Implementación,erp implementación,Plan de Contingencia: Guía esencial para la preparación ante emergencias: Plan de contingencia: tu escudo ante lo inesperado. Pedí tu presupuesto con Clientum.
282,simple,CTM-0284,Plataforma de Gestión de Flotas,1,Gestión eficiente de flotas de entrega.,"Gestión eficiente de flotas de entrega. Pensado para PyMEs que buscan centralizar la gestión administrativa, contable y de stock en un solo sistema. Incluye acompañamiento del equipo de Clientum durante toda la implementación y soporte post-entrega. ¿Querés más información sobre ""Plataforma de Gestión de Flotas""? Solicitá una demo sin cargo.",1,2475.00,ERP,"Clientum,ERP,Implementación,Multiplataforma",Multiplataforma,Implementación,erp implementación,Plataforma de Gestión de Flotas: Gestión eficiente de flotas de entrega. Pedí tu presupuesto con Clientum.
283,simple,CTM-0285,Software ERP,1,Gestión de proyectos de construcción.,"Gestión de proyectos de construcción. Pensado para PyMEs que buscan centralizar la gestión administrativa, contable y de stock en un solo sistema. Incluye acompañamiento del equipo de Clientum durante toda la implementación y soporte post-entrega. ¿Querés más información sobre ""Software ERP""? Solicitá una demo sin cargo.",1,255.00,ERP,"Clientum,ERP,Implementación,Multiplataforma",Multiplataforma,Implementación,erp implementación,Software ERP: Gestión de proyectos de construcción. Pedí tu presupuesto con Clientum.
284,simple,CTM-0286,Módulo CRM Básico: Gestioná tus clientes de forma eficiente,1,Módulo CRM básico: gestioná tus clientes de forma eficiente.,"Módulo CRM básico: gestioná tus clientes de forma eficiente. Pensado para PyMEs que buscan ordenar el seguimiento comercial y no perder oportunidades de venta. Incluye acompañamiento del equipo de Clientum durante toda la implementación y soporte post-entrega. ¿Querés más información sobre ""Módulo CRM Básico: Gestioná tus clientes de forma eficiente""? Solicitá una demo sin cargo.",1,27.00,CRM,"CRM,Clientum,Implementación,Multiplataforma",Multiplataforma,Implementación,crm implementación,Módulo CRM Básico: Gestioná tus clientes de forma eficiente: Módulo CRM básico: gestioná tus clientes de forma eficiente. Pedí tu presupuesto con Clientum.
285,simple,CTM-0287,Optimización de Operaciones Logísticas,1,Optimización de logística.,"Optimización de logística. Pensado para PyMEs que buscan centralizar la gestión administrativa, contable y de stock en un solo sistema. Incluye acompañamiento del equipo de Clientum durante toda la implementación y soporte post-entrega. ¿Querés más información sobre ""Optimización de Operaciones Logísticas""? Solicitá una demo sin cargo.",1,225.00,ERP,"Clientum,ERP,Implementación,Multiplataforma",Multiplataforma,Implementación,erp implementación,Optimización de Operaciones Logísticas: Optimización de logística. Pedí tu presupuesto con Clientum.
286,simple,CTM-0288,Optimización de Estrategias de Ventas,1,Optimización de producción.,"Optimización de producción. Pensado para PyMEs que buscan centralizar la gestión administrativa, contable y de stock en un solo sistema. Incluye acompañamiento del equipo de Clientum durante toda la implementación y soporte post-entrega. ¿Querés más información sobre ""Optimización de Estrategias de Ventas""? Solicitá una demo sin cargo.",1,2325.00,ERP,"Clientum,ERP,Implementación,Multiplataforma",Multiplataforma,Implementación,erp implementación,Optimización de Estrategias de Ventas: Optimización de producción. Pedí tu presupuesto con Clientum.
287,simple,CTM-0289,5 usuarios: la solución perfecta para equipos pequeños y medianos,1,5 usuarios: la solución integral para la gestión de equipos.,"5 usuarios: la solución integral para la gestión de equipos. Pensado para PyMEs que buscan centralizar la gestión administrativa, contable y de stock en un solo sistema. Incluye acompañamiento del equipo de Clientum durante toda la implementación y soporte post-entrega. ¿Querés más información sobre ""5 usuarios: la solución perfecta para equipos pequeños y medianos""? Solicitá una demo sin cargo.",1,21.00,ERP,"Clientum,ERP,Implementación,Multiplataforma",Multiplataforma,Implementación,erp implementación,5 usuarios: la solución perfecta para equipos pequeños y medianos: 5 usuarios: la solución integral para la gestión de equipos. Pedí tu presupuesto con Clientum.
288,simple,CTM-0290,Control de Pedidos,1,Seguimiento de pedidos: ¡monitoreá tus envíos en tiempo real!.,"Seguimiento de pedidos: ¡monitoreá tus envíos en tiempo real!. Pensado para PyMEs que buscan centralizar la gestión administrativa, contable y de stock en un solo sistema. Incluye acompañamiento del equipo de Clientum durante toda la implementación y soporte post-entrega. ¿Querés más información sobre ""Control de Pedidos""? Solicitá una demo sin cargo.",1,105.00,ERP,"Clientum,ERP,Implementación,Multiplataforma",Multiplataforma,Implementación,erp implementación,Control de Pedidos: Seguimiento de pedidos: ¡monitoreá tus envíos en tiempo real!. Pedí tu presupuesto con Clientum.
289,simple,CTM-0291,Fidelización de Clientes,1,Fidelización de clientes.,"Fidelización de clientes. Pensado para PyMEs que buscan ordenar el seguimiento comercial y no perder oportunidades de venta. Incluye acompañamiento del equipo de Clientum durante toda la implementación y soporte post-entrega. ¿Querés más información sobre ""Fidelización de Clientes""? Solicitá una demo sin cargo.",1,12.00,CRM,"CRM,Clientum,Implementación,Multiplataforma",Multiplataforma,Implementación,crm implementación,Fidelización de Clientes: Fidelización de clientes. Pedí tu presupuesto con Clientum.
290,simple,CTM-0292,Gestión de Órdenes de Trabajo,1,Gestión de órdenes de trabajo.,"Gestión de órdenes de trabajo. Pensado para PyMEs que buscan centralizar la gestión administrativa, contable y de stock en un solo sistema. Incluye acompañamiento del equipo de Clientum durante toda la implementación y soporte post-entrega. ¿Querés más información sobre ""Gestión de Órdenes de Trabajo""? Solicitá una demo sin cargo.",1,1275.00,ERP,"Clientum,ERP,Implementación,Multiplataforma",Multiplataforma,Implementación,erp implementación,Gestión de Órdenes de Trabajo: Gestión de órdenes de trabajo. Pedí tu presupuesto con Clientum.
291,simple,CTM-0293,Seguimiento de Tiempos y Costos,1,Seguimiento de tiempos y costos.,"Seguimiento de tiempos y costos. Pensado para PyMEs que buscan centralizar la gestión administrativa, contable y de stock en un solo sistema. Incluye acompañamiento del equipo de Clientum durante toda la implementación y soporte post-entrega. ¿Querés más información sobre ""Seguimiento de Tiempos y Costos""? Solicitá una demo sin cargo.",1,1425.00,ERP,"Clientum,ERP,Implementación,Multiplataforma",Multiplataforma,Implementación,erp implementación,Seguimiento de Tiempos y Costos: Seguimiento de tiempos y costos. Pedí tu presupuesto con Clientum.
292,simple,CTM-0294,Implementación de ERP y CRM para pymes: Optimiza tus procesos y crece,1,Implementación básica de ERP y CRM para pymes: la solución integral para el crecimiento empresarial.,"Implementación básica de ERP y CRM para pymes: la solución integral para el crecimiento empresarial. Pensado para PyMEs que buscan ordenar el seguimiento comercial y no perder oportunidades de venta. Incluye acompañamiento del equipo de Clientum durante toda la implementación y soporte post-entrega. ¿Querés más información sobre ""Implementación de ERP y CRM para pymes: Optimiza tus procesos y crece""? Solicitá una demo sin cargo.",1,15.00,CRM,"CRM,Clientum,Implementación,Multiplataforma",Multiplataforma,Implementación,crm implementación,Implementación de ERP y CRM para pymes: Optimiza tus procesos y crece: Implementación básica de ERP y CRM para pymes: la solución integral para el... Pedí tu presupuesto con Clientum.
293,simple,CTM-0295,Integración de Módulos ERP: Amplía las Funcionalidades de tu Sistema,1,"Integración de módulos adicionales: optimiza tus operaciones con conectividad perfecta, automatización de procesos y personalización flexible.","Integración de módulos adicionales: optimiza tus operaciones con conectividad perfecta, automatización de procesos y personalización flexible. Pensado para PyMEs que buscan centralizar la gestión administrativa, contable y de stock en un solo sistema. Incluye acompañamiento del equipo de Clientum durante toda la implementación y soporte post-entrega. ¿Querés más información sobre ""Integración de Módulos ERP: Amplía las Funcionalidades de tu Sistema""? Solicitá una demo sin cargo.",1,165.00,ERP,"Clientum,ERP,Integración,Multiplataforma",Multiplataforma,Integración,erp integración,Integración de Módulos ERP: Amplía las Funcionalidades de tu Sistema: Integración de módulos adicionales: optimiza tus operaciones con conectividad... Pedí tu presupuesto con Clientum.
294,simple,CTM-0296,Adaptación a Cambios Regulatorios: Mantente al día con las últimas normativas,1,Adaptación a cambios regulatorios: navegando el panorama regulatorio en constante evolución.,"Adaptación a cambios regulatorios: navegando el panorama regulatorio en constante evolución. Pensado para PyMEs que buscan centralizar la gestión administrativa, contable y de stock en un solo sistema. Incluye acompañamiento del equipo de Clientum durante toda la implementación y soporte post-entrega. ¿Querés más información sobre ""Adaptación a Cambios Regulatorios: Mantente al día con las últimas normativas""? Solicitá una demo sin cargo.",1,1725.00,ERP,"Clientum,ERP,Implementación,Multiplataforma",Multiplataforma,Implementación,erp implementación,Adaptación a Cambios Regulatorios: Mantente al día con las últimas normativas: Adaptación a cambios regulatorios: navegando el panorama regulatorio... Pedí tu presupuesto con Clientum.
295,simple,CTM-0297,"Gestión Avanzada de Datos: Centraliza, Analiza y Automatiza tus Procesos para el Éxito Empresarial",1,"Gestión avanzada de datos: centraliza, estandariza, procesa, analiza y visualiza datos para mejorar la toma de decisiones, la eficiencia y la ventaja competitiva.","Gestión avanzada de datos: centraliza, estandariza, procesa, analiza y visualiza datos para mejorar la toma de decisiones, la eficiencia y la ventaja competitiva. Pensado para PyMEs que buscan centralizar la gestión administrativa, contable y de stock en un solo sistema. Incluye acompañamiento del equipo de Clientum durante toda la implementación y soporte post-entrega. ¿Querés más información sobre ""Gestión Avanzada de Datos: Centraliza, Analiza y Automatiza tus Procesos para el Éxito Empresarial""? Solicitá una demo sin cargo.",1,1875.00,ERP,"Clientum,ERP,Implementación,Multiplataforma",Multiplataforma,Implementación,erp implementación,"Gestión Avanzada de Datos: Centraliza, Analiza y Automatiza tus Procesos para el Éxito Empresarial: Gestión avanzada de datos: centraliza, estandar... Pedí tu presupuesto con Clientum."
296,simple,CTM-0298,Servicios de Migración de ERP: La clave para una transformación empresarial sin problemas,1,Servicios de migración de sistemas ERP: la clave para una transformación empresarial sin problemas.,"Servicios de migración de sistemas ERP: la clave para una transformación empresarial sin problemas. Pensado para PyMEs que buscan centralizar la gestión administrativa, contable y de stock en un solo sistema. Incluye acompañamiento del equipo de Clientum durante toda la implementación y soporte post-entrega. ¿Querés más información sobre ""Servicios de Migración de ERP: La clave para una transformación empresarial sin problemas""? Solicitá una demo sin cargo.",1,2025.00,ERP,"Capacitación,Clientum,ERP,Multiplataforma",Multiplataforma,Capacitación,erp capacitación,Servicios de Migración de ERP: La clave para una transformación empresarial sin problemas: Servicios de migración de sistemas ERP: la clave para un... Pedí tu presupuesto con Clientum.
297,simple,CTM-0299,Online Learning Platforms,1,Plataformas de aprendizaje en línea.,"Plataformas de aprendizaje en línea. Pensado para PyMEs que buscan que su equipo aproveche al máximo las herramientas implementadas. Incluye acompañamiento del equipo de Clientum durante toda la implementación y soporte post-entrega. ¿Querés más información sobre ""Online Learning Platforms""? Solicitá una demo sin cargo.",1,45.00,Capacitación,"Capacitación,Clientum,Implementación,Multiplataforma",Multiplataforma,Implementación,capacitación implementación,Online Learning Platforms: Plataformas de aprendizaje en línea. Pedí tu presupuesto con Clientum.
298,simple,CTM-0300,Gestión de Proyectos Ágiles,1,Solución de gestión de proyectos ágiles con ia.,"Solución de gestión de proyectos ágiles con ia. Pensado para PyMEs que buscan que su equipo aproveche al máximo las herramientas implementadas. Incluye acompañamiento del equipo de Clientum durante toda la implementación y soporte post-entrega. ¿Querés más información sobre ""Gestión de Proyectos Ágiles""? Solicitá una demo sin cargo.",1,45.00,Capacitación,"Capacitación,Clientum,Implementación,Multiplataforma",Multiplataforma,Implementación,capacitación implementación,Gestión de Proyectos Ágiles: Solución de gestión de proyectos ágiles con ia. Pedí tu presupuesto con Clientum.
299,simple,CTM-0301,Capacitación en Desarrollo Web,1,Desarrollo de competencias digitales.,"Desarrollo de competencias digitales. Pensado para PyMEs que buscan que su equipo aproveche al máximo las herramientas implementadas. Incluye acompañamiento del equipo de Clientum durante toda la implementación y soporte post-entrega. ¿Querés más información sobre ""Capacitación en Desarrollo Web""? Solicitá una demo sin cargo.",1,412.00,Capacitación,"Capacitación,Clientum,Multiplataforma",Multiplataforma,Capacitación,capacitación capacitación,Capacitación en Desarrollo Web: Desarrollo de competencias digitales. Pedí tu presupuesto con Clientum.
300,simple,CTM-0302,Consultoría en Estrategia de TI,1,Estrategia de ti.,"Estrategia de ti. Pensado para PyMEs que buscan que su equipo aproveche al máximo las herramientas implementadas. Incluye acompañamiento del equipo de Clientum durante toda la implementación y soporte post-entrega. ¿Querés más información sobre ""Consultoría en Estrategia de TI""? Solicitá una demo sin cargo.",1,412.00,Capacitación,"Capacitación,Clientum,Consultoría,Multiplataforma",Multiplataforma,Consultoría,capacitación consultoría,Consultoría en Estrategia de TI: Estrategia de ti. Pedí tu presupuesto con Clientum.
301,simple,CTM-0303,Formación en UX/UI Design,1,Formación en ux/ui design.,"Formación en ux/ui design. Pensado para PyMEs que buscan que su equipo aproveche al máximo las herramientas implementadas. Incluye acompañamiento del equipo de Clientum durante toda la implementación y soporte post-entrega. ¿Querés más información sobre ""Formación en UX/UI Design""? Solicitá una demo sin cargo.",1,412.00,Capacitación,"Capacitación,Clientum,Multiplataforma",Multiplataforma,Capacitación,capacitación capacitación,Formación en UX/UI Design: Formación en ux/ui design. Pedí tu presupuesto con Clientum.
302,simple,CTM-0304,Technology Training,1,Formación tecnológica.,"Formación tecnológica. Pensado para PyMEs que buscan que su equipo aproveche al máximo las herramientas implementadas. Incluye acompañamiento del equipo de Clientum durante toda la implementación y soporte post-entrega. ¿Querés más información sobre ""Technology Training""? Solicitá una demo sin cargo.",1,375.00,Capacitación,"Capacitación,Clientum,Multiplataforma",Multiplataforma,Capacitación,capacitación capacitación,Technology Training: Formación tecnológica. Pedí tu presupuesto con Clientum.
303,simple,CTM-0305,Capacitación en Procesos de Negocio para ERP Odoo,1,Capacitación en procesos de negocio para erp odoo.,"Capacitación en procesos de negocio para erp odoo. Pensado para PyMEs que buscan que su equipo aproveche al máximo las herramientas implementadas. Incluye acompañamiento del equipo de Clientum durante toda la implementación y soporte post-entrega. ¿Querés más información sobre ""Capacitación en Procesos de Negocio para ERP Odoo""? Solicitá una demo sin cargo.",1,375.00,Capacitación,"Capacitación,Clientum,Multiplataforma",Multiplataforma,Capacitación,capacitación capacitación,Capacitación en Procesos de Negocio para ERP Odoo: Capacitación en procesos de negocio para erp odoo. Pedí tu presupuesto con Clientum.
304,simple,CTM-0306,Capacitación en Análisis de Datos,1,Capacitación en analítica de datos.,"Capacitación en analítica de datos. Pensado para PyMEs que buscan que su equipo aproveche al máximo las herramientas implementadas. Incluye acompañamiento del equipo de Clientum durante toda la implementación y soporte post-entrega. ¿Querés más información sobre ""Capacitación en Análisis de Datos""? Solicitá una demo sin cargo.",1,375.00,Capacitación,"Capacitación,Clientum,Multiplataforma",Multiplataforma,Capacitación,capacitación capacitación,Capacitación en Análisis de Datos: Capacitación en analítica de datos. Pedí tu presupuesto con Clientum.
305,simple,CTM-0307,Cursos en Tecnologías Digitales,1,"Servicios de capacitación especializada en herramientas, técnicas y tendencias tecnológicas.","Servicios de capacitación especializada en herramientas, técnicas y tendencias tecnológicas. Pensado para PyMEs que buscan que su equipo aproveche al máximo las herramientas implementadas. Incluye acompañamiento del equipo de Clientum durante toda la implementación y soporte post-entrega. ¿Querés más información sobre ""Cursos en Tecnologías Digitales""? Solicitá una demo sin cargo.",1,338.00,Capacitación,"Capacitación,Clientum,Multiplataforma",Multiplataforma,Capacitación,capacitación capacitación,"Cursos en Tecnologías Digitales: Servicios de capacitación especializada en herramientas, técnicas y tendencias tecnológicas. Pedí tu presupuesto con Clientum."
306,simple,CTM-0308,Plataforma E-Learning,1,Mantenimiento de e-learning.,"Mantenimiento de e-learning. Pensado para PyMEs que buscan que su equipo aproveche al máximo las herramientas implementadas. Incluye acompañamiento del equipo de Clientum durante toda la implementación y soporte post-entrega. ¿Querés más información sobre ""Plataforma E-Learning""? Solicitá una demo sin cargo.",1,338.00,Capacitación,"Capacitación,Clientum,Multiplataforma,Soporte",Multiplataforma,Soporte,capacitación soporte,Plataforma E-Learning: Mantenimiento de e-learning. Pedí tu presupuesto con Clientum.
307,simple,CTM-0309,Talleres y Seminarios,1,Talleres sobre nuevas tecnologías.,"Talleres sobre nuevas tecnologías. Pensado para PyMEs que buscan que su equipo aproveche al máximo las herramientas implementadas. Incluye acompañamiento del equipo de Clientum durante toda la implementación y soporte post-entrega. ¿Querés más información sobre ""Talleres y Seminarios""? Solicitá una demo sin cargo.",1,3.00,Capacitación,"Capacitación,Clientum,Multiplataforma",Multiplataforma,Capacitación,capacitación capacitación,Talleres y Seminarios: Talleres sobre nuevas tecnologías. Pedí tu presupuesto con Clientum.
308,simple,CTM-0310,Capacitación en Marketing Digital,1,Capacitación en marketing digital.,"Capacitación en marketing digital. Pensado para PyMEs que buscan que su equipo aproveche al máximo las herramientas implementadas. Incluye acompañamiento del equipo de Clientum durante toda la implementación y soporte post-entrega. ¿Querés más información sobre ""Capacitación en Marketing Digital""? Solicitá una demo sin cargo.",1,3.00,Capacitación,"Capacitación,Clientum,Multiplataforma",Multiplataforma,Capacitación,capacitación capacitación,Capacitación en Marketing Digital: Capacitación en marketing digital. Pedí tu presupuesto con Clientum.
309,simple,CTM-0311,Capacitación en Uso de CRM,1,Capacitación en crm.,"Capacitación en crm. Pensado para PyMEs que buscan que su equipo aproveche al máximo las herramientas implementadas. Incluye acompañamiento del equipo de Clientum durante toda la implementación y soporte post-entrega. ¿Querés más información sobre ""Capacitación en Uso de CRM""? Solicitá una demo sin cargo.",1,338.00,Capacitación,"Capacitación,Clientum,Multiplataforma",Multiplataforma,Capacitación,capacitación capacitación,Capacitación en Uso de CRM: Capacitación en crm. Pedí tu presupuesto con Clientum.
310,simple,CTM-0312,Capacitación empresarial,1,Servicios de capacitación y entrenamiento corporativo.,"Servicios de capacitación y entrenamiento corporativo. Pensado para PyMEs que buscan que su equipo aproveche al máximo las herramientas implementadas. Incluye acompañamiento del equipo de Clientum durante toda la implementación y soporte post-entrega. ¿Querés más información sobre ""Capacitación empresarial""? Solicitá una demo sin cargo.",1,3.00,Capacitación,"Capacitación,Clientum,Multiplataforma",Multiplataforma,Capacitación,capacitación capacitación,Capacitación empresarial: Servicios de capacitación y entrenamiento corporativo. Pedí tu presupuesto con Clientum.
311,simple,CTM-0313,Capacitación en Ciberseguridad,1,Capacitación en ciberseguridad.,"Capacitación en ciberseguridad. Pensado para PyMEs que buscan que su equipo aproveche al máximo las herramientas implementadas. Incluye acompañamiento del equipo de Clientum durante toda la implementación y soporte post-entrega. ¿Querés más información sobre ""Capacitación en Ciberseguridad""? Solicitá una demo sin cargo.",1,262.00,Capacitación,"Capacitación,Clientum,Multiplataforma",Multiplataforma,Capacitación,capacitación capacitación,Capacitación en Ciberseguridad: Capacitación en ciberseguridad. Pedí tu presupuesto con Clientum.
312,simple,CTM-0314,Talleres de Capacitación en Gestión,1,Capacitación en herramientas de gestión.,"Capacitación en herramientas de gestión. Pensado para PyMEs que buscan que su equipo aproveche al máximo las herramientas implementadas. Incluye acompañamiento del equipo de Clientum durante toda la implementación y soporte post-entrega. ¿Querés más información sobre ""Talleres de Capacitación en Gestión""? Solicitá una demo sin cargo.",1,262.00,Capacitación,"Capacitación,Clientum,Multiplataforma",Multiplataforma,Capacitación,capacitación capacitación,Talleres de Capacitación en Gestión: Capacitación en herramientas de gestión. Pedí tu presupuesto con Clientum.
313,simple,CTM-0315,Servicios de capacitación,1,Servicios de capacitación y entrenamiento para el desarrollo de competencias del personal.,"Servicios de capacitación y entrenamiento para el desarrollo de competencias del personal. Pensado para PyMEs que buscan que su equipo aproveche al máximo las herramientas implementadas. Incluye acompañamiento del equipo de Clientum durante toda la implementación y soporte post-entrega. ¿Querés más información sobre ""Servicios de capacitación""? Solicitá una demo sin cargo.",1,262.00,Capacitación,"Capacitación,Clientum,Multiplataforma",Multiplataforma,Capacitación,capacitación capacitación,Servicios de capacitación: Servicios de capacitación y entrenamiento para el desarrollo de competencias del personal. Pedí tu presupuesto con Clientum.
314,simple,CTM-0316,Capacitación y formación,1,Servicios de capacitación en habilidades y competencias para la transformación digital.,"Servicios de capacitación en habilidades y competencias para la transformación digital. Pensado para PyMEs que buscan que su equipo aproveche al máximo las herramientas implementadas. Incluye acompañamiento del equipo de Clientum durante toda la implementación y soporte post-entrega. ¿Querés más información sobre ""Capacitación y formación""? Solicitá una demo sin cargo.",1,225.00,Capacitación,"Capacitación,Clientum,Multiplataforma",Multiplataforma,Capacitación,capacitación capacitación,Capacitación y formación: Servicios de capacitación en habilidades y competencias para la transformación digital. Pedí tu presupuesto con Clientum.
315,simple,CTM-0317,Capacitación en liderazgo y gestión de equipos,1,Capacitación en liderazgo.,"Capacitación en liderazgo. Pensado para PyMEs que buscan que su equipo aproveche al máximo las herramientas implementadas. Incluye acompañamiento del equipo de Clientum durante toda la implementación y soporte post-entrega. ¿Querés más información sobre ""Capacitación en liderazgo y gestión de equipos""? Solicitá una demo sin cargo.",1,225.00,Capacitación,"Capacitación,Clientum,Multiplataforma",Multiplataforma,Capacitación,capacitación capacitación,Capacitación en liderazgo y gestión de equipos: Capacitación en liderazgo. Pedí tu presupuesto con Clientum.
316,simple,CTM-0318,Workshops and Seminars,1,Talleres y seminarios.,"Talleres y seminarios. Pensado para PyMEs que buscan que su equipo aproveche al máximo las herramientas implementadas. Incluye acompañamiento del equipo de Clientum durante toda la implementación y soporte post-entrega. ¿Querés más información sobre ""Workshops and Seminars""? Solicitá una demo sin cargo.",1,188.00,Capacitación,"Capacitación,Clientum,Multiplataforma",Multiplataforma,Capacitación,capacitación capacitación,Workshops and Seminars: Talleres y seminarios. Pedí tu presupuesto con Clientum.
317,simple,CTM-0319,Formación de Usuarios Avanzada: Domina tus habilidades y lleva tu productividad al siguiente nivel,1,Capacitación de usuarios avanzada: domina tus herramientas y potencia tu productividad.,"Capacitación de usuarios avanzada: domina tus herramientas y potencia tu productividad. Pensado para PyMEs que buscan que su equipo aproveche al máximo las herramientas implementadas. Incluye acompañamiento del equipo de Clientum durante toda la implementación y soporte post-entrega. ¿Querés más información sobre ""Formación de Usuarios Avanzada: Domina tus habilidades y lleva tu productividad al siguiente nivel""? Solicitá una demo sin cargo.",1,188.00,Capacitación,"Capacitación,Clientum,Multiplataforma",Multiplataforma,Capacitación,capacitación capacitación,Formación de Usuarios Avanzada: Domina tus habilidades y lleva tu productividad al siguiente nivel: Capacitación de usuarios avanzada: domina tus h... Pedí tu presupuesto con Clientum.
318,simple,CTM-0320,Capacitación en inteligencia artificial,1,Capacitación en ia.,"Capacitación en ia. Pensado para PyMEs que buscan que su equipo aproveche al máximo las herramientas implementadas. Incluye acompañamiento del equipo de Clientum durante toda la implementación y soporte post-entrega. ¿Querés más información sobre ""Capacitación en inteligencia artificial""? Solicitá una demo sin cargo.",1,225.00,Capacitación,"Capacitación,Clientum,Multiplataforma",Multiplataforma,Capacitación,capacitación capacitación,Capacitación en inteligencia artificial: Capacitación en ia. Pedí tu presupuesto con Clientum.
319,simple,CTM-0321,Capacitación en habilidades blandas,1,"Capacitación inicial: ¡tu puerta de entrada al mundo del éxito profesional! cursos prácticos, instructores expertos, aprendizaje flexible y certificación reconocida para mejorar tus habilidades, avanzar en tu carrera y a.","Capacitación inicial: ¡tu puerta de entrada al mundo del éxito profesional! cursos prácticos, instructores expertos, aprendizaje flexible y certificación reconocida para mejorar tus habilidades, avanzar en tu carrera y a. Pensado para PyMEs que buscan que su equipo aproveche al máximo las herramientas implementadas. Incluye acompañamiento del equipo de Clientum durante toda la implementación y soporte post-entrega. ¿Querés más información sobre ""Capacitación en habilidades blandas""? Solicitá una demo sin cargo.",1,15.00,Capacitación,"Capacitación,Clientum,Multiplataforma",Multiplataforma,Capacitación,capacitación capacitación,"Capacitación en habilidades blandas: Capacitación inicial: ¡tu puerta de entrada al mundo del éxito profesional! cursos prácticos, instructores exp... Pedí tu presupuesto con Clientum."
320,simple,CTM-0322,Taller de emprendimiento,1,Taller práctico de capacitación en emprendimiento.,"Taller práctico de capacitación en emprendimiento. Pensado para PyMEs que buscan que su equipo aproveche al máximo las herramientas implementadas. Incluye acompañamiento del equipo de Clientum durante toda la implementación y soporte post-entrega. ¿Querés más información sobre ""Taller de emprendimiento""? Solicitá una demo sin cargo.",1,188.00,Capacitación,"Capacitación,Clientum,Multiplataforma",Multiplataforma,Capacitación,capacitación capacitación,Taller de emprendimiento: Taller práctico de capacitación en emprendimiento. Pedí tu presupuesto con Clientum.
321,simple,CTM-0323,Plataforma de Aprendizaje en Línea,1,Cursos y recursos educativos en línea.,"Cursos y recursos educativos en línea. Pensado para PyMEs que buscan que su equipo aproveche al máximo las herramientas implementadas. Incluye acompañamiento del equipo de Clientum durante toda la implementación y soporte post-entrega. ¿Querés más información sobre ""Plataforma de Aprendizaje en Línea""? Solicitá una demo sin cargo.",1,15.00,Capacitación,"Capacitación,Clientum,Multiplataforma",Multiplataforma,Capacitación,capacitación capacitación,Plataforma de Aprendizaje en Línea: Cursos y recursos educativos en línea. Pedí tu presupuesto con Clientum.
322,simple,CTM-0324,Formación en idiomas,1,Cursos de aprendizaje de idiomas a distancia a través de una plataforma online.,"Cursos de aprendizaje de idiomas a distancia a través de una plataforma online. Pensado para PyMEs que buscan que su equipo aproveche al máximo las herramientas implementadas. Incluye acompañamiento del equipo de Clientum durante toda la implementación y soporte post-entrega. ¿Querés más información sobre ""Formación en idiomas""? Solicitá una demo sin cargo.",1,142.00,Capacitación,"Capacitación,Clientum,Multiplataforma",Multiplataforma,Capacitación,capacitación capacitación,Formación en idiomas: Cursos de aprendizaje de idiomas a distancia a través de una plataforma online. Pedí tu presupuesto con Clientum.
323,simple,CTM-0325,Capacitación básica en CMS: Domina los fundamentos para gestionar tu sitio web,1,"Capacitación integral en gestión web para crear y administrar sitios web profesionales, impulsar el crecimiento digital y desarrollar habilidades valiosas.","Capacitación integral en gestión web para crear y administrar sitios web profesionales, impulsar el crecimiento digital y desarrollar habilidades valiosas. Pensado para PyMEs que buscan que su equipo aproveche al máximo las herramientas implementadas. Incluye acompañamiento del equipo de Clientum durante toda la implementación y soporte post-entrega. ¿Querés más información sobre ""Capacitación básica en CMS: Domina los fundamentos para gestionar tu sitio web""? Solicitá una demo sin cargo.",1,9.00,Capacitación,"Capacitación,Clientum,Multiplataforma",Multiplataforma,Capacitación,capacitación capacitación,Capacitación básica en CMS: Domina los fundamentos para gestionar tu sitio web: Capacitación integral en gestión web para crear y administrar sitio... Pedí tu presupuesto con Clientum.
324,simple,CTM-0326,Capacitación Integral en E-Commerce: Domina el Comercio Electrónico y Potencia tu Negocio,1,Capacitación integral en e-commerce: tu puerta de entrada al éxito en el comercio electrónico.,"Capacitación integral en e-commerce: tu puerta de entrada al éxito en el comercio electrónico. Pensado para PyMEs que buscan que su equipo aproveche al máximo las herramientas implementadas. Incluye acompañamiento del equipo de Clientum durante toda la implementación y soporte post-entrega. ¿Querés más información sobre ""Capacitación Integral en E-Commerce: Domina el Comercio Electrónico y Potencia tu Negocio""? Solicitá una demo sin cargo.",1,105.00,Capacitación,"Capacitación,Clientum,Multiplataforma",Multiplataforma,Capacitación,capacitación capacitación,Capacitación Integral en E-Commerce: Domina el Comercio Electrónico y Potencia tu Negocio: Capacitación integral en e-commerce: tu puerta de entrad... Pedí tu presupuesto con Clientum.
325,simple,CTM-0327,Capacitación básica: el primer paso para tu éxito profesional,1,"Capacitación básica: la clave para el éxito profesional. cursos en línea y presenciales, instructores expertos, material interactivo y certificación reconocida. mejora tus habilidades, avanza en tu carrera, gana confianz.","Capacitación básica: la clave para el éxito profesional. cursos en línea y presenciales, instructores expertos, material interactivo y certificación reconocida. mejora tus habilidades, avanza en tu carrera, gana confianz. Pensado para PyMEs que buscan que su equipo aproveche al máximo las herramientas implementadas. Incluye acompañamiento del equipo de Clientum durante toda la implementación y soporte post-entrega. ¿Querés más información sobre ""Capacitación básica: el primer paso para tu éxito profesional""? Solicitá una demo sin cargo.",1,112.00,Capacitación,"Capacitación,Clientum,Multiplataforma",Multiplataforma,Capacitación,capacitación capacitación,Capacitación básica: el primer paso para tu éxito profesional: Capacitación básica: la clave para el éxito profesional. cursos en línea y presencia... Pedí tu presupuesto con Clientum.
326,simple,CTM-0328,Capacitación y Entrenamiento en ERP: Maximiza la Adopción y Aprovechamiento de tu Sistema,1,Servicios de capacitación y entrenamiento en sistemas erp.,"Servicios de capacitación y entrenamiento en sistemas erp. Pensado para PyMEs que buscan que su equipo aproveche al máximo las herramientas implementadas. Incluye acompañamiento del equipo de Clientum durante toda la implementación y soporte post-entrega. ¿Querés más información sobre ""Capacitación y Entrenamiento en ERP: Maximiza la Adopción y Aprovechamiento de tu Sistema""? Solicitá una demo sin cargo.",1,128.00,Capacitación,"Capacitación,Clientum,Multiplataforma",Multiplataforma,Capacitación,capacitación capacitación,Capacitación y Entrenamiento en ERP: Maximiza la Adopción y Aprovechamiento de tu Sistema: Servicios de capacitación y entrenamiento en sistemas erp. Pedí tu presupuesto con Clientum.
327,simple,CTM-0329,Personalización de Experiencias en Tiempo Real,1,Personalización en tiempo real.,"Personalización en tiempo real. Pensado para PyMEs que buscan atraer y convertir más clientes con estrategias medibles. Incluye acompañamiento del equipo de Clientum durante toda la implementación y soporte post-entrega. ¿Querés más información sobre ""Personalización de Experiencias en Tiempo Real""? Solicitá una demo sin cargo.",1,9.00,Marketing Digital,"Clientum,Implementación,Marketing Digital,Multiplataforma",Multiplataforma,Implementación,marketing digital implementación,Personalización de Experiencias en Tiempo Real: Personalización en tiempo real. Pedí tu presupuesto con Clientum.
328,simple,CTM-0330,Servicio de Desarrollo de Programa de Afiliación: Aumenta el Tráfico y las Ventas de tu Ecommerce,1,Servicio de desarrollo de programa de afiliación para e-commerce: impulsa tu negocio online con alianzas estratégicas.,"Servicio de desarrollo de programa de afiliación para e-commerce: impulsa tu negocio online con alianzas estratégicas. Pensado para PyMEs que buscan atraer y convertir más clientes con estrategias medibles. Incluye acompañamiento del equipo de Clientum durante toda la implementación y soporte post-entrega. ¿Querés más información sobre ""Servicio de Desarrollo de Programa de Afiliación: Aumenta el Tráfico y las Ventas de tu Ecommerce""? Solicitá una demo sin cargo.",1,9.00,Marketing Digital,"Clientum,Implementación,Marketing Digital,Multiplataforma",Multiplataforma,Implementación,marketing digital implementación,Servicio de Desarrollo de Programa de Afiliación: Aumenta el Tráfico y las Ventas de tu Ecommerce: Servicio de desarrollo de programa de afiliación... Pedí tu presupuesto con Clientum.
329,simple,CTM-0331,Segmentación Avanzada para Estrategias de Marketing,1,Servicio de email marketing para ecommerce: tu aliado para conectar con tus clientes.,"Servicio de email marketing para ecommerce: tu aliado para conectar con tus clientes. Pensado para PyMEs que buscan atraer y convertir más clientes con estrategias medibles. Incluye acompañamiento del equipo de Clientum durante toda la implementación y soporte post-entrega. ¿Querés más información sobre ""Segmentación Avanzada para Estrategias de Marketing""? Solicitá una demo sin cargo.",1,825.00,Marketing Digital,"Clientum,Implementación,Marketing Digital,Multiplataforma",Multiplataforma,Implementación,marketing digital implementación,Segmentación Avanzada para Estrategias de Marketing: Servicio de email marketing para ecommerce: tu aliado para conectar con tus clientes. Pedí tu presupuesto con Clientum.
330,simple,CTM-0332,Recomendaciones de Productos Personalizadas,1,Recomendaciones personalizadas.,"Recomendaciones personalizadas. Pensado para PyMEs que buscan atraer y convertir más clientes con estrategias medibles. Incluye acompañamiento del equipo de Clientum durante toda la implementación y soporte post-entrega. ¿Querés más información sobre ""Recomendaciones de Productos Personalizadas""? Solicitá una demo sin cargo.",1,9.00,Marketing Digital,"Clientum,Implementación,Marketing Digital,Multiplataforma",Multiplataforma,Implementación,marketing digital implementación,Recomendaciones de Productos Personalizadas: Recomendaciones personalizadas. Pedí tu presupuesto con Clientum.
331,simple,CTM-0333,Content Creation and Management,1,Gestión de contenido.,"Gestión de contenido. Pensado para PyMEs que buscan atraer y convertir más clientes con estrategias medibles. Incluye acompañamiento del equipo de Clientum durante toda la implementación y soporte post-entrega. ¿Querés más información sobre ""Content Creation and Management""? Solicitá una demo sin cargo.",1,825.00,Marketing Digital,"Clientum,Implementación,Marketing Digital,Multiplataforma",Multiplataforma,Implementación,marketing digital implementación,Content Creation and Management: Gestión de contenido. Pedí tu presupuesto con Clientum.
332,simple,CTM-0334,Campaña de publicidad,1,Implementación de campañas de publicidad display para generar visibilidad y tráfico web.,"Implementación de campañas de publicidad display para generar visibilidad y tráfico web. Pensado para PyMEs que buscan atraer y convertir más clientes con estrategias medibles. Incluye acompañamiento del equipo de Clientum durante toda la implementación y soporte post-entrega. ¿Querés más información sobre ""Campaña de publicidad""? Solicitá una demo sin cargo.",1,825.00,Marketing Digital,"Clientum,Implementación,Marketing Digital,Multiplataforma",Multiplataforma,Implementación,marketing digital implementación,Campaña de publicidad: Implementación de campañas de publicidad display para generar visibilidad y tráfico web. Pedí tu presupuesto con Clientum.
333,simple,CTM-0335,SEO Basic Package,1,Seo avanzado.,"Seo avanzado. Pensado para PyMEs que buscan atraer y convertir más clientes con estrategias medibles. Incluye acompañamiento del equipo de Clientum durante toda la implementación y soporte post-entrega. ¿Querés más información sobre ""SEO Basic Package""? Solicitá una demo sin cargo.",1,75.00,Marketing Digital,"Clientum,Implementación,Marketing Digital,Multiplataforma",Multiplataforma,Implementación,marketing digital implementación,SEO Basic Package: Seo avanzado. Pedí tu presupuesto con Clientum.
334,simple,CTM-0336,Social Media Management,1,Ejecución de campañas de social media para aumentar la visibilidad y interacción de la marca.,"Ejecución de campañas de social media para aumentar la visibilidad y interacción de la marca. Pensado para PyMEs que buscan atraer y convertir más clientes con estrategias medibles. Incluye acompañamiento del equipo de Clientum durante toda la implementación y soporte post-entrega. ¿Querés más información sobre ""Social Media Management""? Solicitá una demo sin cargo.",1,75.00,Marketing Digital,"Clientum,Implementación,Marketing Digital,Multiplataforma",Multiplataforma,Implementación,marketing digital implementación,Social Media Management: Ejecución de campañas de social media para aumentar la visibilidad y interacción de la marca. Pedí tu presupuesto con Clientum.
335,simple,CTM-0337,Graphic Design Services,1,Diseño gráfico personalizado.,"Diseño gráfico personalizado. Pensado para PyMEs que buscan atraer y convertir más clientes con estrategias medibles. Incluye acompañamiento del equipo de Clientum durante toda la implementación y soporte post-entrega. ¿Querés más información sobre ""Graphic Design Services""? Solicitá una demo sin cargo.",1,825.00,Marketing Digital,"Clientum,Implementación,Marketing Digital,Multiplataforma",Multiplataforma,Implementación,marketing digital implementación,Graphic Design Services: Diseño gráfico personalizado. Pedí tu presupuesto con Clientum.
336,simple,CTM-0338,Diseño gráfico,1,"Servicios de creación de diseños gráficos, piezas de publicidad y materiales corporativos.","Servicios de creación de diseños gráficos, piezas de publicidad y materiales corporativos. Pensado para PyMEs que buscan atraer y convertir más clientes con estrategias medibles. Incluye acompañamiento del equipo de Clientum durante toda la implementación y soporte post-entrega. ¿Querés más información sobre ""Diseño gráfico""? Solicitá una demo sin cargo.",1,825.00,Marketing Digital,"Clientum,Implementación,Marketing Digital,Multiplataforma",Multiplataforma,Implementación,marketing digital implementación,"Diseño gráfico: Servicios de creación de diseños gráficos, piezas de publicidad y materiales corporativos. Pedí tu presupuesto con Clientum."
337,simple,CTM-0339,Filmación de video corporativo,1,"Producción de videos corporativos para fines de comunicación, marketing y promoción.","Producción de videos corporativos para fines de comunicación, marketing y promoción. Pensado para PyMEs que buscan atraer y convertir más clientes con estrategias medibles. Incluye acompañamiento del equipo de Clientum durante toda la implementación y soporte post-entrega. ¿Querés más información sobre ""Filmación de video corporativo""? Solicitá una demo sin cargo.",1,825.00,Marketing Digital,"Clientum,Implementación,Marketing Digital,Multiplataforma",Multiplataforma,Implementación,marketing digital implementación,"Filmación de video corporativo: Producción de videos corporativos para fines de comunicación, marketing y promoción. Pedí tu presupuesto con Clientum."
338,simple,CTM-0340,Generación De Leads,1,Herramienta de generación de contenidos.,"Herramienta de generación de contenidos. Pensado para PyMEs que buscan atraer y convertir más clientes con estrategias medibles. Incluye acompañamiento del equipo de Clientum durante toda la implementación y soporte post-entrega. ¿Querés más información sobre ""Generación De Leads""? Solicitá una demo sin cargo.",1,75.00,Marketing Digital,"Clientum,Implementación,Marketing Digital,Multiplataforma",Multiplataforma,Implementación,marketing digital implementación,Generación De Leads: Herramienta de generación de contenidos. Pedí tu presupuesto con Clientum.
339,simple,CTM-0341,Estrategia de SEO,1,Optimización del posicionamiento web orgánico para aumentar la visibilidad y tráfico.,"Optimización del posicionamiento web orgánico para aumentar la visibilidad y tráfico. Pensado para PyMEs que buscan atraer y convertir más clientes con estrategias medibles. Incluye acompañamiento del equipo de Clientum durante toda la implementación y soporte post-entrega. ¿Querés más información sobre ""Estrategia de SEO""? Solicitá una demo sin cargo.",1,712.00,Marketing Digital,"Clientum,Implementación,Marketing Digital,Multiplataforma",Multiplataforma,Implementación,marketing digital implementación,Estrategia de SEO: Optimización del posicionamiento web orgánico para aumentar la visibilidad y tráfico. Pedí tu presupuesto con Clientum.
340,simple,CTM-0342,Servicios de Marketing Multicanal Ecommerce,1,Servicios de estrategia de marketing digital para ecommerce.,"Servicios de estrategia de marketing digital para ecommerce. Pensado para PyMEs que buscan atraer y convertir más clientes con estrategias medibles. Incluye acompañamiento del equipo de Clientum durante toda la implementación y soporte post-entrega. ¿Querés más información sobre ""Servicios de Marketing Multicanal Ecommerce""? Solicitá una demo sin cargo.",1,75.00,Marketing Digital,"Clientum,Implementación,Marketing Digital,Multiplataforma",Multiplataforma,Implementación,marketing digital implementación,Servicios de Marketing Multicanal Ecommerce: Servicios de estrategia de marketing digital para ecommerce. Pedí tu presupuesto con Clientum.
341,simple,CTM-0343,Animación 2D,1,Producción de animaciones 2D para comunicar mensajes de marca de manera creativa.,"Producción de animaciones 2D para comunicar mensajes de marca de manera creativa. Pensado para PyMEs que buscan atraer y convertir más clientes con estrategias medibles. Incluye acompañamiento del equipo de Clientum durante toda la implementación y soporte post-entrega. ¿Querés más información sobre ""Animación 2D""? Solicitá una demo sin cargo.",1,712.00,Marketing Digital,"Clientum,Implementación,Marketing Digital,Multiplataforma",Multiplataforma,Implementación,marketing digital implementación,Animación 2D: Producción de animaciones 2D para comunicar mensajes de marca de manera creativa. Pedí tu presupuesto con Clientum.
342,simple,CTM-0344,Producción de video,1,Creación de un programa de podcast para ofrecer contenido de valor a los oyentes.,"Creación de un programa de podcast para ofrecer contenido de valor a los oyentes. Pensado para PyMEs que buscan atraer y convertir más clientes con estrategias medibles. Incluye acompañamiento del equipo de Clientum durante toda la implementación y soporte post-entrega. ¿Querés más información sobre ""Producción de video""? Solicitá una demo sin cargo.",1,675.00,Marketing Digital,"Clientum,Implementación,Marketing Digital,Multiplataforma",Multiplataforma,Implementación,marketing digital implementación,Producción de video: Creación de un programa de podcast para ofrecer contenido de valor a los oyentes. Pedí tu presupuesto con Clientum.
343,simple,CTM-0345,Automatización de Campañas de Marketing,1,Servicios de automatización de marketing para ecommerce.,"Servicios de automatización de marketing para ecommerce. Pensado para PyMEs que buscan atraer y convertir más clientes con estrategias medibles. Incluye acompañamiento del equipo de Clientum durante toda la implementación y soporte post-entrega. ¿Querés más información sobre ""Automatización de Campañas de Marketing""? Solicitá una demo sin cargo.",1,638.00,Marketing Digital,"Clientum,Implementación,Marketing Digital,Multiplataforma",Multiplataforma,Implementación,marketing digital implementación,Automatización de Campañas de Marketing: Servicios de automatización de marketing para ecommerce. Pedí tu presupuesto con Clientum.
344,simple,CTM-0346,Diseño de identidad de marca,1,Diseño de la identidad visual de una marca para fortalecer su posicionamiento.,"Diseño de la identidad visual de una marca para fortalecer su posicionamiento. Pensado para PyMEs que buscan atraer y convertir más clientes con estrategias medibles. Incluye acompañamiento del equipo de Clientum durante toda la implementación y soporte post-entrega. ¿Querés más información sobre ""Diseño de identidad de marca""? Solicitá una demo sin cargo.",1,675.00,Marketing Digital,"Clientum,Implementación,Marketing Digital,Multiplataforma",Multiplataforma,Implementación,marketing digital implementación,Diseño de identidad de marca: Diseño de la identidad visual de una marca para fortalecer su posicionamiento. Pedí tu presupuesto con Clientum.
345,simple,CTM-0347,Servicio de SEO,1,Servicio de optimización seo para mejorar el posicionamiento web.,"Servicio de optimización seo para mejorar el posicionamiento web. Pensado para PyMEs que buscan atraer y convertir más clientes con estrategias medibles. Incluye acompañamiento del equipo de Clientum durante toda la implementación y soporte post-entrega. ¿Querés más información sobre ""Servicio de SEO""? Solicitá una demo sin cargo.",1,675.00,Marketing Digital,"Clientum,Implementación,Marketing Digital,Multiplataforma",Multiplataforma,Implementación,marketing digital implementación,Servicio de SEO: Servicio de optimización seo para mejorar el posicionamiento web. Pedí tu presupuesto con Clientum.
346,simple,CTM-0348,Keyword Optimization for SEO,1,Optimización de palabras clave.,"Optimización de palabras clave. Pensado para PyMEs que buscan atraer y convertir más clientes con estrategias medibles. Incluye acompañamiento del equipo de Clientum durante toda la implementación y soporte post-entrega. ¿Querés más información sobre ""Keyword Optimization for SEO""? Solicitá una demo sin cargo.",1,525.00,Marketing Digital,"Clientum,Implementación,Marketing Digital,Multiplataforma",Multiplataforma,Implementación,marketing digital implementación,Keyword Optimization for SEO: Optimización de palabras clave. Pedí tu presupuesto con Clientum.
347,simple,CTM-0349,Marketing Digital con IA,1,Servicios de consultoría en estrategia y ejecución de marketing digital.,"Servicios de consultoría en estrategia y ejecución de marketing digital. Pensado para PyMEs que buscan atraer y convertir más clientes con estrategias medibles. Incluye acompañamiento del equipo de Clientum durante toda la implementación y soporte post-entrega. ¿Querés más información sobre ""Marketing Digital con IA""? Solicitá una demo sin cargo.",1,525.00,Marketing Digital,"Clientum,Consultoría,Marketing Digital,Multiplataforma",Multiplataforma,Consultoría,marketing digital consultoría,Marketing Digital con IA: Servicios de consultoría en estrategia y ejecución de marketing digital. Pedí tu presupuesto con Clientum.
348,simple,CTM-0350,Optimización Seo,1,Servicio de optimización de seo para posicionamiento web.,"Servicio de optimización de seo para posicionamiento web. Pensado para PyMEs que buscan atraer y convertir más clientes con estrategias medibles. Incluye acompañamiento del equipo de Clientum durante toda la implementación y soporte post-entrega. ¿Querés más información sobre ""Optimización Seo""? Solicitá una demo sin cargo.",1,562.00,Marketing Digital,"Clientum,Implementación,Marketing Digital,Multiplataforma",Multiplataforma,Implementación,marketing digital implementación,Optimización Seo: Servicio de optimización de seo para posicionamiento web. Pedí tu presupuesto con Clientum.
349,simple,CTM-0351,Gestión de Redes Sociales,1,Planificación y gestión de la estrategia de redes sociales de una empresa.,"Planificación y gestión de la estrategia de redes sociales de una empresa. Pensado para PyMEs que buscan atraer y convertir más clientes con estrategias medibles. Incluye acompañamiento del equipo de Clientum durante toda la implementación y soporte post-entrega. ¿Querés más información sobre ""Gestión de Redes Sociales""? Solicitá una demo sin cargo.",1,562.00,Marketing Digital,"Clientum,Implementación,Marketing Digital,Multiplataforma",Multiplataforma,Implementación,marketing digital implementación,Gestión de Redes Sociales: Planificación y gestión de la estrategia de redes sociales de una empresa. Pedí tu presupuesto con Clientum.
350,simple,CTM-0352,Campañas SEM,1,Plataforma de gestión de campañas de marketing con ia.,"Plataforma de gestión de campañas de marketing con ia. Pensado para PyMEs que buscan atraer y convertir más clientes con estrategias medibles. Incluye acompañamiento del equipo de Clientum durante toda la implementación y soporte post-entrega. ¿Querés más información sobre ""Campañas SEM""? Solicitá una demo sin cargo.",1,6.00,Marketing Digital,"Clientum,Implementación,Marketing Digital,Multiplataforma",Multiplataforma,Implementación,marketing digital implementación,Campañas SEM: Plataforma de gestión de campañas de marketing con ia. Pedí tu presupuesto con Clientum.
351,simple,CTM-0353,Posicionamiento SEO,1,"Servicio de optimización SEO para e-commerce que mejora la visibilidad, atrae tráfico calificado, aumenta las conversiones y genera un retorno de la inversión.","Servicio de optimización SEO para e-commerce que mejora la visibilidad, atrae tráfico calificado, aumenta las conversiones y genera un retorno de la inversión. Pensado para PyMEs que buscan atraer y convertir más clientes con estrategias medibles. Incluye acompañamiento del equipo de Clientum durante toda la implementación y soporte post-entrega. ¿Querés más información sobre ""Posicionamiento SEO""? Solicitá una demo sin cargo.",1,6.00,Marketing Digital,"Clientum,Implementación,Marketing Digital,Multiplataforma",Multiplataforma,Implementación,marketing digital implementación,"Posicionamiento SEO: Servicio de optimización SEO para e-commerce que mejora la visibilidad, atrae tráfico calificado, aumenta las conversiones y g... Pedí tu presupuesto con Clientum."
352,simple,CTM-0354,Campañas de Marketing para Ecommerce: Atrae y Fideliza Clientes en Línea,1,Campañas de marketing para ecommerce: impulsa tu negocio online.,"Campañas de marketing para ecommerce: impulsa tu negocio online. Pensado para PyMEs que buscan atraer y convertir más clientes con estrategias medibles. Incluye acompañamiento del equipo de Clientum durante toda la implementación y soporte post-entrega. ¿Querés más información sobre ""Campañas de Marketing para Ecommerce: Atrae y Fideliza Clientes en Línea""? Solicitá una demo sin cargo.",1,6.00,Marketing Digital,"Clientum,Implementación,Marketing Digital,Multiplataforma",Multiplataforma,Implementación,marketing digital implementación,Campañas de Marketing para Ecommerce: Atrae y Fideliza Clientes en Línea: Campañas de marketing para ecommerce: impulsa tu negocio online. Pedí tu presupuesto con Clientum.
353,simple,CTM-0355,Video Spot Publicitario Básico,1,Video spot publicitario.,"Video spot publicitario. Pensado para PyMEs que buscan atraer y convertir más clientes con estrategias medibles. Incluye acompañamiento del equipo de Clientum durante toda la implementación y soporte post-entrega. ¿Querés más información sobre ""Video Spot Publicitario Básico""? Solicitá una demo sin cargo.",1,638.00,Marketing Digital,"Clientum,Implementación,Marketing Digital,Multiplataforma",Multiplataforma,Implementación,marketing digital implementación,Video Spot Publicitario Básico: Video spot publicitario. Pedí tu presupuesto con Clientum.
354,simple,CTM-0356,Identificación de leads calificados,1,Identificación de leads.,"Identificación de leads. Pensado para PyMEs que buscan atraer y convertir más clientes con estrategias medibles. Incluye acompañamiento del equipo de Clientum durante toda la implementación y soporte post-entrega. ¿Querés más información sobre ""Identificación de leads calificados""? Solicitá una demo sin cargo.",1,638.00,Marketing Digital,"Clientum,Implementación,Marketing Digital,Multiplataforma",Multiplataforma,Implementación,marketing digital implementación,Identificación de leads calificados: Identificación de leads. Pedí tu presupuesto con Clientum.
355,simple,CTM-0357,Copywriting,1,Servicio de gestión de contenidos y copywriting para ecommerce.,"Servicio de gestión de contenidos y copywriting para ecommerce. Pensado para PyMEs que buscan atraer y convertir más clientes con estrategias medibles. Incluye acompañamiento del equipo de Clientum durante toda la implementación y soporte post-entrega. ¿Querés más información sobre ""Copywriting""? Solicitá una demo sin cargo.",1,525.00,Marketing Digital,"Clientum,Implementación,Marketing Digital,Multiplataforma",Multiplataforma,Implementación,marketing digital implementación,Copywriting: Servicio de gestión de contenidos y copywriting para ecommerce. Pedí tu presupuesto con Clientum.
356,simple,CTM-0358,Servicios de Implementación de Cupones y Promociones Ecommerce,1,Servicios de implementación de cupones y promociones para ecommerce.,"Servicios de implementación de cupones y promociones para ecommerce. Pensado para PyMEs que buscan atraer y convertir más clientes con estrategias medibles. Incluye acompañamiento del equipo de Clientum durante toda la implementación y soporte post-entrega. ¿Querés más información sobre ""Servicios de Implementación de Cupones y Promociones Ecommerce""? Solicitá una demo sin cargo.",1,488.00,Marketing Digital,"Clientum,Implementación,Marketing Digital,Multiplataforma",Multiplataforma,Implementación,marketing digital implementación,Servicios de Implementación de Cupones y Promociones Ecommerce: Servicios de implementación de cupones y promociones para ecommerce. Pedí tu presupuesto con Clientum.
357,simple,CTM-0359,Video promocional,1,"Creación de contenido audiovisual para promocionar una marca, producto o servicio.","Creación de contenido audiovisual para promocionar una marca, producto o servicio. Pensado para PyMEs que buscan atraer y convertir más clientes con estrategias medibles. Incluye acompañamiento del equipo de Clientum durante toda la implementación y soporte post-entrega. ¿Querés más información sobre ""Video promocional""? Solicitá una demo sin cargo.",1,488.00,Marketing Digital,"Clientum,Implementación,Marketing Digital,Multiplataforma",Multiplataforma,Implementación,marketing digital implementación,"Video promocional: Creación de contenido audiovisual para promocionar una marca, producto o servicio. Pedí tu presupuesto con Clientum."
358,simple,CTM-0360,Desarrollo de Contenido para Ecommerce: Mejora el Engagement y la Experiencia del Cliente,1,Generación de contenido para tiendas virtuales.,"Generación de contenido para tiendas virtuales. Pensado para PyMEs que buscan atraer y convertir más clientes con estrategias medibles. Incluye acompañamiento del equipo de Clientum durante toda la implementación y soporte post-entrega. ¿Querés más información sobre ""Desarrollo de Contenido para Ecommerce: Mejora el Engagement y la Experiencia del Cliente""? Solicitá una demo sin cargo.",1,488.00,Marketing Digital,"Clientum,Implementación,Marketing Digital,Multiplataforma",Multiplataforma,Implementación,marketing digital implementación,Desarrollo de Contenido para Ecommerce: Mejora el Engagement y la Experiencia del Cliente: Generación de contenido para tiendas virtuales. Pedí tu presupuesto con Clientum.
359,simple,CTM-0361,Creación de contenido,1,Desarrollo de contenidos estratégicos para atraer y fidelizar a la audiencia.,"Desarrollo de contenidos estratégicos para atraer y fidelizar a la audiencia. Pensado para PyMEs que buscan atraer y convertir más clientes con estrategias medibles. Incluye acompañamiento del equipo de Clientum durante toda la implementación y soporte post-entrega. ¿Querés más información sobre ""Creación de contenido""? Solicitá una demo sin cargo.",1,412.00,Marketing Digital,"Clientum,Implementación,Marketing Digital,Multiplataforma",Multiplataforma,Implementación,marketing digital implementación,Creación de contenido: Desarrollo de contenidos estratégicos para atraer y fidelizar a la audiencia. Pedí tu presupuesto con Clientum.
360,simple,CTM-0362,Diseño de empaques,1,Diseño de empaques y etiquetas para resaltar la presencia de los productos en el mercado.,"Diseño de empaques y etiquetas para resaltar la presencia de los productos en el mercado. Pensado para PyMEs que buscan atraer y convertir más clientes con estrategias medibles. Incluye acompañamiento del equipo de Clientum durante toda la implementación y soporte post-entrega. ¿Querés más información sobre ""Diseño de empaques""? Solicitá una demo sin cargo.",1,45.00,Marketing Digital,"Clientum,Implementación,Marketing Digital,Multiplataforma",Multiplataforma,Implementación,marketing digital implementación,Diseño de empaques: Diseño de empaques y etiquetas para resaltar la presencia de los productos en el mercado. Pedí tu presupuesto con Clientum.
361,simple,CTM-0363,Campaña de Remarketing: Recupera clientes potenciales y aumenta tus ventas,1,Servicio de campaña de remarketing para ecommerce.,"Servicio de campaña de remarketing para ecommerce. Pensado para PyMEs que buscan atraer y convertir más clientes con estrategias medibles. Incluye acompañamiento del equipo de Clientum durante toda la implementación y soporte post-entrega. ¿Querés más información sobre ""Campaña de Remarketing: Recupera clientes potenciales y aumenta tus ventas""? Solicitá una demo sin cargo.",1,45.00,Marketing Digital,"Clientum,Implementación,Marketing Digital,Multiplataforma",Multiplataforma,Implementación,marketing digital implementación,Campaña de Remarketing: Recupera clientes potenciales y aumenta tus ventas: Servicio de campaña de remarketing para ecommerce. Pedí tu presupuesto con Clientum.
362,simple,CTM-0364,Email Marketing con IA,1,Servicio de email marketing para campañas efectivas.,"Servicio de email marketing para campañas efectivas. Pensado para PyMEs que buscan atraer y convertir más clientes con estrategias medibles. Incluye acompañamiento del equipo de Clientum durante toda la implementación y soporte post-entrega. ¿Querés más información sobre ""Email Marketing con IA""? Solicitá una demo sin cargo.",1,375.00,Marketing Digital,"Clientum,Implementación,Marketing Digital,Multiplataforma",Multiplataforma,Implementación,marketing digital implementación,Email Marketing con IA: Servicio de email marketing para campañas efectivas. Pedí tu presupuesto con Clientum.
363,simple,CTM-0365,Auditoría SEO,1,Evaluación y optimización del posicionamiento en buscadores.,"Evaluación y optimización del posicionamiento en buscadores. Pensado para PyMEs que buscan atraer y convertir más clientes con estrategias medibles. Incluye acompañamiento del equipo de Clientum durante toda la implementación y soporte post-entrega. ¿Querés más información sobre ""Auditoría SEO""? Solicitá una demo sin cargo.",1,375.00,Marketing Digital,"Clientum,Consultoría,Marketing Digital,Multiplataforma",Multiplataforma,Consultoría,marketing digital consultoría,Auditoría SEO: Evaluación y optimización del posicionamiento en buscadores. Pedí tu presupuesto con Clientum.
364,simple,CTM-0366,Campañas de Google Ads,1,Campaña de google ads: impulsa tu negocio a nuevas alturas.,"Campaña de google ads: impulsa tu negocio a nuevas alturas. Pensado para PyMEs que buscan atraer y convertir más clientes con estrategias medibles. Incluye acompañamiento del equipo de Clientum durante toda la implementación y soporte post-entrega. ¿Querés más información sobre ""Campañas de Google Ads""? Solicitá una demo sin cargo.",1,412.00,Marketing Digital,"Clientum,Implementación,Marketing Digital,Multiplataforma",Multiplataforma,Implementación,marketing digital implementación,Campañas de Google Ads: Campaña de google ads: impulsa tu negocio a nuevas alturas. Pedí tu presupuesto con Clientum.
365,simple,CTM-0367,Diseño de imagen de marca,1,Servicio de diseño de imagen de marca completa.,"Servicio de diseño de imagen de marca completa. Pensado para PyMEs que buscan atraer y convertir más clientes con estrategias medibles. Incluye acompañamiento del equipo de Clientum durante toda la implementación y soporte post-entrega. ¿Querés más información sobre ""Diseño de imagen de marca""? Solicitá una demo sin cargo.",1,412.00,Marketing Digital,"Clientum,Implementación,Marketing Digital,Multiplataforma",Multiplataforma,Implementación,marketing digital implementación,Diseño de imagen de marca: Servicio de diseño de imagen de marca completa. Pedí tu presupuesto con Clientum.
366,simple,CTM-0368,Plataforma de Gestión de Afiliados,1,Publicidad y promoción en plataformas de comercio electrónico.,"Publicidad y promoción en plataformas de comercio electrónico. Pensado para PyMEs que buscan atraer y convertir más clientes con estrategias medibles. Incluye acompañamiento del equipo de Clientum durante toda la implementación y soporte post-entrega. ¿Querés más información sobre ""Plataforma de Gestión de Afiliados""? Solicitá una demo sin cargo.",1,338.00,Marketing Digital,"Clientum,Implementación,Marketing Digital,Multiplataforma",Multiplataforma,Implementación,marketing digital implementación,Plataforma de Gestión de Afiliados: Publicidad y promoción en plataformas de comercio electrónico. Pedí tu presupuesto con Clientum.
367,simple,CTM-0369,Edición de video,1,Servicio de post-producción de videos corporativos y de marketing.,"Servicio de post-producción de videos corporativos y de marketing. Pensado para PyMEs que buscan atraer y convertir más clientes con estrategias medibles. Incluye acompañamiento del equipo de Clientum durante toda la implementación y soporte post-entrega. ¿Querés más información sobre ""Edición de video""? Solicitá una demo sin cargo.",1,375.00,Marketing Digital,"Clientum,Implementación,Marketing Digital,Multiplataforma",Multiplataforma,Implementación,marketing digital implementación,Edición de video: Servicio de post-producción de videos corporativos y de marketing. Pedí tu presupuesto con Clientum.
368,simple,CTM-0370,Diseño de material impreso,1,Servicio de diseño de material impreso corporativo y de marketing.,"Servicio de diseño de material impreso corporativo y de marketing. Pensado para PyMEs que buscan atraer y convertir más clientes con estrategias medibles. Incluye acompañamiento del equipo de Clientum durante toda la implementación y soporte post-entrega. ¿Querés más información sobre ""Diseño de material impreso""? Solicitá una demo sin cargo.",1,3.00,Marketing Digital,"Clientum,Implementación,Marketing Digital,Multiplataforma",Multiplataforma,Implementación,marketing digital implementación,Diseño de material impreso: Servicio de diseño de material impreso corporativo y de marketing. Pedí tu presupuesto con Clientum.
369,simple,CTM-0371,Campaña publicitaria en Facebook e Instagram,1,"Servicio de publicidad en facebook ads para llegar a tu público objetivo, generar clientes potenciales y aumentar las ventas.","Servicio de publicidad en facebook ads para llegar a tu público objetivo, generar clientes potenciales y aumentar las ventas. Pensado para PyMEs que buscan atraer y convertir más clientes con estrategias medibles. Incluye acompañamiento del equipo de Clientum durante toda la implementación y soporte post-entrega. ¿Querés más información sobre ""Campaña publicitaria en Facebook e Instagram""? Solicitá una demo sin cargo.",1,338.00,Marketing Digital,"Clientum,Implementación,Marketing Digital,Multiplataforma",Multiplataforma,Implementación,marketing digital implementación,"Campaña publicitaria en Facebook e Instagram: Servicio de publicidad en facebook ads para llegar a tu público objetivo, generar clientes potenciale... Pedí tu presupuesto con Clientum."
370,simple,CTM-0372,Diseño de infografía,1,Servicio de fotografía de productos para catálogos y ecommerce.,"Servicio de fotografía de productos para catálogos y ecommerce. Pensado para PyMEs que buscan atraer y convertir más clientes con estrategias medibles. Incluye acompañamiento del equipo de Clientum durante toda la implementación y soporte post-entrega. ¿Querés más información sobre ""Diseño de infografía""? Solicitá una demo sin cargo.",1,3.00,Marketing Digital,"Clientum,Implementación,Marketing Digital,Multiplataforma",Multiplataforma,Implementación,marketing digital implementación,Diseño de infografía: Servicio de fotografía de productos para catálogos y ecommerce. Pedí tu presupuesto con Clientum.
371,simple,CTM-0373,Retoque fotográfico,1,Servicio de retoque y edición avanzada de fotografías.,"Servicio de retoque y edición avanzada de fotografías. Pensado para PyMEs que buscan atraer y convertir más clientes con estrategias medibles. Incluye acompañamiento del equipo de Clientum durante toda la implementación y soporte post-entrega. ¿Querés más información sobre ""Retoque fotográfico""? Solicitá una demo sin cargo.",1,3.00,Marketing Digital,"Clientum,Implementación,Marketing Digital,Multiplataforma",Multiplataforma,Implementación,marketing digital implementación,Retoque fotográfico: Servicio de retoque y edición avanzada de fotografías. Pedí tu presupuesto con Clientum.
372,simple,CTM-0374,Gestión de Anuncios Facebook,1,Gestión de anuncios y creación de contenido básico facebook.,"Gestión de anuncios y creación de contenido básico facebook. Pensado para PyMEs que buscan atraer y convertir más clientes con estrategias medibles. Incluye acompañamiento del equipo de Clientum durante toda la implementación y soporte post-entrega. ¿Querés más información sobre ""Gestión de Anuncios Facebook""? Solicitá una demo sin cargo.",1,262.00,Marketing Digital,"Clientum,Implementación,Marketing Digital,Multiplataforma",Multiplataforma,Implementación,marketing digital implementación,Gestión de Anuncios Facebook: Gestión de anuncios y creación de contenido básico facebook. Pedí tu presupuesto con Clientum.
373,simple,CTM-0375,Diseño de logotipo,1,Servicio de diseño profesional de logotipos.,"Servicio de diseño profesional de logotipos. Pensado para PyMEs que buscan atraer y convertir más clientes con estrategias medibles. Incluye acompañamiento del equipo de Clientum durante toda la implementación y soporte post-entrega. ¿Querés más información sobre ""Diseño de logotipo""? Solicitá una demo sin cargo.",1,262.00,Marketing Digital,"Clientum,Implementación,Marketing Digital,Multiplataforma",Multiplataforma,Implementación,marketing digital implementación,Diseño de logotipo: Servicio de diseño profesional de logotipos. Pedí tu presupuesto con Clientum.
374,simple,CTM-0376,Diseño de folleto,1,Diseño de piezas gráficas impresas para marketing.,"Diseño de piezas gráficas impresas para marketing. Pensado para PyMEs que buscan atraer y convertir más clientes con estrategias medibles. Incluye acompañamiento del equipo de Clientum durante toda la implementación y soporte post-entrega. ¿Querés más información sobre ""Diseño de folleto""? Solicitá una demo sin cargo.",1,262.00,Marketing Digital,"Clientum,Implementación,Marketing Digital,Multiplataforma",Multiplataforma,Implementación,marketing digital implementación,Diseño de folleto: Diseño de piezas gráficas impresas para marketing. Pedí tu presupuesto con Clientum.
375,simple,CTM-0377,Análisis De Datos De Marketing,1,Solución de análisis de atribución de marketing con ia.,"Solución de análisis de atribución de marketing con ia. Pensado para PyMEs que buscan atraer y convertir más clientes con estrategias medibles. Incluye acompañamiento del equipo de Clientum durante toda la implementación y soporte post-entrega. ¿Querés más información sobre ""Análisis De Datos De Marketing""? Solicitá una demo sin cargo.",1,225.00,Marketing Digital,"Clientum,Implementación,Marketing Digital,Multiplataforma",Multiplataforma,Implementación,marketing digital implementación,Análisis De Datos De Marketing: Solución de análisis de atribución de marketing con ia. Pedí tu presupuesto con Clientum.
376,simple,CTM-0378,Lead Scoring con IA,1,Solución de lead scoring basada en ia.,"Solución de lead scoring basada en ia. Pensado para PyMEs que buscan atraer y convertir más clientes con estrategias medibles. Incluye acompañamiento del equipo de Clientum durante toda la implementación y soporte post-entrega. ¿Querés más información sobre ""Lead Scoring con IA""? Solicitá una demo sin cargo.",1,225.00,Marketing Digital,"Clientum,Implementación,Marketing Digital,Multiplataforma",Multiplataforma,Implementación,marketing digital implementación,Lead Scoring con IA: Solución de lead scoring basada en ia. Pedí tu presupuesto con Clientum.
377,simple,CTM-0379,Diseño de presentación,1,Desarrollo de presentaciones empresariales cautivadoras.,"Desarrollo de presentaciones empresariales cautivadoras. Pensado para PyMEs que buscan atraer y convertir más clientes con estrategias medibles. Incluye acompañamiento del equipo de Clientum durante toda la implementación y soporte post-entrega. ¿Querés más información sobre ""Diseño de presentación""? Solicitá una demo sin cargo.",1,225.00,Marketing Digital,"Clientum,Implementación,Marketing Digital,Multiplataforma",Multiplataforma,Implementación,marketing digital implementación,Diseño de presentación: Desarrollo de presentaciones empresariales cautivadoras. Pedí tu presupuesto con Clientum.
378,simple,CTM-0380,Optimización SEO Completa: Mejora tu visibilidad online y aumenta tus ventas,1,"Optimización SEO completa: la clave para el éxito en línea. mejora tu visibilidad, atrae tráfico calificado y aumenta las conversiones con nuestra solución integral de SEO.","Optimización SEO completa: la clave para el éxito en línea. mejora tu visibilidad, atrae tráfico calificado y aumenta las conversiones con nuestra solución integral de SEO. Pensado para PyMEs que buscan atraer y convertir más clientes con estrategias medibles. Incluye acompañamiento del equipo de Clientum durante toda la implementación y soporte post-entrega. ¿Querés más información sobre ""Optimización SEO Completa: Mejora tu visibilidad online y aumenta tus ventas""? Solicitá una demo sin cargo.",1,188.00,Marketing Digital,"Clientum,Implementación,Marketing Digital,Multiplataforma",Multiplataforma,Implementación,marketing digital implementación,Optimización SEO Completa: Mejora tu visibilidad online y aumenta tus ventas: Optimización SEO completa: la clave para el éxito en línea. mejora tu... Pedí tu presupuesto con Clientum.
379,simple,CTM-0381,"Servicio de Gestión de Contenidos para Ecommerce: Planificación, Creación y Optimización SEO",1,"Servicio de gestión de campañas de publicidad digital para ecommerce: gestión integral, segmentación precisa, análisis avanzado, automatización y reportes detallados para potenciar tu negocio online.","Servicio de gestión de campañas de publicidad digital para ecommerce: gestión integral, segmentación precisa, análisis avanzado, automatización y reportes detallados para potenciar tu negocio online. Pensado para PyMEs que buscan atraer y convertir más clientes con estrategias medibles. Incluye acompañamiento del equipo de Clientum durante toda la implementación y soporte post-entrega. ¿Querés más información sobre ""Servicio de Gestión de Contenidos para Ecommerce: Planificación, Creación y Optimización SEO""? Solicitá una demo sin cargo.",1,188.00,Marketing Digital,"Clientum,Implementación,Marketing Digital,Multiplataforma",Multiplataforma,Implementación,marketing digital implementación,"Servicio de Gestión de Contenidos para Ecommerce: Planificación, Creación y Optimización SEO: Servicio de gestión de campañas de publicidad digital... Pedí tu presupuesto con Clientum."
380,simple,CTM-0382,Colaboración y Trabajo Remoto,1,"Servicios de consultoría y construcción de soluciones de gestión de proyectos, comunicación, seguimiento de tareas y trabajo remoto para mejorar la productividad y coordinación de equipos.","Servicios de consultoría y construcción de soluciones de gestión de proyectos, comunicación, seguimiento de tareas y trabajo remoto para mejorar la productividad y coordinación de equipos. Pensado para PyMEs que buscan mejorar la colaboración interna y con clientes. Incluye acompañamiento del equipo de Clientum durante toda la implementación y soporte post-entrega. ¿Querés más información sobre ""Colaboración y Trabajo Remoto""? Solicitá una demo sin cargo.",1,135.00,Comunicación,"Clientum,Comunicación,Consultoría,Multiplataforma",Multiplataforma,Consultoría,comunicación consultoría,"Colaboración y Trabajo Remoto: Servicios de consultoría y construcción de soluciones de gestión de proyectos, comunicación, seguimiento de tareas y... Pedí tu presupuesto con Clientum."
381,simple,CTM-0383,Plataformas de Comunicación,1,Colaboración en línea.,"Colaboración en línea. Pensado para PyMEs que buscan mejorar la colaboración interna y con clientes. Incluye acompañamiento del equipo de Clientum durante toda la implementación y soporte post-entrega. ¿Querés más información sobre ""Plataformas de Comunicación""? Solicitá una demo sin cargo.",1,12.00,Comunicación,"Clientum,Comunicación,Implementación,Multiplataforma",Multiplataforma,Implementación,comunicación implementación,Plataformas de Comunicación: Colaboración en línea. Pedí tu presupuesto con Clientum.
382,simple,CTM-0384,Implementación de Sistemas de Telefonía IP,1,"Servicios de consultoría y desarrollo de soluciones de trabajo remoto, comunicación y coordinación.","Servicios de consultoría y desarrollo de soluciones de trabajo remoto, comunicación y coordinación. Pensado para PyMEs que buscan mejorar la colaboración interna y con clientes. Incluye acompañamiento del equipo de Clientum durante toda la implementación y soporte post-entrega. ¿Querés más información sobre ""Implementación de Sistemas de Telefonía IP""? Solicitá una demo sin cargo.",1,975.00,Comunicación,"Clientum,Comunicación,Consultoría,Multiplataforma",Multiplataforma,Consultoría,comunicación consultoría,"Implementación de Sistemas de Telefonía IP: Servicios de consultoría y desarrollo de soluciones de trabajo remoto, comunicación y coordinación. Pedí tu presupuesto con Clientum."
383,simple,CTM-0385,Plataforma de Gestión de Eventos Virtuales,1,Gestión de eventos virtuales.,"Gestión de eventos virtuales. Pensado para PyMEs que buscan mejorar la colaboración interna y con clientes. Incluye acompañamiento del equipo de Clientum durante toda la implementación y soporte post-entrega. ¿Querés más información sobre ""Plataforma de Gestión de Eventos Virtuales""? Solicitá una demo sin cargo.",1,75.00,Comunicación,"Clientum,Comunicación,Implementación,Multiplataforma",Multiplataforma,Implementación,comunicación implementación,Plataforma de Gestión de Eventos Virtuales: Gestión de eventos virtuales. Pedí tu presupuesto con Clientum.
384,simple,CTM-0386,Videoconferencias Seguras y Eficientes,1,Videoconferencias seguras.,"Videoconferencias seguras. Pensado para PyMEs que buscan mejorar la colaboración interna y con clientes. Incluye acompañamiento del equipo de Clientum durante toda la implementación y soporte post-entrega. ¿Querés más información sobre ""Videoconferencias Seguras y Eficientes""? Solicitá una demo sin cargo.",1,6.00,Comunicación,"Clientum,Comunicación,Implementación,Multiplataforma",Multiplataforma,Implementación,comunicación implementación,Videoconferencias Seguras y Eficientes: Videoconferencias seguras. Pedí tu presupuesto con Clientum.
385,simple,CTM-0387,Mantenimiento de Sistemas de Videoconferencia,1,Mantenimiento de videoconferencias.,"Mantenimiento de videoconferencias. Pensado para PyMEs que buscan mejorar la colaboración interna y con clientes. Incluye acompañamiento del equipo de Clientum durante toda la implementación y soporte post-entrega. ¿Querés más información sobre ""Mantenimiento de Sistemas de Videoconferencia""? Solicitá una demo sin cargo.",1,412.00,Comunicación,"Clientum,Comunicación,Multiplataforma,Soporte",Multiplataforma,Soporte,comunicación soporte,Mantenimiento de Sistemas de Videoconferencia: Mantenimiento de videoconferencias. Pedí tu presupuesto con Clientum.
386,simple,CTM-0388,Optimización de redes corporativas,1,Optimización de redes.,"Optimización de redes. Pensado para PyMEs que buscan mejorar la colaboración interna y con clientes. Incluye acompañamiento del equipo de Clientum durante toda la implementación y soporte post-entrega. ¿Querés más información sobre ""Optimización de redes corporativas""? Solicitá una demo sin cargo.",1,225.00,Comunicación,"Clientum,Comunicación,Implementación,Multiplataforma",Multiplataforma,Implementación,comunicación implementación,Optimización de redes corporativas: Optimización de redes. Pedí tu presupuesto con Clientum.
387,simple,CTM-0389,Hosting Corporativo,1,Hosting corporativo.,"Hosting corporativo. Pensado para PyMEs que buscan contar con infraestructura estable, rápida y segura. Incluye acompañamiento del equipo de Clientum durante toda la implementación y soporte post-entrega. ¿Querés más información sobre ""Hosting Corporativo""? Solicitá una demo sin cargo.",1,6.00,Hosting e Infraestructura,"Clientum,Hosting e Infraestructura,Implementación,Multiplataforma",Multiplataforma,Implementación,hosting e infraestructura implementación,Hosting Corporativo: Hosting corporativo. Pedí tu presupuesto con Clientum.
388,simple,CTM-0390,Soluciones de Hosting Confiables y Seguras,1,Soluciones de hosting.,"Soluciones de hosting. Pensado para PyMEs que buscan contar con infraestructura estable, rápida y segura. Incluye acompañamiento del equipo de Clientum durante toda la implementación y soporte post-entrega. ¿Querés más información sobre ""Soluciones de Hosting Confiables y Seguras""? Solicitá una demo sin cargo.",1,68.00,Hosting e Infraestructura,"Clientum,Hosting e Infraestructura,Implementación,Multiplataforma",Multiplataforma,Implementación,hosting e infraestructura implementación,Soluciones de Hosting Confiables y Seguras: Soluciones de hosting. Pedí tu presupuesto con Clientum.
389,simple,CTM-0391,Servidor Virtual Privado,1,Vps para hosting web.,"Vps para hosting web. Pensado para PyMEs que buscan contar con infraestructura estable, rápida y segura. Incluye acompañamiento del equipo de Clientum durante toda la implementación y soporte post-entrega. ¿Querés más información sobre ""Servidor Virtual Privado""? Solicitá una demo sin cargo.",1,6.00,Hosting e Infraestructura,"Clientum,Hosting e Infraestructura,Implementación,Multiplataforma",Multiplataforma,Implementación,hosting e infraestructura implementación,Servidor Virtual Privado: Vps para hosting web. Pedí tu presupuesto con Clientum.
390,simple,CTM-0392,Alojamiento web,1,Servicios de hospedaje y administración de infraestructura web para empresas.,"Servicios de hospedaje y administración de infraestructura web para empresas. Pensado para PyMEs que buscan contar con infraestructura estable, rápida y segura. Incluye acompañamiento del equipo de Clientum durante toda la implementación y soporte post-entrega. ¿Querés más información sobre ""Alojamiento web""? Solicitá una demo sin cargo.",1,52.00,Hosting e Infraestructura,"Clientum,Hosting e Infraestructura,Implementación,Multiplataforma",Multiplataforma,Implementación,hosting e infraestructura implementación,Alojamiento web: Servicios de hospedaje y administración de infraestructura web para empresas. Pedí tu presupuesto con Clientum.
391,simple,CTM-0393,VPS Hosting,1,Alojamiento en vps.,"Alojamiento en vps. Pensado para PyMEs que buscan contar con infraestructura estable, rápida y segura. Incluye acompañamiento del equipo de Clientum durante toda la implementación y soporte post-entrega. ¿Querés más información sobre ""VPS Hosting""? Solicitá una demo sin cargo.",1,45.00,Hosting e Infraestructura,"Clientum,Hosting e Infraestructura,Implementación,Multiplataforma",Multiplataforma,Implementación,hosting e infraestructura implementación,VPS Hosting: Alojamiento en vps. Pedí tu presupuesto con Clientum.
392,simple,CTM-0394,Web Hosting Maintenance,1,Mantenimiento de hosting web.,"Mantenimiento de hosting web. Pensado para PyMEs que buscan contar con infraestructura estable, rápida y segura. Incluye acompañamiento del equipo de Clientum durante toda la implementación y soporte post-entrega. ¿Querés más información sobre ""Web Hosting Maintenance""? Solicitá una demo sin cargo.",1,45.00,Hosting e Infraestructura,"Clientum,Hosting e Infraestructura,Multiplataforma,Soporte",Multiplataforma,Soporte,hosting e infraestructura soporte,Web Hosting Maintenance: Mantenimiento de hosting web. Pedí tu presupuesto con Clientum.
393,simple,CTM-0395,Migración de Hosting,1,Migración de hosting.,"Migración de hosting. Pensado para PyMEs que buscan contar con infraestructura estable, rápida y segura. Incluye acompañamiento del equipo de Clientum durante toda la implementación y soporte post-entrega. ¿Querés más información sobre ""Migración de Hosting""? Solicitá una demo sin cargo.",1,52.00,Hosting e Infraestructura,"Clientum,Hosting e Infraestructura,Implementación,Multiplataforma",Multiplataforma,Implementación,hosting e infraestructura implementación,Migración de Hosting: Migración de hosting. Pedí tu presupuesto con Clientum.
394,simple,CTM-0396,Gestión De Dominios,1,Hosting y dominios para empresas.,"Hosting y dominios para empresas. Pensado para PyMEs que buscan contar con infraestructura estable, rápida y segura. Incluye acompañamiento del equipo de Clientum durante toda la implementación y soporte post-entrega. ¿Querés más información sobre ""Gestión De Dominios""? Solicitá una demo sin cargo.",1,38.00,Hosting e Infraestructura,"Clientum,Hosting e Infraestructura,Implementación,Multiplataforma",Multiplataforma,Implementación,hosting e infraestructura implementación,Gestión De Dominios: Hosting y dominios para empresas. Pedí tu presupuesto con Clientum.
395,simple,CTM-0397,Hosting Web Profesional,1,Alojamiento web profesional.,"Alojamiento web profesional. Pensado para PyMEs que buscan contar con infraestructura estable, rápida y segura. Incluye acompañamiento del equipo de Clientum durante toda la implementación y soporte post-entrega. ¿Querés más información sobre ""Hosting Web Profesional""? Solicitá una demo sin cargo.",1,38.00,Hosting e Infraestructura,"Clientum,Hosting e Infraestructura,Implementación,Multiplataforma",Multiplataforma,Implementación,hosting e infraestructura implementación,Hosting Web Profesional: Alojamiento web profesional. Pedí tu presupuesto con Clientum.
396,simple,CTM-0398,Web Hosting Starter,1,Alojamiento web básico.,"Alojamiento web básico. Pensado para PyMEs que buscan contar con infraestructura estable, rápida y segura. Incluye acompañamiento del equipo de Clientum durante toda la implementación y soporte post-entrega. ¿Querés más información sobre ""Web Hosting Starter""? Solicitá una demo sin cargo.",1,3.00,Hosting e Infraestructura,"Clientum,Hosting e Infraestructura,Implementación,Multiplataforma",Multiplataforma,Implementación,hosting e infraestructura implementación,Web Hosting Starter: Alojamiento web básico. Pedí tu presupuesto con Clientum.
397,simple,CTM-0399,Hosting seguro,1,Hosting web seguro.,"Hosting web seguro. Pensado para PyMEs que buscan contar con infraestructura estable, rápida y segura. Incluye acompañamiento del equipo de Clientum durante toda la implementación y soporte post-entrega. ¿Querés más información sobre ""Hosting seguro""? Solicitá una demo sin cargo.",1,3.00,Hosting e Infraestructura,"Clientum,Hosting e Infraestructura,Implementación,Multiplataforma",Multiplataforma,Implementación,hosting e infraestructura implementación,Hosting seguro: Hosting web seguro. Pedí tu presupuesto con Clientum.
398,simple,CTM-0400,Hosting Básico,1,Hosting básico con 10 gb y 100 gb ancho.,"Hosting básico con 10 gb y 100 gb ancho. Pensado para PyMEs que buscan contar con infraestructura estable, rápida y segura. Incluye acompañamiento del equipo de Clientum durante toda la implementación y soporte post-entrega. ¿Querés más información sobre ""Hosting Básico""? Solicitá una demo sin cargo.",1,15.00,Hosting e Infraestructura,"Clientum,Hosting e Infraestructura,Implementación,Multiplataforma",Multiplataforma,Implementación,hosting e infraestructura implementación,Hosting Básico: Hosting básico con 10 gb y 100 gb ancho. Pedí tu presupuesto con Clientum.
399,simple,CTM-0401,Registro y pago anual de un dominio .com,1,Registro de dominio.,"Registro de dominio. Pensado para PyMEs que buscan contar con infraestructura estable, rápida y segura. Incluye acompañamiento del equipo de Clientum durante toda la implementación y soporte post-entrega. ¿Querés más información sobre ""Registro y pago anual de un dominio .com""? Solicitá una demo sin cargo.",1,22.00,Hosting e Infraestructura,"Clientum,Hosting e Infraestructura,Implementación,Multiplataforma",Multiplataforma,Implementación,hosting e infraestructura implementación,Registro y pago anual de un dominio .com: Registro de dominio. Pedí tu presupuesto con Clientum.
400,simple,CTM-0402,Soluciones Para Servicios,1,"Servicios de consultoría y construcción de soluciones de realidad extendida para la visualización 3D de proyectos, la colaboración remota y la capacitación de trabajadores en entornos de construcción.","Servicios de consultoría y construcción de soluciones de realidad extendida para la visualización 3D de proyectos, la colaboración remota y la capacitación de trabajadores en entornos de construcción. Pensado para PyMEs que buscan resolver necesidades específicas de su rubro. Incluye acompañamiento del equipo de Clientum durante toda la implementación y soporte post-entrega. ¿Querés más información sobre ""Soluciones Para Servicios""? Solicitá una demo sin cargo.",1,45.00,Soluciones por Industria,"Capacitación,Clientum,Multiplataforma,Soluciones por Industria",Multiplataforma,Capacitación,soluciones por industria capacitación,"Soluciones Para Servicios: Servicios de consultoría y construcción de soluciones de realidad extendida para la visualización 3D de proyectos, la co... Pedí tu presupuesto con Clientum."
401,simple,CTM-0403,Internet of Things (IoT),1,"Servicios de creación de soluciones de internet of things para automatización, monitoreo y control.","Servicios de creación de soluciones de internet of things para automatización, monitoreo y control. Pensado para PyMEs que buscan resolver necesidades específicas de su rubro. Incluye acompañamiento del equipo de Clientum durante toda la implementación y soporte post-entrega. ¿Querés más información sobre ""Internet of Things (IoT)""? Solicitá una demo sin cargo.",1,4425.00,Soluciones por Industria,"Clientum,Multiplataforma,Soluciones por Industria,Soporte",Multiplataforma,Soporte,soluciones por industria soporte,"Internet of Things (IoT): Servicios de creación de soluciones de internet of things para automatización, monitoreo y control. Pedí tu presupuesto con Clientum."
402,simple,CTM-0404,Implementación de soluciones de IoT,1,"Servicios de consultoría y despliegue de soluciones de analítica avanzada de big data para optimizar la eficiencia operacional, la calidad y el mantenimiento predictivo en procesos de manufactura.","Servicios de consultoría y despliegue de soluciones de analítica avanzada de big data para optimizar la eficiencia operacional, la calidad y el mantenimiento predictivo en procesos de manufactura. Pensado para PyMEs que buscan resolver necesidades específicas de su rubro. Incluye acompañamiento del equipo de Clientum durante toda la implementación y soporte post-entrega. ¿Querés más información sobre ""Implementación de soluciones de IoT""? Solicitá una demo sin cargo.",1,4275.00,Soluciones por Industria,"Clientum,Consultoría,Multiplataforma,Soluciones por Industria",Multiplataforma,Consultoría,soluciones por industria consultoría,Implementación de soluciones de IoT: Servicios de consultoría y despliegue de soluciones de analítica avanzada de big data para optimizar la eficie... Pedí tu presupuesto con Clientum.
403,simple,CTM-0405,Realidad aumentada y virtual,1,Realidad aumentada y virtual.,"Realidad aumentada y virtual. Pensado para PyMEs que buscan resolver necesidades específicas de su rubro. Incluye acompañamiento del equipo de Clientum durante toda la implementación y soporte post-entrega. ¿Querés más información sobre ""Realidad aumentada y virtual""? Solicitá una demo sin cargo.",1,4125.00,Soluciones por Industria,"Clientum,Implementación,Multiplataforma,Soluciones por Industria",Multiplataforma,Implementación,soluciones por industria implementación,Realidad aumentada y virtual: Realidad aumentada y virtual. Pedí tu presupuesto con Clientum.
404,simple,CTM-0407,Consultoría en Blockchain,1,"Servicios de consultoría y construcción de aplicaciones blockchain para la automatización de procesos, gestión de contratos y validación de transacciones en la cadena de suministro.","Servicios de consultoría y construcción de aplicaciones blockchain para la automatización de procesos, gestión de contratos y validación de transacciones en la cadena de suministro. Pensado para PyMEs que buscan resolver necesidades específicas de su rubro. Incluye acompañamiento del equipo de Clientum durante toda la implementación y soporte post-entrega. ¿Querés más información sobre ""Consultoría en Blockchain""? Solicitá una demo sin cargo.",1,3975.00,Soluciones por Industria,"Clientum,Consultoría,Multiplataforma,Soluciones por Industria",Multiplataforma,Consultoría,soluciones por industria consultoría,"Consultoría en Blockchain: Servicios de consultoría y construcción de aplicaciones blockchain para la automatización de procesos, gestión de contra... Pedí tu presupuesto con Clientum."
405,simple,CTM-0408,Gestión para Distribuidores y Mayoristas,1,Gestión logística y de stock para distribuidores.,"Gestión logística y de stock para distribuidores. Pensado para PyMEs que buscan resolver necesidades específicas de su rubro. Incluye acompañamiento del equipo de Clientum durante toda la implementación y soporte post-entrega. ¿Querés más información sobre ""Gestión para Distribuidores y Mayoristas""? Solicitá una demo sin cargo.",1,39.00,Soluciones por Industria,"Clientum,Implementación,Multiplataforma,Soluciones por Industria",Multiplataforma,Implementación,soluciones por industria implementación,Gestión para Distribuidores y Mayoristas: Gestión logística y de stock para distribuidores. Pedí tu presupuesto con Clientum.
406,simple,CTM-0409,Control para Agroindustria,1,Control de costos para agroindustria.,"Control de costos para agroindustria. Pensado para PyMEs que buscan resolver necesidades específicas de su rubro. Incluye acompañamiento del equipo de Clientum durante toda la implementación y soporte post-entrega. ¿Querés más información sobre ""Control para Agroindustria""? Solicitá una demo sin cargo.",1,36.00,Soluciones por Industria,"Clientum,Implementación,Multiplataforma,Soluciones por Industria",Multiplataforma,Implementación,soluciones por industria implementación,Control para Agroindustria: Control de costos para agroindustria. Pedí tu presupuesto con Clientum.
407,simple,CTM-0410,Integración para Minoristas,1,Integración de ecommerce para minoristas.,"Integración de ecommerce para minoristas. Pensado para PyMEs que buscan resolver necesidades específicas de su rubro. Incluye acompañamiento del equipo de Clientum durante toda la implementación y soporte post-entrega. ¿Querés más información sobre ""Integración para Minoristas""? Solicitá una demo sin cargo.",1,3675.00,Soluciones por Industria,"Clientum,Integración,Multiplataforma,Soluciones por Industria",Multiplataforma,Integración,soluciones por industria integración,Integración para Minoristas: Integración de ecommerce para minoristas. Pedí tu presupuesto con Clientum.
408,simple,CTM-0411,Optimización para Manufactura,1,Optimización de procesos para minoristas.,"Optimización de procesos para minoristas. Pensado para PyMEs que buscan resolver necesidades específicas de su rubro. Incluye acompañamiento del equipo de Clientum durante toda la implementación y soporte post-entrega. ¿Querés más información sobre ""Optimización para Manufactura""? Solicitá una demo sin cargo.",1,375.00,Soluciones por Industria,"Clientum,Implementación,Multiplataforma,Soluciones por Industria",Multiplataforma,Implementación,soluciones por industria implementación,Optimización para Manufactura: Optimización de procesos para minoristas. Pedí tu presupuesto con Clientum.
409,simple,CTM-0412,Desarrollo de soluciones de tecnología financiera (FinTech),1,Soluciones fintech.,"Soluciones fintech. Pensado para PyMEs que buscan resolver necesidades específicas de su rubro. Incluye acompañamiento del equipo de Clientum durante toda la implementación y soporte post-entrega. ¿Querés más información sobre ""Desarrollo de soluciones de tecnología financiera (FinTech)""? Solicitá una demo sin cargo.",1,345.00,Soluciones por Industria,"Clientum,Implementación,Multiplataforma,Soluciones por Industria",Multiplataforma,Implementación,soluciones por industria implementación,Desarrollo de soluciones de tecnología financiera (FinTech): Soluciones fintech. Pedí tu presupuesto con Clientum.
410,simple,CTM-0414,Soporte Operativo Anual para Minoristas,1,Soporte operativo anual para minoristas.,"Soporte operativo anual para minoristas. Pensado para PyMEs que buscan resolver necesidades específicas de su rubro. Incluye acompañamiento del equipo de Clientum durante toda la implementación y soporte post-entrega. ¿Querés más información sobre ""Soporte Operativo Anual para Minoristas""? Solicitá una demo sin cargo.",1,33.00,Soluciones por Industria,"Clientum,Multiplataforma,Soluciones por Industria,Soporte",Multiplataforma,Soporte,soluciones por industria soporte,Soporte Operativo Anual para Minoristas: Soporte operativo anual para minoristas. Pedí tu presupuesto con Clientum.
411,simple,CTM-0415,Desarrollo de soluciones de telemedicina,1,Desarrollo de soluciones de telemedicina.,"Desarrollo de soluciones de telemedicina. Pensado para PyMEs que buscan resolver necesidades específicas de su rubro. Incluye acompañamiento del equipo de Clientum durante toda la implementación y soporte post-entrega. ¿Querés más información sobre ""Desarrollo de soluciones de telemedicina""? Solicitá una demo sin cargo.",1,315.00,Soluciones por Industria,"Clientum,Implementación,Multiplataforma,Soluciones por Industria",Multiplataforma,Implementación,soluciones por industria implementación,Desarrollo de soluciones de telemedicina: Desarrollo de soluciones de telemedicina. Pedí tu presupuesto con Clientum.
412,simple,CTM-0416,Auditoría de Sistemas para Minoristas,1,Auditoría de sistemas para minoristas.,"Auditoría de sistemas para minoristas. Pensado para PyMEs que buscan resolver necesidades específicas de su rubro. Incluye acompañamiento del equipo de Clientum durante toda la implementación y soporte post-entrega. ¿Querés más información sobre ""Auditoría de Sistemas para Minoristas""? Solicitá una demo sin cargo.",1,3075.00,Soluciones por Industria,"Clientum,Consultoría,Multiplataforma,Soluciones por Industria",Multiplataforma,Consultoría,soluciones por industria consultoría,Auditoría de Sistemas para Minoristas: Auditoría de sistemas para minoristas. Pedí tu presupuesto con Clientum.
413,simple,CTM-0417,Evaluación de Estrategias de Mercado para Minoristas,1,Desarrollo de estrategias de expansión para minoristas.,"Desarrollo de estrategias de expansión para minoristas. Pensado para PyMEs que buscan resolver necesidades específicas de su rubro. Incluye acompañamiento del equipo de Clientum durante toda la implementación y soporte post-entrega. ¿Querés más información sobre ""Evaluación de Estrategias de Mercado para Minoristas""? Solicitá una demo sin cargo.",1,285.00,Soluciones por Industria,"Clientum,Implementación,Multiplataforma,Soluciones por Industria",Multiplataforma,Implementación,soluciones por industria implementación,Evaluación de Estrategias de Mercado para Minoristas: Desarrollo de estrategias de expansión para minoristas. Pedí tu presupuesto con Clientum.
414,simple,CTM-0418,Consultoría en sostenibilidad y responsabilidad social,1,Consultoría en sostenibilidad.,"Consultoría en sostenibilidad. Pensado para PyMEs que buscan resolver necesidades específicas de su rubro. Incluye acompañamiento del equipo de Clientum durante toda la implementación y soporte post-entrega. ¿Querés más información sobre ""Consultoría en sostenibilidad y responsabilidad social""? Solicitá una demo sin cargo.",1,2925.00,Soluciones por Industria,"Clientum,Consultoría,Multiplataforma,Soluciones por Industria",Multiplataforma,Consultoría,soluciones por industria consultoría,Consultoría en sostenibilidad y responsabilidad social: Consultoría en sostenibilidad. Pedí tu presupuesto con Clientum.
415,simple,CTM-0419,Capacitación en Gestión para Minoristas,1,Capacitación en gestión para minoristas.,"Capacitación en gestión para minoristas. Pensado para PyMEs que buscan resolver necesidades específicas de su rubro. Incluye acompañamiento del equipo de Clientum durante toda la implementación y soporte post-entrega. ¿Querés más información sobre ""Capacitación en Gestión para Minoristas""? Solicitá una demo sin cargo.",1,2775.00,Soluciones por Industria,"Capacitación,Clientum,Multiplataforma,Soluciones por Industria",Multiplataforma,Capacitación,soluciones por industria capacitación,Capacitación en Gestión para Minoristas: Capacitación en gestión para minoristas. Pedí tu presupuesto con Clientum.
416,simple,CTM-0420,Consultoría Inicial para Minoristas,1,Consultoría en desarrollo de productos.,"Consultoría en desarrollo de productos. Pensado para PyMEs que buscan resolver necesidades específicas de su rubro. Incluye acompañamiento del equipo de Clientum durante toda la implementación y soporte post-entrega. ¿Querés más información sobre ""Consultoría Inicial para Minoristas""? Solicitá una demo sin cargo.",1,2625.00,Soluciones por Industria,"Clientum,Consultoría,Multiplataforma,Soluciones por Industria",Multiplataforma,Consultoría,soluciones por industria consultoría,Consultoría Inicial para Minoristas: Consultoría en desarrollo de productos. Pedí tu presupuesto con Clientum.
417,simple,CTM-0423,Personalización de Plataforma para Minoristas,1,Personalización de plataforma para minoristas.,"Personalización de plataforma para minoristas. Pensado para PyMEs que buscan resolver necesidades específicas de su rubro. Incluye acompañamiento del equipo de Clientum durante toda la implementación y soporte post-entrega. ¿Querés más información sobre ""Personalización de Plataforma para Minoristas""? Solicitá una demo sin cargo.",1,255.00,Soluciones por Industria,"Clientum,Implementación,Multiplataforma,Soluciones por Industria",Multiplataforma,Implementación,soluciones por industria implementación,Personalización de Plataforma para Minoristas: Personalización de plataforma para minoristas. Pedí tu presupuesto con Clientum.
418,simple,CTM-0427,Soluciones por Industria,1,Soluciones de ia para el sector retail.,"Soluciones de ia para el sector retail. Pensado para PyMEs que buscan resolver necesidades específicas de su rubro. Incluye acompañamiento del equipo de Clientum durante toda la implementación y soporte post-entrega. ¿Querés más información sobre ""Soluciones por Industria""? Solicitá una demo sin cargo.",1,135.00,Soluciones por Industria,"Clientum,Implementación,Multiplataforma,Soluciones por Industria",Multiplataforma,Implementación,soluciones por industria implementación,Soluciones por Industria: Soluciones de ia para el sector retail. Pedí tu presupuesto con Clientum.
419,simple,CTM-0432,Asesoría de Diseño de Interiores,1,Orientación experta para mejorar el diseño y estética del hogar.,"Orientación experta para mejorar el diseño y estética del hogar. Pensado para PyMEs que buscan resolver necesidades específicas de su rubro. Incluye acompañamiento del equipo de Clientum durante toda la implementación y soporte post-entrega. ¿Querés más información sobre ""Asesoría de Diseño de Interiores""? Solicitá una demo sin cargo.",1,18.00,Soluciones por Industria,"Clientum,Consultoría,Multiplataforma,Soluciones por Industria",Multiplataforma,Consultoría,soluciones por industria consultoría,Asesoría de Diseño de Interiores: Orientación experta para mejorar el diseño y estética del hogar. Pedí tu presupuesto con Clientum.
420,simple,CTM-0438,Gestión de Cultivos,1,Gestión de cultivos.,"Gestión de cultivos. Pensado para PyMEs que buscan resolver necesidades específicas de su rubro. Incluye acompañamiento del equipo de Clientum durante toda la implementación y soporte post-entrega. ¿Querés más información sobre ""Gestión de Cultivos""? Solicitá una demo sin cargo.",1,975.00,Soluciones por Industria,"Clientum,Implementación,Multiplataforma,Soluciones por Industria",Multiplataforma,Implementación,soluciones por industria implementación,Gestión de Cultivos: Gestión de cultivos. Pedí tu presupuesto con Clientum.
421,simple,CTM-0490,Integración Facebook & Instagram Ads,1,Sincronización instantánea de formularios de leads (lead ads) para que impacten en tiempo real en las columnas de tu embudo comercial.,"Sincronización instantánea de formularios de leads (lead ads) para que impacten en tiempo real en las columnas de tu embudo comercial. Pensado para PyMEs que buscan conectar sus sistemas actuales sin duplicar tareas. Incluye acompañamiento del equipo de Clientum durante toda la implementación y soporte post-entrega. ¿Querés más información sobre ""Integración Facebook & Instagram Ads""? Solicitá una demo sin cargo.",1,75.00,Integraciones,"Clientum,Integraciones,Integración,Multiplataforma",Multiplataforma,Integración,integraciones integración,Integración Facebook & Instagram Ads: Sincronización instantánea de formularios de leads (lead ads) para que impacten en tiempo real en las columna... Pedí tu presupuesto con Clientum.
422,simple,CTM-0491,Integración WooCommerce & Shopify,1,"Sincronización bidireccional en tiempo real de productos, precios, stock unificado y recuperación automatizada de carritos abandonados.","Sincronización bidireccional en tiempo real de productos, precios, stock unificado y recuperación automatizada de carritos abandonados. Pensado para PyMEs que buscan conectar sus sistemas actuales sin duplicar tareas. Incluye acompañamiento del equipo de Clientum durante toda la implementación y soporte post-entrega. ¿Querés más información sobre ""Integración WooCommerce & Shopify""? Solicitá una demo sin cargo.",1,195.00,Integraciones,"Clientum,Integraciones,Integración,WooCommerce",WooCommerce,Integración,integraciones integración woocommerce,"Integración WooCommerce & Shopify: Sincronización bidireccional en tiempo real de productos, precios, stock unificado y recuperación automatizada d... Pedí tu presupuesto con Clientum."
423,simple,CTM-0492,Integración AFIP Facturación,1,"Emisión y envío automático de facturas electrónicas A, b o c asociadas directamente con cada transacción ganada en tu CRM.","Emisión y envío automático de facturas electrónicas A, b o c asociadas directamente con cada transacción ganada en tu CRM. Pensado para PyMEs que buscan conectar sus sistemas actuales sin duplicar tareas. Incluye acompañamiento del equipo de Clientum durante toda la implementación y soporte post-entrega. ¿Querés más información sobre ""Integración AFIP Facturación""? Solicitá una demo sin cargo.",1,225.00,Integraciones,"Clientum,Integraciones,Integración,Multiplataforma",Multiplataforma,Integración,integraciones integración,"Integración AFIP Facturación: Emisión y envío automático de facturas electrónicas A, b o c asociadas directamente con cada transacción ganada en tu... Pedí tu presupuesto con Clientum."
424,simple,CTM-0493,Integración MercadoPago & Stripe,1,Generación dinámica de links de pago desde el bot conversacional de whatsapp y conciliación inmediata en tu libro diario contable.,"Generación dinámica de links de pago desde el bot conversacional de whatsapp y conciliación inmediata en tu libro diario contable. Pensado para PyMEs que buscan conectar sus sistemas actuales sin duplicar tareas. Incluye acompañamiento del equipo de Clientum durante toda la implementación y soporte post-entrega. ¿Querés más información sobre ""Integración MercadoPago & Stripe""? Solicitá una demo sin cargo.",1,135.00,Integraciones,"Clientum,Integraciones,Integración,Multiplataforma",Multiplataforma,Integración,integraciones integración,Integración MercadoPago & Stripe: Generación dinámica de links de pago desde el bot conversacional de whatsapp y conciliación inmediata en tu libro... Pedí tu presupuesto con Clientum.
425,simple,CTM-0494,Integración ERPs Tradicionales (Tango / Bejerman),1,"Sincronizador inteligente vía API REST y servicios locales de base de datos para control de stock mayorista, listas de precios avanzadas y compras.","Sincronizador inteligente vía API REST y servicios locales de base de datos para control de stock mayorista, listas de precios avanzadas y compras. Pensado para PyMEs que buscan conectar sus sistemas actuales sin duplicar tareas. Incluye acompañamiento del equipo de Clientum durante toda la implementación y soporte post-entrega. ¿Querés más información sobre ""Integración ERPs Tradicionales (Tango / Bejerman)""? Solicitá una demo sin cargo.",1,525.00,Integraciones,"Clientum,Integraciones,Integración,Multiplataforma",Multiplataforma,Integración,integraciones integración,Integración ERPs Tradicionales (Tango / Bejerman): Sincronizador inteligente vía API REST y servicios locales de base de datos para control de stoc... Pedí tu presupuesto con Clientum.
